timestamp,frame,odom_time,imu_time,voltage_time,current_time,x,y,z,vx,vy,vz,ax,ay,az,gx,gy,gz,voltage,current0,current1,current2,fault_label
1776691037.420801,0,1776691037.420801,1776691037.420841,1776691037.420801,1776691037.420801,7.525288,-0.025988,0.038142,0.239000,-0.002000,0.000000,-0.058618,0.211743,11.974831,-0.044495,-0.033571,-0.099649,0.0000,0.0000,0.0000,0.0000,2
1776691037.469708,1,1776691037.469708,1776691037.420841,1776691037.469708,1776691037.443488,7.537902,-0.025507,0.038093,0.258000,0.000000,0.000000,-0.058618,0.211743,11.974831,-0.044495,-0.033571,-0.099649,0.0000,0.0193,-0.4342,-0.0704,2
1776691037.520368,2,1776691037.520368,1776691037.469750,1776691037.520368,1776691037.443488,7.550807,-0.024914,0.037232,0.255000,0.002000,0.000000,0.069385,-0.101684,10.345488,0.058350,-0.056219,-0.149739,0.0000,0.0193,-0.4342,-0.0704,2
1776691037.569731,3,1776691037.569731,1776691037.569764,1776691037.569731,1776691037.443488,7.562539,-0.024230,0.035652,0.238000,0.005000,0.000000,0.443822,-0.142358,11.405397,-0.066344,-0.068475,-0.101247,0.0000,0.0193,-0.4342,-0.0704,2
1776691037.619800,4,1776691037.619800,1776691037.569764,1776691037.619800,1776691037.588676,7.574796,-0.023742,0.034901,0.245000,0.001000,0.000000,0.443822,-0.142358,11.405397,-0.066344,-0.068475,-0.101247,0.0000,0.0236,-0.4338,-0.0719,2
1776691037.669840,5,1776691037.669840,1776691037.619840,1776691037.669840,1776691037.588676,7.586898,-0.023320,0.035101,0.242000,0.000000,0.000000,0.282324,-0.476122,8.241220,0.081531,0.063146,-0.005862,0.0000,0.0236,-0.4338,-0.0719,2
1776691037.719917,6,1776691037.719917,1776691037.719987,1776691037.719917,1776691037.588676,7.600575,-0.023290,0.034450,0.273000,-0.009000,0.000000,-0.423486,0.065796,10.735477,-0.042098,-0.033305,-0.119099,0.0000,0.0236,-0.4338,-0.0719,2
1776691037.769973,7,1776691037.769973,1776691037.719987,1776691037.769973,1776691037.741689,7.613792,-0.023085,0.036002,0.264000,-0.005000,0.000000,-0.423486,0.065796,10.735477,-0.042098,-0.033305,-0.119099,0.0000,0.0271,-0.4358,-0.0760,2
1776691037.819876,8,1776691037.819876,1776691037.819914,1776691037.819876,1776691037.741689,7.626253,-0.022437,0.034655,0.250000,0.004000,0.000000,-0.010767,-0.360082,10.108624,0.065278,-0.029841,-0.103912,0.0000,0.0271,-0.4358,-0.0760,2
1776691037.869913,9,1776691037.869913,1776691037.819914,1776691037.869913,1776691037.741689,7.639004,-0.021995,0.034254,0.255000,0.000000,0.000000,-0.010767,-0.360082,10.108624,0.065278,-0.029841,-0.103912,0.0000,0.0271,-0.4358,-0.0760,2
1776691037.919972,10,1776691037.919972,1776691037.920024,1776691037.920527,1776691037.885246,7.651112,-0.021580,0.035806,0.242000,0.000000,0.000000,-0.089722,0.088525,11.670974,-0.008526,-0.035437,-0.098050,24.0630,0.0295,-0.4358,-0.0821,2
1776691037.969989,11,1776691037.969989,1776691037.970033,1776691037.920527,1776691037.885246,7.663353,-0.021041,0.034706,0.245000,0.002000,0.000000,0.267968,-0.281127,10.369413,0.069008,-0.036502,-0.156667,24.0630,0.0295,-0.4358,-0.0821,2
1776691038.020071,12,1776691038.020071,1776691037.970033,1776691037.920527,1776691037.885246,7.675961,-0.020453,0.033604,0.252000,0.003000,0.000000,0.267968,-0.281127,10.369413,0.069008,-0.036502,-0.156667,24.0630,0.0295,-0.4358,-0.0821,2
1776691038.070035,13,1776691038.070035,1776691038.070073,1776691037.920527,1776691038.033548,7.688447,-0.020083,0.034254,0.250000,-0.001000,0.000000,-0.189013,0.171069,12.057374,-0.052222,-0.039433,-0.132954,24.0630,0.0296,-0.4344,-0.0851,2
1776691038.120129,14,1776691038.120129,1776691038.120203,1776691037.920527,1776691038.033548,7.701065,-0.019701,0.034554,0.252000,-0.001000,0.000000,-0.086133,-0.130395,9.295148,0.042897,0.010125,-0.157999,24.0630,0.0296,-0.4344,-0.0851,2
1776691038.170122,15,1776691038.170122,1776691038.170166,1776691037.920527,1776691038.033548,7.712606,-0.019302,0.032854,0.231000,0.000000,0.000000,0.025122,0.514403,9.407599,-0.059949,0.043696,-0.160930,24.0630,0.0296,-0.4344,-0.0851,2
1776691038.220161,16,1776691038.220161,1776691038.170166,1776691037.920527,1776691038.181334,7.725660,-0.018873,0.032804,0.261000,0.000000,0.000000,0.025122,0.514403,9.407599,-0.059949,0.043696,-0.160930,24.0630,0.0323,-0.4328,-0.0889,2
1776691038.270216,17,1776691038.270216,1776691038.220205,1776691037.920527,1776691038.181334,7.738467,-0.018453,0.033205,0.256000,0.000000,0.000000,0.039477,0.337353,9.895684,-0.084728,-0.038900,-0.099116,24.0630,0.0323,-0.4328,-0.0889,2
1776691038.320223,18,1776691038.320223,1776691038.270254,1776691037.920527,1776691038.181334,7.750144,-0.017515,0.029954,0.234000,0.011000,0.000000,0.153125,-0.139966,8.527132,0.041831,0.067676,-0.143078,24.0630,0.0323,-0.4328,-0.0889,2
1776691038.370209,19,1776691038.370209,1776691038.320286,1776691037.920527,1776691038.329583,7.762836,-0.017184,0.029904,0.254000,-0.001000,0.000000,0.212939,-0.519188,9.889703,0.063679,-0.022381,-0.165459,24.0630,0.0363,-0.4320,-0.0902,2
1776691038.420231,20,1776691038.420231,1776691038.370251,1776691037.920527,1776691038.329583,7.775189,-0.016915,0.031505,0.247000,-0.002000,0.000000,-0.023926,0.296679,10.149297,-0.062880,-0.026378,-0.082863,24.0630,0.0363,-0.4320,-0.0902,2
1776691038.470255,21,1776691038.470255,1776691038.420391,1776691037.920527,1776691038.329583,7.788498,-0.016796,0.033756,0.266000,-0.006000,0.000000,-0.430663,-0.352905,11.152982,0.022115,-0.008526,-0.092455,24.0630,0.0363,-0.4320,-0.0902,2
1776691038.520380,22,1776691038.520380,1776691038.470303,1776691038.521776,1776691038.477881,7.800920,-0.016326,0.032904,0.248000,0.001000,0.000000,0.088525,-0.076562,9.151593,0.058350,-0.021315,-0.169722,24.0600,0.0372,-0.4307,-0.0930,2
1776691038.570322,23,1776691038.570322,1776691038.520456,1776691038.521776,1776691038.477881,7.813103,-0.016025,0.034552,0.244000,-0.002000,0.000000,0.080151,0.403149,8.242415,-0.068742,0.078333,-0.110040,24.0600,0.0372,-0.4307,-0.0930,2
1776691038.620337,24,1776691038.620337,1776691038.570365,1776691038.521776,1776691038.477881,7.825956,-0.015781,0.035652,0.257000,-0.004000,0.000000,0.040674,-0.045459,11.039334,-0.035969,-0.019983,-0.104178,24.0600,0.0372,-0.4307,-0.0930,2
1776691038.670371,25,1776691038.670371,1776691038.670408,1776691038.521776,1776691038.625593,7.837200,-0.015180,0.033051,0.225000,0.004000,0.000000,0.232080,0.429467,9.468610,-0.058084,0.027976,-0.097517,24.0600,0.0399,-0.4330,-0.0923,2
1776691038.720347,26,1776691038.720347,1776691038.670408,1776691038.521776,1776691038.625593,7.850331,-0.014595,0.032251,0.263000,0.003000,0.000000,0.232080,0.429467,9.468610,-0.058084,0.027976,-0.097517,24.0600,0.0399,-0.4330,-0.0923,2
1776691038.770417,27,1776691038.770417,1776691038.720387,1776691038.521776,1776691038.625593,7.862594,-0.014250,0.032902,0.245000,-0.001000,0.000000,-0.099292,0.325390,9.969853,-0.068209,-0.036236,-0.069274,24.0600,0.0399,-0.4330,-0.0923,2
1776691038.820478,28,1776691038.820478,1776691038.770467,1776691038.521776,1776691038.773952,7.874594,-0.013605,0.031200,0.240000,0.005000,0.000000,0.000000,-0.267968,7.859604,0.058617,0.068209,-0.084195,24.0600,0.0444,-0.4353,-0.0918,2
1776691038.870512,29,1776691038.870512,1776691038.870551,1776691038.521776,1776691038.773952,7.887597,-0.013199,0.031400,0.260000,0.000000,0.000000,0.049048,0.104077,10.085894,-0.049025,-0.006661,-0.024779,24.0600,0.0444,-0.4353,-0.0918,2
1776691038.921351,30,1776691038.921351,1776691038.870551,1776691038.521776,1776691038.922537,7.899849,-0.013017,0.032823,0.241000,-0.004000,0.000000,0.049048,0.104077,10.085894,-0.049025,-0.006661,-0.024779,24.0600,0.0460,-0.4363,-0.0897,2
1776691038.970526,31,1776691038.970526,1776691038.921391,1776691038.521776,1776691038.922537,7.912683,-0.012793,0.034545,0.261000,-0.004000,0.000000,-0.363671,-0.034692,11.735573,-0.016253,-0.035170,-0.061015,24.0600,0.0460,-0.4363,-0.0897,2
1776691039.020644,32,1776691039.020644,1776691038.970569,1776691038.521776,1776691038.922537,7.925203,-0.012310,0.033542,0.250000,0.001000,0.000000,-0.150732,-0.113647,9.938750,0.066610,-0.031706,-0.091655,24.0600,0.0460,-0.4363,-0.0897,2
1776691039.070610,33,1776691039.070610,1776691039.020687,1776691038.521776,1776691039.070410,7.937391,-0.012001,0.034392,0.244000,-0.002000,0.000000,-0.190210,0.466552,9.098957,-0.042364,0.058617,-0.086327,24.0600,0.0483,-0.4381,-0.0884,2
1776691039.120599,34,1776691039.120599,1776691039.070661,1776691039.121250,1776691039.070410,7.950681,-0.011544,0.034691,0.266000,0.000000,0.000000,0.355297,0.446215,10.886209,-0.059150,-0.030108,-0.054887,24.0580,0.0483,-0.4381,-0.0884,2
1776691039.170628,35,1776691039.170628,1776691039.120658,1776691039.121250,1776691039.070410,7.962673,-0.010927,0.032090,0.240000,0.004000,0.000000,0.244043,-0.033496,8.741267,0.038367,0.066344,-0.159598,24.0580,0.0483,-0.4381,-0.0884,2
1776691039.220659,36,1776691039.220659,1776691039.170681,1776691039.121250,1776691039.218429,7.976019,-0.010299,0.031039,0.267000,0.004000,0.000000,-0.049048,0.379223,11.100345,-0.021049,-0.023980,-0.135618,24.0580,0.0498,-0.4416,-0.0889,2
1776691039.270681,37,1776691039.270681,1776691039.270720,1776691039.121250,1776691039.218429,7.989117,-0.009842,0.030639,0.262000,0.001000,0.000000,-0.092114,-0.168676,8.762800,0.040765,0.041565,-0.164926,24.0580,0.0498,-0.4416,-0.0889,2
1776691039.321782,38,1776691039.321782,1776691039.321842,1776691039.121250,1776691039.218429,8.001056,-0.009067,0.027778,0.234000,0.008000,0.000000,0.128003,-0.663939,10.768973,0.041565,-0.035703,-0.201429,24.0580,0.0498,-0.4416,-0.0889,2
1776691039.370713,39,1776691039.370713,1776691039.321842,1776691039.121250,1776691039.366452,8.013920,-0.008661,0.027337,0.263000,0.001000,0.000000,0.128003,-0.663939,10.768973,0.041565,-0.035703,-0.201429,24.0580,0.0550,-0.4467,-0.0881,2
1776691039.420779,40,1776691039.420779,1776691039.420832,1776691039.121250,1776691039.366452,8.025871,-0.007983,0.025535,0.239000,0.007000,0.000000,0.257202,-0.531151,9.959087,0.048759,0.022115,-0.109507,24.0580,0.0550,-0.4467,-0.0881,2
1776691039.470832,41,1776691039.470832,1776691039.420832,1776691039.121250,1776691039.366452,8.038931,-0.007650,0.025535,0.261000,0.000000,0.000000,0.257202,-0.531151,9.959087,0.048759,0.022115,-0.109507,24.0580,0.0550,-0.4467,-0.0881,2
1776691039.520802,42,1776691039.520802,1776691039.470874,1776691039.121250,1776691039.514856,8.052470,-0.007354,0.025685,0.271000,-0.001000,0.000000,0.270361,-0.502440,9.059480,0.063679,0.022381,-0.042364,24.0580,0.0623,-0.4547,-0.0865,2
1776691039.570825,43,1776691039.570825,1776691039.520846,1776691039.121250,1776691039.514856,8.065277,-0.007225,0.027886,0.256000,-0.004000,0.000000,-0.015552,0.227294,8.189779,-0.075136,0.068475,-0.059416,24.0580,0.0623,-0.4547,-0.0865,2
1776691039.620861,44,1776691039.620861,1776691039.620903,1776691039.121250,1776691039.514856,8.078344,-0.007311,0.030688,0.261000,-0.009000,0.000000,-0.137573,0.051440,10.085894,0.022647,-0.024246,-0.111638,24.0580,0.0623,-0.4547,-0.0865,2
1776691039.670968,45,1776691039.670968,1776691039.620903,1776691039.121250,1776691039.662732,8.090512,-0.006887,0.029536,0.243000,0.001000,0.000000,-0.137573,0.051440,10.085894,0.022647,-0.024246,-0.111638,24.0580,0.0687,-0.4631,-0.0823,2
1776691039.720915,46,1776691039.720915,1776691039.720960,1776691039.721436,1776691039.662732,8.103047,-0.006617,0.030784,0.251000,-0.002000,0.000000,-0.011963,0.147143,10.274907,-0.094053,-0.045028,-0.066077,24.0560,0.0687,-0.4631,-0.0823,2
1776691039.770989,47,1776691039.770989,1776691039.720960,1776691039.721436,1776691039.662732,8.115758,-0.006176,0.030434,0.254000,0.001000,0.000000,-0.011963,0.147143,10.274907,-0.094053,-0.045028,-0.066077,24.0560,0.0687,-0.4631,-0.0823,2
1776691039.821006,48,1776691039.821006,1776691039.771034,1776691039.721436,1776691039.811074,8.127343,-0.005372,0.027583,0.232000,0.009000,0.000000,-0.072973,0.039477,9.802374,0.021582,-0.005862,-0.129490,24.0560,0.0749,-0.4754,-0.0775,2
1776691039.870981,49,1776691039.870981,1776691039.821048,1776691039.721436,1776691039.811074,8.140029,-0.004922,0.026733,0.254000,0.002000,0.000000,0.078955,-0.744090,11.036942,0.065278,-0.041565,-0.167058,24.0560,0.0749,-0.4754,-0.0775,2
1776691039.921021,50,1776691039.921021,1776691039.921064,1776691039.721436,1776691039.811074,8.152331,-0.004493,0.026583,0.246000,0.002000,0.000000,-0.028711,-0.328979,8.786726,0.068209,0.052489,-0.115369,24.0560,0.0749,-0.4754,-0.0775,2
1776691039.971099,51,1776691039.971099,1776691039.921064,1776691039.721436,1776691039.959076,8.165350,-0.004247,0.027585,0.260000,-0.002000,0.000000,-0.028711,-0.328979,8.786726,0.068209,0.052489,-0.115369,24.0560,0.0800,-0.4874,-0.0717,2
1776691040.021076,52,1776691040.021076,1776691039.971140,1776691039.721436,1776691039.959076,8.177936,-0.003750,0.026485,0.252000,0.003000,0.000000,-0.368456,0.157910,10.337113,0.083662,-0.020516,-0.184909,24.0560,0.0800,-0.4874,-0.0717,2
1776691040.071115,53,1776691040.071115,1776691040.021117,1776691039.721436,1776691039.959076,8.189943,-0.003532,0.027736,0.240000,-0.002000,0.000000,0.293090,0.464159,7.948129,-0.083396,0.078866,-0.161196,24.0560,0.0800,-0.4874,-0.0717,2
1776691040.121125,54,1776691040.121125,1776691040.071153,1776691039.721436,1776691040.107522,8.202642,-0.003230,0.028386,0.254000,-0.001000,0.000000,-0.154321,-0.404345,10.551250,0.042897,0.016519,-0.108175,24.0560,0.0843,-0.5012,-0.0665,2
1776691040.171154,55,1776691040.171154,1776691040.121168,1776691039.721436,1776691040.107522,8.214595,-0.002891,0.026685,0.239000,0.000000,0.000000,0.027515,-0.222509,10.151690,0.011457,-0.014654,-0.143611,24.0560,0.0843,-0.5012,-0.0665,2
1776691040.221180,56,1776691040.221180,1776691040.171196,1776691039.721436,1776691040.107522,8.227054,-0.002808,0.028386,0.249000,-0.005000,0.000000,-0.062207,0.561058,8.967365,-0.076468,0.061015,-0.135618,24.0560,0.0843,-0.5012,-0.0665,2
1776691040.271251,57,1776691040.271251,1776691040.221223,1776691039.721436,1776691040.255644,8.239621,-0.002602,0.029738,0.251000,-0.003000,0.000000,-0.126806,0.160302,10.361039,-0.104711,-0.044495,-0.097783,24.0560,0.0889,-0.5151,-0.0636,2
1776691040.321381,58,1776691040.321381,1776691040.321432,1776691040.321991,1776691040.255644,8.251687,-0.001892,0.027332,0.241000,0.007000,0.000000,-0.037085,-0.327783,10.146904,0.079399,-0.043963,-0.166791,24.0530,0.0889,-0.5151,-0.0636,2
1776691040.371266,59,1776691040.371266,1776691040.371313,1776691040.321991,1776691040.255644,8.264745,-0.001285,0.025586,0.262000,0.005000,0.000000,-0.130395,0.108862,10.453154,-0.082330,-0.038367,-0.099649,24.0530,0.0889,-0.5151,-0.0636,2
1776691040.421319,60,1776691040.421319,1776691040.421361,1776691040.321991,1776691040.403590,8.277406,-0.001011,0.026387,0.253000,-0.001000,0.000000,0.022729,-0.558666,8.847736,0.077268,0.053022,-0.091655,24.0530,0.0935,-0.5319,-0.0610,2
1776691040.471334,61,1776691040.471334,1776691040.471414,1776691040.321991,1776691040.403590,8.290661,-0.000912,0.028087,0.265000,-0.005000,0.000000,-0.294287,-0.324194,9.866973,0.069807,-0.025845,-0.170522,24.0530,0.0935,-0.5319,-0.0610,2
1776691040.521375,62,1776691040.521375,1776691040.471414,1776691040.321991,1776691040.403590,8.302711,-0.000373,0.026436,0.241000,0.004000,0.000000,-0.294287,-0.324194,9.866973,0.069807,-0.025845,-0.170522,24.0530,0.0935,-0.5319,-0.0610,2
1776691040.571462,63,1776691040.571462,1776691040.521416,1776691040.321991,1776691040.552111,8.314782,-0.000254,0.028740,0.241000,-0.004000,0.000000,0.084936,0.494066,8.055795,-0.088192,0.063946,-0.088725,24.0530,0.0969,-0.5482,-0.0605,2
1776691040.621473,64,1776691040.621473,1776691040.571509,1776691040.321991,1776691040.552111,8.327534,-0.000038,0.030040,0.255000,-0.003000,0.000000,-0.120825,-0.645995,10.943631,0.035437,-0.005062,-0.050624,24.0530,0.0969,-0.5482,-0.0605,2
1776691040.671460,65,1776691040.671460,1776691040.621524,1776691040.321991,1776691040.552111,8.339128,0.000261,0.029190,0.232000,-0.001000,0.000000,0.059814,-0.173462,9.892096,0.020782,-0.008793,-0.090590,24.0530,0.0969,-0.5482,-0.0605,2
1776691040.721431,66,1776691040.721431,1776691040.671503,1776691040.321991,1776691040.700088,8.351672,0.000377,0.030889,0.251000,-0.005000,0.000000,-0.124414,0.478515,10.021294,-0.032239,0.008793,-0.044229,24.0530,0.0984,-0.5648,-0.0606,2
1776691040.771473,67,1776691040.771473,1776691040.771537,1776691040.321991,1776691040.700088,8.364477,0.000773,0.031139,0.256000,0.000000,0.000000,-0.284716,-0.045459,9.223371,0.029042,0.012256,-0.079666,24.0530,0.0984,-0.5648,-0.0606,2
1776691040.821579,68,1776691040.821579,1776691040.771537,1776691040.321991,1776691040.700088,8.376540,0.001349,0.029335,0.241000,0.004000,0.000000,-0.284716,-0.045459,9.223371,0.029042,0.012256,-0.079666,24.0530,0.0984,-0.5648,-0.0606,2
1776691040.871551,69,1776691040.871551,1776691040.821634,1776691040.321991,1776691040.849444,8.389377,0.001776,0.028536,0.257000,0.001000,0.000000,-0.110058,-0.108862,9.691119,0.083662,-0.047959,-0.121497,24.0530,0.0983,-0.5806,-0.0627,2
1776691040.921587,70,1776691040.921587,1776691040.921630,1776691040.922062,1776691040.849444,8.401580,0.002124,0.030137,0.244000,0.000000,0.000000,0.039477,-0.226098,9.736578,0.025845,0.019983,-0.044762,24.0470,0.0983,-0.5806,-0.0627,2
1776691040.971564,71,1776691040.971564,1776691040.921630,1776691040.922062,1776691040.849444,8.415175,0.002284,0.031636,0.272000,-0.005000,0.000000,0.039477,-0.226098,9.736578,0.025845,0.019983,-0.044762,24.0470,0.0983,-0.5806,-0.0627,2
1776691041.021612,72,1776691041.021612,1776691040.971606,1776691040.922062,1776691040.996488,8.428525,0.002807,0.030736,0.267000,0.002000,0.000000,0.167480,-0.110058,9.252082,0.054887,-0.030907,-0.133486,24.0470,0.0997,-0.5978,-0.0631,2
1776691041.071628,73,1776691041.071628,1776691041.021653,1776691040.922062,1776691040.996488,8.441180,0.003045,0.031986,0.253000,-0.003000,0.000000,0.020337,0.495263,7.951718,-0.055420,0.062081,-0.118299,24.0470,0.0997,-0.5978,-0.0631,2
1776691041.121693,74,1776691041.121693,1776691041.071667,1776691040.922062,1776691040.996488,8.454992,0.003437,0.033088,0.276000,-0.001000,0.000000,-0.357690,-0.084936,11.106326,0.003464,-0.008260,-0.088192,24.0470,0.0997,-0.5978,-0.0631,2
1776691041.171728,75,1776691041.171728,1776691041.171769,1776691040.922062,1776691041.145468,8.467989,0.004018,0.031587,0.260000,0.003000,0.000000,0.061011,0.015552,8.229257,-0.055952,0.086327,-0.123895,24.0470,0.1010,-0.6124,-0.0642,2
1776691041.221714,76,1776691041.221714,1776691041.171769,1776691040.922062,1776691041.145468,8.479977,0.004497,0.031587,0.240000,0.002000,0.000000,0.061011,0.015552,8.229257,-0.055952,0.086327,-0.123895,24.0470,0.1010,-0.6124,-0.0642,2
1776691041.271779,77,1776691041.271779,1776691041.221760,1776691040.922062,1776691041.145468,8.492737,0.004900,0.031587,0.255000,0.000000,0.000000,0.568236,-0.093310,10.552445,-0.072738,-0.046627,-0.103912,24.0470,0.1010,-0.6124,-0.0642,2
1776691041.321762,78,1776691041.321762,1776691041.271820,1776691040.922062,1776691041.293946,8.505070,0.005489,0.030187,0.247000,0.004000,0.000000,0.191406,-0.167480,10.558427,0.033305,-0.018651,0.015187,24.0470,0.1017,-0.6270,-0.0645,2
1776691041.371831,79,1776691041.371831,1776691041.321804,1776691040.922062,1776691041.293946,8.518250,0.005286,0.028885,0.263000,-0.012000,0.000000,-0.281127,-0.820653,11.387454,0.075935,-0.041298,-0.039700,24.0470,0.1017,-0.6270,-0.0645,2
1776691041.421816,80,1776691041.421816,1776691041.371873,1776691040.922062,1776691041.293946,8.531294,0.005563,0.029535,0.261000,-0.002000,0.000000,-0.211743,0.240454,11.253469,-0.064745,-0.047426,-0.152670,24.0470,0.1017,-0.6270,-0.0645,2
1776691041.471818,81,1776691041.471818,1776691041.421858,1776691040.922062,1776691041.442229,8.543680,0.006229,0.027785,0.248000,0.006000,0.000000,0.010767,-0.039477,8.592928,0.039966,0.061281,-0.077268,24.0470,0.1022,-0.6369,-0.0631,2
1776691041.521969,82,1776691041.521969,1776691041.522011,1776691041.522521,1776691041.442229,8.557014,0.006650,0.026933,0.266000,0.001000,0.000000,-0.082544,0.143554,9.241315,-0.060748,-0.011457,-0.065811,24.0440,0.1022,-0.6369,-0.0631,2
1776691041.571900,83,1776691041.571900,1776691041.571940,1776691041.522521,1776691041.442229,8.569940,0.007048,0.028181,0.259000,0.001000,0.000000,-0.129199,-0.227294,8.582161,0.060748,0.058350,-0.093787,24.0440,0.1022,-0.6369,-0.0631,2
1776691041.621920,84,1776691041.621920,1776691041.571940,1776691041.522521,1776691041.590505,8.582032,0.007639,0.026230,0.242000,0.005000,0.000000,-0.129199,-0.227294,8.582161,0.060748,0.058350,-0.093787,24.0440,0.1007,-0.6475,-0.0640,2
1776691041.671950,85,1776691041.671950,1776691041.621964,1776691041.522521,1776691041.590505,8.593927,0.008252,0.023378,0.238000,0.006000,0.000000,-0.197387,-0.320605,9.637286,0.066344,-0.022914,-0.161729,24.0440,0.1007,-0.6475,-0.0640,2
1776691041.721974,86,1776691041.721974,1776691041.671989,1776691041.522521,1776691041.590505,8.605827,0.008630,0.023979,0.238000,0.002000,0.000000,-0.040674,0.001196,10.102642,-0.047693,0.000266,-0.134552,24.0440,0.1007,-0.6475,-0.0640,2
1776691041.772024,87,1776691041.772024,1776691041.722017,1776691041.522521,1776691041.738784,8.618890,0.008793,0.024930,0.261000,-0.003000,0.000000,-0.287109,-0.131592,11.631496,-0.023713,-0.022381,-0.078333,24.0440,0.0985,-0.6586,-0.0660,2
1776691041.822057,88,1776691041.822057,1776691041.772075,1776691041.522521,1776691041.738784,8.630991,0.009245,0.022878,0.242000,0.003000,0.000000,0.209350,-0.160302,9.843047,0.027177,-0.009059,-0.152137,24.0440,0.0985,-0.6586,-0.0660,2
1776691041.872088,89,1776691041.872088,1776691041.822102,1776691041.522521,1776691041.738784,8.643101,0.009272,0.024930,0.242000,-0.005000,0.000000,0.003589,0.003589,11.099149,0.004796,-0.023713,-0.144144,24.0440,0.0985,-0.6586,-0.0660,2
1776691041.922043,90,1776691041.922043,1776691041.872129,1776691041.522521,1776691041.887218,8.655584,0.009633,0.024580,0.250000,0.001000,0.000000,-0.055029,0.512011,11.045316,-0.076202,-0.029042,-0.104444,24.0440,0.0960,-0.6705,-0.0695,2
1776691041.972148,91,1776691041.972148,1776691041.972197,1776691041.522521,1776691041.887218,8.667492,0.010477,0.020922,0.238000,0.011000,0.000000,0.095703,-0.626854,11.088382,0.030641,-0.033039,-0.180380,24.0440,0.0960,-0.6705,-0.0695,2
1776691042.022106,92,1776691042.022106,1776691041.972197,1776691041.522521,1776691041.887218,8.680421,0.011097,0.018524,0.259000,0.007000,0.000000,0.095703,-0.626854,11.088382,0.030641,-0.033039,-0.180380,24.0440,0.0960,-0.6705,-0.0695,2
1776691042.072193,93,1776691042.072193,1776691042.072235,1776691041.522521,1776691042.035804,8.693236,0.011585,0.017222,0.256000,0.005000,0.000000,-0.021533,-0.038281,9.441095,0.033838,0.030374,-0.123362,24.0440,0.0944,-0.6782,-0.0725,2
1776691042.122202,94,1776691042.122202,1776691042.072235,1776691042.122720,1776691042.035804,8.707187,0.011826,0.017572,0.279000,0.000000,0.000000,-0.021533,-0.038281,9.441095,0.033838,0.030374,-0.123362,24.0430,0.0944,-0.6782,-0.0725,2
1776691042.172239,95,1776691042.172239,1776691042.122254,1776691042.122720,1776691042.035804,8.720692,0.012263,0.015220,0.270000,0.004000,0.000000,-0.173462,-0.447411,9.396832,0.049558,-0.011190,-0.201962,24.0430,0.0944,-0.6782,-0.0725,2
1776691042.222240,96,1776691042.222240,1776691042.172281,1776691042.122720,1776691042.183839,8.733840,0.012513,0.015470,0.263000,0.001000,0.000000,0.045459,0.271557,8.210116,-0.122829,0.038634,-0.207557,24.0430,0.0960,-0.6873,-0.0781,2
1776691042.272286,97,1776691042.272286,1776691042.222281,1776691042.122720,1776691042.183839,8.747399,0.012823,0.014970,0.271000,0.002000,0.000000,-0.157910,-0.270361,8.820222,0.041032,0.059949,-0.148674,24.0430,0.0960,-0.6873,-0.0781,2
1776691042.322275,98,1776691042.322275,1776691042.272326,1776691042.122720,1776691042.183839,8.759637,0.013556,0.009521,0.245000,0.011000,0.000000,-0.081347,-0.516796,9.128864,0.047693,0.004796,-0.225941,24.0430,0.0960,-0.6873,-0.0781,2
1776691042.372286,99,1776691042.372286,1776691042.372326,1776691042.122720,1776691042.332530,8.772539,0.013679,0.010421,0.258000,0.000000,0.000000,-0.078955,-0.254809,7.724423,0.079932,-0.013322,-0.082330,24.0430,0.1000,-0.6970,-0.0817,2
1776691042.422359,100,1776691042.422359,1776691042.372326,1776691042.122720,1776691042.332530,8.785658,0.013766,0.009970,0.262000,-0.001000,0.000000,-0.078955,-0.254809,7.724423,0.079932,-0.013322,-0.082330,24.0430,0.1000,-0.6970,-0.0817,2
1776691042.472441,101,1776691042.472441,1776691042.472493,1776691042.122720,1776691042.332530,8.798372,0.014444,0.005313,0.254000,0.011000,0.000000,0.626854,-0.860130,10.121782,0.039700,-0.062347,-0.198764,24.0430,0.1000,-0.6970,-0.0817,2
1776691042.522432,102,1776691042.522432,1776691042.472493,1776691042.122720,1776691042.480710,8.811321,0.014362,0.003063,0.259000,-0.003000,0.000000,0.626854,-0.860130,10.121782,0.039700,-0.062347,-0.198764,24.0430,0.1066,-0.7037,-0.0852,2
1776691042.572456,103,1776691042.572456,1776691042.572495,1776691042.122720,1776691042.480710,8.823979,0.013851,-0.000188,0.253000,-0.011000,0.000000,-0.071777,-0.119629,10.065557,-0.012789,0.023980,-0.187041,24.0430,0.1066,-0.7037,-0.0852,2
1776691042.622417,104,1776691042.622417,1776691042.572495,1776691042.122720,1776691042.480710,8.837419,0.012599,-0.001287,0.269000,-0.025000,0.000000,-0.071777,-0.119629,10.065557,-0.012789,0.023980,-0.187041,24.0430,0.1066,-0.7037,-0.0852,2
1776691042.672508,105,1776691042.672508,1776691042.672552,1776691042.122720,1776691042.629303,8.850040,0.011932,-0.002440,0.252000,-0.013000,0.000000,-0.651976,-0.537133,10.466312,-0.036769,0.050091,-0.123362,24.0430,0.1141,-0.7107,-0.0859,2
1776691042.722511,106,1776691042.722511,1776691042.672552,1776691042.723320,1776691042.629303,8.862441,0.011952,-0.002990,0.248000,0.001000,0.000000,-0.651976,-0.537133,10.466312,-0.036769,0.050091,-0.123362,24.0390,0.1141,-0.7107,-0.0859,2
1776691042.772564,107,1776691042.772564,1776691042.722554,1776691042.723320,1776691042.629303,8.875805,0.011912,-0.002990,0.267000,0.000000,0.000000,0.173462,0.126806,10.998660,0.007727,-0.009858,-0.113770,24.0390,0.1141,-0.7107,-0.0859,2
1776691042.822577,108,1776691042.822577,1776691042.772607,1776691042.723320,1776691042.777779,8.888009,0.012175,-0.005190,0.244000,0.006000,0.000000,0.045459,-0.133984,9.114509,0.051156,-0.000799,-0.124161,24.0390,0.1241,-0.7167,-0.0829,2
1776691042.872615,109,1776691042.872615,1776691042.872656,1776691042.723320,1776691042.777779,8.901220,0.012457,-0.007692,0.264000,0.007000,0.000000,-0.069385,0.267968,9.988995,0.012256,-0.022914,-0.164926,24.0390,0.1241,-0.7167,-0.0829,2
1776691042.922691,110,1776691042.922691,1776691042.922737,1776691042.723320,1776691042.777779,8.914592,0.012604,-0.009445,0.267000,0.005000,0.000000,-0.124414,-0.021533,9.276008,-0.006927,0.016786,-0.164393,24.0390,0.1241,-0.7167,-0.0829,2
1776691042.972669,111,1776691042.972669,1776691042.922737,1776691042.723320,1776691042.925999,8.926792,0.013139,-0.014193,0.244000,0.013000,0.000000,-0.124414,-0.021533,9.276008,-0.006927,0.016786,-0.164393,24.0390,0.1363,-0.7190,-0.0802,2
1776691043.022692,112,1776691043.022692,1776691043.022736,1776691042.723320,1776691042.925999,8.939550,0.013258,-0.016644,0.255000,0.006000,0.000000,0.100488,-0.372045,8.377596,0.048492,0.094853,-0.143078,24.0390,0.1363,-0.7190,-0.0802,2
1776691043.072708,113,1776691043.072708,1776691043.022736,1776691042.723320,1776691042.925999,8.951411,0.013611,-0.020045,0.237000,0.011000,0.000000,0.100488,-0.372045,8.377596,0.048492,0.094853,-0.143078,24.0390,0.1363,-0.7190,-0.0802,2
1776691043.122683,114,1776691043.122683,1776691043.122726,1776691042.723320,1776691043.075887,8.964711,0.013794,-0.022893,0.266000,0.009000,0.000000,0.284716,-0.092114,9.264045,-0.017052,-0.050624,-0.045561,24.0390,0.1502,-0.7213,-0.0787,2
1776691043.172774,115,1776691043.172774,1776691043.172820,1776691042.723320,1776691043.075887,8.977530,0.013501,-0.023094,0.256000,0.000000,0.000000,-0.232080,-0.361279,7.589243,-0.004529,0.091922,-0.088725,24.0390,0.1502,-0.7213,-0.0787,2
1776691043.222820,116,1776691043.222820,1776691043.172820,1776691042.723320,1776691043.223403,8.990886,0.013042,-0.022143,0.267000,-0.003000,0.000000,-0.232080,-0.361279,7.589243,-0.004529,0.091922,-0.088725,24.0390,0.1609,-0.7227,-0.0777,2
1776691043.272783,117,1776691043.272783,1776691043.272827,1776691042.723320,1776691043.223403,9.004221,0.012647,-0.021244,0.267000,-0.002000,0.000000,0.017944,0.066992,9.264045,-0.019717,-0.037834,-0.083129,24.0390,0.1609,-0.7227,-0.0777,2
1776691043.322807,118,1776691043.322807,1776691043.272827,1776691043.323335,1776691043.223403,9.016226,0.012492,-0.021894,0.240000,0.002000,0.000000,0.017944,0.066992,9.264045,-0.019717,-0.037834,-0.083129,24.0370,0.1609,-0.7227,-0.0777,2
1776691043.372899,119,1776691043.372899,1776691043.322852,1776691043.323335,1776691043.371743,9.028445,0.012224,-0.022094,0.244000,0.000000,0.000000,-0.297875,-0.193798,11.802565,0.046361,-0.045028,-0.070873,24.0370,0.1736,-0.7259,-0.0753,2
1776691043.422866,120,1776691043.422866,1776691043.372956,1776691043.323335,1776691043.371743,9.040686,0.012004,-0.022544,0.245000,0.001000,0.000000,0.210546,0.114844,9.527227,0.000266,0.007460,-0.132954,24.0370,0.1736,-0.7259,-0.0753,2
1776691043.472944,121,1776691043.472944,1776691043.422908,1776691043.323335,1776691043.371743,9.052407,0.012040,-0.024797,0.234000,0.006000,0.000000,0.062207,0.069385,9.761700,-0.000799,0.000533,-0.138549,24.0370,0.1736,-0.7259,-0.0753,2
1776691043.522990,122,1776691043.522990,1776691043.472987,1776691043.323335,1776691043.520399,9.064671,0.011986,-0.026099,0.245000,0.005000,0.000000,-0.066992,-0.671117,12.699780,0.019717,-0.080998,-0.150006,24.0370,0.1892,-0.7284,-0.0768,2
1776691043.572993,123,1776691043.572993,1776691043.573040,1776691043.323335,1776691043.520399,9.077322,0.011856,-0.027649,0.253000,0.004000,0.000000,0.070581,0.021533,10.122978,-0.004529,-0.000266,-0.155068,24.0370,0.1892,-0.7284,-0.0768,2
1776691043.623017,124,1776691043.623017,1776691043.573040,1776691043.323335,1776691043.520399,9.090719,0.011335,-0.026298,0.268000,-0.003000,0.000000,0.070581,0.021533,10.122978,-0.004529,-0.000266,-0.155068,24.0370,0.1892,-0.7284,-0.0768,2
1776691043.673056,125,1776691043.673056,1776691043.673105,1776691043.323335,1776691043.669306,9.103225,0.011006,-0.026148,0.250000,0.000000,0.000000,0.212939,0.430663,8.874055,-0.071672,0.067409,-0.111638,24.0370,0.2048,-0.7325,-0.0788,2
1776691043.723075,126,1776691043.723075,1776691043.723116,1776691043.323335,1776691043.669306,9.116023,0.010571,-0.025498,0.256000,-0.002000,0.000000,-0.113647,-0.056225,9.453058,-0.005062,-0.003997,-0.144144,24.0370,0.2048,-0.7325,-0.0788,2
1776691043.773050,127,1776691043.773050,1776691043.723116,1776691043.323335,1776691043.669306,9.128216,0.010360,-0.025698,0.244000,0.002000,0.000000,-0.113647,-0.056225,9.453058,-0.005062,-0.003997,-0.144144,24.0370,0.2048,-0.7325,-0.0788,2
1776691043.823187,128,1776691043.823187,1776691043.773097,1776691043.323335,1776691043.817410,9.138798,0.010339,-0.027653,0.211000,0.005000,0.000000,-0.008374,-0.072973,9.145612,-0.042098,-0.030108,-0.136151,24.0370,0.2185,-0.7335,-0.0812,2
1776691043.873159,129,1776691043.873159,1776691043.873208,1776691043.323335,1776691043.817410,9.149736,0.009987,-0.027753,0.219000,-0.001000,0.000000,-0.123218,-0.217724,9.424347,-0.011723,0.008260,-0.102313,24.0370,0.2185,-0.7335,-0.0812,2
1776691043.923127,130,1776691043.923127,1776691043.873208,1776691043.924152,1776691043.817410,9.161074,0.009622,-0.027253,0.227000,-0.001000,0.000000,-0.123218,-0.217724,9.424347,-0.011723,0.008260,-0.102313,24.0350,0.2185,-0.7335,-0.0812,2
1776691043.973472,131,1776691043.973472,1776691043.923180,1776691043.924152,1776691043.965672,9.173296,0.009037,-0.025743,0.243000,-0.005000,0.000000,-0.046655,-0.258398,9.546369,0.021582,-0.004529,-0.105777,24.0350,0.2303,-0.7310,-0.0856,2
1776691044.023257,132,1776691044.023257,1776691044.023301,1776691043.924152,1776691043.965672,9.184196,0.008756,-0.025643,0.219000,0.000000,0.000000,-0.108862,0.086133,9.388458,0.069807,0.065278,-0.046094,24.0350,0.2303,-0.7310,-0.0856,2
1776691044.073216,133,1776691044.073216,1776691044.073288,1776691043.924152,1776691043.965672,9.196127,0.008250,-0.024594,0.239000,-0.004000,0.000000,0.001196,-0.208154,9.328644,-0.000799,0.006128,-0.149206,24.0350,0.2303,-0.7310,-0.0856,2
1776691044.123241,134,1776691044.123241,1776691044.073288,1776691043.924152,1776691044.113836,9.208385,0.008149,-0.025745,0.245000,0.004000,0.000000,0.001196,-0.208154,9.328644,-0.000799,0.006128,-0.149206,24.0350,0.2432,-0.7278,-0.0888,2
1776691044.173268,135,1776691044.173268,1776691044.173299,1776691043.924152,1776691044.113836,9.219544,0.008112,-0.026946,0.223000,0.005000,0.000000,0.401952,-1.195090,10.376592,0.134286,-0.011457,-0.096984,24.0350,0.2432,-0.7278,-0.0888,2
1776691044.223312,136,1776691044.223312,1776691044.223398,1776691043.924152,1776691044.113836,9.231403,0.007892,-0.028097,0.237000,0.002000,0.000000,0.101684,-0.392382,9.813140,-0.025312,0.062613,-0.080198,24.0350,0.2432,-0.7278,-0.0888,2
1776691044.273346,137,1776691044.273346,1776691044.223398,1776691043.924152,1776691044.263775,9.243758,0.007595,-0.028497,0.247000,0.001000,0.000000,0.101684,-0.392382,9.813140,-0.025312,0.062613,-0.080198,24.0350,0.2564,-0.7248,-0.0915,2
1776691044.323476,138,1776691044.323476,1776691044.323523,1776691043.924152,1776691044.263775,9.257183,0.007062,-0.027494,0.268000,-0.003000,0.000000,0.066992,-0.020337,9.578668,-0.036236,-0.044495,-0.153736,24.0350,0.2564,-0.7248,-0.0915,2
1776691044.373404,139,1776691044.373404,1776691044.323523,1776691043.924152,1776691044.263775,9.270262,0.006752,-0.027894,0.262000,0.001000,0.000000,0.066992,-0.020337,9.578668,-0.036236,-0.044495,-0.153736,24.0350,0.2564,-0.7248,-0.0915,2
1776691044.423418,140,1776691044.423418,1776691044.373443,1776691043.924152,1776691044.410958,9.283053,0.006145,-0.025943,0.256000,-0.005000,0.000000,-0.104077,0.492870,7.816538,-0.042630,0.079133,-0.054887,24.0350,0.2689,-0.7201,-0.0908,2
1776691044.473425,141,1776691044.473425,1776691044.473476,1776691043.924152,1776691044.410958,9.296604,0.005944,-0.027393,0.271000,0.003000,0.000000,-0.118432,-0.230883,9.006843,-0.023980,-0.036502,-0.082596,24.0350,0.2689,-0.7201,-0.0908,2
1776691044.523499,142,1776691044.523499,1776691044.523546,1776691044.524027,1776691044.410958,9.308476,0.005969,-0.028695,0.237000,0.007000,0.000000,0.208154,-1.245335,9.817925,0.150805,0.016786,-0.117234,24.0340,0.2689,-0.7201,-0.0908,2
1776691044.573602,143,1776691044.573602,1776691044.523546,1776691044.524027,1776691044.559883,9.321198,0.005604,-0.028946,0.254000,0.000000,0.000000,0.208154,-1.245335,9.817925,0.150805,0.016786,-0.117234,24.0340,0.2824,-0.7137,-0.0889,2
1776691044.623521,144,1776691044.623521,1776691044.623557,1776691044.524027,1776691044.559883,9.334473,0.005270,-0.029595,0.266000,0.001000,0.000000,0.033496,0.082544,9.010432,-0.024779,0.021582,-0.165992,24.0340,0.2824,-0.7137,-0.0889,2
1776691044.673574,145,1776691044.673574,1776691044.623557,1776691044.524027,1776691044.559883,9.347276,0.004740,-0.028293,0.256000,-0.003000,0.000000,0.033496,0.082544,9.010432,-0.024779,0.021582,-0.165992,24.0340,0.2824,-0.7137,-0.0889,2
1776691044.723796,146,1776691044.723796,1776691044.673623,1776691044.524027,1776691044.708279,9.360328,0.004371,-0.028494,0.260000,0.000000,0.000000,0.007178,-0.606517,10.832376,0.130023,-0.022647,-0.116701,24.0340,0.2919,-0.7079,-0.0857,2
1776691044.773578,147,1776691044.773578,1776691044.723843,1776691044.524027,1776691044.708279,9.373068,0.004058,-0.028644,0.256000,0.001000,0.000000,0.131592,0.161499,9.484161,-0.056219,0.046361,-0.097517,24.0340,0.2919,-0.7079,-0.0857,2
1776691044.823668,148,1776691044.823668,1776691044.823705,1776691044.524027,1776691044.708279,9.386031,0.003486,-0.027341,0.259000,-0.004000,0.000000,0.052637,-0.113647,10.459135,-0.027976,-0.061548,-0.168390,24.0340,0.2919,-0.7079,-0.0857,2
1776691044.873711,149,1776691044.873711,1776691044.873757,1776691044.524027,1776691044.856488,9.398538,0.003194,-0.027792,0.250000,0.001000,0.000000,-0.092114,-0.098096,10.186381,-0.023180,0.018384,-0.109507,24.0340,0.2986,-0.6986,-0.0832,2
1776691044.923745,150,1776691044.923745,1776691044.923790,1776691044.524027,1776691044.856488,9.410643,0.002907,-0.028192,0.242000,0.001000,0.000000,0.150732,-0.561058,9.711456,0.037035,-0.013588,-0.130023,24.0340,0.2986,-0.6986,-0.0832,2
1776691044.973785,151,1776691044.973785,1776691044.973839,1776691044.524027,1776691044.856488,9.423155,0.002855,-0.030543,0.250000,0.006000,0.000000,0.387597,-0.062207,10.078716,-0.049558,-0.045028,-0.052755,24.0340,0.2986,-0.6986,-0.0832,2
1776691045.023970,152,1776691045.023970,1776691045.024006,1776691044.524027,1776691045.005163,9.435447,0.002479,-0.030142,0.245000,0.000000,0.000000,-0.191406,-0.801512,10.124175,0.116967,0.047160,0.024512,24.0340,0.3032,-0.6902,-0.0826,2
1776691045.073906,153,1776691045.073906,1776691045.073952,1776691044.524027,1776691045.005163,9.448317,0.001841,-0.028444,0.258000,-0.005000,0.000000,-0.232080,0.139966,9.973443,-0.002931,0.015454,-0.087659,24.0340,0.3032,-0.6902,-0.0826,2
1776691045.123868,154,1776691045.123868,1776691045.123917,1776691045.124739,1776691045.005163,9.461596,0.001314,-0.027595,0.266000,-0.003000,0.000000,-0.179443,0.295483,9.328644,-0.027976,0.005062,-0.080198,24.0330,0.3032,-0.6902,-0.0826,2
1776691045.173836,155,1776691045.173836,1776691045.123917,1776691045.124739,1776691045.153732,9.473434,0.000987,-0.027395,0.237000,0.000000,0.000000,-0.179443,0.295483,9.328644,-0.027976,0.005062,-0.080198,24.0330,0.3085,-0.6862,-0.0798,2
1776691045.223855,156,1776691045.223855,1776691045.223894,1776691045.124739,1776691045.153732,9.485681,0.000501,-0.026545,0.245000,-0.003000,0.000000,-0.077759,-0.052637,10.612260,-0.030907,0.005595,-0.092455,24.0330,0.3085,-0.6862,-0.0798,2
1776691045.273953,157,1776691045.273953,1776691045.274002,1776691045.124739,1776691045.153732,9.498100,0.000172,-0.026645,0.248000,0.000000,0.000000,0.055029,0.251220,9.665997,-0.011457,0.004263,-0.110573,24.0330,0.3085,-0.6862,-0.0798,2
1776691045.323969,158,1776691045.323969,1776691045.324017,1776691045.124739,1776691045.302513,9.510448,-0.000258,-0.025995,0.247000,-0.002000,0.000000,0.087329,-0.044263,10.221074,-0.021582,-0.062081,-0.121230,24.0330,0.3152,-0.6807,-0.0746,2
1776691045.374060,159,1776691045.374060,1776691045.374111,1776691045.124739,1776691045.302513,9.522750,-0.000577,-0.026245,0.246000,0.000000,0.000000,-0.021533,0.002393,10.356255,-0.034371,0.029308,-0.114569,24.0330,0.3152,-0.6807,-0.0746,2
1776691045.423934,160,1776691045.423934,1776691045.423969,1776691045.124739,1776691045.302513,9.535382,-0.000859,-0.026544,0.253000,0.001000,0.000000,-0.242846,-0.401952,9.744952,0.009059,0.013322,-0.144943,24.0330,0.3152,-0.6807,-0.0746,2
1776691045.474013,161,1776691045.474013,1776691045.474062,1776691045.124739,1776691045.451262,9.548753,-0.001014,-0.027946,0.267000,0.004000,0.000000,0.040674,0.037085,9.595416,-0.041298,-0.047693,-0.160663,24.0330,0.3242,-0.6745,-0.0712,2
1776691045.524027,162,1776691045.524027,1776691045.474062,1776691045.124739,1776691045.451262,9.560609,-0.001095,-0.029747,0.237000,0.005000,0.000000,0.040674,0.037085,9.595416,-0.041298,-0.047693,-0.160663,24.0330,0.3242,-0.6745,-0.0712,2
1776691045.574430,163,1776691045.574430,1776691045.524077,1776691045.124739,1776691045.451262,9.573046,-0.001667,-0.028235,0.247000,-0.004000,0.000000,0.005981,-0.412719,10.425639,0.082064,0.021848,-0.123095,24.0330,0.3242,-0.6745,-0.0712,2
1776691045.624181,164,1776691045.624181,1776691045.624262,1776691045.124739,1776691045.599290,9.585779,-0.002026,-0.028434,0.256000,0.000000,0.000000,0.063403,0.145947,9.435114,-0.026910,0.005862,-0.130822,24.0330,0.3326,-0.6694,-0.0689,2
1776691045.674117,165,1776691045.674117,1776691045.624262,1776691045.124739,1776691045.599290,9.597319,-0.002005,-0.030531,0.231000,0.007000,0.000000,0.063403,0.145947,9.435114,-0.026910,0.005862,-0.130822,24.0330,0.3326,-0.6694,-0.0689,2
1776691045.724259,166,1776691045.724259,1776691045.674169,1776691045.124739,1776691045.599290,9.609548,-0.002378,-0.030531,0.244000,0.000000,0.000000,-0.089722,-0.805101,10.716336,0.091122,0.003464,-0.118832,24.0330,0.3326,-0.6694,-0.0689,2
1776691045.774178,167,1776691045.774178,1776691045.724355,1776691045.726218,1776691045.747258,9.622066,-0.002911,-0.029733,0.251000,-0.003000,0.000000,-0.081347,-0.065796,10.003350,-0.036502,-0.017851,-0.110040,24.0300,0.3391,-0.6655,-0.0636,2
1776691045.824165,168,1776691045.824165,1776691045.824202,1776691045.726218,1776691045.747258,9.635098,-0.003648,-0.027333,0.261000,-0.007000,0.000000,-0.061011,-0.206958,9.887310,-0.033039,-0.065544,-0.148141,24.0300,0.3391,-0.6655,-0.0636,2
1776691045.874229,169,1776691045.874229,1776691045.824202,1776691045.726218,1776691045.747258,9.647308,-0.003982,-0.027533,0.244000,0.000000,0.000000,-0.061011,-0.206958,9.887310,-0.033039,-0.065544,-0.148141,24.0300,0.3391,-0.6655,-0.0636,2
1776691045.924360,170,1776691045.924360,1776691045.924409,1776691045.726218,1776691045.896589,9.659937,-0.004330,-0.027734,0.252000,0.000000,0.000000,-0.082544,-0.066992,9.120490,-0.000533,0.019717,-0.154002,24.0300,0.3450,-0.6643,-0.0590,2
1776691045.974381,171,1776691045.974381,1776691045.924409,1776691045.726218,1776691045.896589,9.672987,-0.004692,-0.027434,0.261000,0.000000,0.000000,-0.082544,-0.066992,9.120490,-0.000533,0.019717,-0.154002,24.0300,0.3450,-0.6643,-0.0590,2
1776691046.024254,172,1776691046.024254,1776691045.974461,1776691045.726218,1776691045.896589,9.684362,-0.004705,-0.029478,0.228000,0.006000,0.000000,0.057422,-0.089722,9.284382,-0.026378,-0.030374,-0.161463,24.0300,0.3450,-0.6643,-0.0590,2
1776691046.074341,173,1776691046.074341,1776691046.074388,1776691045.726218,1776691046.044219,9.696878,-0.005074,-0.029529,0.250000,0.000000,0.000000,0.129199,0.057422,8.924299,-0.017319,0.005062,-0.137217,24.0300,0.3519,-0.6646,-0.0508,2
1776691046.124423,174,1776691046.124423,1776691046.124470,1776691045.726218,1776691046.044219,9.709594,-0.005449,-0.029529,0.254000,0.000000,0.000000,0.116040,0.150732,9.158772,-0.012523,-0.005862,-0.130822,24.0300,0.3519,-0.6646,-0.0508,2
1776691046.174381,175,1776691046.174381,1776691046.174427,1776691045.726218,1776691046.044219,9.721876,-0.005862,-0.029229,0.246000,-0.001000,0.000000,-0.008374,-0.635228,11.442483,0.085527,-0.032239,-0.113237,24.0300,0.3519,-0.6646,-0.0508,2
1776691046.224454,176,1776691046.224454,1776691046.224500,1776691045.726218,1776691046.192899,9.734238,-0.006274,-0.028678,0.247000,-0.001000,0.000000,-0.026318,0.077759,9.630108,-0.033039,0.050091,-0.076468,24.0300,0.3593,-0.6669,-0.0419,2
1776691046.274460,177,1776691046.274460,1776691046.274503,1776691045.726218,1776691046.192899,9.746785,-0.006583,-0.029328,0.251000,0.001000,0.000000,-0.137573,0.052637,10.207915,0.012256,0.008260,-0.123095,24.0300,0.3593,-0.6669,-0.0419,2
1776691046.324559,178,1776691046.324559,1776691046.324608,1776691046.325524,1776691046.192899,9.759752,-0.007064,-0.028476,0.259000,-0.002000,0.000000,0.023926,-0.075366,9.715045,-0.021582,-0.044229,-0.140147,24.0300,0.3593,-0.6669,-0.0419,2
1776691046.374484,179,1776691046.374484,1776691046.374530,1776691046.325524,1776691046.341984,9.771877,-0.007459,-0.028027,0.243000,-0.001000,0.000000,0.104077,0.665135,8.628817,-0.051156,0.065278,-0.097517,24.0300,0.3662,-0.6677,-0.0337,2
1776691046.424548,180,1776691046.424548,1776691046.424593,1776691046.325524,1776691046.341984,9.784389,-0.007810,-0.028077,0.250000,0.000000,0.000000,0.071777,0.143554,9.478180,-0.020782,0.006927,-0.164393,24.0300,0.3662,-0.6677,-0.0337,2
1776691046.474533,181,1776691046.474533,1776691046.424593,1776691046.325524,1776691046.341984,9.797432,-0.008077,-0.028527,0.261000,0.002000,0.000000,0.071777,0.143554,9.478180,-0.020782,0.006927,-0.164393,24.0300,0.3662,-0.6677,-0.0337,2
1776691046.524681,182,1776691046.524681,1776691046.474582,1776691046.325524,1776691046.489731,9.809372,-0.008066,-0.030834,0.238000,0.007000,0.000000,0.057422,0.063403,9.279596,-0.032239,-0.025578,-0.163594,24.0300,0.3727,-0.6691,-0.0272,2
1776691046.574597,183,1776691046.574597,1776691046.524734,1776691046.325524,1776691046.489731,9.821890,-0.008602,-0.029985,0.251000,-0.003000,0.000000,-0.070581,-0.977366,10.898172,0.121497,-0.014388,-0.134552,24.0300,0.3727,-0.6691,-0.0272,2
1776691046.624672,184,1776691046.624672,1776691046.624721,1776691046.325524,1776691046.489731,9.834500,-0.009080,-0.029084,0.252000,-0.002000,0.000000,0.020337,0.157910,9.447077,-0.019450,0.013855,-0.166791,24.0300,0.3727,-0.6691,-0.0272,2
1776691046.674698,185,1776691046.674698,1776691046.674744,1776691046.325524,1776691046.638295,9.845856,-0.009261,-0.030385,0.227000,0.003000,0.000000,-0.037085,-0.506029,12.056178,0.040499,-0.036502,-0.158265,24.0300,0.3785,-0.6723,-0.0238,2
1776691046.724662,186,1776691046.724662,1776691046.724710,1776691046.325524,1776691046.638295,9.858094,-0.009533,-0.030884,0.245000,0.002000,0.000000,-0.039477,0.009570,10.697196,-0.018651,0.012523,-0.139615,24.0300,0.3785,-0.6723,-0.0238,2
1776691046.774723,187,1776691046.774723,1776691046.724710,1776691046.325524,1776691046.638295,9.869859,-0.009696,-0.032286,0.235000,0.004000,0.000000,-0.039477,0.009570,10.697196,-0.018651,0.012523,-0.139615,24.0300,0.3785,-0.6723,-0.0238,2
1776691046.824732,188,1776691046.824732,1776691046.774770,1776691046.325524,1776691046.786596,9.882806,-0.010064,-0.032936,0.259000,0.001000,0.000000,0.394775,-0.092114,9.871758,-0.001865,0.001599,-0.122829,24.0300,0.3846,-0.6765,-0.0224,2
1776691046.874769,189,1776691046.874769,1776691046.874815,1776691046.325524,1776691046.786596,9.895255,-0.010574,-0.031935,0.249000,-0.002000,0.000000,-0.049048,0.461767,7.931381,-0.042098,0.098050,-0.072205,24.0300,0.3846,-0.6765,-0.0224,2
1776691046.924831,190,1776691046.924831,1776691046.924882,1776691046.925696,1776691046.786596,9.907811,-0.011075,-0.031435,0.251000,-0.002000,0.000000,-0.044263,0.137573,9.906450,-0.036502,0.027177,-0.116434,24.0290,0.3846,-0.6765,-0.0224,2
1776691046.974798,191,1776691046.974798,1776691046.974844,1776691046.925696,1776691046.934925,9.920748,-0.011432,-0.031834,0.259000,0.001000,0.000000,-0.064599,-0.348119,9.209016,-0.014388,-0.051689,-0.088991,24.0290,0.3908,-0.6820,-0.0212,2
1776691047.024827,192,1776691047.024827,1776691047.024874,1776691046.925696,1776691046.934925,9.932147,-0.011845,-0.031384,0.228000,-0.001000,0.000000,-0.278735,-0.466552,11.464016,0.062880,-0.059683,-0.047160,24.0290,0.3908,-0.6820,-0.0212,2
1776691047.074961,193,1776691047.074961,1776691047.024874,1776691046.925696,1776691046.934925,9.944263,-0.012527,-0.029279,0.242000,-0.006000,0.000000,-0.278735,-0.466552,11.464016,0.062880,-0.059683,-0.047160,24.0290,0.3908,-0.6820,-0.0212,2
1776691047.124952,194,1776691047.124952,1776691047.124998,1776691046.925696,1776691047.083375,9.956950,-0.013098,-0.028029,0.254000,-0.004000,0.000000,0.062207,0.177050,10.142119,0.004529,-0.000799,-0.071939,24.0290,0.3994,-0.6898,-0.0192,2
1776691047.174923,195,1776691047.174923,1776691047.124998,1776691046.925696,1776691047.083375,9.968489,-0.013422,-0.028029,0.231000,0.000000,0.000000,0.062207,0.177050,10.142119,0.004529,-0.000799,-0.071939,24.0290,0.3994,-0.6898,-0.0192,2
1776691047.224933,196,1776691047.224933,1776691047.224983,1776691046.925696,1776691047.083375,9.981137,-0.013726,-0.028229,0.253000,0.001000,0.000000,0.026318,-0.076562,8.427840,-0.011190,0.103645,-0.101514,24.0290,0.3994,-0.6898,-0.0192,2
1776691047.275022,197,1776691047.275022,1776691047.275068,1776691046.925696,1776691047.231994,9.993944,-0.014088,-0.028229,0.256000,0.000000,0.000000,0.047851,0.038281,10.614653,0.000266,-0.021315,-0.136950,24.0290,0.4076,-0.6960,-0.0164,2
1776691047.325052,198,1776691047.325052,1776691047.325097,1776691046.925696,1776691047.231994,10.007858,-0.014531,-0.027578,0.278000,-0.001000,0.000000,-0.026318,0.040674,9.376495,-0.011190,-0.045828,-0.154802,24.0290,0.4076,-0.6960,-0.0164,2
1776691047.374934,199,1776691047.374934,1776691047.374983,1776691046.925696,1776691047.231994,10.020275,-0.014824,-0.028027,0.249000,0.001000,0.000000,0.108862,-0.153125,7.091588,-0.004529,0.136684,-0.147075,24.0290,0.4076,-0.6960,-0.0164,2
1776691047.425017,200,1776691047.425017,1776691047.425068,1776691046.925696,1776691047.379752,10.033040,-0.015232,-0.027726,0.255000,-0.001000,0.000000,0.088525,-0.162695,8.960188,-0.003197,0.021582,-0.146808,24.0290,0.4137,-0.6987,-0.0134,2
1776691047.475134,201,1776691047.475134,1776691047.475216,1776691046.925696,1776691047.379752,10.046217,-0.015547,-0.028027,0.263000,0.001000,0.000000,0.008374,-0.002393,8.829793,-0.014921,-0.023713,-0.143611,24.0290,0.4137,-0.6987,-0.0134,2
1776691047.525015,202,1776691047.525015,1776691047.525069,1776691047.526559,1776691047.528453,10.057537,-0.015814,-0.028526,0.227000,0.001000,0.000000,-0.210546,-0.025122,12.319361,-0.014121,-0.054354,-0.117766,24.0300,0.4199,-0.7024,-0.0126,2
1776691047.581538,203,1776691047.581538,1776691047.581588,1776691047.526559,1776691047.528453,10.071700,-0.016388,-0.027453,0.251000,-0.003000,0.000000,0.082544,-0.110058,9.238922,-0.003730,0.011990,-0.138282,24.0300,0.4199,-0.7024,-0.0126,2
1776691047.625078,204,1776691047.625078,1776691047.625114,1776691047.526559,1776691047.528453,10.082332,-0.016767,-0.026755,0.244000,-0.002000,0.000000,0.045459,0.022729,9.547565,0.000799,0.011723,-0.122030,24.0300,0.4199,-0.7024,-0.0126,2
1776691047.675615,205,1776691047.675615,1776691047.675665,1776691047.526559,1776691047.528453,10.094557,-0.017094,-0.026755,0.242000,0.000000,0.000000,-0.168676,-0.404345,12.016701,0.014654,-0.087392,-0.123362,24.0300,0.4199,-0.7024,-0.0126,2
1776691047.725079,206,1776691047.725079,1776691047.675665,1776691047.526559,1776691047.677738,10.106621,-0.017467,-0.026112,0.244000,-0.001000,0.000000,-0.168676,-0.404345,12.016701,0.014654,-0.087392,-0.123362,24.0300,0.4259,-0.7080,-0.0126,2
1776691047.775301,207,1776691047.775301,1776691047.725119,1776691047.526559,1776691047.677738,10.118517,-0.017878,-0.025510,0.237000,-0.002000,0.000000,0.041870,-0.108862,8.088095,-0.000266,0.097251,-0.118299,24.0300,0.4259,-0.7080,-0.0126,2
1776691047.828911,208,1776691047.828911,1776691047.775337,1776691047.526559,1776691047.677738,10.132180,-0.018334,-0.025081,0.255000,-0.002000,0.000000,-0.005981,-0.086133,10.752225,0.008526,-0.001865,-0.120164,24.0300,0.4259,-0.7080,-0.0126,2
1776691047.875162,209,1776691047.875162,1776691047.828951,1776691047.526559,1776691047.837274,10.142491,-0.018592,-0.024618,0.223000,0.000000,0.000000,0.143554,-0.025122,9.461432,0.000533,-0.032506,-0.113770,24.0300,0.4327,-0.7137,-0.0140,2
1776691047.925192,210,1776691047.925192,1776691047.925226,1776691047.526559,1776691047.837274,10.154941,-0.019099,-0.023267,0.249000,-0.004000,0.000000,-0.021533,0.168676,10.039238,-0.014388,-0.019717,-0.106043,24.0300,0.4327,-0.7137,-0.0140,2
1776691047.975614,211,1776691047.975614,1776691047.925226,1776691047.526559,1776691047.974250,10.167441,-0.019390,-0.023267,0.248000,0.000000,0.000000,-0.021533,0.168676,10.039238,-0.014388,-0.019717,-0.106043,24.0300,0.4374,-0.7185,-0.0159,2
1776691048.025241,212,1776691048.025241,1776691047.975653,1776691047.526559,1776691047.974250,10.178613,-0.019302,-0.025153,0.225000,0.007000,0.000000,0.008374,-0.116040,8.705379,0.010658,0.013855,-0.123362,24.0300,0.4374,-0.7185,-0.0159,2
1776691048.075294,213,1776691048.075294,1776691048.025280,1776691047.526559,1776691047.974250,10.191118,-0.019767,-0.024553,0.250000,-0.003000,0.000000,0.345727,-0.482104,11.016604,0.003197,-0.094586,-0.119632,24.0300,0.4374,-0.7185,-0.0159,2
1776691048.125350,214,1776691048.125350,1776691048.075645,1776691048.126126,1776691048.122856,10.203525,-0.020222,-0.023401,0.248000,-0.003000,0.000000,-0.081347,0.381615,10.941238,-0.005862,-0.030907,-0.104711,24.0310,0.4415,-0.7191,-0.0186,2
1776691048.175487,215,1776691048.175487,1776691048.125403,1776691048.126126,1776691048.122856,10.217109,-0.020540,-0.023151,0.271000,0.000000,0.000000,-0.272753,-0.039477,10.843143,0.010391,-0.019983,-0.139615,24.0310,0.4415,-0.7191,-0.0186,2
1776691048.225438,216,1776691048.225438,1776691048.225483,1776691048.126126,1776691048.122856,10.229494,-0.020777,-0.024000,0.248000,0.001000,0.000000,0.040674,-0.009570,7.554551,-0.001599,0.121763,-0.121763,24.0310,0.4415,-0.7191,-0.0186,2
1776691048.275426,217,1776691048.275426,1776691048.225483,1776691048.126126,1776691048.269542,10.241838,-0.021073,-0.023600,0.247000,0.000000,0.000000,0.040674,-0.009570,7.554551,-0.001599,0.121763,-0.121763,24.0310,0.4483,-0.7209,-0.0215,2
1776691048.325480,218,1776691048.325480,1776691048.325519,1776691048.126126,1776691048.269542,10.255047,-0.021485,-0.022999,0.264000,-0.002000,0.000000,-0.011963,-0.171069,8.746053,0.010658,0.015187,-0.140147,24.0310,0.4483,-0.7209,-0.0215,2
1776691048.375482,219,1776691048.375482,1776691048.325519,1776691048.126126,1776691048.269542,10.266191,-0.021891,-0.022149,0.223000,-0.003000,0.000000,-0.011963,-0.171069,8.746053,0.010658,0.015187,-0.140147,24.0310,0.4483,-0.7209,-0.0215,2
1776691048.425507,220,1776691048.425507,1776691048.375526,1776691048.126126,1776691048.417767,10.278693,-0.022218,-0.021349,0.250000,-0.001000,0.000000,-0.076562,0.258398,10.700785,-0.027976,0.007727,-0.113237,24.0310,0.4534,-0.7211,-0.0222,2
1776691048.475497,221,1776691048.475497,1776691048.425550,1776691048.126126,1776691048.417767,10.291387,-0.022489,-0.021599,0.254000,0.000000,0.000000,-0.038281,0.307446,11.510671,-0.008260,-0.046627,-0.127625,24.0310,0.4534,-0.7211,-0.0222,2
1776691048.525647,222,1776691048.525647,1776691048.525695,1776691048.126126,1776691048.417767,10.302522,-0.022579,-0.022251,0.222000,0.003000,0.000000,0.330175,-0.498852,11.279788,-0.014654,-0.092188,-0.152670,24.0310,0.4534,-0.7211,-0.0222,2
1776691048.579469,223,1776691048.579469,1776691048.579511,1776691048.126126,1776691048.566753,10.315867,-0.022823,-0.022466,0.248000,0.001000,0.000000,0.032300,0.099292,11.057279,-0.004263,-0.033305,-0.119898,24.0310,0.4578,-0.7216,-0.0237,2
1776691048.625603,224,1776691048.625603,1776691048.579511,1776691048.126126,1776691048.566753,10.326530,-0.022693,-0.025096,0.231000,0.008000,0.000000,0.032300,0.099292,11.057279,-0.004263,-0.033305,-0.119898,24.0310,0.4578,-0.7216,-0.0237,2
1776691048.675610,225,1776691048.675610,1776691048.675671,1776691048.126126,1776691048.566753,10.339724,-0.023024,-0.025096,0.264000,0.000000,0.000000,0.484496,-0.086133,9.351374,-0.009858,-0.062347,-0.031173,24.0310,0.4578,-0.7216,-0.0237,2
1776691048.725662,226,1776691048.725662,1776691048.675671,1776691048.726676,1776691048.714508,10.352633,-0.023499,-0.024044,0.258000,-0.003000,0.000000,0.484496,-0.086133,9.351374,-0.009858,-0.062347,-0.031173,24.0310,0.4650,-0.7253,-0.0235,2
1776691048.775647,227,1776691048.775647,1776691048.725706,1776691048.726676,1776691048.714508,10.365921,-0.023968,-0.022945,0.266000,-0.003000,0.000000,-0.204565,0.190210,8.795100,0.001066,0.101780,-0.047959,24.0310,0.4650,-0.7253,-0.0235,2
1776691048.825815,228,1776691048.825815,1776691048.775688,1776691048.726676,1776691048.714508,10.379312,-0.024326,-0.022493,0.267000,-0.001000,0.000000,-0.354101,-0.392382,8.439803,0.013322,-0.006395,-0.109773,24.0310,0.4650,-0.7253,-0.0235,2
1776691048.875827,229,1776691048.875827,1776691048.825852,1776691048.726676,1776691048.860472,10.390556,-0.024679,-0.021993,0.225000,-0.002000,0.000000,-0.190210,-0.215332,9.115705,0.005329,0.020516,-0.099649,24.0310,0.4715,-0.7284,-0.0203,2
1776691048.926639,230,1776691048.926639,1776691048.875888,1776691048.726676,1776691048.860472,10.403153,-0.025159,-0.020113,0.248000,-0.004000,0.000000,-0.181836,0.220117,9.907647,-0.026111,0.035969,-0.041831,24.0310,0.4715,-0.7284,-0.0203,2
1776691048.975768,231,1776691048.975768,1776691048.926676,1776691048.726676,1776691048.860472,10.415772,-0.025609,-0.018884,0.257000,-0.004000,0.000000,-0.159106,0.281127,11.363528,-0.011457,-0.029308,-0.080998,24.0310,0.4715,-0.7284,-0.0203,2
1776691049.025865,232,1776691049.025865,1776691049.025907,1776691048.726676,1776691049.008663,10.427497,-0.025630,-0.021490,0.234000,0.004000,0.000000,0.238061,-0.593358,11.376687,-0.011457,-0.084195,-0.149739,24.0310,0.4738,-0.7321,-0.0156,2
1776691049.075846,233,1776691049.075846,1776691049.075894,1776691048.726676,1776691049.008663,10.439891,-0.025847,-0.021689,0.248000,0.001000,0.000000,-0.210546,0.322997,10.368217,-0.019983,-0.010658,-0.133753,24.0310,0.4738,-0.7321,-0.0156,2
1776691049.125878,234,1776691049.125878,1776691049.125957,1776691048.726676,1776691049.008663,10.452295,-0.026116,-0.022390,0.248000,0.000000,0.000000,-0.166284,-0.123218,10.584745,-0.001332,0.000799,-0.189439,24.0310,0.4738,-0.7321,-0.0156,2
1776691049.175850,235,1776691049.175850,1776691049.125957,1776691048.726676,1776691049.151562,10.465735,-0.026417,-0.021640,0.269000,0.000000,0.000000,-0.166284,-0.123218,10.584745,-0.001332,0.000799,-0.189439,24.0310,0.4779,-0.7373,-0.0117,2
1776691049.225877,236,1776691049.225877,1776691049.175896,1776691048.726676,1776691049.151562,10.478592,-0.026545,-0.022691,0.257000,0.003000,0.000000,0.083740,0.083740,9.353766,0.010658,-0.073271,-0.181712,24.0310,0.4779,-0.7373,-0.0117,2
1776691049.275920,237,1776691049.275920,1776691049.225926,1776691048.726676,1776691049.151562,10.491500,-0.026838,-0.022991,0.258000,0.000000,0.000000,-0.087329,-0.245239,7.714853,-0.018384,0.138282,-0.173719,24.0310,0.4779,-0.7373,-0.0117,2
1776691049.325928,238,1776691049.325928,1776691049.325982,1776691049.327607,1776691049.297329,10.504702,-0.026991,-0.023641,0.264000,0.003000,0.000000,-0.007178,-0.276342,8.682650,0.006128,0.009059,-0.163061,24.0320,0.4780,-0.7413,-0.0116,2
1776691049.375940,239,1776691049.375940,1776691049.325982,1776691049.327607,1776691049.297329,10.516001,-0.027309,-0.023591,0.226000,-0.001000,0.000000,-0.007178,-0.276342,8.682650,0.006128,0.009059,-0.163061,24.0320,0.4780,-0.7413,-0.0116,2
1776691049.426174,240,1776691049.426174,1776691049.375981,1776691049.327607,1776691049.297329,10.528490,-0.027854,-0.021935,0.249000,-0.005000,0.000000,-0.147143,0.084936,8.945832,-0.029841,0.081531,-0.138016,24.0320,0.4780,-0.7413,-0.0116,2
1776691049.476000,241,1776691049.476000,1776691049.476050,1776691049.327607,1776691049.442552,10.541101,-0.028131,-0.021536,0.253000,0.000000,0.000000,0.144751,-0.083740,8.771174,0.015454,0.026644,-0.172653,24.0320,0.4780,-0.7450,-0.0102,2
1776691049.525997,242,1776691049.525997,1776691049.476050,1776691049.327607,1776691049.442552,10.553209,-0.027892,-0.024936,0.242000,0.010000,0.000000,0.144751,-0.083740,8.771174,0.015454,0.026644,-0.172653,24.0320,0.4780,-0.7450,-0.0102,2
1776691049.576188,243,1776691049.576188,1776691049.526041,1776691049.327607,1776691049.442552,10.565601,-0.028201,-0.024534,0.247000,0.000000,0.000000,0.194995,-0.338549,10.136138,0.007727,-0.079133,-0.183844,24.0320,0.4780,-0.7450,-0.0102,2
1776691049.626099,244,1776691049.626099,1776691049.626150,1776691049.327607,1776691049.588440,10.577825,-0.028551,-0.024285,0.245000,-0.001000,0.000000,-0.145947,-0.330175,10.197148,0.004529,0.004529,-0.183044,24.0320,0.4779,-0.7519,-0.0086,2
1776691049.676151,245,1776691049.676151,1776691049.676198,1776691049.327607,1776691049.588440,10.591280,-0.029078,-0.022983,0.269000,-0.004000,0.000000,0.045459,0.065796,9.689922,-0.001066,-0.067942,-0.151871,24.0320,0.4779,-0.7519,-0.0086,2
1776691049.726104,246,1776691049.726104,1776691049.726144,1776691049.327607,1776691049.588440,10.603118,-0.029300,-0.023033,0.237000,0.001000,0.000000,0.058618,0.001196,8.569002,-0.007727,0.100181,-0.080198,24.0320,0.4779,-0.7519,-0.0086,2
1776691049.776170,247,1776691049.776170,1776691049.776218,1776691049.327607,1776691049.733175,10.615977,-0.029746,-0.022383,0.257000,-0.003000,0.000000,0.093310,-0.513207,9.448273,0.025845,0.015986,-0.136684,24.0320,0.4770,-0.7585,-0.0039,2
1776691049.826169,248,1776691049.826169,1776691049.826214,1776691049.327607,1776691049.733175,10.629069,-0.030240,-0.020983,0.262000,-0.004000,0.000000,0.047851,-0.273950,8.515169,0.017585,0.026644,-0.127625,24.0320,0.4770,-0.7585,-0.0039,2
1776691049.876275,249,1776691049.876275,1776691049.876330,1776691049.327607,1776691049.875708,10.640141,-0.030472,-0.020782,0.221000,0.000000,0.000000,-0.228491,0.477318,10.834769,-0.027443,0.026910,-0.080731,24.0320,0.4760,-0.7651,0.0009,2
1776691049.926210,250,1776691049.926210,1776691049.926252,1776691049.929135,1776691049.875708,10.652569,-0.030880,-0.020133,0.249000,-0.003000,0.000000,-0.154321,0.401952,11.033353,-0.003997,-0.028509,-0.091655,24.0300,0.4760,-0.7651,0.0009,2
1776691049.976270,251,1776691049.976270,1776691049.926252,1776691049.929135,1776691049.875708,10.664877,-0.031278,-0.018631,0.246000,-0.003000,0.000000,-0.154321,0.401952,11.033353,-0.003997,-0.028509,-0.091655,24.0300,0.4760,-0.7651,0.0009,2
1776691050.026454,252,1776691050.026454,1776691049.976320,1776691049.929135,1776691050.018131,10.677426,-0.031211,-0.020940,0.250000,0.006000,0.000000,-0.016748,-0.107666,8.980525,0.019983,0.029042,-0.138549,24.0300,0.4746,-0.7701,0.0074,2
1776691050.076323,253,1776691050.076323,1776691050.076367,1776691049.929135,1776691050.018131,10.690290,-0.031480,-0.021189,0.258000,0.000000,0.000000,0.005981,-0.177050,9.795196,0.032772,0.049824,-0.119099,24.0300,0.4746,-0.7701,0.0074,2
1776691050.126378,254,1776691050.126378,1776691050.076367,1776691049.929135,1776691050.018131,10.702603,-0.031641,-0.021389,0.246000,0.002000,0.000000,0.005981,-0.177050,9.795196,0.032772,0.049824,-0.119099,24.0300,0.4746,-0.7701,0.0074,2
1776691050.176366,255,1776691050.176366,1776691050.126419,1776691049.929135,1776691050.161087,10.715944,-0.032076,-0.020839,0.267000,-0.003000,0.000000,0.120825,-0.229687,9.512873,-0.008526,0.031973,-0.156933,24.0300,0.4744,-0.7763,0.0131,2
1776691050.226393,256,1776691050.226393,1776691050.176409,1776691049.929135,1776691050.161087,10.727593,-0.032519,-0.019339,0.233000,-0.004000,0.000000,-0.029907,0.025122,9.660015,0.008526,-0.067409,-0.144677,24.0300,0.4744,-0.7763,0.0131,2
1776691050.276487,257,1776691050.276487,1776691050.226445,1776691049.929135,1776691050.161087,10.739715,-0.032754,-0.019339,0.242000,0.000000,0.000000,-0.401952,-0.071777,11.353957,-0.030374,-0.003730,-0.058617,24.0300,0.4744,-0.7763,0.0131,2
1776691050.326443,258,1776691050.326443,1776691050.326488,1776691049.929135,1776691050.304395,10.752245,-0.033296,-0.017640,0.251000,-0.006000,0.000000,0.168676,0.041870,9.266438,0.012256,0.023447,-0.038634,24.0300,0.4727,-0.7819,0.0196,2
1776691050.376483,259,1776691050.376483,1776691050.326488,1776691049.929135,1776691050.304395,10.763352,-0.033442,-0.019592,0.222000,0.001000,0.000000,0.168676,0.041870,9.266438,0.012256,0.023447,-0.038634,24.0300,0.4727,-0.7819,0.0196,2
1776691050.426549,260,1776691050.426549,1776691050.376533,1776691049.929135,1776691050.304395,10.775667,-0.033683,-0.019391,0.246000,0.000000,0.000000,0.349316,0.718968,10.985501,-0.114836,-0.037568,-0.053022,24.0300,0.4727,-0.7819,0.0196,2
1776691050.476531,261,1776691050.476531,1776691050.426592,1776691049.929135,1776691050.447222,10.787913,-0.033771,-0.020691,0.245000,0.003000,0.000000,0.154321,-0.124414,9.658819,0.040232,0.053554,-0.016253,24.0300,0.4683,-0.7864,0.0246,2
1776691050.526545,262,1776691050.526545,1776691050.526587,1776691049.929135,1776691050.447222,10.801068,-0.033843,-0.021691,0.263000,0.004000,0.000000,0.210546,0.025122,9.697101,0.018651,-0.057817,-0.018651,24.0300,0.4683,-0.7864,0.0246,2
1776691050.576612,263,1776691050.576612,1776691050.576656,1776691050.528179,1776691050.447222,10.814635,-0.034037,-0.022693,0.271000,0.002000,0.000000,-0.198584,-0.458178,7.978036,0.047959,0.087392,-0.112704,24.0290,0.4683,-0.7864,0.0246,2
1776691050.626639,264,1776691050.626639,1776691050.576656,1776691050.528179,1776691050.590766,10.827686,-0.034433,-0.022192,0.261000,-0.002000,0.000000,-0.198584,-0.458178,7.978036,0.047959,0.087392,-0.112704,24.0290,0.4655,-0.7937,0.0298,2
1776691050.676631,265,1776691050.676631,1776691050.626679,1776691050.528179,1776691050.590766,10.841328,-0.034836,-0.021542,0.273000,-0.002000,0.000000,-0.126806,-0.129199,9.114509,-0.002132,0.014654,-0.132421,24.0290,0.4655,-0.7937,0.0298,2
1776691050.726632,266,1776691050.726632,1776691050.676683,1776691050.528179,1776691050.590766,10.853724,-0.035203,-0.020442,0.248000,-0.002000,0.000000,-0.132788,-0.020337,9.419562,0.024512,-0.039700,-0.073005,24.0290,0.4655,-0.7937,0.0298,2
1776691050.776685,267,1776691050.776685,1776691050.776728,1776691050.528179,1776691050.732768,10.866380,-0.035662,-0.018691,0.253000,-0.004000,0.000000,-0.022729,-0.199780,9.106134,0.017319,0.018651,-0.135884,24.0290,0.4646,-0.8006,0.0384,2
1776691050.826685,268,1776691050.826685,1776691050.776728,1776691050.528179,1776691050.732768,10.879324,-0.036104,-0.017841,0.259000,-0.004000,0.000000,-0.022729,-0.199780,9.106134,0.017319,0.018651,-0.135884,24.0290,0.4646,-0.8006,0.0384,2
1776691050.876946,269,1776691050.876946,1776691050.826730,1776691050.528179,1776691050.876068,10.890580,-0.036355,-0.018343,0.224000,-0.001000,0.000000,-0.078955,-0.227294,8.830989,0.040499,0.019184,-0.143611,24.0290,0.4622,-0.8069,0.0449,2
1776691050.926795,270,1776691050.926795,1776691050.877017,1776691050.528179,1776691050.876068,10.903290,-0.036588,-0.017994,0.255000,0.000000,0.000000,0.183032,0.915159,10.040435,-0.143611,0.004529,-0.121497,24.0290,0.4622,-0.8069,0.0449,2
1776691050.976778,271,1776691050.976778,1776691050.926836,1776691050.528179,1776691050.876068,10.916033,-0.036868,-0.017844,0.255000,-0.001000,0.000000,0.008374,0.044263,9.136042,0.007460,0.033039,-0.116967,24.0290,0.4622,-0.8069,0.0449,2
1776691051.026925,272,1776691051.026925,1776691050.976822,1776691050.528179,1776691051.018855,10.928426,-0.036587,-0.020853,0.247000,0.010000,0.000000,0.089722,-0.135180,8.927888,0.006927,0.010125,-0.155867,24.0290,0.4615,-0.8106,0.0482,2
1776691051.076825,273,1776691051.076825,1776691051.026971,1776691050.528179,1776691051.018855,10.940849,-0.036797,-0.021302,0.249000,0.001000,0.000000,-0.008374,-0.066992,9.474591,0.023980,-0.075136,-0.159065,24.0290,0.4615,-0.8106,0.0482,2
1776691051.126896,274,1776691051.126896,1776691051.126939,1776691051.127796,1776691051.018855,10.953564,-0.037118,-0.021102,0.254000,-0.001000,0.000000,-0.027515,-0.259594,9.261652,0.009592,0.028776,-0.176650,24.0290,0.4615,-0.8106,0.0482,2
1776691051.176883,275,1776691051.176883,1776691051.126939,1776691051.127796,1776691051.162677,10.966654,-0.037544,-0.019652,0.262000,-0.003000,0.000000,-0.027515,-0.259594,9.261652,0.009592,0.028776,-0.176650,24.0290,0.4654,-0.8140,0.0501,2
1776691051.226897,276,1776691051.226897,1776691051.176931,1776691051.127796,1776691051.162677,10.976461,-0.037386,-0.022353,0.196000,0.007000,0.000000,0.107666,-0.019141,9.771270,0.012523,-0.061548,-0.138282,24.0290,0.4654,-0.8140,0.0501,2
1776691051.276970,277,1776691051.276970,1776691051.277013,1776691051.127796,1776691051.162677,10.988921,-0.037915,-0.021051,0.249000,-0.005000,0.000000,0.015552,-0.149536,9.945928,0.031440,-0.013056,0.019717,24.0290,0.4654,-0.8140,0.0501,2
1776691051.326984,278,1776691051.326984,1776691051.327030,1776691051.127796,1776691051.305164,11.001411,-0.038679,-0.017450,0.250000,-0.010000,0.000000,-0.007178,0.189013,9.059480,0.006661,0.015986,0.035969,24.0290,0.4669,-0.8156,0.0511,2
1776691051.377031,279,1776691051.377031,1776691051.377079,1776691051.127796,1776691051.305164,11.013676,-0.038642,-0.021404,0.245000,0.005000,0.000000,-0.155517,0.355297,11.151785,-0.077534,-0.062613,-0.037035,24.0290,0.4669,-0.8156,0.0511,2
1776691051.426996,280,1776691051.426996,1776691051.377079,1776691051.127796,1776691051.305164,11.026114,-0.038909,-0.019905,0.249000,0.000000,0.000000,-0.155517,0.355297,11.151785,-0.077534,-0.062613,-0.037035,24.0290,0.4669,-0.8156,0.0511,2
1776691051.477038,281,1776691051.477038,1776691051.427042,1776691051.127796,1776691051.447791,11.038469,-0.039305,-0.018754,0.247000,-0.003000,0.000000,0.008374,-0.177050,9.246100,0.044762,0.060482,-0.052489,24.0290,0.4695,-0.8187,0.0529,2
1776691051.527049,282,1776691051.527049,1776691051.477098,1776691051.127796,1776691051.447791,11.051722,-0.039453,-0.019604,0.265000,0.002000,0.000000,0.038281,0.004785,9.463824,-0.013588,0.015986,-0.132421,24.0290,0.4695,-0.8187,0.0529,2
1776691051.577098,283,1776691051.577098,1776691051.527089,1776691051.127796,1776691051.447791,11.064185,-0.039497,-0.019854,0.249000,0.004000,0.000000,0.116040,-0.045459,9.176716,0.042364,-0.038900,-0.111105,24.0290,0.4695,-0.8187,0.0529,2
1776691051.627130,284,1776691051.627130,1776691051.627179,1776691051.127796,1776691051.590083,11.076890,-0.039600,-0.021155,0.254000,0.003000,0.000000,0.056225,-0.421093,9.764092,0.022115,-0.001865,-0.125760,24.0290,0.4735,-0.8236,0.0517,2
1776691051.677134,285,1776691051.677134,1776691051.677178,1776691051.127796,1776691051.590083,11.090292,-0.039883,-0.021555,0.268000,0.000000,0.000000,0.070581,-0.308642,9.112116,0.040765,-0.024779,-0.164393,24.0290,0.4735,-0.8236,0.0517,2
1776691051.727201,286,1776691051.727201,1776691051.677178,1776691051.127796,1776691051.590083,11.101896,-0.040534,-0.020503,0.232000,-0.008000,0.000000,0.070581,-0.308642,9.112116,0.040765,-0.024779,-0.164393,24.0290,0.4735,-0.8236,0.0517,2
1776691051.777316,287,1776691051.777316,1776691051.727241,1776691051.728795,1776691051.733103,11.114771,-0.040898,-0.019401,0.257000,-0.002000,0.000000,0.056225,0.876878,10.807255,-0.114836,-0.010658,-0.110573,24.0290,0.4797,-0.8267,0.0479,2
1776691051.827454,288,1776691051.827454,1776691051.777560,1776691051.728795,1776691051.733103,11.127605,-0.041097,-0.018699,0.256000,0.001000,0.000000,0.046655,0.011963,10.262944,0.018118,-0.018118,-0.108974,24.0290,0.4797,-0.8267,0.0479,2
1776691051.877254,289,1776691051.877254,1776691051.877305,1776691051.728795,1776691051.876734,11.139314,-0.040918,-0.021587,0.235000,0.008000,0.000000,0.092114,0.513207,12.613647,-0.048492,-0.080465,-0.099382,24.0290,0.4816,-0.8270,0.0436,2
1776691051.927381,290,1776691051.927381,1776691051.927422,1776691051.728795,1776691051.876734,11.151784,-0.041237,-0.021036,0.249000,-0.001000,0.000000,-0.032300,-0.138769,9.000861,0.045295,0.036502,-0.135618,24.0290,0.4816,-0.8270,0.0436,2
1776691051.977293,291,1776691051.977293,1776691051.927422,1776691051.728795,1776691051.876734,11.163816,-0.041540,-0.020337,0.241000,-0.001000,0.000000,-0.032300,-0.138769,9.000861,0.045295,0.036502,-0.135618,24.0290,0.4816,-0.8270,0.0436,2
1776691052.027312,292,1776691052.027312,1776691051.977342,1776691051.728795,1776691052.018546,11.177267,-0.041914,-0.020037,0.269000,-0.002000,0.000000,-0.039477,0.027515,10.698393,-0.027710,-0.019450,-0.151871,24.0290,0.4807,-0.8255,0.0386,2
1776691052.077323,293,1776691052.077323,1776691052.027399,1776691051.728795,1776691052.018546,11.189770,-0.042064,-0.020037,0.250000,0.002000,0.000000,0.010767,-0.145947,9.475787,0.021582,-0.058883,-0.152137,24.0290,0.4807,-0.8255,0.0386,2
1776691052.127393,294,1776691052.127393,1776691052.077363,1776691051.728795,1776691052.018546,11.202625,-0.042222,-0.020787,0.257000,0.002000,0.000000,0.145947,-0.391186,7.579673,0.046627,0.128691,-0.122296,24.0290,0.4807,-0.8255,0.0386,2
1776691052.177379,295,1776691052.177379,1776691052.127434,1776691051.728795,1776691052.161615,11.216179,-0.042604,-0.019987,0.271000,-0.002000,0.000000,0.233276,-0.192602,8.915925,0.009592,0.020782,-0.150006,24.0290,0.4777,-0.8248,0.0328,2
1776691052.227465,296,1776691052.227465,1776691052.177421,1776691051.728795,1776691052.161615,11.227745,-0.042885,-0.018735,0.231000,-0.001000,0.000000,-0.009570,-0.082544,9.303522,0.035170,-0.038900,-0.160130,24.0290,0.4777,-0.8248,0.0328,2
1776691052.277455,297,1776691052.277455,1776691052.277498,1776691051.728795,1776691052.161615,11.239839,-0.043061,-0.019784,0.242000,0.001000,0.000000,0.375634,-0.422289,9.912432,0.024512,-0.010924,-0.124694,24.0290,0.4777,-0.8248,0.0328,2
1776691052.327505,298,1776691052.327505,1776691052.327544,1776691052.328578,1776691052.304336,11.251904,-0.043150,-0.021086,0.241000,0.003000,0.000000,0.397167,-0.306249,9.471003,0.007460,0.003197,-0.067409,24.0290,0.4762,-0.8260,0.0274,2
1776691052.377491,299,1776691052.377491,1776691052.327544,1776691052.328578,1776691052.304336,11.264606,-0.043018,-0.023235,0.254000,0.008000,0.000000,0.397167,-0.306249,9.471003,0.007460,0.003197,-0.067409,24.0290,0.4762,-0.8260,0.0274,2
1776691052.427667,300,1776691052.427667,1776691052.377534,1776691052.328578,1776691052.304336,11.277848,-0.043376,-0.023235,0.264000,-0.001000,0.000000,-0.157910,-0.055029,11.806154,-0.024512,-0.066876,-0.007993,24.0290,0.4762,-0.8260,0.0274,2
1776691052.477548,301,1776691052.477548,1776691052.427706,1776691052.328578,1776691052.447166,11.290314,-0.043715,-0.022088,0.250000,-0.001000,0.000000,-0.120825,-0.455785,7.761508,0.045561,0.100181,-0.094053,24.0290,0.4777,-0.8272,0.0199,2
1776691052.527557,302,1776691052.527557,1776691052.527600,1776691052.328578,1776691052.447166,11.303412,-0.044005,-0.022388,0.262000,0.000000,0.000000,-0.135180,-0.015552,9.180305,0.032772,-0.041565,-0.115901,24.0290,0.4777,-0.8272,0.0199,2
1776691052.577588,303,1776691052.577588,1776691052.527600,1776691052.328578,1776691052.447166,11.316017,-0.044287,-0.022438,0.252000,0.000000,0.000000,-0.218920,-0.648387,8.226864,0.044495,0.094053,-0.149206,24.0290,0.4777,-0.8272,0.0199,2
1776691052.627644,304,1776691052.627644,1776691052.577629,1776691052.328578,1776691052.590153,11.328424,-0.044766,-0.020836,0.248000,-0.004000,0.000000,-0.218920,-0.648387,8.226864,0.044495,0.094053,-0.149206,24.0290,0.4788,-0.8268,0.0116,2
1776691052.677752,305,1776691052.677752,1776691052.627687,1776691052.328578,1776691052.590153,11.341444,-0.045288,-0.019534,0.260000,-0.005000,0.000000,0.088525,-0.106470,9.560723,0.015187,0.006661,-0.138016,24.0290,0.4788,-0.8268,0.0116,2
1776691052.727733,306,1776691052.727733,1776691052.727772,1776691052.328578,1776691052.590153,11.352987,-0.045513,-0.019683,0.231000,0.000000,0.000000,0.046655,0.789549,10.246196,-0.142812,-0.015720,-0.135884,24.0290,0.4788,-0.8268,0.0116,2
1776691052.777677,307,1776691052.777677,1776691052.727772,1776691052.328578,1776691052.731944,11.365621,-0.045812,-0.018884,0.253000,-0.001000,0.000000,0.046655,0.789549,10.246196,-0.142812,-0.015720,-0.135884,24.0290,0.4792,-0.8229,0.0002,2
1776691052.827890,308,1776691052.827890,1776691052.777718,1776691052.328578,1776691052.731944,11.378673,-0.046109,-0.018683,0.260000,-0.001000,0.000000,-0.056225,0.100488,10.150493,-0.001066,-0.005062,-0.133753,24.0290,0.4792,-0.8229,0.0002,2
1776691052.877765,309,1776691052.877765,1776691052.827928,1776691052.328578,1776691052.877359,11.390553,-0.045682,-0.022574,0.238000,0.013000,0.000000,-0.248828,-0.208154,9.467413,-0.001332,0.009858,-0.187041,24.0290,0.4790,-0.8218,-0.0118,2
1776691052.927782,310,1776691052.927782,1776691052.877812,1776691052.928823,1776691052.877359,11.402955,-0.045912,-0.023224,0.248000,0.001000,0.000000,-0.009570,-0.351708,11.703273,-0.062347,-0.076202,-0.172120,24.0260,0.4790,-0.8218,-0.0118,2
1776691052.977806,311,1776691052.977806,1776691052.927822,1776691052.928823,1776691052.877359,11.415606,-0.046256,-0.022824,0.253000,-0.001000,0.000000,0.057422,-0.594555,8.626424,0.060482,0.087659,-0.161196,24.0260,0.4790,-0.8218,-0.0118,2
1776691053.027846,312,1776691053.027846,1776691053.027887,1776691052.928823,1776691053.023028,11.428809,-0.046557,-0.022473,0.264000,0.000000,0.000000,0.020337,-0.076562,9.404010,0.019983,-0.042630,-0.144677,24.0260,0.4764,-0.8216,-0.0205,2
1776691053.079408,313,1776691053.079408,1776691053.079453,1776691052.928823,1776691053.023028,11.441031,-0.046832,-0.022422,0.237000,0.000000,0.000000,-0.214135,-0.501244,8.366830,0.029841,0.106576,-0.107375,24.0260,0.4764,-0.8216,-0.0205,2
1776691053.127874,314,1776691053.127874,1776691053.079453,1776691052.928823,1776691053.023028,11.453192,-0.047105,-0.022034,0.251000,0.000000,0.000000,-0.214135,-0.501244,8.366830,0.029841,0.106576,-0.107375,24.0260,0.4764,-0.8216,-0.0205,2
1776691053.177882,315,1776691053.177882,1776691053.127915,1776691052.928823,1776691053.169049,11.466238,-0.047492,-0.021384,0.261000,-0.002000,0.000000,-0.016748,-0.123218,9.665997,0.012789,-0.001599,-0.123095,24.0260,0.4733,-0.8213,-0.0292,2
1776691053.227926,316,1776691053.227926,1776691053.227963,1776691052.928823,1776691053.169049,11.477738,-0.048089,-0.020283,0.230000,-0.007000,0.000000,0.181836,0.364867,11.484353,-0.094586,-0.063679,-0.165726,24.0260,0.4733,-0.8213,-0.0292,2
1776691053.278052,317,1776691053.278052,1776691053.278096,1776691052.928823,1776691053.169049,11.490112,-0.048540,-0.018679,0.247000,-0.004000,0.000000,0.049048,-0.005981,10.514164,-0.002398,-0.026378,-0.140947,24.0260,0.4733,-0.8213,-0.0292,2
1776691053.328037,318,1776691053.328037,1776691053.328077,1776691052.928823,1776691053.314552,11.502656,-0.048775,-0.018979,0.251000,0.000000,0.000000,-0.057422,-0.112451,10.088286,-0.012256,-0.003197,-0.161996,24.0260,0.4658,-0.8209,-0.0371,2
1776691053.378008,319,1776691053.378008,1776691053.328077,1776691052.928823,1776691053.314552,11.514613,-0.048152,-0.024426,0.239000,0.017000,0.000000,-0.057422,-0.112451,10.088286,-0.012256,-0.003197,-0.161996,24.0260,0.4658,-0.8209,-0.0371,2
1776691053.428039,320,1776691053.428039,1776691053.428071,1776691052.928823,1776691053.314552,11.527218,-0.048460,-0.024426,0.252000,0.000000,0.000000,-0.095703,-0.517992,8.339314,0.050357,0.091922,-0.152137,24.0260,0.4658,-0.8209,-0.0371,2
1776691053.478054,321,1776691053.478054,1776691053.478096,1776691052.928823,1776691053.459671,11.539565,-0.048862,-0.024126,0.247000,-0.002000,0.000000,-0.011963,-0.008374,9.966265,-0.014921,-0.010924,-0.182778,24.0260,0.4581,-0.8183,-0.0461,2
1776691053.528140,322,1776691053.528140,1776691053.528179,1776691053.528898,1776691053.459671,11.552680,-0.049328,-0.022673,0.262000,-0.003000,0.000000,0.126806,-0.141162,9.346588,0.033571,-0.041565,-0.161729,24.0260,0.4581,-0.8183,-0.0461,2
1776691053.578156,323,1776691053.578156,1776691053.578212,1776691053.528898,1776691053.459671,11.564780,-0.049603,-0.022573,0.242000,0.000000,0.000000,-0.232080,-0.216528,9.398028,-0.007194,0.094320,-0.111905,24.0260,0.4581,-0.8183,-0.0461,2
1776691053.628155,324,1776691053.628155,1776691053.628198,1776691053.528898,1776691053.608417,11.577626,-0.049993,-0.021823,0.257000,-0.002000,0.000000,0.063403,0.148340,10.256963,0.009325,-0.021315,-0.094853,24.0260,0.4535,-0.8156,-0.0546,2
1776691053.678180,325,1776691053.678180,1776691053.628198,1776691053.528898,1776691053.608417,11.590124,-0.050516,-0.020022,0.250000,-0.005000,0.000000,0.063403,0.148340,10.256963,0.009325,-0.021315,-0.094853,24.0260,0.4535,-0.8156,-0.0546,2
1776691053.728204,326,1776691053.728204,1776691053.678224,1776691053.528898,1776691053.608417,11.601276,-0.050789,-0.019972,0.223000,-0.001000,0.000000,-0.193798,-0.232080,8.731697,0.011723,0.032506,-0.124161,24.0260,0.4535,-0.8156,-0.0546,2
1776691053.778220,327,1776691053.778220,1776691053.728247,1776691053.528898,1776691053.756825,11.613476,-0.051083,-0.019422,0.244000,-0.001000,0.000000,-0.053833,-0.035889,12.008327,-0.034371,-0.086060,-0.107908,24.0260,0.4482,-0.8122,-0.0600,2
1776691053.828237,328,1776691053.828237,1776691053.828279,1776691053.528898,1776691053.756825,11.625827,-0.051423,-0.018422,0.247000,-0.002000,0.000000,0.029907,0.122021,10.317973,-0.041831,-0.005862,-0.211287,24.0260,0.4482,-0.8122,-0.0600,2
1776691053.878270,329,1776691053.878270,1776691053.828279,1776691053.528898,1776691053.756825,11.639031,-0.051566,-0.019222,0.264000,0.002000,0.000000,0.029907,0.122021,10.317973,-0.041831,-0.005862,-0.211287,24.0260,0.4482,-0.8122,-0.0600,2
1776691053.928304,330,1776691053.928304,1776691053.878314,1776691053.528898,1776691053.904984,11.652043,-0.051716,-0.019873,0.260000,0.002000,0.000000,0.501244,-0.433056,10.595511,0.026111,-0.088458,-0.193968,24.0260,0.4417,-0.8073,-0.0645,2
1776691053.978321,331,1776691053.978321,1776691053.978379,1776691053.528898,1776691053.904984,11.664846,-0.051870,-0.020973,0.256000,0.002000,0.000000,-0.163891,-0.051440,9.853814,-0.022647,0.027177,-0.201695,24.0260,0.4417,-0.8073,-0.0645,2
1776691054.028353,332,1776691054.028353,1776691054.028389,1776691053.528898,1776691053.904984,11.678107,-0.051948,-0.022124,0.265000,0.004000,0.000000,-0.013159,-0.216528,9.229352,0.040499,-0.006927,-0.186242,24.0260,0.4417,-0.8073,-0.0645,2
1776691054.078367,333,1776691054.078367,1776691054.028389,1776691053.528898,1776691054.053415,11.690508,-0.052173,-0.022224,0.248000,0.001000,0.000000,-0.013159,-0.216528,9.229352,0.040499,-0.006927,-0.186242,24.0260,0.4392,-0.8022,-0.0702,2
1776691054.128388,334,1776691054.128388,1776691054.078409,1776691053.528898,1776691054.053415,11.702609,-0.052492,-0.022224,0.242000,-0.001000,0.000000,-0.401952,-0.663939,9.593023,0.016253,0.085794,-0.195301,24.0260,0.4392,-0.8022,-0.0702,2
1776691054.178447,335,1776691054.178447,1776691054.128431,1776691054.129477,1776691054.053415,11.714768,-0.052562,-0.023325,0.243000,0.004000,0.000000,0.337353,-0.157910,10.407695,0.021582,-0.022115,-0.166791,24.0260,0.4392,-0.8022,-0.0702,2
1776691054.228421,336,1776691054.228421,1776691054.178496,1776691054.129477,1776691054.201524,11.727117,-0.052800,-0.023775,0.247000,0.001000,0.000000,0.344531,-0.409130,9.406403,0.029575,0.004796,-0.069274,24.0260,0.4390,-0.7966,-0.0735,2
1776691054.278469,337,1776691054.278469,1776691054.278511,1776691054.129477,1776691054.201524,11.740468,-0.053418,-0.022123,0.267000,-0.006000,0.000000,-0.171069,0.246435,9.987798,0.025045,-0.003997,-0.089524,24.0260,0.4390,-0.7966,-0.0735,2
1776691054.328495,338,1776691054.328495,1776691054.278511,1776691054.129477,1776691054.201524,11.753166,-0.053949,-0.020072,0.254000,-0.005000,0.000000,-0.171069,0.246435,9.987798,0.025045,-0.003997,-0.089524,24.0260,0.4390,-0.7966,-0.0735,2
1776691054.378549,339,1776691054.378549,1776691054.328538,1776691054.129477,1776691054.351816,11.765732,-0.053951,-0.021924,0.251000,0.005000,0.000000,-0.294287,-0.095703,9.670782,-0.009325,0.022647,-0.126825,24.0260,0.4380,-0.7883,-0.0748,2
1776691054.428525,340,1776691054.428525,1776691054.378610,1776691054.129477,1776691054.351816,11.778227,-0.054075,-0.022074,0.250000,0.003000,0.000000,0.169873,-0.379223,10.782132,-0.001865,-0.088991,-0.127358,24.0260,0.4380,-0.7883,-0.0748,2
1776691054.478621,341,1776691054.478621,1776691054.428562,1776691054.129477,1776691054.351816,11.790597,-0.054348,-0.021924,0.247000,0.000000,0.000000,-0.260790,-0.665135,9.028377,0.035437,0.065278,-0.119898,24.0260,0.4380,-0.7883,-0.0748,2
1776691054.528643,342,1776691054.528643,1776691054.528686,1776691054.129477,1776691054.497952,11.803597,-0.054733,-0.021423,0.260000,-0.002000,0.000000,0.116040,-0.153125,9.301129,0.042098,-0.013588,-0.137217,24.0260,0.4347,-0.7792,-0.0754,2
1776691054.578629,343,1776691054.578629,1776691054.528686,1776691054.129477,1776691054.497952,11.815490,-0.054988,-0.020874,0.238000,0.000000,0.000000,0.116040,-0.153125,9.301129,0.042098,-0.013588,-0.137217,24.0260,0.4347,-0.7792,-0.0754,2
1776691054.628650,344,1776691054.628650,1776691054.628689,1776691054.129477,1776691054.497952,11.827894,-0.055247,-0.021074,0.248000,0.000000,0.000000,-0.051440,0.058618,10.690019,0.004529,-0.015454,-0.137749,24.0260,0.4347,-0.7792,-0.0754,2
1776691054.678730,345,1776691054.678730,1776691054.628689,1776691054.129477,1776691054.646725,11.840661,-0.055516,-0.020723,0.255000,0.000000,0.000000,-0.051440,0.058618,10.690019,0.004529,-0.015454,-0.137749,24.0260,0.4287,-0.7734,-0.0725,2
1776691054.728701,346,1776691054.728701,1776691054.728744,1776691054.729466,1776691054.646725,11.852153,-0.055704,-0.022172,0.230000,0.001000,0.000000,0.004785,-0.373241,11.568093,-0.060748,-0.073005,-0.182511,24.0230,0.4287,-0.7734,-0.0725,2
1776691054.778739,347,1776691054.778739,1776691054.778793,1776691054.729466,1776691054.646725,11.864603,-0.056231,-0.020721,0.249000,-0.005000,0.000000,0.112451,0.062207,10.151690,0.000266,-0.001865,-0.136417,24.0230,0.4287,-0.7734,-0.0725,2
1776691054.828758,348,1776691054.828758,1776691054.828799,1776691054.729466,1776691054.794625,11.877108,-0.056440,-0.020871,0.250000,0.001000,0.000000,-0.044263,-0.242846,10.034453,-0.015187,-0.002931,-0.168390,24.0230,0.4261,-0.7707,-0.0699,2
1776691054.878876,349,1776691054.878876,1776691054.828799,1776691054.729466,1776691054.794625,11.889295,-0.056143,-0.024580,0.243000,0.011000,0.000000,-0.044263,-0.242846,10.034453,-0.015187,-0.002931,-0.168390,24.0230,0.4261,-0.7707,-0.0699,2
1776691054.928935,350,1776691054.928935,1776691054.878917,1776691054.729466,1776691054.794625,11.901804,-0.056500,-0.023679,0.250000,-0.001000,0.000000,0.281127,-0.512011,10.669682,-0.004529,-0.069807,-0.148674,24.0230,0.4261,-0.7707,-0.0699,2
1776691054.978871,351,1776691054.978871,1776691054.928977,1776691054.729466,1776691054.943915,11.914281,-0.056946,-0.022331,0.250000,-0.003000,0.000000,-0.319409,-0.552684,9.570294,0.016253,0.072472,-0.136417,24.0230,0.4236,-0.7684,-0.0661,2
1776691055.028872,352,1776691055.028872,1776691055.028921,1776691054.729466,1776691054.943915,11.927723,-0.057446,-0.021231,0.269000,-0.004000,0.000000,0.047851,-0.173462,9.176716,0.043696,-0.009325,-0.181979,24.0230,0.4236,-0.7684,-0.0661,2
1776691055.078882,353,1776691055.078882,1776691055.028921,1776691054.729466,1776691054.943915,11.939372,-0.057743,-0.020431,0.233000,-0.001000,0.000000,0.047851,-0.173462,9.176716,0.043696,-0.009325,-0.181979,24.0230,0.4236,-0.7684,-0.0661,2
1776691055.128923,354,1776691055.128923,1776691055.078919,1776691054.729466,1776691055.091660,11.951577,-0.058093,-0.019580,0.244000,-0.002000,0.000000,-0.224902,-0.191406,10.067949,-0.057817,0.042897,-0.157200,24.0230,0.4233,-0.7627,-0.0614,2
1776691055.178948,355,1776691055.178948,1776691055.128965,1776691054.729466,1776691055.091660,11.964626,-0.058598,-0.017829,0.261000,-0.005000,0.000000,0.077759,-0.061011,10.274907,0.005062,-0.017851,-0.135884,24.0230,0.4233,-0.7627,-0.0614,2
1776691055.229051,356,1776691055.229051,1776691055.179008,1776691054.729466,1776691055.091660,11.976959,-0.058267,-0.021286,0.246000,0.011000,0.000000,0.093310,-0.287109,8.996077,0.047426,0.009858,-0.146276,24.0230,0.4233,-0.7627,-0.0614,2
1776691055.279022,357,1776691055.279022,1776691055.229091,1776691054.729466,1776691055.239520,11.989699,-0.058538,-0.021286,0.255000,0.000000,0.000000,0.068188,-0.198584,10.784525,-0.035969,-0.070340,-0.145743,24.0230,0.4232,-0.7527,-0.0568,2
1776691055.329066,358,1776691055.329066,1776691055.329106,1776691055.329692,1776691055.239520,12.002257,-0.058806,-0.021086,0.251000,0.000000,0.000000,0.112451,-0.123218,8.975739,-0.005862,0.023180,-0.179314,24.0230,0.4232,-0.7527,-0.0568,2
1776691055.379046,359,1776691055.379046,1776691055.329106,1776691055.329692,1776691055.239520,12.014505,-0.058814,-0.022635,0.245000,0.005000,0.000000,0.112451,-0.123218,8.975739,-0.005862,0.023180,-0.179314,24.0230,0.4232,-0.7527,-0.0568,2
1776691055.429063,360,1776691055.429063,1776691055.379088,1776691055.329692,1776691055.387863,12.027205,-0.059152,-0.021735,0.254000,-0.001000,0.000000,0.547899,-0.715379,10.432817,0.025845,-0.077001,-0.143078,24.0230,0.4227,-0.7458,-0.0500,2
1776691055.479068,361,1776691055.479068,1776691055.429104,1776691055.329692,1776691055.387863,12.039953,-0.059429,-0.021585,0.255000,0.000000,0.000000,-0.238061,-0.529955,10.042828,0.000533,0.063146,-0.111105,24.0230,0.4227,-0.7458,-0.0500,2
1776691055.529114,362,1776691055.529114,1776691055.479120,1776691055.329692,1776691055.387863,12.052907,-0.059959,-0.019833,0.259000,-0.005000,0.000000,-0.051440,0.023926,9.865777,-0.001865,0.022381,-0.126293,24.0230,0.4227,-0.7458,-0.0500,2
1776691055.579138,363,1776691055.579138,1776691055.579177,1776691055.329692,1776691055.537151,12.064605,-0.060441,-0.018183,0.234000,-0.005000,0.000000,-0.349316,0.106470,10.439995,-0.084195,0.025845,-0.147341,24.0230,0.4252,-0.7357,-0.0414,2
1776691055.629274,364,1776691055.629274,1776691055.629316,1776691055.329692,1776691055.537151,12.076786,-0.060662,-0.018032,0.243000,0.000000,0.000000,0.083740,0.068188,9.904058,0.014921,0.004529,-0.143078,24.0230,0.4252,-0.7357,-0.0414,2
1776691055.679194,365,1776691055.679194,1776691055.629316,1776691055.329692,1776691055.537151,12.089511,-0.061042,-0.017084,0.255000,-0.003000,0.000000,0.083740,0.068188,9.904058,0.014921,0.004529,-0.143078,24.0230,0.4252,-0.7357,-0.0414,2
1776691055.729224,366,1776691055.729224,1776691055.679235,1776691055.329692,1776691055.684396,12.101624,-0.060698,-0.021536,0.242000,0.011000,0.000000,0.078955,-0.270361,9.655231,0.043430,-0.001332,-0.143611,24.0230,0.4320,-0.7283,-0.0329,2
1776691055.779254,367,1776691055.779254,1776691055.729278,1776691055.329692,1776691055.684396,12.114075,-0.061167,-0.019785,0.249000,-0.004000,0.000000,0.222509,-0.583788,11.380276,0.006128,-0.091655,-0.146542,24.0230,0.4320,-0.7283,-0.0329,2
1776691055.829249,368,1776691055.829249,1776691055.829286,1776691055.329692,1776691055.684396,12.126769,-0.061518,-0.019135,0.254000,-0.002000,0.000000,0.003589,0.076562,9.360944,-0.025312,0.032506,-0.133220,24.0230,0.4320,-0.7283,-0.0329,2
1776691055.879318,369,1776691055.879318,1776691055.879404,1776691055.329692,1776691055.832635,12.139043,-0.061252,-0.022540,0.245000,0.010000,0.000000,0.210546,-0.559862,10.906547,0.013322,-0.075935,-0.127891,24.0230,0.4348,-0.7192,-0.0255,2
1776691055.929313,370,1776691055.929313,1776691055.929354,1776691055.930031,1776691055.832635,12.150736,-0.061666,-0.020890,0.234000,-0.003000,0.000000,-0.259594,-0.357690,11.350368,-0.018651,0.007194,-0.083396,24.0240,0.4348,-0.7192,-0.0255,2
1776691055.979602,371,1776691055.979602,1776691055.979675,1776691055.930031,1776691055.832635,12.162257,-0.061554,-0.023103,0.229000,0.007000,0.000000,0.567040,-0.099292,9.683941,-0.015986,-0.002398,-0.049291,24.0240,0.4348,-0.7192,-0.0255,2
1776691056.029366,372,1776691056.029366,1776691056.029404,1776691055.930031,1776691055.981185,12.174993,-0.061848,-0.022904,0.256000,0.000000,0.000000,0.382812,-0.165088,9.585846,0.037302,-0.001332,0.002132,24.0240,0.4396,-0.7096,-0.0214,2
1776691056.079446,373,1776691056.079446,1776691056.029404,1776691055.930031,1776691055.981185,12.187703,-0.062440,-0.020800,0.254000,-0.006000,0.000000,0.382812,-0.165088,9.585846,0.037302,-0.001332,0.002132,24.0240,0.4396,-0.7096,-0.0214,2
1776691056.129416,374,1776691056.129416,1776691056.079487,1776691055.930031,1776691056.129649,12.200837,-0.062963,-0.019001,0.263000,-0.005000,0.000000,-0.156714,0.902000,9.786822,-0.151071,0.038367,-0.046893,24.0240,0.4451,-0.7020,-0.0169,2
1776691056.179450,375,1776691056.179450,1776691056.129457,1776691055.930031,1776691056.129649,12.213788,-0.063510,-0.017000,0.259000,-0.006000,0.000000,-0.071777,0.202172,9.235333,0.052489,0.043963,-0.068209,24.0240,0.4451,-0.7020,-0.0169,2
1776691056.229468,376,1776691056.229468,1776691056.179492,1776691055.930031,1776691056.129649,12.226395,-0.063524,-0.019851,0.252000,0.004000,0.000000,-0.111255,-0.210546,9.383674,0.039966,-0.017319,-0.072205,24.0240,0.4451,-0.7020,-0.0169,2
1776691056.279655,377,1776691056.279655,1776691056.229509,1776691055.930031,1776691056.278344,12.239139,-0.063827,-0.018948,0.254000,-0.001000,0.000000,-0.242846,0.168676,11.013016,-0.025312,-0.071406,-0.069008,24.0240,0.4512,-0.6961,-0.0118,2
1776691056.329519,378,1776691056.329519,1776691056.329577,1776691055.930031,1776691056.278344,12.251899,-0.064169,-0.017851,0.256000,-0.002000,0.000000,0.204565,0.078955,9.305915,-0.004263,0.056485,-0.114303,24.0240,0.4512,-0.6961,-0.0118,2
1776691056.379554,379,1776691056.379554,1776691056.379594,1776691055.930031,1776691056.278344,12.263514,-0.063926,-0.021003,0.232000,0.009000,0.000000,-0.064599,0.294287,11.369510,-0.040232,-0.028243,-0.126293,24.0240,0.4512,-0.6961,-0.0118,2
1776691056.429644,380,1776691056.429644,1776691056.429717,1776691055.930031,1776691056.426122,12.274976,-0.064417,-0.019250,0.229000,-0.005000,0.000000,-0.412719,0.077759,12.514356,-0.045828,-0.025845,-0.130822,24.0240,0.4561,-0.6920,-0.0047,2
1776691056.480365,381,1776691056.480365,1776691056.429717,1776691055.930031,1776691056.426122,12.287352,-0.064554,-0.019656,0.244000,0.002000,0.000000,-0.412719,0.077759,12.514356,-0.045828,-0.025845,-0.130822,24.0240,0.4561,-0.6920,-0.0047,2
1776691056.529680,382,1776691056.529680,1776691056.529751,1776691056.532736,1776691056.426122,12.300315,-0.065006,-0.018669,0.263000,-0.004000,0.000000,0.153125,-0.177050,9.776055,0.050890,-0.019184,-0.168657,24.0210,0.4561,-0.6920,-0.0047,2
1776691056.579634,383,1776691056.579634,1776691056.529751,1776691056.532736,1776691056.574238,12.312550,-0.065334,-0.017870,0.245000,-0.002000,0.000000,0.153125,-0.177050,9.776055,0.050890,-0.019184,-0.168657,24.0210,0.4642,-0.6912,-0.0006,2
1776691056.630701,384,1776691056.630701,1776691056.579684,1776691056.532736,1776691056.574238,12.325468,-0.065565,-0.017717,0.253000,0.000000,0.000000,-0.017944,-0.071777,10.954398,-0.092721,0.005329,-0.135085,24.0210,0.4642,-0.6912,-0.0006,2
1776691056.679747,385,1776691056.679747,1776691056.630756,1776691056.532736,1776691056.574238,12.338118,-0.065838,-0.017472,0.258000,-0.001000,0.000000,0.022729,-0.376830,9.164753,0.046627,0.042364,-0.127891,24.0210,0.4642,-0.6912,-0.0006,2
1776691056.731604,386,1776691056.731604,1776691056.679811,1776691056.532736,1776691056.718969,12.351086,-0.065805,-0.020843,0.250000,0.005000,0.000000,-0.098096,-0.254809,9.984209,0.035703,-0.008793,-0.137483,24.0210,0.4720,-0.6877,0.0013,2
1776691056.781240,387,1776691056.781240,1776691056.731651,1776691056.532736,1776691056.718969,12.363786,-0.066269,-0.019006,0.256000,-0.004000,0.000000,-0.105273,0.258398,10.114605,-0.082064,-0.025845,-0.117766,24.0210,0.4720,-0.6877,0.0013,2
1776691056.831117,388,1776691056.831117,1776691056.831171,1776691056.532736,1776691056.718969,12.376548,-0.066711,-0.017660,0.256000,-0.004000,0.000000,0.071777,-0.045459,8.986506,-0.004529,0.030907,-0.171054,24.0210,0.4720,-0.6877,0.0013,2
1776691056.879790,389,1776691056.879790,1776691056.879833,1776691056.532736,1776691056.866774,12.388478,-0.066483,-0.020531,0.245000,0.009000,0.000000,0.070581,-0.277539,11.215188,0.011990,-0.068209,-0.162528,24.0210,0.4829,-0.6817,-0.0007,2
1776691056.932171,390,1776691056.932171,1776691056.932214,1776691056.532736,1776691056.866774,12.400993,-0.066793,-0.020217,0.239000,-0.001000,0.000000,-0.253613,-0.313427,11.852809,-0.057285,-0.025845,-0.161729,24.0210,0.4829,-0.6817,-0.0007,2
1776691056.979891,391,1776691056.979891,1776691056.932214,1776691056.532736,1776691056.866774,12.412681,-0.067125,-0.019167,0.245000,-0.002000,0.000000,-0.253613,-0.313427,11.852809,-0.057285,-0.025845,-0.161729,24.0210,0.4829,-0.6817,-0.0007,2
1776691057.031779,392,1776691057.031779,1776691057.031819,1776691056.532736,1776691057.011510,12.426474,-0.067752,-0.017092,0.266000,-0.007000,0.000000,-0.093310,-0.236865,9.773663,0.055686,-0.021049,-0.154269,24.0210,0.4897,-0.6720,0.0007,2
1776691057.079897,393,1776691057.079897,1776691057.031819,1776691056.532736,1776691057.011510,12.438116,-0.067951,-0.016803,0.242000,0.000000,0.000000,-0.093310,-0.236865,9.773663,0.055686,-0.021049,-0.154269,24.0210,0.4897,-0.6720,0.0007,2
1776691057.129882,394,1776691057.129882,1776691057.129920,1776691057.131278,1776691057.011510,12.450611,-0.068111,-0.017203,0.250000,0.001000,0.000000,0.046655,-0.356493,9.565509,0.054887,0.031706,-0.123362,24.0220,0.4897,-0.6720,0.0007,2
1776691057.179947,395,1776691057.179947,1776691057.179990,1776691057.131278,1776691057.157468,12.463425,-0.068382,-0.017003,0.256000,-0.001000,0.000000,0.004785,-0.300268,10.453154,0.037302,-0.020782,-0.138549,24.0220,0.4980,-0.6651,0.0049,2
1776691057.231450,396,1776691057.231450,1776691057.179990,1776691057.131278,1776691057.157468,12.475991,-0.068493,-0.018187,0.244000,0.002000,0.000000,0.004785,-0.300268,10.453154,0.037302,-0.020782,-0.138549,24.0220,0.4980,-0.6651,0.0049,2
1776691057.280012,397,1776691057.280012,1776691057.280056,1776691057.131278,1776691057.157468,12.488514,-0.068963,-0.016293,0.258000,-0.005000,0.000000,-0.174658,-0.260790,8.224471,0.075136,0.067409,-0.094053,24.0220,0.4980,-0.6651,0.0049,2
1776691057.329988,398,1776691057.329988,1776691057.330048,1776691057.131278,1776691057.302151,12.500556,-0.069159,-0.016643,0.241000,0.000000,0.000000,0.163891,-0.401952,9.573883,0.021049,-0.006927,-0.092455,24.0220,0.5062,-0.6618,0.0082,2
1776691057.380047,399,1776691057.380047,1776691057.380090,1776691057.131278,1776691057.302151,12.512574,-0.069059,-0.018395,0.240000,0.006000,0.000000,0.168676,-0.498852,11.138626,0.057551,-0.076735,-0.090323,24.0220,0.5062,-0.6618,0.0082,2
1776691057.430613,400,1776691057.430613,1776691057.430679,1776691057.131278,1776691057.302151,12.524601,-0.069584,-0.016727,0.238000,-0.006000,0.000000,-0.232080,-0.041870,11.455642,-0.069008,-0.035170,-0.127891,24.0220,0.5062,-0.6618,0.0082,2
1776691057.480086,401,1776691057.480086,1776691057.430679,1776691057.131278,1776691057.447830,12.536718,-0.069935,-0.015589,0.245000,-0.003000,0.000000,-0.232080,-0.041870,11.455642,-0.069008,-0.035170,-0.127891,24.0220,0.5149,-0.6585,0.0113,2
1776691057.530179,402,1776691057.530179,1776691057.530253,1776691057.131278,1776691057.447830,12.550137,-0.070445,-0.013284,0.268000,-0.006000,0.000000,0.094507,-0.206958,9.951909,0.047160,-0.029308,-0.126559,24.0220,0.5149,-0.6585,0.0113,2
1776691057.580140,403,1776691057.580140,1776691057.580185,1776691057.131278,1776691057.447830,12.563078,-0.070467,-0.014933,0.259000,0.003000,0.000000,-0.058618,0.131592,9.749737,-0.112971,0.013322,-0.115635,24.0220,0.5149,-0.6585,0.0113,2
1776691057.630304,404,1776691057.630304,1776691057.630366,1776691057.131278,1776691057.592953,12.575667,-0.070604,-0.014482,0.251000,0.001000,0.000000,-0.065796,-0.464159,8.285482,0.078600,0.073271,-0.108974,24.0220,0.5234,-0.6525,0.0118,2
1776691057.680207,405,1776691057.680207,1776691057.630366,1776691057.131278,1776691057.592953,12.588591,-0.070842,-0.014482,0.259000,-0.001000,0.000000,-0.065796,-0.464159,8.285482,0.078600,0.073271,-0.108974,24.0220,0.5234,-0.6525,0.0118,2
1776691057.730187,406,1776691057.730187,1776691057.730225,1776691057.730639,1776691057.592953,12.601088,-0.070823,-0.016431,0.250000,0.004000,0.000000,0.069385,0.276342,9.437506,-0.083396,-0.009325,-0.137217,24.0210,0.5234,-0.6525,0.0118,2
1776691057.780299,407,1776691057.780299,1776691057.730225,1776691057.730639,1776691057.738289,12.613463,-0.070976,-0.016481,0.247000,0.001000,0.000000,0.069385,0.276342,9.437506,-0.083396,-0.009325,-0.137217,24.0210,0.5325,-0.6509,0.0115,2
1776691057.830395,408,1776691057.830395,1776691057.780341,1776691057.730639,1776691057.738289,12.625636,-0.070826,-0.018835,0.243000,0.007000,0.000000,0.307446,-0.701024,8.051010,0.083129,0.085527,-0.097517,24.0210,0.5325,-0.6509,0.0115,2
1776691057.880344,409,1776691057.880344,1776691057.880389,1776691057.730639,1776691057.738289,12.638381,-0.070816,-0.019734,0.255000,0.005000,0.000000,-0.327783,-0.349316,11.216385,0.034371,-0.037834,-0.033039,24.0210,0.5325,-0.6509,0.0115,2
1776691057.930299,410,1776691057.930299,1776691057.880389,1776691057.730639,1776691057.884022,12.650665,-0.071208,-0.018635,0.246000,-0.003000,0.000000,-0.327783,-0.349316,11.216385,0.034371,-0.037834,-0.033039,24.0210,0.5395,-0.6509,0.0137,2
1776691057.980445,411,1776691057.980445,1776691057.932781,1776691057.730639,1776691057.884022,12.663046,-0.071590,-0.018836,0.247000,-0.003000,0.000000,-0.411523,0.122021,11.170926,-0.118299,-0.024779,-0.125227,24.0210,0.5395,-0.6509,0.0137,2
1776691058.030373,412,1776691058.030373,1776691057.980487,1776691057.730639,1776691058.029781,12.676021,-0.072084,-0.016689,0.260000,-0.005000,0.000000,-0.082544,0.363671,10.700785,-0.022914,-0.002132,-0.092188,24.0210,0.5464,-0.6517,0.0191,2
1776691058.080417,413,1776691058.080417,1776691058.030421,1776691057.730639,1776691058.029781,12.688780,-0.072297,-0.017990,0.255000,0.000000,0.000000,-0.070581,-0.128003,9.985406,0.047959,-0.018118,-0.070074,24.0210,0.5464,-0.6517,0.0191,2
1776691058.130437,414,1776691058.130437,1776691058.080462,1776691057.730639,1776691058.029781,12.701579,-0.072727,-0.016289,0.256000,-0.004000,0.000000,0.093310,0.206958,9.949517,-0.116168,0.016786,-0.070607,24.0210,0.5464,-0.6517,0.0191,2
1776691058.180477,415,1776691058.180477,1776691058.130495,1776691057.730639,1776691058.174925,12.714585,-0.073089,-0.015088,0.260000,-0.003000,0.000000,-0.029907,-0.294287,8.198153,0.067409,0.095119,-0.087392,24.0210,0.5497,-0.6547,0.0276,2
1776691058.230511,416,1776691058.230511,1776691058.230584,1776691057.730639,1776691058.174925,12.726392,-0.073217,-0.017690,0.236000,0.001000,0.000000,0.027515,0.448608,9.945928,-0.072738,-0.014921,-0.107908,24.0210,0.5497,-0.6547,0.0276,2
1776691058.280521,417,1776691058.280521,1776691058.230584,1776691057.730639,1776691058.174925,12.738540,-0.073632,-0.015289,0.243000,-0.004000,0.000000,0.027515,0.448608,9.945928,-0.072738,-0.014921,-0.107908,24.0210,0.5497,-0.6547,0.0276,2
1776691058.330536,418,1776691058.330536,1776691058.330595,1776691058.333103,1776691058.320190,12.751441,-0.073879,-0.014989,0.258000,-0.001000,0.000000,0.016748,0.094507,9.582257,-0.020782,0.012256,-0.130556,24.0210,0.5502,-0.6577,0.0348,2
1776691058.380561,419,1776691058.380561,1776691058.330595,1776691058.333103,1776691058.320190,12.763702,-0.073663,-0.017841,0.245000,0.008000,0.000000,0.016748,0.094507,9.582257,-0.020782,0.012256,-0.130556,24.0210,0.5502,-0.6577,0.0348,2
1776691058.430627,420,1776691058.430627,1776691058.380604,1776691058.333103,1776691058.320190,12.775566,-0.073875,-0.017490,0.237000,0.000000,0.000000,0.114844,-0.702220,10.936454,0.045828,-0.046361,-0.153203,24.0210,0.5502,-0.6577,0.0348,2
1776691058.480626,421,1776691058.480626,1776691058.480669,1776691058.333103,1776691058.465974,12.787662,-0.074236,-0.016990,0.242000,-0.003000,0.000000,-0.035889,0.254809,10.762992,-0.014654,-0.015187,-0.130289,24.0210,0.5485,-0.6619,0.0401,2
1776691058.530637,422,1776691058.530637,1776691058.530698,1776691058.333103,1776691058.465974,12.800658,-0.074707,-0.015140,0.260000,-0.005000,0.000000,-0.108862,-0.299072,10.256963,0.039966,-0.031440,-0.145476,24.0210,0.5485,-0.6619,0.0401,2
1776691058.580702,423,1776691058.580702,1776691058.580745,1776691058.333103,1776691058.465974,12.813528,-0.074652,-0.016942,0.257000,0.005000,0.000000,0.049048,-0.044263,9.713848,-0.110839,0.004263,-0.112971,24.0210,0.5485,-0.6619,0.0401,2
1776691058.630649,424,1776691058.630649,1776691058.580745,1776691058.333103,1776691058.610863,12.826262,-0.074867,-0.016643,0.255000,0.000000,0.000000,0.049048,-0.044263,9.713848,-0.110839,0.004263,-0.112971,24.0210,0.5451,-0.6627,0.0413,2
1776691058.680853,425,1776691058.680853,1776691058.630687,1776691058.333103,1776691058.610863,12.839111,-0.075132,-0.015538,0.256000,-0.001000,0.000000,-0.053833,-0.400756,8.062973,0.087659,0.090323,-0.095119,24.0210,0.5451,-0.6627,0.0413,2
1776691058.730858,426,1776691058.730858,1776691058.680911,1776691058.333103,1776691058.610863,12.851267,-0.074970,-0.018439,0.243000,0.007000,0.000000,-0.199780,-0.275146,10.351469,0.030641,-0.041032,-0.152670,24.0210,0.5451,-0.6627,0.0413,2
1776691058.780767,427,1776691058.780767,1776691058.780809,1776691058.333103,1776691058.756784,12.863334,-0.075542,-0.015794,0.242000,-0.007000,0.000000,-0.161499,-0.186621,8.792707,0.031973,0.061814,-0.103112,24.0210,0.5394,-0.6607,0.0440,2
1776691058.830761,428,1776691058.830761,1776691058.780809,1776691058.333103,1776691058.756784,12.875632,-0.075837,-0.014494,0.246000,-0.002000,0.000000,-0.161499,-0.186621,8.792707,0.031973,0.061814,-0.103112,24.0210,0.5394,-0.6607,0.0440,2
1776691058.880864,429,1776691058.880864,1776691058.830801,1776691058.333103,1776691058.756784,12.887661,-0.075610,-0.017550,0.240000,0.008000,0.000000,0.023926,0.235668,10.206718,-0.025845,-0.008526,-0.111638,24.0210,0.5394,-0.6607,0.0440,2
1776691058.930877,430,1776691058.930877,1776691058.930919,1776691058.931423,1776691058.902005,12.899458,-0.076067,-0.015699,0.236000,-0.005000,0.000000,-0.083740,-0.081347,11.117093,-0.080198,-0.007727,-0.105244,24.0210,0.5336,-0.6608,0.0486,2
1776691058.984051,431,1776691058.984051,1776691058.984097,1776691058.931423,1776691058.902005,12.912482,-0.076378,-0.014742,0.245000,-0.002000,0.000000,0.066992,0.372045,10.753422,-0.010658,-0.026111,-0.103645,24.0210,0.5336,-0.6608,0.0486,2
1776691059.030885,432,1776691059.030885,1776691059.030926,1776691058.931423,1776691058.902005,12.924932,-0.076936,-0.012541,0.266000,-0.008000,0.000000,-0.059814,-0.148340,10.810843,0.036502,-0.038101,-0.128158,24.0210,0.5336,-0.6608,0.0486,2
1776691059.080905,433,1776691059.080905,1776691059.080949,1776691058.931423,1776691059.047836,12.937637,-0.077046,-0.013341,0.254000,0.001000,0.000000,-0.011963,-0.043066,9.259259,-0.107908,0.020782,-0.110839,24.0210,0.5275,-0.6610,0.0553,2
1776691059.133317,434,1776691059.133317,1776691059.133361,1776691058.931423,1776691059.047836,12.950742,-0.077011,-0.014390,0.250000,0.004000,0.000000,-0.096899,-0.575414,8.378793,0.095918,0.070340,-0.076468,24.0210,0.5275,-0.6610,0.0553,2
1776691059.180960,435,1776691059.180960,1776691059.181000,1776691058.931423,1776691059.047836,12.963031,-0.077283,-0.013580,0.258000,-0.002000,0.000000,-0.200976,-0.308642,9.309504,0.042897,-0.000533,-0.108974,24.0210,0.5275,-0.6610,0.0553,2
1776691059.230998,436,1776691059.230998,1776691059.231040,1776691058.931423,1776691059.192942,12.974992,-0.077195,-0.014881,0.239000,0.005000,0.000000,-0.160302,-0.375634,11.528615,0.034371,-0.060482,-0.082064,24.0210,0.5229,-0.6649,0.0589,2
1776691059.280988,437,1776691059.280988,1776691059.231040,1776691058.931423,1776691059.192942,12.986630,-0.077918,-0.011381,0.233000,-0.011000,0.000000,-0.160302,-0.375634,11.528615,0.034371,-0.060482,-0.082064,24.0210,0.5229,-0.6649,0.0589,2
1776691059.331028,438,1776691059.331028,1776691059.331075,1776691058.931423,1776691059.192942,12.999188,-0.078061,-0.011231,0.251000,0.000000,0.000000,0.139966,0.474926,10.471098,-0.031706,-0.006927,-0.119898,24.0210,0.5229,-0.6649,0.0589,2
1776691059.381113,439,1776691059.381113,1776691059.381155,1776691058.931423,1776691059.338181,13.011863,-0.077953,-0.013185,0.253000,0.005000,0.000000,0.166284,-0.808690,10.317973,0.081531,-0.038101,-0.136684,24.0210,0.5165,-0.6671,0.0607,2
1776691059.431047,440,1776691059.431047,1776691059.381155,1776691058.931423,1776691059.338181,13.024444,-0.078219,-0.012535,0.252000,-0.002000,0.000000,0.166284,-0.808690,10.317973,0.081531,-0.038101,-0.136684,24.0210,0.5165,-0.6671,0.0607,2
1776691059.481220,441,1776691059.481220,1776691059.431092,1776691058.931423,1776691059.338181,13.036834,-0.078525,-0.011131,0.247000,-0.003000,0.000000,0.065796,-0.141162,9.961480,-0.094320,-0.013588,-0.132421,24.0210,0.5165,-0.6671,0.0607,2
1776691059.531183,442,1776691059.531183,1776691059.481263,1776691058.931423,1776691059.484176,13.049821,-0.078869,-0.010031,0.260000,-0.004000,0.000000,-0.053833,0.510814,10.991483,-0.013855,-0.029042,-0.123895,24.0210,0.5079,-0.6658,0.0591,2
1776691059.581176,443,1776691059.581176,1776691059.531224,1776691059.532320,1776691059.484176,13.062315,-0.078595,-0.012280,0.250000,0.008000,0.000000,-0.118432,-0.175854,10.186381,0.049291,-0.070074,-0.165726,24.0220,0.5079,-0.6658,0.0591,2
1776691059.631202,444,1776691059.631202,1776691059.581216,1776691059.532320,1776691059.629602,13.074481,-0.078494,-0.014032,0.243000,0.005000,0.000000,0.126806,-0.281127,9.700689,-0.086060,0.004529,-0.163061,24.0220,0.5009,-0.6675,0.0540,2
1776691059.681224,445,1776691059.681224,1776691059.681267,1776691059.532320,1776691059.629602,13.086836,-0.078617,-0.015082,0.247000,0.001000,0.000000,0.244043,-0.303857,9.935162,0.034637,-0.006128,-0.012256,24.0220,0.5009,-0.6675,0.0540,2
1776691059.731298,446,1776691059.731298,1776691059.681267,1776691059.532320,1776691059.629602,13.099203,-0.078704,-0.015383,0.247000,0.002000,0.000000,0.244043,-0.303857,9.935162,0.034637,-0.006128,-0.012256,24.0220,0.5009,-0.6675,0.0540,2
1776691059.781273,447,1776691059.781273,1776691059.731422,1776691059.532320,1776691059.774715,13.111741,-0.079246,-0.013733,0.251000,-0.007000,0.000000,-0.254809,-0.228491,11.142215,0.038101,-0.029042,0.010658,24.0220,0.4949,-0.6687,0.0514,2
1776691059.831382,448,1776691059.831382,1776691059.781325,1776691059.532320,1776691059.774715,13.124456,-0.079521,-0.012832,0.254000,-0.002000,0.000000,-0.345727,0.076562,10.283281,0.039966,0.035703,-0.109240,24.0220,0.4949,-0.6687,0.0514,2
1776691059.881299,449,1776691059.881299,1776691059.831426,1776691059.532320,1776691059.774715,13.136748,-0.079429,-0.014780,0.246000,0.005000,0.000000,-0.151928,0.403149,10.950809,-0.024779,-0.001332,-0.093520,24.0220,0.4949,-0.6687,0.0514,2
1776691059.931402,450,1776691059.931402,1776691059.881346,1776691059.532320,1776691059.920314,13.149519,-0.079868,-0.013327,0.255000,-0.005000,0.000000,-0.093310,-0.453393,11.034549,0.061281,-0.028776,-0.080198,24.0220,0.4868,-0.6692,0.0478,2
1776691059.981397,451,1776691059.981397,1776691059.931445,1776691059.532320,1776691059.920314,13.162064,-0.080236,-0.011578,0.251000,-0.004000,0.000000,-0.258398,-0.191406,10.280889,-0.094053,-0.017052,-0.084195,24.0220,0.4868,-0.6692,0.0478,2
1776691060.031413,452,1776691060.031413,1776691059.981437,1776691059.532320,1776691059.920314,13.174917,-0.080384,-0.011578,0.257000,0.000000,0.000000,-0.046655,0.318212,11.052493,-0.006927,-0.027710,-0.086859,24.0220,0.4868,-0.6692,0.0478,2
1776691060.081456,453,1776691060.081456,1776691060.031457,1776691059.532320,1776691060.065527,13.187633,-0.080081,-0.014330,0.254000,0.009000,0.000000,-0.160302,-0.406738,9.916021,0.071939,-0.035437,-0.145743,24.0220,0.4767,-0.6699,0.0417,2
1776691060.131540,454,1776691060.131540,1776691060.081497,1776691060.132337,1776691060.065527,13.200353,-0.080264,-0.013929,0.254000,0.000000,0.000000,-0.032300,-0.072973,10.367021,-0.108708,-0.017319,-0.159598,24.0240,0.4767,-0.6699,0.0417,2
1776691060.181468,455,1776691060.181468,1776691060.131583,1776691060.132337,1776691060.065527,13.213530,-0.080597,-0.013081,0.264000,-0.003000,0.000000,-0.029907,-0.284716,8.210116,0.079666,0.094320,-0.127891,24.0240,0.4767,-0.6699,0.0417,2
1776691060.231546,456,1776691060.231546,1776691060.181514,1776691060.132337,1776691060.211257,13.225401,-0.080502,-0.014633,0.237000,0.005000,0.000000,-0.132788,-0.345727,10.377788,0.030108,-0.024779,-0.175584,24.0240,0.4670,-0.6713,0.0359,2
1776691060.281526,457,1776691060.281526,1776691060.231587,1776691060.132337,1776691060.211257,13.237342,-0.080876,-0.013084,0.239000,-0.004000,0.000000,-0.132788,0.150732,10.460331,-0.041831,-0.023713,-0.135618,24.0240,0.4670,-0.6713,0.0359,2
1776691060.331559,458,1776691060.331559,1776691060.281571,1776691060.132337,1776691060.211257,13.249898,-0.081141,-0.012283,0.251000,-0.002000,0.000000,-0.221313,-0.297875,8.998469,0.038367,0.056485,-0.113237,24.0240,0.4670,-0.6713,0.0359,2
1776691060.381581,459,1776691060.381581,1776691060.381623,1776691060.132337,1776691060.356469,13.261556,-0.080984,-0.014084,0.233000,0.006000,0.000000,0.020337,-0.357690,10.485454,0.022115,-0.027710,-0.131355,24.0240,0.4613,-0.6721,0.0271,2
1776691060.431656,460,1776691060.431656,1776691060.381623,1776691060.132337,1776691060.356469,13.273471,-0.081252,-0.013783,0.238000,-0.002000,0.000000,0.020337,-0.357690,10.485454,0.022115,-0.027710,-0.131355,24.0240,0.4613,-0.6721,0.0271,2
1776691060.481625,461,1776691060.481625,1776691060.431698,1776691060.132337,1776691060.356469,13.285862,-0.081473,-0.013184,0.248000,-0.001000,0.000000,-0.136377,-0.183032,10.455546,-0.081531,-0.025045,-0.135884,24.0240,0.4613,-0.6721,0.0271,2
1776691060.531668,462,1776691060.531668,1776691060.531710,1776691060.132337,1776691060.501970,13.299120,-0.081798,-0.011983,0.265000,-0.003000,0.000000,-0.224902,-0.325390,10.361039,0.039966,-0.034904,-0.164393,24.0240,0.4560,-0.6751,0.0187,2
1776691060.581736,463,1776691060.581736,1776691060.581778,1776691060.132337,1776691060.501970,13.312188,-0.081804,-0.013184,0.261000,0.003000,0.000000,0.193798,0.089722,8.881233,-0.121230,0.020516,-0.144677,24.0240,0.4560,-0.6751,0.0187,2
1776691060.631692,464,1776691060.631692,1776691060.581778,1776691060.132337,1776691060.501970,13.324675,-0.082019,-0.012085,0.250000,-0.001000,0.000000,0.193798,0.089722,8.881233,-0.121230,0.020516,-0.144677,24.0240,0.4560,-0.6751,0.0187,2
1776691060.681735,465,1776691060.681735,1776691060.631739,1776691060.132337,1776691060.647637,13.337535,-0.082174,-0.012286,0.257000,0.000000,0.000000,-0.156714,-0.441430,8.198153,0.061548,0.082596,-0.119632,24.0240,0.4508,-0.6778,0.0128,2
1776691060.731860,466,1776691060.731860,1776691060.731900,1776691060.732609,1776691060.647637,13.348918,-0.081863,-0.015143,0.227000,0.009000,0.000000,0.203369,-0.083740,10.883817,0.021315,-0.070340,-0.088991,24.0240,0.4508,-0.6778,0.0128,2
1776691060.781759,467,1776691060.781759,1776691060.731900,1776691060.732609,1776691060.647637,13.360586,-0.082489,-0.011201,0.234000,-0.009000,0.000000,0.203369,-0.083740,10.883817,0.021315,-0.070340,-0.088991,24.0240,0.4508,-0.6778,0.0128,2
1776691060.831843,468,1776691060.831843,1776691060.781803,1776691060.732609,1776691060.793841,13.373004,-0.082778,-0.010449,0.248000,-0.003000,0.000000,0.111255,-0.217724,9.063068,0.051956,0.038367,-0.054087,24.0240,0.4474,-0.6819,0.0073,2
1776691060.881842,469,1776691060.881842,1776691060.881883,1776691060.732609,1776691060.793841,13.385105,-0.082704,-0.011749,0.242000,0.004000,0.000000,0.345727,-0.801512,10.138530,0.073271,-0.026378,-0.078067,24.0240,0.4474,-0.6819,0.0073,2
1776691060.931896,470,1776691060.931896,1776691060.931939,1776691060.732609,1776691060.793841,13.398019,-0.082806,-0.012000,0.258000,0.001000,0.000000,0.050244,-0.017944,9.167146,-0.070607,0.014654,-0.066344,24.0240,0.4474,-0.6819,0.0073,2
1776691060.981933,471,1776691060.981933,1776691060.931939,1776691060.732609,1776691060.938074,13.411028,-0.083012,-0.011049,0.260000,-0.001000,0.000000,0.050244,-0.017944,9.167146,-0.070607,0.014654,-0.066344,24.0240,0.4454,-0.6851,0.0007,2
1776691061.031909,472,1776691061.031909,1776691060.981973,1776691060.732609,1776691060.938074,13.424217,-0.083458,-0.009050,0.264000,-0.006000,0.000000,-0.178247,0.056225,9.258063,0.040232,0.017851,-0.058084,24.0240,0.4454,-0.6851,0.0007,2
1776691061.081993,473,1776691061.081993,1776691061.031951,1776691060.732609,1776691060.938074,13.437491,-0.083277,-0.011304,0.265000,0.006000,0.000000,-0.117236,-0.324194,9.438703,0.065544,-0.011990,-0.123095,24.0240,0.4454,-0.6851,0.0007,2
1776691061.131930,474,1776691061.131930,1776691061.131967,1776691060.732609,1776691061.086853,13.449826,-0.083317,-0.012103,0.247000,0.002000,0.000000,-0.153125,-0.250024,9.018806,0.050890,0.061814,-0.126825,24.0240,0.4442,-0.6880,-0.0056,2
1776691061.182030,475,1776691061.182030,1776691061.182071,1776691060.732609,1776691061.086853,13.462650,-0.083522,-0.011552,0.256000,-0.001000,0.000000,-0.051440,-0.217724,9.121687,0.019983,0.001066,-0.177449,24.0240,0.4442,-0.6880,-0.0056,2
1776691061.232015,476,1776691061.232015,1776691061.232057,1776691060.732609,1776691061.086853,13.474698,-0.083462,-0.013101,0.241000,0.004000,0.000000,0.070581,-0.171069,10.693607,0.038101,-0.030907,-0.163328,24.0240,0.4442,-0.6880,-0.0056,2
1776691061.282034,477,1776691061.282034,1776691061.282073,1776691060.732609,1776691061.236465,13.486797,-0.083920,-0.010850,0.242000,-0.006000,0.000000,-0.332568,0.094507,10.551250,-0.004529,-0.004263,-0.188373,24.0240,0.4414,-0.6915,-0.0100,2
1776691061.332049,478,1776691061.332049,1776691061.332093,1776691061.333420,1776691061.236465,13.499050,-0.084053,-0.010800,0.245000,0.000000,0.000000,0.083740,0.356493,10.250981,-0.015454,-0.004796,-0.153469,24.0240,0.4414,-0.6915,-0.0100,2
1776691061.382160,479,1776691061.382160,1776691061.332093,1776691061.333420,1776691061.236465,13.510480,-0.083675,-0.014107,0.228000,0.010000,0.000000,0.083740,0.356493,10.250981,-0.015454,-0.004796,-0.153469,24.0240,0.4414,-0.6915,-0.0100,2
1776691061.432152,480,1776691061.432152,1776691061.432193,1776691061.333420,1776691061.383656,13.523177,-0.083855,-0.013758,0.254000,0.000000,0.000000,-0.013159,0.113647,9.869366,-0.074870,-0.021315,-0.112438,24.0240,0.4394,-0.6922,-0.0119,2
1776691061.482134,481,1776691061.482134,1776691061.432193,1776691061.333420,1776691061.383656,13.535074,-0.083868,-0.015307,0.238000,0.003000,0.000000,-0.013159,0.113647,9.869366,-0.074870,-0.021315,-0.112438,24.0240,0.4394,-0.6922,-0.0119,2
1776691061.532165,482,1776691061.532165,1776691061.482174,1776691061.333420,1776691061.532046,13.547983,-0.083916,-0.015557,0.258000,0.003000,0.000000,0.382812,-0.056225,9.471003,0.026910,-0.001066,-0.017319,24.0240,0.4370,-0.6940,-0.0127,2
1776691061.582193,483,1776691061.582193,1776691061.582235,1776691061.333420,1776691061.532046,13.560938,-0.084217,-0.014857,0.259000,-0.002000,0.000000,0.032300,0.607714,8.015121,-0.127625,0.049558,-0.122562,24.0240,0.4370,-0.6940,-0.0127,2
1776691061.632216,484,1776691061.632216,1776691061.632256,1776691061.333420,1776691061.532046,13.573886,-0.084810,-0.011755,0.259000,-0.008000,0.000000,-0.165088,0.239257,9.717438,0.028243,0.049291,-0.078600,24.0240,0.4370,-0.6940,-0.0127,2
1776691061.682259,485,1776691061.682259,1776691061.632256,1776691061.333420,1776691061.680957,13.587092,-0.085266,-0.009604,0.264000,-0.006000,0.000000,-0.165088,0.239257,9.717438,0.028243,0.049291,-0.078600,24.0240,0.4341,-0.6958,-0.0111,2
1776691061.732248,486,1776691061.732248,1776691061.682312,1776691061.333420,1776691061.680957,13.599439,-0.085534,-0.009854,0.247000,-0.003000,0.000000,0.010767,-0.238061,8.834578,0.033305,0.007194,-0.095652,24.0240,0.4341,-0.6958,-0.0111,2
1776691061.782282,487,1776691061.782282,1776691061.732285,1776691061.333420,1776691061.680957,13.611943,-0.085958,-0.007702,0.250000,-0.006000,0.000000,-0.093310,0.116040,10.506987,0.015187,-0.008526,-0.072472,24.0240,0.4341,-0.6958,-0.0111,2
1776691061.832304,488,1776691061.832304,1776691061.782323,1776691061.333420,1776691061.829144,13.624247,-0.086252,-0.006352,0.246000,-0.004000,0.000000,-0.385204,0.311035,11.261844,-0.056752,-0.029841,-0.067942,24.0240,0.4315,-0.6972,-0.0059,2
1776691061.882824,489,1776691061.882824,1776691061.832345,1776691061.333420,1776691061.829144,13.635516,-0.085768,-0.009888,0.223000,0.011000,0.000000,-0.080151,0.226098,9.834673,0.012789,0.000533,-0.094586,24.0240,0.4315,-0.6972,-0.0059,2
1776691061.932336,490,1776691061.932336,1776691061.932376,1776691061.932995,1776691061.829144,13.648094,-0.085695,-0.011373,0.254000,0.004000,0.000000,0.065796,0.122021,10.091875,-0.086327,-0.035703,-0.175584,24.0250,0.4315,-0.6972,-0.0059,2
1776691061.982383,491,1776691061.982383,1776691061.982425,1776691061.932995,1776691061.977223,13.660555,-0.085786,-0.012224,0.249000,0.001000,0.000000,0.284716,0.166284,9.665997,0.031440,0.009592,-0.210754,24.0250,0.4257,-0.6976,-0.0010,2
1776691062.032408,492,1776691062.032408,1776691062.032449,1776691061.932995,1776691061.977223,13.673609,-0.086096,-0.011124,0.261000,-0.003000,0.000000,-0.002393,-0.184228,9.165949,0.034104,-0.041298,-0.165992,24.0250,0.4257,-0.6976,-0.0010,2
1776691062.082432,493,1776691062.082432,1776691062.032449,1776691061.932995,1776691061.977223,13.686014,-0.086184,-0.011324,0.248000,0.001000,0.000000,-0.002393,-0.184228,9.165949,0.034104,-0.041298,-0.165992,24.0250,0.4257,-0.6976,-0.0010,2
1776691062.132465,494,1776691062.132465,1776691062.082473,1776691061.932995,1776691062.122627,13.698771,-0.086428,-0.010323,0.255000,-0.002000,0.000000,0.009570,-0.077759,8.841755,-0.097783,0.031973,-0.157999,24.0250,0.4202,-0.6941,0.0051,2
1776691062.182496,495,1776691062.182496,1776691062.182539,1776691061.932995,1776691062.122627,13.711628,-0.086561,-0.010323,0.257000,0.000000,0.000000,-0.005981,-0.500048,9.357355,0.028243,0.016786,-0.170788,24.0250,0.4202,-0.6941,0.0051,2
1776691062.232556,496,1776691062.232556,1776691062.182539,1776691061.932995,1776691062.122627,13.723143,-0.086530,-0.011374,0.230000,0.003000,0.000000,-0.005981,-0.500048,9.357355,0.028243,0.016786,-0.170788,24.0250,0.4202,-0.6941,0.0051,2
1776691062.282520,497,1776691062.282520,1776691062.282561,1776691061.932995,1776691062.268293,13.733231,-0.087044,-0.009526,0.202000,-0.008000,0.000000,3.904680,0.294287,19.342760,0.002132,-0.051956,0.209955,24.0250,0.4183,-0.6901,0.0142,2
1776691062.332555,498,1776691062.332555,1776691062.282561,1776691061.932995,1776691062.268293,13.743489,-0.086892,-0.010977,0.205000,0.005000,0.000000,3.904680,0.294287,19.342760,0.002132,-0.051956,0.209955,24.0250,0.4183,-0.6901,0.0142,2
1776691062.382581,499,1776691062.382581,1776691062.332596,1776691061.932995,1776691062.268293,13.755546,-0.086974,-0.007675,0.241000,0.001000,0.000000,1.288401,-0.802708,10.217485,0.112971,0.082596,0.171854,24.0250,0.4183,-0.6901,0.0142,2
1776691062.432605,500,1776691062.432605,1776691062.382623,1776691061.932995,1776691062.413687,13.766853,-0.086711,-0.010076,0.226000,0.007000,0.000000,-2.694038,-0.162695,9.955499,0.043963,-0.131888,0.040232,24.0250,0.4190,-0.6890,0.0219,2
1776691062.482628,501,1776691062.482628,1776691062.482678,1776691061.932995,1776691062.413687,13.778203,-0.087325,-0.006574,0.227000,-0.010000,0.000000,-0.781175,-0.687865,9.419562,0.082863,-0.009858,0.085794,24.0250,0.4190,-0.6890,0.0219,2
1776691062.532654,502,1776691062.532654,1776691062.482678,1776691062.534034,1776691062.413687,13.790460,-0.087306,-0.007425,0.245000,0.002000,0.000000,-0.781175,-0.687865,9.419562,0.082863,-0.009858,0.085794,24.0260,0.4190,-0.6890,0.0219,2
1776691062.582728,503,1776691062.582728,1776691062.582770,1776691062.534034,1776691062.559603,13.801029,-0.086834,-0.011030,0.211000,0.011000,0.000000,0.479711,-0.230883,10.294047,0.022914,-0.010658,0.096185,24.0260,0.4162,-0.6861,0.0322,2
1776691062.632767,504,1776691062.632767,1776691062.632810,1776691062.534034,1776691062.559603,13.813493,-0.086571,-0.013682,0.249000,0.008000,0.000000,-0.506029,-0.312231,9.462628,-0.072205,-0.064212,0.140414,24.0260,0.4162,-0.6861,0.0322,2
1776691062.682781,505,1776691062.682781,1776691062.632810,1776691062.534034,1776691062.559603,13.825497,-0.086635,-0.014532,0.240000,0.002000,0.000000,-0.506029,-0.312231,9.462628,-0.072205,-0.064212,0.140414,24.0260,0.4162,-0.6861,0.0322,2
1776691062.732798,506,1776691062.732798,1776691062.682823,1776691062.534034,1776691062.705222,13.838343,-0.087222,-0.011732,0.257000,-0.008000,0.000000,0.239257,0.253613,9.911236,0.017585,0.052489,0.174518,24.0260,0.4156,-0.6826,0.0405,2
1776691062.782856,507,1776691062.782856,1776691062.732861,1776691062.534034,1776691062.705222,13.851308,-0.087324,-0.011932,0.259000,0.001000,0.000000,-0.081347,0.068188,9.741363,0.039167,-0.002664,0.127358,24.0260,0.4156,-0.6826,0.0405,2
1776691062.832910,508,1776691062.832910,1776691062.782899,1776691062.534034,1776691062.705222,13.863462,-0.088070,-0.008328,0.243000,-0.012000,0.000000,-0.215332,0.260790,9.112116,-0.098583,0.035703,0.127358,24.0260,0.4156,-0.6826,0.0405,2
1776691062.882876,509,1776691062.882876,1776691062.832952,1776691062.534034,1776691062.850845,13.876700,-0.088530,-0.005780,0.265000,-0.007000,0.000000,-0.264379,0.166284,10.443583,0.035437,-0.006661,0.111638,24.0260,0.4167,-0.6795,0.0466,2
1776691062.932838,510,1776691062.932838,1776691062.882918,1776691062.534034,1776691062.850845,13.888394,-0.088197,-0.008928,0.234000,0.008000,0.000000,-0.113647,-0.334960,9.101350,0.053288,-0.006128,0.057817,24.0260,0.4167,-0.6795,0.0466,2
1776691062.982884,511,1776691062.982884,1776691062.932904,1776691062.534034,1776691062.850845,13.899751,-0.088649,-0.006876,0.227000,-0.007000,0.000000,0.502440,-0.081347,10.358647,0.019450,-0.016519,0.041831,24.0260,0.4167,-0.6795,0.0466,2
1776691063.032918,512,1776691063.032918,1776691062.982922,1776691062.534034,1776691062.996183,13.912009,-0.088683,-0.006926,0.245000,0.001000,0.000000,-0.173462,0.351708,11.422146,-0.046094,-0.026910,0.092188,24.0260,0.4189,-0.6760,0.0539,2
1776691063.082941,513,1776691063.082941,1776691063.082982,1776691062.534034,1776691062.996183,13.924616,-0.088671,-0.006726,0.252000,0.002000,0.000000,0.394775,-0.379223,10.706766,0.103379,-0.065011,0.097517,24.0260,0.4189,-0.6760,0.0539,2
1776691063.132965,514,1776691063.132965,1776691063.082982,1776691063.133477,1776691062.996183,13.937626,-0.088258,-0.009827,0.260000,0.010000,0.000000,0.394775,-0.379223,10.706766,0.103379,-0.065011,0.097517,24.0250,0.4189,-0.6760,0.0539,2
1776691063.182988,515,1776691063.182988,1776691063.133002,1776691063.133477,1776691063.141408,13.950581,-0.088385,-0.009777,0.259000,0.000000,0.000000,-0.184228,-0.019141,9.325055,-0.095918,0.008526,0.135618,24.0250,0.4188,-0.6726,0.0605,2
1776691063.233008,516,1776691063.233008,1776691063.183036,1776691063.133477,1776691063.141408,13.964083,-0.088817,-0.008277,0.270000,-0.006000,0.000000,0.009570,0.044263,9.034357,0.045561,0.081531,0.132421,24.0250,0.4188,-0.6726,0.0605,2
1776691063.283029,517,1776691063.283029,1776691063.233051,1776691063.133477,1776691063.141408,13.977041,-0.088524,-0.011078,0.259000,0.008000,0.000000,-0.198584,-0.110058,9.203034,0.040499,-0.004796,0.114303,24.0250,0.4188,-0.6726,0.0605,2
1776691063.333037,518,1776691063.333037,1776691063.283072,1776691063.133477,1776691063.287212,13.988893,-0.088656,-0.011128,0.237000,0.000000,0.000000,-0.272753,0.149536,9.325055,-0.103645,0.029042,0.106310,24.0250,0.4182,-0.6699,0.0646,2
1776691063.383076,519,1776691063.383076,1776691063.333096,1776691063.133477,1776691063.287212,14.001501,-0.088796,-0.011178,0.252000,0.000000,0.000000,-0.199780,-0.209350,9.680352,0.058883,0.042897,0.091122,24.0250,0.4182,-0.6699,0.0646,2
1776691063.433177,520,1776691063.433177,1776691063.433228,1776691063.133477,1776691063.432901,14.013279,-0.088427,-0.014484,0.235000,0.010000,0.000000,0.208154,-0.590966,10.468705,0.090590,-0.021848,0.107375,24.0250,0.4194,-0.6666,0.0656,2
1776691063.483196,521,1776691063.483196,1776691063.483237,1776691063.133477,1776691063.432901,14.025178,-0.088949,-0.012083,0.238000,-0.007000,0.000000,-0.124414,0.826634,11.208011,-0.047959,-0.052222,0.045028,24.0250,0.4194,-0.6666,0.0656,2
1776691063.533167,522,1776691063.533167,1776691063.483237,1776691063.133477,1776691063.432901,14.037718,-0.089251,-0.010984,0.251000,-0.003000,0.000000,-0.124414,0.826634,11.208011,-0.047959,-0.052222,0.045028,24.0250,0.4194,-0.6666,0.0656,2
1776691063.583183,523,1776691063.583183,1776691063.583225,1776691063.133477,1776691063.577598,14.050818,-0.089645,-0.009283,0.262000,-0.005000,0.000000,0.052637,-0.245239,10.294047,0.092721,-0.052222,0.034104,24.0250,0.4211,-0.6648,0.0651,2
1776691063.633221,524,1776691063.633221,1776691063.583225,1776691063.133477,1776691063.577598,14.063879,-0.089666,-0.010134,0.261000,0.002000,0.000000,0.052637,-0.245239,10.294047,0.092721,-0.052222,0.034104,24.0250,0.4211,-0.6648,0.0651,2
1776691063.683373,525,1776691063.683373,1776691063.683417,1776691063.133477,1776691063.577598,14.076910,-0.089798,-0.010034,0.260000,0.000000,0.000000,0.150732,-0.428271,9.205426,0.061281,0.069807,-0.031173,24.0250,0.4211,-0.6648,0.0651,2
1776691063.733286,526,1776691063.733286,1776691063.683417,1776691063.734483,1776691063.723180,14.089894,-0.089928,-0.009884,0.260000,0.000000,0.000000,0.150732,-0.428271,9.205426,0.061281,0.069807,-0.031173,24.0240,0.4230,-0.6639,0.0614,2
1776691063.783372,527,1776691063.783372,1776691063.733362,1776691063.734483,1776691063.723180,14.102458,-0.089752,-0.012036,0.251000,0.006000,0.000000,-0.271557,-0.369653,9.273615,0.053821,-0.002664,0.004263,24.0240,0.4230,-0.6639,0.0614,2
1776691063.833330,528,1776691063.833330,1776691063.783414,1776691063.734483,1776691063.723180,14.114051,-0.090342,-0.008986,0.232000,-0.009000,0.000000,-0.003589,0.553881,9.145612,-0.132154,0.061281,0.044762,24.0240,0.4230,-0.6639,0.0614,2
1776691063.883324,529,1776691063.883324,1776691063.833380,1776691063.734483,1776691063.868941,14.126500,-0.090453,-0.009136,0.249000,0.000000,0.000000,0.063403,0.326586,10.459135,-0.001599,0.011190,-0.008793,24.0240,0.4268,-0.6641,0.0561,2
1776691063.933474,530,1776691063.933474,1776691063.933536,1776691063.734483,1776691063.868941,14.138141,-0.089858,-0.013600,0.232000,0.014000,0.000000,0.238061,-0.777586,10.663700,0.098050,-0.028776,0.038101,24.0240,0.4268,-0.6641,0.0561,2
1776691063.983477,531,1776691063.983477,1776691063.933536,1776691063.734483,1776691063.868941,14.150388,-0.090224,-0.012449,0.245000,-0.004000,0.000000,0.238061,-0.777586,10.663700,0.098050,-0.028776,0.038101,24.0240,0.4268,-0.6641,0.0561,2
1776691064.033413,532,1776691064.033413,1776691064.033456,1776691063.734483,1776691064.014072,14.163016,-0.090681,-0.010502,0.253000,-0.006000,0.000000,0.167480,0.154321,9.979424,0.019184,0.018651,-0.024512,24.0240,0.4306,-0.6629,0.0485,2
1776691064.083451,533,1776691064.083451,1776691064.033456,1776691063.734483,1776691064.014072,14.175974,-0.091017,-0.008901,0.259000,-0.004000,0.000000,0.167480,0.154321,9.979424,0.019184,0.018651,-0.024512,24.0240,0.4306,-0.6629,0.0485,2
1776691064.133533,534,1776691064.133533,1776691064.083494,1776691063.734483,1776691064.014072,14.189049,-0.090733,-0.011655,0.261000,0.008000,0.000000,-0.014355,-0.357690,10.742655,0.079133,-0.049824,0.002398,24.0240,0.4306,-0.6629,0.0485,2
1776691064.183530,535,1776691064.183530,1776691064.183571,1776691063.734483,1776691064.160241,14.201797,-0.090882,-0.011405,0.255000,0.000000,0.000000,0.171069,-0.179443,9.299933,0.069274,0.057285,-0.032772,24.0240,0.4370,-0.6665,0.0432,2
1776691064.233566,536,1776691064.233566,1776691064.233610,1776691063.734483,1776691064.160241,14.215004,-0.091132,-0.010605,0.264000,-0.002000,0.000000,-0.393578,-0.423486,9.242512,0.047426,-0.004263,-0.055952,24.0240,0.4370,-0.6665,0.0432,2
1776691064.283591,537,1776691064.283591,1776691064.233610,1776691063.734483,1776691064.160241,14.227612,-0.091116,-0.011755,0.252000,0.003000,0.000000,-0.393578,-0.423486,9.242512,0.047426,-0.004263,-0.055952,24.0240,0.4370,-0.6665,0.0432,2
1776691064.333683,538,1776691064.333683,1776691064.333752,1776691063.734483,1776691064.305802,14.240127,-0.091864,-0.007848,0.250000,-0.012000,0.000000,-0.148340,0.250024,10.058379,0.014654,0.021315,-0.009858,24.0240,0.4424,-0.6711,0.0348,2
1776691064.383648,539,1776691064.383648,1776691064.333752,1776691064.336976,1776691064.305802,14.253218,-0.091967,-0.008048,0.262000,0.000000,0.000000,-0.148340,0.250024,10.058379,0.014654,0.021315,-0.009858,24.0240,0.4424,-0.6711,0.0348,2
1776691064.433681,540,1776691064.433681,1776691064.383691,1776691064.336976,1776691064.305802,14.264430,-0.091357,-0.012651,0.224000,0.014000,0.000000,-0.477318,-0.472533,8.802278,0.039433,0.023980,-0.013322,24.0240,0.4424,-0.6711,0.0348,2
1776691064.483685,541,1776691064.483685,1776691064.433726,1776691064.336976,1776691064.452157,14.276580,-0.091511,-0.012601,0.243000,0.000000,0.000000,0.513207,-0.815868,10.715140,0.063679,-0.012523,0.022647,24.0240,0.4434,-0.6736,0.0270,2
1776691064.533767,542,1776691064.533767,1776691064.483727,1776691064.336976,1776691064.452157,14.288649,-0.091663,-0.012801,0.241000,0.000000,0.000000,-0.224902,0.559862,11.369510,-0.081531,-0.058883,0.087925,24.0240,0.4434,-0.6736,0.0270,2
1776691064.583806,543,1776691064.583806,1776691064.583849,1776691064.336976,1776691064.452157,14.301504,-0.092178,-0.010550,0.257000,-0.007000,0.000000,-0.013159,-0.052637,10.026079,0.094853,-0.050091,0.067942,24.0240,0.4434,-0.6736,0.0270,2
1776691064.633734,544,1776691064.633734,1776691064.633776,1776691064.336976,1776691064.597276,14.314636,-0.092166,-0.011548,0.263000,0.003000,0.000000,-0.154321,0.491674,9.146809,-0.122030,0.045295,0.067942,24.0240,0.4451,-0.6753,0.0167,2
1776691064.683790,545,1776691064.683790,1776691064.683836,1776691064.336976,1776691064.597276,14.327195,-0.092712,-0.009145,0.251000,-0.008000,0.000000,-0.063403,-0.317016,8.917122,0.095652,0.071406,-0.029841,24.0240,0.4451,-0.6753,0.0167,2
1776691064.733770,546,1776691064.733770,1776691064.683836,1776691064.336976,1776691064.597276,14.340734,-0.093185,-0.006397,0.271000,-0.007000,0.000000,-0.063403,-0.317016,8.917122,0.095652,0.071406,-0.029841,24.0240,0.4451,-0.6753,0.0167,2
1776691064.783794,547,1776691064.783794,1776691064.783838,1776691064.336976,1776691064.742071,14.353392,-0.093166,-0.007898,0.253000,0.002000,0.000000,-0.088525,0.422289,8.874055,-0.107375,0.091122,0.020516,24.0240,0.4478,-0.6795,0.0047,2
1776691064.833822,548,1776691064.833822,1776691064.833865,1776691064.336976,1776691064.742071,14.364393,-0.093754,-0.004796,0.220000,-0.010000,0.000000,-0.031103,0.494066,11.213992,-0.064745,-0.023980,0.041831,24.0240,0.4478,-0.6795,0.0047,2
1776691064.883859,549,1776691064.883859,1776691064.833865,1776691064.336976,1776691064.742071,14.376802,-0.093763,-0.004996,0.248000,0.001000,0.000000,-0.031103,0.494066,11.213992,-0.064745,-0.023980,0.041831,24.0240,0.4478,-0.6795,0.0047,2
1776691064.933897,550,1776691064.933897,1776691064.883903,1776691064.934695,1776691064.890529,14.388663,-0.093372,-0.008449,0.237000,0.009000,0.000000,-0.275146,-0.422289,9.415973,0.027710,-0.025045,0.013588,24.0230,0.4520,-0.6838,-0.0037,2
1776691064.983948,551,1776691064.983948,1776691064.983989,1776691064.934695,1776691064.890529,14.401629,-0.093081,-0.011051,0.259000,0.008000,0.000000,-0.145947,0.088525,10.349076,-0.077268,-0.086859,0.059150,24.0230,0.4520,-0.6838,-0.0037,2
1776691065.033921,552,1776691065.033921,1776691064.983989,1776691064.934695,1776691064.890529,14.414323,-0.093121,-0.011701,0.254000,0.002000,0.000000,-0.145947,0.088525,10.349076,-0.077268,-0.086859,0.059150,24.0230,0.4520,-0.6838,-0.0037,2
1776691065.083990,553,1776691065.083990,1776691065.033963,1776691064.934695,1776691065.039138,14.427188,-0.093422,-0.010599,0.257000,-0.003000,0.000000,0.313427,-0.369653,8.923103,0.073537,0.087659,0.004529,24.0230,0.4551,-0.6866,-0.0116,2
1776691065.134006,554,1776691065.134006,1776691065.084032,1776691064.934695,1776691065.039138,14.440244,-0.093260,-0.012400,0.261000,0.006000,0.000000,0.038281,-0.022729,11.029764,0.054620,-0.052755,0.031173,24.0230,0.4551,-0.6866,-0.0116,2
1776691065.184043,555,1776691065.184043,1776691065.184085,1776691064.934695,1776691065.039138,14.452104,-0.093307,-0.013451,0.237000,0.002000,0.000000,-0.031103,-0.732127,9.182697,0.098050,0.070074,0.074337,24.0230,0.4551,-0.6866,-0.0116,2
1776691065.234026,556,1776691065.234026,1776691065.184085,1776691064.934695,1776691065.187488,14.464697,-0.093527,-0.013251,0.252000,-0.001000,0.000000,-0.031103,-0.732127,9.182697,0.098050,0.070074,0.074337,24.0230,0.4571,-0.6902,-0.0207,2
1776691065.284040,557,1776691065.284040,1776691065.284081,1776691064.934695,1776691065.187488,14.476802,-0.093487,-0.014551,0.242000,0.004000,0.000000,0.246435,0.705809,8.866878,-0.101780,0.076468,0.076468,24.0230,0.4571,-0.6902,-0.0207,2
1776691065.336601,558,1776691065.336601,1776691065.336651,1776691064.934695,1776691065.337311,14.489403,-0.094512,-0.009453,0.240000,-0.016000,0.000000,-0.113647,0.806297,10.831181,-0.079666,-0.058084,0.028243,24.0230,0.4615,-0.6980,-0.0291,2
1776691065.384100,559,1776691065.384100,1776691065.384142,1776691064.934695,1776691065.337311,14.501369,-0.094862,-0.007553,0.252000,-0.005000,0.000000,-0.206958,-0.112451,9.682745,0.002132,-0.022381,-0.027443,24.0230,0.4615,-0.6980,-0.0291,2
1776691065.434227,560,1776691065.434227,1776691065.434269,1776691064.934695,1776691065.337311,14.513501,-0.094803,-0.008906,0.242000,0.003000,0.000000,0.214135,0.026318,10.674467,0.077800,-0.053022,0.024246,24.0230,0.4615,-0.6980,-0.0291,2
1776691065.484186,561,1776691065.484186,1776691065.484241,1776691064.934695,1776691065.484418,14.526292,-0.094618,-0.011154,0.256000,0.006000,0.000000,-0.413915,-0.276342,10.134941,-0.065811,-0.090323,0.029042,24.0230,0.4666,-0.7037,-0.0341,2
1776691065.534313,562,1776691065.534313,1776691065.484241,1776691064.934695,1776691065.484418,14.538975,-0.094659,-0.011355,0.253000,0.002000,0.000000,-0.413915,-0.276342,10.134941,-0.065811,-0.090323,0.029042,24.0230,0.4666,-0.7037,-0.0341,2
1776691065.584232,563,1776691065.584232,1776691065.584272,1776691065.538182,1776691065.484418,14.552151,-0.095058,-0.010306,0.264000,-0.005000,0.000000,-0.357690,0.149536,10.130157,0.064478,-0.035969,0.005595,24.0230,0.4666,-0.7037,-0.0341,2
1776691065.634263,564,1776691065.634263,1776691065.584272,1776691065.538182,1776691065.633412,14.564759,-0.094988,-0.011407,0.252000,0.004000,0.000000,-0.357690,0.149536,10.130157,0.064478,-0.035969,0.005595,24.0230,0.4733,-0.7122,-0.0374,2
1776691065.684296,565,1776691065.684296,1776691065.684340,1776691065.538182,1776691065.633412,14.576115,-0.095318,-0.009906,0.227000,-0.004000,0.000000,0.406738,-0.826634,9.073835,0.093787,0.061281,-0.030108,24.0230,0.4733,-0.7122,-0.0374,2
1776691065.734376,566,1776691065.734376,1776691065.684340,1776691065.538182,1776691065.633412,14.588884,-0.095444,-0.010206,0.255000,0.000000,0.000000,0.406738,-0.826634,9.073835,0.093787,0.061281,-0.030108,24.0230,0.4733,-0.7122,-0.0374,2
1776691065.784286,567,1776691065.784286,1776691065.784328,1776691065.538182,1776691065.781671,14.600518,-0.095064,-0.013251,0.233000,0.010000,0.000000,0.410326,0.349316,8.961384,-0.072205,0.079932,0.053821,24.0230,0.4771,-0.7183,-0.0395,2
1776691065.834310,568,1776691065.834310,1776691065.784328,1776691065.538182,1776691065.781671,14.612820,-0.095477,-0.011400,0.246000,-0.005000,0.000000,0.410326,0.349316,8.961384,-0.072205,0.079932,0.053821,24.0230,0.4771,-0.7183,-0.0395,2
1776691065.884418,569,1776691065.884418,1776691065.834352,1776691065.538182,1776691065.781671,14.625443,-0.095921,-0.009697,0.252000,-0.006000,0.000000,-0.222509,0.296679,10.321562,-0.085527,-0.065811,0.041565,24.0230,0.4771,-0.7183,-0.0395,2
1776691065.934388,570,1776691065.934388,1776691065.884497,1776691065.538182,1776691065.929951,14.637138,-0.095685,-0.011495,0.234000,0.007000,0.000000,-0.049048,0.251220,9.908843,-0.018651,-0.028776,-0.028776,24.0230,0.4818,-0.7226,-0.0379,2
1776691065.984426,571,1776691065.984426,1776691065.934439,1776691065.538182,1776691065.929951,14.650502,-0.095438,-0.014548,0.267000,0.008000,0.000000,0.266772,-0.177050,10.911331,0.059949,-0.043963,-0.010658,24.0230,0.4818,-0.7226,-0.0379,2
1776691066.034413,572,1776691066.034413,1776691066.034456,1776691065.538182,1776691065.929951,14.663095,-0.095772,-0.013248,0.252000,-0.003000,0.000000,0.532348,-0.571825,9.307111,0.102579,0.076202,-0.034371,24.0230,0.4818,-0.7226,-0.0379,2
1776691066.084498,573,1776691066.084498,1776691066.084543,1776691065.538182,1776691066.078575,14.676562,-0.096301,-0.011245,0.269000,-0.007000,0.000000,-0.474926,0.360082,9.743755,0.060748,-0.027976,-0.041032,24.0230,0.4882,-0.7269,-0.0362,2
1776691066.134537,574,1776691066.134537,1776691066.084543,1776691066.135504,1776691066.078575,14.689472,-0.096346,-0.011995,0.258000,0.002000,0.000000,-0.474926,0.360082,9.743755,0.060748,-0.027976,-0.041032,24.0210,0.4882,-0.7269,-0.0362,2
1776691066.184498,575,1776691066.184498,1776691066.134599,1776691066.135504,1776691066.078575,14.701509,-0.096740,-0.009797,0.241000,-0.005000,0.000000,0.279931,0.593358,8.821419,-0.115635,0.102313,0.017851,24.0210,0.4882,-0.7269,-0.0362,2
1776691066.234533,576,1776691066.234533,1776691066.184540,1776691066.135504,1776691066.227051,14.714917,-0.096971,-0.009697,0.268000,-0.002000,0.000000,0.525170,-0.745287,8.950618,0.093254,0.070873,-0.066876,24.0210,0.4941,-0.7338,-0.0342,2
1776691066.284549,577,1776691066.284549,1776691066.234575,1776691066.135504,1776691066.227051,14.726724,-0.096836,-0.011297,0.236000,0.005000,0.000000,-0.522777,-0.448608,9.119294,0.044762,-0.023980,-0.025045,24.0210,0.4941,-0.7338,-0.0342,2
1776691066.336217,578,1776691066.336217,1776691066.284602,1776691066.135504,1776691066.227051,14.739330,-0.096978,-0.011039,0.244000,0.000000,0.000000,0.198584,0.206958,8.907551,-0.088458,0.102579,0.069541,24.0210,0.4941,-0.7338,-0.0342,2
1776691066.384637,579,1776691066.384637,1776691066.336265,1776691066.135504,1776691066.375445,14.751433,-0.097209,-0.010845,0.250000,-0.002000,0.000000,-0.721361,0.145947,10.113408,-0.094320,-0.049558,0.109773,24.0210,0.4977,-0.7381,-0.0353,2
1776691066.434633,580,1776691066.434633,1776691066.384679,1776691066.135504,1776691066.375445,14.763333,-0.097138,-0.011745,0.238000,0.004000,0.000000,-0.238061,0.082544,9.621735,0.010924,-0.018118,0.073005,24.0210,0.4977,-0.7381,-0.0353,2
1776691066.484693,581,1776691066.484693,1776691066.484735,1776691066.135504,1776691066.375445,14.776503,-0.096892,-0.014549,0.263000,0.008000,0.000000,-0.349316,-0.081347,9.620538,-0.062081,-0.085794,0.034637,24.0210,0.4977,-0.7381,-0.0353,2
1776691066.534804,582,1776691066.534804,1776691066.484735,1776691066.135504,1776691066.524057,14.788974,-0.097324,-0.013045,0.249000,-0.005000,0.000000,-0.349316,-0.081347,9.620538,-0.062081,-0.085794,0.034637,24.0210,0.5005,-0.7432,-0.0374,2
1776691066.584757,583,1776691066.584757,1776691066.534880,1776691066.135504,1776691066.524057,14.802356,-0.097898,-0.010148,0.268000,-0.008000,0.000000,0.326586,-0.442626,8.987702,0.110573,0.063146,-0.026378,24.0210,0.5005,-0.7432,-0.0374,2
1776691066.634789,584,1776691066.634789,1776691066.634830,1776691066.135504,1776691066.524057,14.815264,-0.097929,-0.011599,0.258000,0.002000,0.000000,-0.009570,0.410326,8.789119,-0.092455,0.111905,-0.038900,24.0210,0.5005,-0.7432,-0.0374,2
1776691066.684816,585,1776691066.684816,1776691066.684859,1776691066.135504,1776691066.672545,14.826715,-0.098412,-0.008897,0.229000,-0.007000,0.000000,0.642406,-0.703417,9.650445,0.064212,0.032772,-0.014654,24.0210,0.5051,-0.7468,-0.0411,2
1776691066.735050,586,1776691066.735050,1776691066.735104,1776691066.735653,1776691066.672545,14.839475,-0.098526,-0.008897,0.254000,0.000000,0.000000,-0.350512,-0.247631,9.309504,0.030374,-0.040499,0.015986,24.0160,0.5051,-0.7468,-0.0411,2
1776691066.784857,587,1776691066.784857,1776691066.784899,1776691066.735653,1776691066.672545,14.851084,-0.098181,-0.012434,0.233000,0.009000,0.000000,0.460570,0.193798,8.911140,-0.053288,0.082330,-0.005862,24.0160,0.5051,-0.7468,-0.0411,2
1776691066.834835,588,1776691066.834835,1776691066.834876,1776691066.735653,1776691066.820794,14.864077,-0.098342,-0.012184,0.260000,0.000000,0.000000,-0.612499,-0.086133,9.926787,-0.081797,-0.078333,0.037568,24.0160,0.5105,-0.7503,-0.0445,2
1776691066.884863,589,1776691066.884863,1776691066.834876,1776691066.735653,1776691066.820794,14.876881,-0.098748,-0.011033,0.256000,-0.005000,0.000000,-0.612499,-0.086133,9.926787,-0.081797,-0.078333,0.037568,24.0160,0.5105,-0.7503,-0.0445,2
1776691066.934948,590,1776691066.934948,1776691066.935010,1776691066.735653,1776691066.820794,14.888802,-0.098730,-0.011784,0.238000,0.003000,0.000000,0.178247,-0.236865,11.059671,0.043696,-0.036769,0.023180,24.0160,0.5105,-0.7503,-0.0445,2
1776691066.984964,591,1776691066.984964,1776691066.985006,1776691066.735653,1776691066.969092,14.901562,-0.098330,-0.015385,0.255000,0.011000,0.000000,-0.567040,-0.392382,9.900469,-0.075403,-0.097517,0.049025,24.0160,0.5174,-0.7536,-0.0462,2
1776691067.035012,592,1776691067.035012,1776691067.035054,1776691066.735653,1776691066.969092,14.913423,-0.098462,-0.016487,0.237000,0.001000,0.000000,0.102881,-0.704613,9.394440,0.099915,0.064478,0.056219,24.0160,0.5174,-0.7536,-0.0462,2
1776691067.084985,593,1776691067.084985,1776691067.085028,1776691066.735653,1776691066.969092,14.926508,-0.099028,-0.013688,0.262000,-0.007000,0.000000,-0.089722,0.451000,9.496124,0.042630,-0.019184,0.003730,24.0160,0.5174,-0.7536,-0.0462,2
1776691067.135018,594,1776691067.135018,1776691067.085028,1776691066.735653,1776691067.118039,14.939164,-0.099201,-0.013688,0.253000,0.000000,0.000000,-0.089722,0.451000,9.496124,0.042630,-0.019184,0.003730,24.0160,0.5245,-0.7526,-0.0476,2
1776691067.185024,595,1776691067.185024,1776691067.185068,1776691066.735653,1776691067.118039,14.951056,-0.100064,-0.009487,0.238000,-0.014000,0.000000,0.573021,-0.288305,10.638578,0.054087,0.008793,-0.079399,24.0160,0.5245,-0.7526,-0.0476,2
1776691067.235018,596,1776691067.235018,1776691067.235058,1776691066.735653,1776691067.118039,14.963902,-0.100286,-0.008137,0.257000,-0.002000,0.000000,-0.204565,-0.058618,9.823907,0.020249,-0.038634,-0.066077,24.0160,0.5245,-0.7526,-0.0476,2
1776691067.285089,597,1776691067.285089,1776691067.235058,1776691066.735653,1776691067.266310,14.975471,-0.100080,-0.010641,0.231000,0.006000,0.000000,-0.204565,-0.058618,9.823907,0.020249,-0.038634,-0.066077,24.0160,0.5313,-0.7504,-0.0490,2
1776691067.335117,598,1776691067.335117,1776691067.285131,1776691067.335745,1776691067.266310,14.988577,-0.100219,-0.010391,0.262000,0.000000,0.000000,0.770409,0.123218,9.311896,-0.046361,0.067143,-0.007993,24.0150,0.5313,-0.7504,-0.0490,2
1776691067.385078,599,1776691067.385078,1776691067.335195,1776691067.335745,1776691067.266310,15.000967,-0.100398,-0.009741,0.248000,-0.001000,0.000000,-0.838597,-0.216528,9.478180,-0.067942,-0.083929,-0.008793,24.0150,0.5313,-0.7504,-0.0490,2
1776691067.435169,600,1776691067.435169,1776691067.385117,1776691067.335745,1776691067.415866,15.012839,-0.100363,-0.011294,0.237000,0.003000,0.000000,0.092114,0.240454,9.894487,0.002132,0.015720,-0.045295,24.0150,0.5387,-0.7504,-0.0472,2
1776691067.485142,601,1776691067.485142,1776691067.485182,1776691067.335745,1776691067.415866,15.025485,-0.100206,-0.012693,0.253000,0.006000,0.000000,-0.508422,-0.059814,9.553546,-0.061015,-0.080731,0.007460,24.0150,0.5387,-0.7504,-0.0472,2
1776691067.536374,602,1776691067.536374,1776691067.536415,1776691067.335745,1776691067.415866,15.037112,-0.100508,-0.011822,0.227000,-0.003000,0.000000,0.835008,-0.434252,10.168437,0.060482,0.013322,-0.009858,24.0150,0.5387,-0.7504,-0.0472,2
1776691067.585200,603,1776691067.585200,1776691067.585243,1776691067.335745,1776691067.563838,15.049952,-0.100708,-0.011481,0.263000,-0.001000,0.000000,-0.769212,-0.122021,9.177912,0.054087,-0.007460,0.022914,24.0150,0.5438,-0.7464,-0.0467,2
1776691067.635273,604,1776691067.635273,1776691067.635333,1776691067.335745,1776691067.563838,15.062470,-0.100702,-0.012132,0.250000,0.003000,0.000000,0.589769,0.392382,8.730501,-0.074070,0.115369,0.036502,24.0150,0.5438,-0.7464,-0.0467,2
1776691067.685296,605,1776691067.685296,1776691067.685338,1776691067.335745,1776691067.563838,15.075068,-0.101455,-0.008930,0.252000,-0.012000,0.000000,0.344531,0.266772,11.115896,0.010391,-0.005329,0.014388,24.0150,0.5438,-0.7464,-0.0467,2
1776691067.735743,606,1776691067.735743,1776691067.735790,1776691067.335745,1776691067.711943,15.088182,-0.101824,-0.006963,0.260000,-0.005000,0.000000,-0.159106,0.132788,9.926787,0.005062,-0.026644,-0.005862,24.0150,0.5490,-0.7447,-0.0463,2
1776691067.785401,607,1776691067.785401,1776691067.735790,1776691067.335745,1776691067.711943,15.099705,-0.101606,-0.008850,0.232000,0.006000,0.000000,-0.159106,0.132788,9.926787,0.005062,-0.026644,-0.005862,24.0150,0.5490,-0.7447,-0.0463,2
1776691067.835311,608,1776691067.835311,1776691067.785444,1776691067.335745,1776691067.711943,15.113082,-0.101475,-0.010846,0.268000,0.005000,0.000000,0.610106,0.260790,9.137239,-0.065544,0.105510,0.025578,24.0150,0.5490,-0.7447,-0.0463,2
1776691067.885340,609,1776691067.885340,1776691067.835403,1776691067.335745,1776691067.860508,15.125538,-0.101710,-0.009745,0.249000,-0.002000,0.000000,-0.986937,-0.005981,9.400421,-0.073804,-0.062880,0.034371,24.0150,0.5523,-0.7412,-0.0480,2
1776691067.935527,610,1776691067.935527,1776691067.935600,1776691067.936682,1776691067.860508,15.137983,-0.101782,-0.010849,0.248000,0.001000,0.000000,-0.825438,-0.119629,9.734185,0.073005,-0.023180,-0.053022,24.0110,0.5523,-0.7412,-0.0480,2
1776691067.985546,611,1776691067.985546,1776691067.935600,1776691067.936682,1776691067.860508,15.151139,-0.101874,-0.011149,0.263000,0.001000,0.000000,-0.825438,-0.119629,9.734185,0.073005,-0.023180,-0.053022,24.0110,0.5523,-0.7412,-0.0480,2
1776691068.035486,612,1776691068.035486,1776691067.985588,1776691067.936682,1776691068.008973,15.163123,-0.102108,-0.010151,0.240000,-0.002000,0.000000,-0.443822,-0.014355,9.529620,-0.054087,-0.090590,-0.018917,24.0110,0.5569,-0.7378,-0.0498,2
1776691068.085459,613,1776691068.085459,1776691068.035543,1776691067.936682,1776691068.008973,15.176813,-0.102447,-0.009001,0.274000,-0.004000,0.000000,0.728539,-0.607714,9.713848,0.074070,0.032239,-0.079932,24.0110,0.5569,-0.7378,-0.0498,2
1776691068.135533,614,1776691068.135533,1776691068.085501,1776691067.936682,1776691068.008973,15.188883,-0.102255,-0.010453,0.241000,0.006000,0.000000,-0.727342,-0.126806,9.767681,0.076202,-0.018118,-0.019184,24.0110,0.5569,-0.7378,-0.0498,2
1776691068.185537,615,1776691068.185537,1776691068.135607,1776691067.936682,1776691068.157455,15.200881,-0.102680,-0.008953,0.240000,-0.006000,0.000000,0.399560,-0.118432,9.055891,-0.068742,0.116701,0.066344,24.0110,0.5631,-0.7360,-0.0516,2
1776691068.235580,616,1776691068.235580,1776691068.235624,1776691067.936682,1776691068.157455,15.213640,-0.102895,-0.008553,0.255000,-0.002000,0.000000,-0.171069,0.023926,9.593023,0.034371,0.000799,0.045295,24.0110,0.5631,-0.7360,-0.0516,2
1776691068.285667,617,1776691068.285667,1776691068.285710,1776691067.936682,1776691068.157455,15.224963,-0.102591,-0.010957,0.226000,0.008000,0.000000,0.501244,0.314623,9.381281,-0.042897,0.049291,0.054354,24.0110,0.5631,-0.7360,-0.0516,2
1776691068.335583,618,1776691068.335583,1776691068.285710,1776691067.936682,1776691068.306097,15.238491,-0.102589,-0.012704,0.271000,0.003000,0.000000,0.501244,0.314623,9.381281,-0.042897,0.049291,0.054354,24.0110,0.5650,-0.7337,-0.0536,2
1776691068.385650,619,1776691068.385650,1776691068.335636,1776691067.936682,1776691068.306097,15.251252,-0.103152,-0.009550,0.255000,-0.008000,0.000000,-0.514403,0.128003,9.425543,-0.055686,-0.085261,0.044495,24.0110,0.5650,-0.7337,-0.0536,2
1776691068.435672,620,1776691068.435672,1776691068.385691,1776691067.936682,1776691068.306097,15.263606,-0.103270,-0.009750,0.247000,0.000000,0.000000,0.348119,0.527562,9.482965,0.030641,0.061281,-0.032506,24.0110,0.5650,-0.7337,-0.0536,2
1776691068.485708,621,1776691068.485708,1776691068.485749,1776691067.936682,1776691068.454539,15.276567,-0.103146,-0.011501,0.259000,0.005000,0.000000,-0.281127,-0.136377,9.600202,-0.045828,-0.073537,-0.038101,24.0110,0.5678,-0.7317,-0.0540,2
1776691068.535800,622,1776691068.535800,1776691068.535848,1776691068.536314,1776691068.454539,15.287887,-0.103377,-0.010499,0.226000,-0.002000,0.000000,0.610106,-0.244043,10.386162,0.023447,-0.001865,-0.007460,24.0110,0.5678,-0.7317,-0.0540,2
1776691068.585727,623,1776691068.585727,1776691068.585768,1776691068.536314,1776691068.454539,15.300766,-0.103612,-0.009701,0.258000,-0.002000,0.000000,-0.711791,-0.252416,9.302326,0.075935,-0.031173,0.010391,24.0110,0.5678,-0.7317,-0.0540,2
1776691068.635724,624,1776691068.635724,1776691068.585768,1776691068.536314,1776691068.603057,15.313565,-0.103636,-0.010451,0.256000,0.002000,0.000000,-0.711791,-0.252416,9.302326,0.075935,-0.031173,0.010391,24.0110,0.5722,-0.7318,-0.0537,2
1776691068.685750,625,1776691068.685750,1776691068.635769,1776691068.536314,1776691068.603057,15.326368,-0.104070,-0.008499,0.256000,-0.006000,0.000000,0.488085,0.308642,8.700594,-0.056485,0.116434,0.002132,24.0110,0.5722,-0.7318,-0.0537,2
1776691068.737139,626,1776691068.737139,1776691068.685793,1776691068.536314,1776691068.603057,15.339727,-0.104389,-0.007266,0.260000,-0.004000,0.000000,0.159106,0.295483,11.592019,-0.020516,-0.031440,0.067143,24.0110,0.5722,-0.7318,-0.0537,2
1776691068.785844,627,1776691068.785844,1776691068.785885,1776691068.536314,1776691068.751636,15.351077,-0.104228,-0.008338,0.233000,0.005000,0.000000,0.613695,0.373241,9.243708,-0.072472,0.097783,0.006927,24.0110,0.5795,-0.7317,-0.0499,2
1776691068.835867,628,1776691068.835867,1776691068.835911,1776691068.536314,1776691068.751636,15.363986,-0.103985,-0.010989,0.258000,0.007000,0.000000,-0.765624,-0.107666,9.639679,-0.072738,-0.075136,0.046893,24.0110,0.5795,-0.7317,-0.0499,2
1776691068.885891,629,1776691068.885891,1776691068.835911,1776691068.536314,1776691068.751636,15.376190,-0.104219,-0.010789,0.244000,-0.002000,0.000000,-0.765624,-0.107666,9.639679,-0.072738,-0.075136,0.046893,24.0110,0.5795,-0.7317,-0.0499,2
1776691068.936603,630,1776691068.936603,1776691068.885935,1776691068.536314,1776691068.900197,15.388817,-0.104356,-0.010282,0.249000,0.000000,0.000000,-0.046655,0.325390,9.174323,0.021049,0.069274,0.049025,24.0110,0.5851,-0.7319,-0.0466,2
1776691068.985893,631,1776691068.985893,1776691068.985935,1776691068.536314,1776691068.900197,15.401435,-0.104436,-0.011120,0.256000,0.001000,0.000000,-0.177050,-0.174658,9.910040,-0.035969,-0.064478,-0.045295,24.0110,0.5851,-0.7319,-0.0466,2
1776691069.035919,632,1776691069.035919,1776691068.985935,1776691068.536314,1776691068.900197,15.413084,-0.105116,-0.007418,0.233000,-0.011000,0.000000,-0.177050,-0.174658,9.910040,-0.035969,-0.064478,-0.045295,24.0110,0.5851,-0.7319,-0.0466,2
1776691069.086002,633,1776691069.086002,1776691069.035965,1776691068.536314,1776691069.048490,15.426554,-0.105466,-0.005464,0.269000,-0.005000,0.000000,0.788353,0.063403,11.271414,0.017585,-0.021582,-0.065278,24.0110,0.5894,-0.7319,-0.0409,2
1776691069.135998,634,1776691069.135998,1776691069.136060,1776691069.136576,1776691069.048490,15.438952,-0.105534,-0.005714,0.248000,0.000000,0.000000,0.878074,0.296679,9.218586,-0.062880,0.091389,-0.001332,24.0120,0.5894,-0.7319,-0.0409,2
1776691069.186039,635,1776691069.186039,1776691069.186079,1776691069.136576,1776691069.048490,15.451662,-0.105707,-0.004613,0.254000,-0.002000,0.000000,-0.272753,0.490478,11.126663,-0.054887,-0.031973,-0.016519,24.0120,0.5894,-0.7319,-0.0409,2
1776691069.236021,636,1776691069.236021,1776691069.186079,1776691069.136576,1776691069.197009,15.464107,-0.105864,-0.003964,0.249000,-0.002000,0.000000,-0.272753,0.490478,11.126663,-0.054887,-0.031973,-0.016519,24.0120,0.5914,-0.7313,-0.0379,2
1776691069.286032,637,1776691069.286032,1776691069.236064,1776691069.136576,1776691069.197009,15.475659,-0.105710,-0.005564,0.231000,0.004000,0.000000,0.275146,0.025122,9.591827,0.038367,0.035703,-0.054887,24.0120,0.5914,-0.7313,-0.0379,2
1776691069.336166,638,1776691069.336166,1776691069.336254,1776691069.136576,1776691069.197009,15.488545,-0.105431,-0.007569,0.257000,0.007000,0.000000,-0.622069,0.070581,9.583453,-0.064212,-0.065011,-0.011457,24.0120,0.5914,-0.7313,-0.0379,2
1776691069.386111,639,1776691069.386111,1776691069.386152,1776691069.136576,1776691069.345069,15.500133,-0.105568,-0.007469,0.232000,-0.001000,0.000000,0.022729,-0.288305,8.528328,0.057285,0.116701,-0.003197,24.0120,0.5914,-0.7316,-0.0358,2
1776691069.436111,640,1776691069.436111,1776691069.436154,1776691069.136576,1776691069.345069,15.513183,-0.105666,-0.007419,0.261000,0.000000,0.000000,-0.851756,-0.159106,9.119294,0.071672,-0.017319,0.011457,24.0120,0.5914,-0.7316,-0.0358,2
1776691069.486151,641,1776691069.486151,1776691069.486193,1776691069.136576,1776691069.345069,15.525944,-0.105560,-0.008420,0.255000,0.004000,0.000000,-0.202172,-0.209350,9.721026,-0.034904,-0.032239,0.032506,24.0120,0.5914,-0.7316,-0.0358,2
1776691069.536427,642,1776691069.536427,1776691069.536480,1776691069.136576,1776691069.494530,15.538307,-0.106117,-0.005655,0.246000,-0.009000,0.000000,0.224902,0.317016,11.448464,-0.025312,-0.025312,0.013322,24.0120,0.5913,-0.7360,-0.0324,2
1776691069.586202,643,1776691069.586202,1776691069.536480,1776691069.136576,1776691069.494530,15.551297,-0.106340,-0.004361,0.261000,-0.003000,0.000000,0.224902,0.317016,11.448464,-0.025312,-0.025312,0.013322,24.0120,0.5913,-0.7360,-0.0324,2
1776691069.636219,644,1776691069.636219,1776691069.636260,1776691069.136576,1776691069.494530,15.563451,-0.106293,-0.005461,0.243000,0.002000,0.000000,0.772801,0.297875,9.128864,-0.074337,0.116967,0.049025,24.0120,0.5913,-0.7360,-0.0324,2
1776691069.686236,645,1776691069.686236,1776691069.686278,1776691069.136576,1776691069.642440,15.576955,-0.106466,-0.004361,0.270000,-0.002000,0.000000,-0.275146,0.415112,10.798881,-0.044495,-0.051689,0.034104,24.0120,0.5885,-0.7368,-0.0321,2
1776691069.736348,646,1776691069.736348,1776691069.736418,1776691069.736956,1776691069.642440,15.589531,-0.106722,-0.002858,0.251000,-0.004000,0.000000,0.434252,0.047851,9.256866,0.045028,0.062880,-0.051423,24.0100,0.5885,-0.7368,-0.0321,2
1776691069.786357,647,1776691069.786357,1776691069.786399,1776691069.736956,1776691069.642440,15.601234,-0.106455,-0.005258,0.234000,0.006000,0.000000,0.549096,-0.220117,10.225859,-0.044229,0.038634,-0.010658,24.0100,0.5885,-0.7368,-0.0321,2
1776691069.836381,648,1776691069.836381,1776691069.836425,1776691069.736956,1776691069.791035,15.614391,-0.106374,-0.006059,0.263000,0.003000,0.000000,-0.306249,0.044263,9.665997,-0.050091,-0.083129,-0.021848,24.0100,0.5868,-0.7403,-0.0316,2
1776691069.886398,649,1776691069.886398,1776691069.886442,1776691069.736956,1776691069.791035,15.626345,-0.106547,-0.005158,0.239000,-0.002000,0.000000,0.123218,-0.192602,8.811849,0.057018,0.111638,-0.076468,24.0100,0.5868,-0.7403,-0.0316,2
1776691069.936422,650,1776691069.936422,1776691069.886442,1776691069.736956,1776691069.791035,15.639252,-0.106413,-0.006659,0.258000,0.004000,0.000000,0.123218,-0.192602,8.811849,0.057018,0.111638,-0.076468,24.0100,0.5868,-0.7403,-0.0316,2
1776691069.986548,651,1776691069.986548,1776691069.986591,1776691069.736956,1776691069.942095,15.651484,-0.106094,-0.008864,0.244000,0.008000,0.000000,-0.368456,-0.235668,9.382477,-0.029308,-0.053288,0.071939,24.0100,0.5886,-0.7455,-0.0326,2
1776691070.036475,652,1776691070.036475,1776691069.986591,1776691069.736956,1776691069.942095,15.662416,-0.106390,-0.007766,0.219000,-0.004000,0.000000,-0.368456,-0.235668,9.382477,-0.029308,-0.053288,0.071939,24.0100,0.5886,-0.7455,-0.0326,2
1776691070.086465,653,1776691070.086465,1776691070.036519,1776691069.736956,1776691069.942095,15.675511,-0.106742,-0.006266,0.262000,-0.005000,0.000000,0.369653,0.068188,11.708058,-0.033305,-0.060482,0.109507,24.0100,0.5886,-0.7455,-0.0326,2
1776691070.136478,654,1776691070.136478,1776691070.136517,1776691069.736956,1776691070.088096,15.687665,-0.106818,-0.006166,0.243000,0.000000,0.000000,0.707005,0.382812,9.377692,-0.044495,0.049291,0.037568,24.0100,0.5887,-0.7501,-0.0319,2
1776691070.186554,655,1776691070.186554,1776691070.136517,1776691069.736956,1776691070.088096,15.701486,-0.106903,-0.006317,0.276000,0.000000,0.000000,0.707005,0.382812,9.377692,-0.044495,0.049291,0.037568,24.0100,0.5887,-0.7501,-0.0319,2
1776691070.236609,656,1776691070.236609,1776691070.236663,1776691069.736956,1776691070.236912,15.714296,-0.107435,-0.003213,0.256000,-0.009000,0.000000,0.399560,0.081347,8.921906,0.064745,0.102579,-0.042897,24.0100,0.5891,-0.7561,-0.0299,2
1776691070.286536,657,1776691070.286536,1776691070.236663,1776691069.736956,1776691070.236912,15.725981,-0.107272,-0.004462,0.234000,0.004000,0.000000,0.399560,0.081347,8.921906,0.064745,0.102579,-0.042897,24.0100,0.5891,-0.7561,-0.0299,2
1776691070.336577,658,1776691070.336577,1776691070.336630,1776691070.337113,1776691070.236912,15.738894,-0.106930,-0.007064,0.258000,0.008000,0.000000,-0.098096,-0.017944,9.417170,-0.040765,-0.054354,-0.045295,24.0070,0.5891,-0.7561,-0.0299,2
1776691070.386628,659,1776691070.386628,1776691070.336630,1776691070.337113,1776691070.385159,15.750553,-0.107212,-0.005662,0.233000,-0.004000,0.000000,-0.098096,-0.017944,9.417170,-0.040765,-0.054354,-0.045295,24.0070,0.5899,-0.7610,-0.0319,2
1776691070.436727,660,1776691070.436727,1776691070.436771,1776691070.337113,1776691070.385159,15.763477,-0.107436,-0.004260,0.258000,-0.003000,0.000000,-0.680687,-0.376830,9.433917,0.083129,-0.056219,0.003997,24.0070,0.5899,-0.7610,-0.0319,2
1776691070.486696,661,1776691070.486696,1776691070.486738,1776691070.337113,1776691070.385159,15.776072,-0.107190,-0.006508,0.252000,0.006000,0.000000,0.064599,0.282324,9.706671,-0.020516,-0.008793,-0.001865,24.0070,0.5899,-0.7610,-0.0319,2
1776691070.537189,662,1776691070.537189,1776691070.486738,1776691070.337113,1776691070.534154,15.788280,-0.107521,-0.004793,0.242000,-0.005000,0.000000,0.064599,0.282324,9.706671,-0.020516,-0.008793,-0.001865,24.0070,0.5934,-0.7674,-0.0304,2
1776691070.586687,663,1776691070.586687,1776691070.586730,1776691070.337113,1776691070.534154,15.801455,-0.107882,-0.002861,0.266000,-0.006000,0.000000,-0.848167,-0.031103,9.674371,0.062081,-0.094586,-0.003464,24.0070,0.5934,-0.7674,-0.0304,2
1776691070.636775,664,1776691070.636775,1776691070.636818,1776691070.337113,1776691070.534154,15.813725,-0.107967,-0.002310,0.245000,-0.001000,0.000000,0.757250,0.601732,9.377692,-0.087126,0.095386,0.011190,24.0070,0.5934,-0.7674,-0.0304,2
1776691070.686780,665,1776691070.686780,1776691070.686828,1776691070.337113,1776691070.682093,15.826427,-0.107646,-0.004910,0.254000,0.007000,0.000000,-0.043066,-0.029907,10.646952,-0.046627,-0.072472,0.082596,24.0070,0.5969,-0.7705,-0.0306,2
1776691070.736796,666,1776691070.736796,1776691070.736846,1776691070.337113,1776691070.682093,15.838981,-0.107908,-0.004010,0.251000,-0.004000,0.000000,0.037085,0.084936,8.528328,0.053821,0.112704,0.065811,24.0070,0.5969,-0.7705,-0.0306,2
1776691070.786792,667,1776691070.786792,1776691070.736846,1776691070.337113,1776691070.682093,15.850580,-0.107754,-0.005110,0.232000,0.004000,0.000000,0.037085,0.084936,8.528328,0.053821,0.112704,0.065811,24.0070,0.5969,-0.7705,-0.0306,2
1776691070.836823,668,1776691070.836823,1776691070.836863,1776691070.337113,1776691070.830498,15.863488,-0.107770,-0.006060,0.258000,0.001000,0.000000,-0.208154,-0.032300,9.661212,-0.031440,-0.047160,-0.029308,24.0070,0.5986,-0.7741,-0.0313,2
1776691070.886903,669,1776691070.886903,1776691070.886945,1776691070.337113,1776691070.830498,15.875004,-0.108191,-0.003657,0.230000,-0.007000,0.000000,0.650780,0.273950,9.043928,0.060215,0.100448,-0.078866,24.0070,0.5986,-0.7741,-0.0313,2
1776691070.936882,670,1776691070.936882,1776691070.886945,1776691070.937528,1776691070.830498,15.888449,-0.108290,-0.003207,0.269000,-0.001000,0.000000,0.650780,0.273950,9.043928,0.060215,0.100448,-0.078866,24.0030,0.5986,-0.7741,-0.0313,2
1776691070.986859,671,1776691070.986859,1776691070.987561,1776691070.937528,1776691070.978992,15.901143,-0.108231,-0.004006,0.254000,0.002000,0.000000,0.156714,0.394775,9.695904,-0.023713,0.010125,-0.010658,24.0030,0.6004,-0.7795,-0.0311,2
1776691071.036886,672,1776691071.036886,1776691070.987561,1776691070.937528,1776691070.978992,15.913498,-0.108630,-0.001805,0.247000,-0.007000,0.000000,0.156714,0.394775,9.695904,-0.023713,0.010125,-0.010658,24.0030,0.6004,-0.7795,-0.0311,2
1776691071.086983,673,1776691071.086983,1776691071.087025,1776691070.937528,1776691070.978992,15.926322,-0.108954,0.000199,0.256000,-0.006000,0.000000,-0.623265,-0.167480,9.736578,0.053821,-0.092721,-0.035170,24.0030,0.6004,-0.7795,-0.0311,2
1776691071.136966,674,1776691071.136966,1776691071.137010,1776691070.937528,1776691071.127520,15.938068,-0.108852,-0.000651,0.235000,0.002000,0.000000,0.570629,0.604125,9.463824,-0.079399,0.085794,-0.010658,24.0030,0.6064,-0.7874,-0.0328,2
1776691071.187029,675,1776691071.187029,1776691071.137010,1776691070.937528,1776691071.127520,15.951485,-0.108510,-0.002954,0.268000,0.007000,0.000000,0.570629,0.604125,9.463824,-0.079399,0.085794,-0.010658,24.0030,0.6064,-0.7874,-0.0328,2
1776691071.237019,676,1776691071.237019,1776691071.237063,1776691070.937528,1776691071.127520,15.963782,-0.108646,-0.002154,0.246000,-0.002000,0.000000,0.136377,-0.471337,8.397933,0.073804,0.118566,-0.004529,24.0030,0.6064,-0.7874,-0.0328,2
1776691071.287044,677,1776691071.287044,1776691071.287088,1776691070.937528,1776691071.275735,15.975539,-0.108322,-0.004705,0.235000,0.007000,0.000000,0.440234,-0.138769,11.120682,0.004529,-0.001599,0.023980,24.0030,0.6110,-0.7920,-0.0375,2
1776691071.337124,678,1776691071.337124,1776691071.337166,1776691070.937528,1776691071.275735,15.988510,-0.108182,-0.006108,0.259000,0.004000,0.000000,-0.177050,-0.168676,9.558331,-0.024246,-0.027177,0.011457,24.0030,0.6110,-0.7920,-0.0375,2
1776691071.387136,679,1776691071.387136,1776691071.337166,1776691070.937528,1776691071.275735,16.000559,-0.108656,-0.003557,0.241000,-0.008000,0.000000,-0.177050,-0.168676,9.558331,-0.024246,-0.027177,0.011457,24.0030,0.6110,-0.7920,-0.0375,2
1776691071.437104,680,1776691071.437104,1776691071.437137,1776691070.937528,1776691071.424343,16.013851,-0.108753,-0.003057,0.266000,-0.001000,0.000000,-1.091014,-0.128003,9.380084,0.061015,-0.084994,0.007194,24.0030,0.6162,-0.7950,-0.0420,2
1776691071.487137,681,1776691071.487137,1776691071.437137,1776691070.937528,1776691071.424343,16.026110,-0.108540,-0.004859,0.245000,0.005000,0.000000,-1.091014,-0.128003,9.380084,0.061015,-0.084994,0.007194,24.0030,0.6162,-0.7950,-0.0420,2
1776691071.537162,682,1776691071.537162,1776691071.537203,1776691071.537666,1776691071.424343,16.038414,-0.108900,-0.002507,0.246000,-0.006000,0.000000,-0.248828,0.192602,10.455546,-0.045295,-0.055952,0.051956,23.9970,0.6162,-0.7950,-0.0420,2
1776691071.587169,683,1776691071.587169,1776691071.537203,1776691071.537666,1776691071.572185,16.051016,-0.109132,-0.001207,0.252000,-0.004000,0.000000,-0.248828,0.192602,10.455546,-0.045295,-0.055952,0.051956,23.9970,0.6217,-0.7998,-0.0493,2
1776691071.637181,684,1776691071.637181,1776691071.637219,1776691071.537666,1776691071.572185,16.063271,-0.109147,-0.001407,0.245000,0.000000,0.000000,0.456982,0.367260,10.124175,-0.054620,0.043430,0.005862,23.9970,0.6217,-0.7998,-0.0493,2
1776691071.687337,685,1776691071.687337,1776691071.637219,1776691071.537666,1776691071.572185,16.077063,-0.109116,-0.001608,0.275000,0.001000,0.000000,0.456982,0.367260,10.124175,-0.054620,0.043430,0.005862,23.9970,0.6217,-0.7998,-0.0493,2
1776691071.737363,686,1776691071.737363,1776691071.687423,1776691071.537666,1776691071.720240,16.089668,-0.109386,-0.000007,0.252000,-0.005000,0.000000,-0.148340,0.107666,9.673175,-0.072205,-0.024512,-0.023180,23.9970,0.6288,-0.8017,-0.0575,2
1776691071.787271,687,1776691071.787271,1776691071.737406,1776691071.537666,1776691071.720240,16.101048,-0.108838,-0.003850,0.228000,0.011000,0.000000,0.168676,-0.381615,8.735286,0.071139,0.116168,-0.065544,23.9970,0.6288,-0.8017,-0.0575,2
1776691071.837303,688,1776691071.837303,1776691071.787320,1776691071.537666,1776691071.720240,16.113657,-0.108536,-0.006051,0.252000,0.007000,0.000000,-0.573021,-0.387597,10.485454,-0.040765,0.017851,-0.000533,23.9970,0.6288,-0.8017,-0.0575,2
1776691071.887412,689,1776691071.887412,1776691071.837345,1776691071.537666,1776691071.868859,16.124279,-0.108700,-0.005300,0.212000,-0.002000,0.000000,-0.348119,-0.269165,9.241315,-0.027443,-0.042364,0.045561,23.9970,0.6361,-0.8032,-0.0657,2
1776691071.937417,690,1776691071.937417,1776691071.937461,1776691071.537666,1776691071.868859,16.137329,-0.109020,-0.003550,0.261000,-0.005000,0.000000,-0.619677,-0.044263,9.575079,0.055952,-0.082863,0.038367,23.9970,0.6361,-0.8032,-0.0657,2
1776691071.987454,691,1776691071.987454,1776691071.937461,1776691071.537666,1776691071.868859,16.149937,-0.109064,-0.003550,0.252000,0.000000,0.000000,-0.619677,-0.044263,9.575079,0.055952,-0.082863,0.038367,23.9970,0.6361,-0.8032,-0.0657,2
1776691072.037414,692,1776691072.037414,1776691072.037459,1776691071.537666,1776691072.017487,16.163176,-0.109411,-0.001651,0.265000,-0.006000,0.000000,-0.596947,0.093310,10.233037,-0.056219,-0.034637,0.029575,23.9970,0.6440,-0.8024,-0.0709,2
1776691072.087477,693,1776691072.087477,1776691072.087523,1776691071.537666,1776691072.017487,16.176090,-0.110033,0.002054,0.258000,-0.012000,0.000000,0.503637,-0.210546,9.750934,0.064212,-0.097783,-0.057551,23.9970,0.6440,-0.8024,-0.0709,2
1776691072.137466,694,1776691072.137466,1776691072.137510,1776691072.137984,1776691072.017487,16.188139,-0.110158,0.003353,0.241000,-0.003000,0.000000,0.331371,0.587377,9.777251,-0.060748,0.030907,-0.045028,23.9960,0.6440,-0.8024,-0.0709,2
1776691072.187893,695,1776691072.187893,1776691072.137510,1776691072.137984,1776691072.165603,16.201349,-0.109660,0.000277,0.262000,0.009000,0.000000,0.331371,0.587377,9.777251,-0.060748,0.030907,-0.045028,23.9960,0.6479,-0.7994,-0.0781,2
1776691072.237514,696,1776691072.237514,1776691072.187937,1776691072.137984,1776691072.165603,16.213556,-0.109558,-0.000368,0.246000,0.002000,0.000000,-0.120825,0.064599,9.387262,-0.071139,-0.017851,-0.022115,23.9960,0.6479,-0.7994,-0.0781,2
1776691072.287528,697,1776691072.287528,1776691072.237550,1776691072.137984,1776691072.165603,16.225809,-0.109312,-0.002418,0.245000,0.005000,0.000000,0.296679,-0.720165,8.747249,0.082330,0.100181,-0.001332,23.9960,0.6479,-0.7994,-0.0781,2
1776691072.337557,698,1776691072.337557,1776691072.337600,1776691072.137984,1776691072.314689,16.238367,-0.109042,-0.004369,0.251000,0.006000,0.000000,0.040674,-0.283520,9.691119,-0.017585,-0.017851,0.018651,23.9960,0.6509,-0.7954,-0.0845,2
1776691072.387621,699,1776691072.387621,1776691072.388695,1776691072.137984,1776691072.314689,16.249823,-0.109493,-0.001968,0.229000,-0.008000,0.000000,0.114844,0.343334,9.724615,0.037302,0.061015,0.011723,23.9960,0.6509,-0.7954,-0.0845,2
1776691072.437611,700,1776691072.437611,1776691072.437651,1776691072.137984,1776691072.314689,16.263027,-0.109569,-0.001618,0.264000,-0.001000,0.000000,-0.823045,0.059814,9.655231,0.059683,-0.093787,-0.009059,23.9960,0.6509,-0.7954,-0.0845,2
1776691072.487621,701,1776691072.487621,1776691072.487663,1776691072.137984,1776691072.463097,16.275480,-0.109439,-0.002568,0.249000,0.003000,0.000000,0.669921,0.647191,9.771270,-0.007993,0.015720,-0.003997,23.9960,0.6560,-0.7895,-0.0916,2
1776691072.537669,702,1776691072.537669,1776691072.537713,1776691072.137984,1776691072.463097,16.287292,-0.109469,-0.002518,0.236000,0.000000,0.000000,-0.108862,-0.034692,10.524931,-0.046893,-0.071406,0.073804,23.9960,0.6560,-0.7895,-0.0916,2
1776691072.587716,703,1776691072.587716,1776691072.587796,1776691072.137984,1776691072.463097,16.299454,-0.109750,-0.001066,0.243000,-0.005000,0.000000,-0.011963,0.000000,10.231840,0.059416,-0.075669,0.013588,23.9960,0.6560,-0.7895,-0.0916,2
1776691072.637737,704,1776691072.637737,1776691072.637773,1776691072.137984,1776691072.611512,16.310759,-0.109662,-0.001817,0.226000,0.002000,0.000000,0.844578,0.382812,11.203225,-0.022914,-0.031973,-0.004529,23.9960,0.6601,-0.7847,-0.0950,2
1776691072.687797,705,1776691072.687797,1776691072.687843,1776691072.137984,1776691072.611512,16.324575,-0.109687,-0.002167,0.276000,0.000000,0.000000,-0.192602,0.017944,9.359748,-0.076468,-0.025045,-0.024246,23.9960,0.6601,-0.7847,-0.0950,2
1776691072.737808,706,1776691072.737808,1776691072.737852,1776691072.738290,1776691072.611512,16.336878,-0.110064,0.000133,0.246000,-0.007000,0.000000,0.638817,-0.349316,9.027180,0.061281,0.093787,-0.078600,23.9940,0.6601,-0.7847,-0.0950,2
1776691072.787831,707,1776691072.787831,1776691072.787912,1776691072.738290,1776691072.760094,16.349733,-0.109862,-0.001217,0.257000,0.004000,0.000000,-0.986937,-0.141162,10.974734,0.031706,-0.011723,-0.038367,23.9940,0.6644,-0.7788,-0.0991,2
1776691072.837816,708,1776691072.837816,1776691072.787912,1776691072.738290,1776691072.760094,16.362381,-0.109577,-0.003167,0.253000,0.006000,0.000000,-0.986937,-0.141162,10.974734,0.031706,-0.011723,-0.038367,23.9940,0.6644,-0.7788,-0.0991,2
1776691072.887942,709,1776691072.887942,1776691072.887986,1776691072.738290,1776691072.760094,16.373859,-0.109864,-0.001312,0.229000,-0.005000,0.000000,-0.026318,0.211743,10.026079,0.035170,0.055952,-0.043430,23.9940,0.6644,-0.7788,-0.0991,2
1776691072.937847,710,1776691072.937847,1776691072.937889,1776691072.738290,1776691072.908559,16.386934,-0.110031,-0.000214,0.262000,-0.003000,0.000000,-0.699828,-0.063403,9.679156,0.057018,-0.092721,-0.038101,23.9940,0.6680,-0.7735,-0.1041,2
1776691072.987930,711,1776691072.987930,1776691072.987972,1776691072.738290,1776691072.908559,16.399054,-0.110034,-0.000214,0.242000,0.000000,0.000000,0.675902,0.612499,9.697101,-0.017851,0.030108,-0.005329,23.9940,0.6680,-0.7735,-0.1041,2
1776691073.037922,712,1776691073.037922,1776691073.037967,1776691072.738290,1776691072.908559,16.411552,-0.109987,-0.000664,0.250000,0.001000,0.000000,-0.435448,-0.169873,9.816730,-0.062081,-0.036769,0.022381,23.9940,0.6680,-0.7735,-0.1041,2
1776691073.087940,713,1776691073.087940,1776691073.037967,1776691072.738290,1776691073.058018,16.424208,-0.110095,0.000086,0.253000,-0.002000,0.000000,-0.435448,-0.169873,9.816730,-0.062081,-0.036769,0.022381,23.9940,0.6741,-0.7677,-0.1073,2
1776691073.138008,714,1776691073.138008,1776691073.138051,1776691072.738290,1776691073.058018,16.435923,-0.110094,-0.000114,0.234000,0.000000,0.000000,0.717772,0.306249,10.502201,-0.035437,0.028776,0.025045,23.9940,0.6741,-0.7677,-0.1073,2
1776691073.187990,715,1776691073.187990,1776691073.138051,1776691072.738290,1776691073.058018,16.449718,-0.110046,-0.000414,0.276000,0.001000,0.000000,0.717772,0.306249,10.502201,-0.035437,0.028776,0.025045,23.9940,0.6741,-0.7677,-0.1073,2
1776691073.238066,716,1776691073.238066,1776691073.188032,1776691072.738290,1776691073.207174,16.462187,-0.110251,0.000988,0.249000,-0.004000,0.000000,-0.322997,0.007178,9.131257,-0.062081,-0.025578,0.001865,23.9940,0.6771,-0.7626,-0.1141,2
1776691073.288086,717,1776691073.288086,1776691073.238109,1776691072.738290,1776691073.207174,16.474291,-0.109639,-0.002864,0.242000,0.012000,0.000000,1.076658,-0.395971,9.036750,0.057817,0.098050,-0.036769,23.9940,0.6771,-0.7626,-0.1141,2
1776691073.338114,718,1776691073.338114,1776691073.338157,1776691073.338586,1776691073.207174,16.487148,-0.109325,-0.005265,0.257000,0.007000,0.000000,0.038281,-0.252416,9.613360,-0.017319,-0.041032,0.044229,23.9880,0.6771,-0.7626,-0.1141,2
1776691073.388092,719,1776691073.388092,1776691073.338157,1776691073.338586,1776691073.355930,16.498741,-0.109786,-0.002366,0.232000,-0.008000,0.000000,0.038281,-0.252416,9.613360,-0.017319,-0.041032,0.044229,23.9880,0.6785,-0.7586,-0.1209,2
1776691073.438121,720,1776691073.438121,1776691073.438166,1776691073.338586,1776691073.355930,16.511997,-0.110218,0.000436,0.265000,-0.008000,0.000000,-0.904393,0.086133,9.537994,0.055686,-0.093520,-0.025045,23.9880,0.6785,-0.7586,-0.1209,2
1776691073.488186,721,1776691073.488186,1776691073.438166,1776691073.338586,1776691073.355930,16.524464,-0.110213,0.000536,0.249000,0.000000,0.000000,-0.904393,0.086133,9.537994,0.055686,-0.093520,-0.025045,23.9880,0.6785,-0.7586,-0.1209,2
1776691073.538176,722,1776691073.538176,1776691073.488225,1776691073.338586,1776691073.505799,16.537062,-0.110456,0.002085,0.252000,-0.005000,0.000000,0.773998,0.507226,9.803570,-0.022914,0.057551,-0.017851,23.9880,0.6822,-0.7562,-0.1235,2
1776691073.588248,723,1776691073.588248,1776691073.538218,1776691073.338586,1776691073.505799,16.549881,-0.110629,0.003437,0.256000,-0.004000,0.000000,-0.380419,0.216528,10.091875,-0.062347,-0.032506,-0.031706,23.9880,0.6822,-0.7562,-0.1235,2
1776691073.638192,724,1776691073.638192,1776691073.638233,1776691073.338586,1776691073.505799,16.561317,-0.110590,0.003038,0.229000,0.000000,0.000000,0.543114,0.348119,9.876543,-0.071139,0.053022,0.004529,23.9880,0.6822,-0.7562,-0.1235,2
1776691073.688244,725,1776691073.688244,1776691073.688287,1776691073.338586,1776691073.653243,16.574379,-0.110100,0.000185,0.261000,0.009000,0.000000,-0.516796,-0.088525,9.444684,-0.046627,-0.029042,0.084195,23.9880,0.6851,-0.7552,-0.1229,2
1776691073.738270,726,1776691073.738270,1776691073.738312,1776691073.338586,1776691073.653243,16.586536,-0.110048,0.000535,0.243000,0.001000,0.000000,0.655565,-0.668724,8.681453,0.068742,0.090856,0.092188,23.9880,0.6851,-0.7552,-0.1229,2
1776691073.788341,727,1776691073.788341,1776691073.738312,1776691073.338586,1776691073.653243,16.599104,-0.109891,-0.000567,0.251000,0.003000,0.000000,0.655565,-0.668724,8.681453,0.068742,0.090856,0.092188,23.9880,0.6851,-0.7552,-0.1229,2
1776691073.838347,728,1776691073.838347,1776691073.838388,1776691073.338586,1776691073.804289,16.612156,-0.109848,-0.001217,0.261000,0.001000,0.000000,-0.076562,-0.185424,9.630108,-0.013056,0.011457,0.007194,23.9880,0.6888,-0.7562,-0.1197,2
1776691073.888362,729,1776691073.888362,1776691073.838388,1776691073.338586,1776691073.804289,16.623859,-0.110562,0.003335,0.234000,-0.014000,0.000000,-0.076562,-0.185424,9.630108,-0.013056,0.011457,0.007194,23.9880,0.6888,-0.7562,-0.1197,2
1776691073.938438,730,1776691073.938438,1776691073.938481,1776691073.938944,1776691073.804289,16.637232,-0.110969,0.006540,0.267000,-0.009000,0.000000,-0.521581,0.183032,9.788018,0.074337,-0.103912,-0.057285,23.9850,0.6888,-0.7562,-0.1197,2
1776691073.988447,731,1776691073.988447,1776691073.938481,1776691073.938944,1776691073.955706,16.649433,-0.110789,0.005689,0.244000,0.002000,0.000000,-0.521581,0.183032,9.788018,0.074337,-0.103912,-0.057285,23.9850,0.6893,-0.7576,-0.1174,2
1776691074.038493,732,1776691074.038493,1776691074.038533,1776691073.938944,1776691073.955706,16.662193,-0.110466,0.003938,0.255000,0.005000,0.000000,-0.498852,-0.349316,9.475787,-0.071139,-0.019717,-0.013588,23.9850,0.6893,-0.7576,-0.1174,2
1776691074.088574,733,1776691074.088574,1776691074.038533,1776691073.938944,1776691073.955706,16.675064,-0.110565,0.005090,0.257000,-0.003000,0.000000,-0.498852,-0.349316,9.475787,-0.071139,-0.019717,-0.013588,23.9850,0.6893,-0.7576,-0.1174,2
1776691074.138524,734,1776691074.138524,1776691074.088617,1776691073.938944,1776691074.100127,16.686651,-0.110357,0.003341,0.232000,0.003000,0.000000,0.113647,-0.742894,8.385970,0.049558,-0.057551,0.026111,23.9850,0.6906,-0.7619,-0.1138,2
1776691074.188481,735,1776691074.188481,1776691074.188522,1776691073.938944,1776691074.100127,16.699888,-0.109963,0.001043,0.265000,0.007000,0.000000,-0.132788,-0.092114,9.231745,-0.061814,-0.031973,0.059949,23.9850,0.6906,-0.7619,-0.1138,2
1776691074.238507,736,1776691074.238507,1776691074.188522,1776691073.938944,1776691074.100127,16.712244,-0.110150,0.002544,0.247000,-0.004000,0.000000,-0.132788,-0.092114,9.231745,-0.061814,-0.031973,0.059949,23.9850,0.6906,-0.7619,-0.1138,2
1776691074.288581,737,1776691074.288581,1776691074.238548,1776691073.938944,1776691074.249123,16.724361,-0.109819,0.000341,0.242000,0.006000,0.000000,1.019236,-0.211743,9.183893,0.051423,0.086859,-0.000533,23.9850,0.6918,-0.7687,-0.1100,2
1776691074.338602,738,1776691074.338602,1776691074.338645,1776691073.938944,1776691074.249123,16.736816,-0.109514,-0.001660,0.249000,0.006000,0.000000,0.252416,-0.317016,9.651642,-0.007194,-0.025312,-0.005595,23.9850,0.6918,-0.7687,-0.1100,2
1776691074.388638,739,1776691074.388638,1776691074.388679,1776691073.938944,1776691074.249123,16.747475,-0.109632,-0.000659,0.213000,-0.002000,0.000000,0.116040,0.075366,9.713848,0.056219,0.059683,0.100981,23.9850,0.6918,-0.7687,-0.1100,2
1776691074.438609,740,1776691074.438609,1776691074.438651,1776691073.938944,1776691074.398673,16.760416,-0.109990,0.001290,0.259000,-0.007000,0.000000,-0.308642,-0.041870,9.954302,0.063679,-0.075136,0.015720,23.9850,0.6934,-0.7755,-0.1023,2
1776691074.488670,741,1776691074.488670,1776691074.488712,1776691073.938944,1776691074.398673,16.772732,-0.110125,0.002291,0.246000,-0.003000,0.000000,0.843382,0.593358,9.041535,-0.039433,0.109773,-0.030907,23.9850,0.6934,-0.7755,-0.1023,2
1776691074.538698,742,1776691074.538698,1776691074.538741,1776691074.539165,1776691074.398673,16.786190,-0.110144,0.002691,0.269000,-0.001000,0.000000,-0.855345,-0.007178,9.564313,-0.068209,-0.012256,-0.018651,23.9840,0.6934,-0.7755,-0.1023,2
1776691074.588685,743,1776691074.588685,1776691074.538741,1776691074.539165,1776691074.546023,16.799236,-0.110309,0.004091,0.261000,-0.004000,0.000000,-0.855345,-0.007178,9.564313,-0.068209,-0.012256,-0.018651,23.9840,0.6951,-0.7831,-0.0935,2
1776691074.638717,744,1776691074.638717,1776691074.588727,1776691074.539165,1776691074.546023,16.811193,-0.109910,0.001889,0.239000,0.007000,0.000000,0.490478,-0.395971,8.979328,0.051423,-0.030374,-0.061814,23.9840,0.6951,-0.7831,-0.0935,2
1776691074.688790,745,1776691074.688790,1776691074.688833,1776691074.539165,1776691074.546023,16.824362,-0.109734,0.000788,0.263000,0.003000,0.000000,-0.138769,-0.239257,9.486554,-0.067676,-0.038634,0.002664,23.9840,0.6951,-0.7831,-0.0935,2
1776691074.738755,746,1776691074.738755,1776691074.688833,1776691074.539165,1776691074.694498,16.836353,-0.110075,0.003236,0.240000,-0.007000,0.000000,-0.138769,-0.239257,9.486554,-0.067676,-0.038634,0.002664,23.9840,0.6943,-0.7945,-0.0883,2
1776691074.788784,747,1776691074.788784,1776691074.738797,1776691074.539165,1776691074.694498,16.848459,-0.109685,0.000684,0.242000,0.007000,0.000000,1.046751,-0.183032,9.566705,0.039167,0.075136,-0.038367,23.9840,0.6943,-0.7945,-0.0883,2
1776691074.838824,748,1776691074.838824,1776691074.788827,1776691074.539165,1776691074.694498,16.860720,-0.109327,-0.001718,0.245000,0.007000,0.000000,-0.802708,0.074170,9.783233,0.014388,-0.017052,-0.022647,23.9840,0.6943,-0.7945,-0.0883,2
1776691074.888891,749,1776691074.888891,1776691074.888933,1776691074.539165,1776691074.843238,16.871784,-0.109696,0.000686,0.221000,-0.007000,0.000000,0.027515,-0.159106,10.151690,-0.000266,0.018651,0.033571,23.9840,0.6937,-0.8062,-0.0872,2
1776691074.938880,750,1776691074.938880,1776691074.888933,1776691074.539165,1776691074.843238,16.884481,-0.110137,0.003535,0.254000,-0.009000,0.000000,0.027515,-0.159106,10.151690,-0.000266,0.018651,0.033571,23.9840,0.6937,-0.8062,-0.0872,2
1776691074.988929,751,1776691074.988929,1776691074.988976,1776691074.539165,1776691074.843238,16.896692,-0.110094,0.003435,0.244000,0.000000,0.000000,0.707005,0.570629,10.065557,-0.031173,0.122030,-0.007993,23.9840,0.6937,-0.8062,-0.0872,2
1776691075.038927,752,1776691075.038927,1776691075.038985,1776691074.539165,1776691074.991863,16.910742,-0.109846,0.001935,0.281000,0.004000,0.000000,-1.102976,-0.009570,9.110920,-0.053821,-0.021848,-0.010924,23.9840,0.6919,-0.8163,-0.0868,2
1776691075.088975,753,1776691075.088975,1776691075.089018,1776691074.539165,1776691074.991863,16.923704,-0.109871,0.002536,0.259000,-0.001000,0.000000,0.985740,-0.465356,9.595416,0.058883,-0.038900,-0.028776,23.9840,0.6919,-0.8163,-0.0868,2
1776691075.138973,754,1776691075.138973,1776691075.139022,1776691075.139565,1776691075.140156,16.936052,-0.109640,0.001186,0.247000,0.004000,0.000000,0.257202,0.131592,9.681549,-0.050357,0.062613,0.030108,23.9820,0.6893,-0.8277,-0.0872,2
1776691075.189091,755,1776691075.189091,1776691075.189132,1776691075.139565,1776691075.140156,16.949484,-0.109523,0.000384,0.268000,0.002000,0.000000,-0.203369,-0.154321,8.863289,-0.055686,-0.019184,0.062081,23.9820,0.6893,-0.8277,-0.0872,2
1776691075.239010,756,1776691075.239010,1776691075.239054,1776691075.139565,1776691075.140156,16.961664,-0.109768,0.002281,0.244000,-0.005000,0.000000,1.069480,-0.160302,9.065461,0.050357,0.100714,-0.013588,23.9820,0.6893,-0.8277,-0.0872,2
1776691075.289056,757,1776691075.289056,1776691075.239054,1776691075.139565,1776691075.288303,16.974024,-0.109440,0.000029,0.247000,0.006000,0.000000,1.069480,-0.160302,9.065461,0.050357,0.100714,-0.013588,23.9820,0.6840,-0.8355,-0.0888,2
1776691075.339039,758,1776691075.339039,1776691075.339082,1776691075.139565,1776691075.288303,16.986570,-0.109340,-0.000821,0.251000,0.002000,0.000000,0.492870,-0.348119,9.913629,-0.004796,0.008526,-0.031973,23.9820,0.6840,-0.8355,-0.0888,2
1776691075.389078,759,1776691075.389078,1776691075.389119,1776691075.139565,1776691075.288303,16.997879,-0.109899,0.002932,0.226000,-0.011000,0.000000,0.027515,0.111255,10.506987,0.025845,0.016519,-0.048759,23.9820,0.6840,-0.8355,-0.0888,2
1776691075.439112,760,1776691075.439112,1776691075.389119,1776691075.139565,1776691075.437052,17.011040,-0.110311,0.005584,0.263000,-0.009000,0.000000,0.027515,0.111255,10.506987,0.025845,0.016519,-0.048759,23.9820,0.6797,-0.8408,-0.0886,2
1776691075.489177,761,1776691075.489177,1776691075.439155,1776691075.139565,1776691075.437052,17.022953,-0.109994,0.003882,0.238000,0.005000,0.000000,-0.599340,0.063403,10.018902,0.063146,-0.090057,-0.034637,23.9820,0.6797,-0.8408,-0.0886,2
1776691075.539150,762,1776691075.539150,1776691075.539199,1776691075.139565,1776691075.437052,17.036243,-0.109343,-0.000066,0.266000,0.012000,0.000000,-0.669921,-0.607714,8.860896,-0.039167,-0.033571,0.087126,23.9820,0.6797,-0.8408,-0.0886,2
1776691075.589183,763,1776691075.589183,1776691075.589225,1776691075.139565,1776691075.585546,17.049053,-0.109544,0.000935,0.256000,-0.004000,0.000000,0.567040,-0.764427,8.338119,0.050357,0.100448,0.059150,23.9820,0.6742,-0.8429,-0.0881,2
1776691075.639207,764,1776691075.639207,1776691075.639250,1776691075.139565,1776691075.585546,17.060909,-0.109483,0.000434,0.237000,0.001000,0.000000,0.394775,0.209350,10.755815,0.006661,0.009592,0.042630,23.9820,0.6742,-0.8429,-0.0881,2
1776691075.689280,765,1776691075.689280,1776691075.689323,1776691075.139565,1776691075.585546,17.074280,-0.109377,-0.000217,0.267000,0.002000,0.000000,-0.125610,-0.087329,9.456647,-0.054620,-0.021582,0.016519,23.9820,0.6742,-0.8429,-0.0881,2
1776691075.739243,766,1776691075.739243,1776691075.739288,1776691075.739813,1776691075.733674,17.086370,-0.109829,0.002831,0.242000,-0.009000,0.000000,0.861326,0.023926,9.913629,0.043963,0.055952,-0.027976,23.9800,0.6645,-0.8431,-0.0871,2
1776691075.789367,767,1776691075.789367,1776691075.789410,1776691075.739813,1776691075.733674,17.098450,-0.109494,0.000976,0.241000,0.006000,0.000000,-0.730931,0.424682,9.904058,0.028243,-0.103112,-0.059949,23.9800,0.6645,-0.8431,-0.0871,2
1776691075.839296,768,1776691075.839296,1776691075.789410,1776691075.739813,1776691075.733674,17.110783,-0.109382,-0.000122,0.247000,0.002000,0.000000,-0.730931,0.424682,9.904058,0.028243,-0.103112,-0.059949,23.9800,0.6645,-0.8431,-0.0871,2
1776691075.889326,769,1776691075.889326,1776691075.889369,1776691075.739813,1776691075.882343,17.122490,-0.109584,0.001629,0.234000,-0.004000,0.000000,-0.241650,-0.525170,9.627716,0.005595,-0.037568,0.013056,23.9800,0.6577,-0.8432,-0.0883,2
1776691075.939429,770,1776691075.939429,1776691075.939473,1776691075.739813,1776691075.882343,17.135418,-0.109813,0.003483,0.258000,-0.005000,0.000000,-0.434252,0.116040,9.988995,0.051689,-0.065811,0.029841,23.9800,0.6577,-0.8432,-0.0883,2
1776691075.989367,771,1776691075.989367,1776691075.939473,1776691075.739813,1776691075.882343,17.147503,-0.109821,0.003533,0.242000,-0.001000,0.000000,-0.434252,0.116040,9.988995,0.051689,-0.065811,0.029841,23.9800,0.6577,-0.8432,-0.0883,2
1776691076.039449,772,1776691076.039449,1776691075.989410,1776691075.739813,1776691076.030814,17.161474,-0.109521,0.001880,0.279000,0.005000,0.000000,0.405541,0.513207,9.772467,-0.010125,0.060482,-0.032772,23.9800,0.6484,-0.8416,-0.0882,2
1776691076.089435,773,1776691076.089435,1776691076.089478,1776691075.739813,1776691076.030814,17.174770,-0.109696,0.002980,0.266000,-0.004000,0.000000,0.785960,-0.338549,9.311896,0.086060,-0.018118,-0.006128,23.9800,0.6484,-0.8416,-0.0882,2
1776691076.139501,774,1776691076.139501,1776691076.139542,1776691075.739813,1776691076.030814,17.187387,-0.109559,0.002729,0.252000,0.002000,0.000000,0.269165,0.267968,9.158772,-0.064212,0.092721,0.004529,23.9800,0.6484,-0.8416,-0.0882,2
1776691076.189618,775,1776691076.189618,1776691076.189661,1776691075.739813,1776691076.179335,17.200367,-0.109022,-0.000628,0.259000,0.010000,0.000000,-0.299072,-0.343334,9.214997,-0.050890,-0.030374,0.042897,23.9800,0.6395,-0.8385,-0.0859,2
1776691076.239521,776,1776691076.239521,1776691076.239587,1776691075.739813,1776691076.179335,17.211895,-0.109129,0.001218,0.231000,-0.002000,0.000000,0.454589,-0.417504,9.063068,0.062880,0.087659,0.096185,23.9800,0.6395,-0.8385,-0.0859,2
1776691076.289516,777,1776691076.289516,1776691076.289558,1776691075.739813,1776691076.179335,17.224644,-0.108964,0.000018,0.255000,0.003000,0.000000,-0.522777,-0.013159,10.773759,0.041831,-0.010924,0.006661,23.9800,0.6395,-0.8385,-0.0859,2
1776691076.339566,778,1776691076.339566,1776691076.339609,1776691076.340090,1776691076.328531,17.237057,-0.108813,-0.001083,0.248000,0.003000,0.000000,0.084936,-0.261987,9.545172,0.001599,0.044762,-0.046893,23.9790,0.6345,-0.8335,-0.0829,2
1776691076.389608,779,1776691076.389608,1776691076.389648,1776691076.340090,1776691076.328531,17.248917,-0.109126,0.000969,0.237000,-0.006000,0.000000,-0.443822,-0.256005,9.375299,-0.044229,-0.025845,-0.034371,23.9790,0.6345,-0.8335,-0.0829,2
1776691076.439645,780,1776691076.439645,1776691076.389648,1776691076.340090,1776691076.328531,17.262127,-0.109514,0.003971,0.264000,-0.008000,0.000000,-0.443822,-0.256005,9.375299,-0.044229,-0.025845,-0.034371,23.9790,0.6345,-0.8335,-0.0829,2
1776691076.489608,781,1776691076.489608,1776691076.439690,1776691076.340090,1776691076.476475,17.274569,-0.109614,0.004421,0.249000,-0.003000,0.000000,-0.564647,0.157910,9.499713,0.058617,-0.033039,-0.045295,23.9790,0.6311,-0.8256,-0.0825,2
1776691076.539790,782,1776691076.539790,1776691076.539849,1776691076.340090,1776691076.476475,17.288317,-0.109353,0.003367,0.274000,0.004000,0.000000,-1.014451,0.029907,9.274811,-0.053554,-0.015720,0.011190,23.9790,0.6311,-0.8256,-0.0825,2
1776691076.589833,783,1776691076.589833,1776691076.539849,1776691076.340090,1776691076.476475,17.300728,-0.109461,0.004418,0.248000,-0.003000,0.000000,-1.014451,0.029907,9.274811,-0.053554,-0.015720,0.011190,23.9790,0.6311,-0.8256,-0.0825,2
1776691076.639668,784,1776691076.639668,1776691076.639709,1776691076.340090,1776691076.624929,17.312239,-0.109012,0.001627,0.231000,0.008000,0.000000,0.023926,-0.221313,10.181597,-0.017052,0.031973,-0.017319,23.9790,0.6304,-0.8168,-0.0830,2
1776691076.690714,785,1776691076.690714,1776691076.690796,1776691076.340090,1776691076.624929,17.325459,-0.108786,0.000657,0.259000,0.004000,0.000000,0.157910,-0.392382,9.841851,-0.059150,-0.035437,0.035969,23.9790,0.6304,-0.8168,-0.0830,2
1776691076.739745,786,1776691076.739745,1776691076.690796,1776691076.340090,1776691076.624929,17.336197,-0.109220,0.003305,0.219000,-0.009000,0.000000,0.157910,-0.392382,9.841851,-0.059150,-0.035437,0.035969,23.9790,0.6304,-0.8168,-0.0830,2
1776691076.789775,787,1776691076.789775,1776691076.789821,1776691076.340090,1776691076.773638,17.348404,-0.109230,0.003705,0.244000,-0.001000,0.000000,-0.575414,0.393578,9.689922,0.040765,-0.057551,0.000000,23.9790,0.6309,-0.8092,-0.0871,2
1776691076.840028,788,1776691076.840028,1776691076.789821,1776691076.340090,1776691076.773638,17.360760,-0.109084,0.003303,0.246000,0.002000,0.000000,-0.575414,0.393578,9.689922,0.040765,-0.057551,0.000000,23.9790,0.6309,-0.8092,-0.0871,2
1776691076.889848,789,1776691076.889848,1776691076.889906,1776691076.340090,1776691076.773638,17.374268,-0.108989,0.002506,0.271000,0.001000,0.000000,-0.949852,-0.094507,11.473586,-0.072738,-0.043963,-0.025578,23.9790,0.6309,-0.8092,-0.0871,2
1776691076.939827,790,1776691076.939827,1776691076.889906,1776691076.940328,1776691076.921929,17.387564,-0.109206,0.004405,0.266000,-0.005000,0.000000,-0.949852,-0.094507,11.473586,-0.072738,-0.043963,-0.025578,23.9760,0.6299,-0.8000,-0.0888,2
1776691076.989848,791,1776691076.989848,1776691076.939868,1776691076.940328,1776691076.921929,17.399868,-0.109101,0.003955,0.246000,0.001000,0.000000,-0.729735,-0.354101,9.058283,0.092188,0.003730,-0.034371,23.9760,0.6299,-0.8000,-0.0888,2
1776691077.039879,792,1776691077.039879,1776691077.039919,1776691076.940328,1776691076.921929,17.413576,-0.108947,0.003104,0.274000,0.002000,0.000000,-1.144846,0.055029,8.906355,-0.042364,-0.003730,0.051956,23.9760,0.6299,-0.8000,-0.0888,2
1776691077.089958,793,1776691077.089958,1776691077.090003,1776691076.940328,1776691077.070863,17.426096,-0.109059,0.004557,0.250000,-0.003000,0.000000,1.240549,0.175854,9.083405,0.105510,0.021315,-0.030108,23.9760,0.6303,-0.7912,-0.0870,2
1776691077.139998,794,1776691077.139998,1776691077.140042,1776691076.940328,1776691077.070863,17.437853,-0.108505,0.001004,0.235000,0.010000,0.000000,-0.330175,-0.509618,10.898172,0.049558,-0.027710,-0.019717,23.9760,0.6303,-0.7912,-0.0870,2
1776691077.189940,795,1776691077.189940,1776691077.190008,1776691076.940328,1776691077.070863,17.450588,-0.108492,0.000854,0.255000,0.000000,0.000000,0.474926,-0.409130,9.094172,-0.056752,-0.013322,-0.026644,23.9760,0.6303,-0.7912,-0.0870,2
1776691077.239991,796,1776691077.239991,1776691077.240037,1776691076.940328,1776691077.218613,17.461550,-0.108983,0.004357,0.219000,-0.010000,0.000000,0.881663,0.455785,11.444876,-0.031973,-0.025845,-0.027177,23.9760,0.6322,-0.7872,-0.0872,2
1776691077.289986,797,1776691077.289986,1776691077.240037,1776691076.940328,1776691077.218613,17.473948,-0.108879,0.003458,0.248000,0.001000,0.000000,0.881663,0.455785,11.444876,-0.031973,-0.025845,-0.027177,23.9760,0.6322,-0.7872,-0.0872,2
1776691077.340081,798,1776691077.340081,1776691077.290028,1776691076.940328,1776691077.218613,17.485970,-0.108537,0.001704,0.240000,0.006000,0.000000,-0.671117,0.283520,10.739066,0.075403,-0.042098,-0.014388,23.9760,0.6322,-0.7872,-0.0872,2
1776691077.390084,799,1776691077.390084,1776691077.340120,1776691076.940328,1776691077.367519,17.498667,-0.107815,-0.002945,0.254000,0.014000,0.000000,0.224902,-0.565844,9.646856,0.000266,0.038634,0.030108,23.9760,0.6358,-0.7822,-0.0840,2
1776691077.440196,800,1776691077.440196,1776691077.390138,1776691076.940328,1776691077.367519,17.511644,-0.108204,-0.001242,0.259000,-0.007000,0.000000,-0.547899,-0.357690,9.039143,-0.027177,-0.026111,0.115102,23.9760,0.6358,-0.7822,-0.0840,2
1776691077.491944,801,1776691077.491944,1776691077.492002,1776691076.940328,1776691077.367519,17.524374,-0.108479,0.000777,0.246000,-0.005000,0.000000,0.175854,-0.022729,10.788114,0.024779,0.002132,0.034637,23.9760,0.6358,-0.7822,-0.0840,2
1776691077.540173,802,1776691077.540173,1776691077.540217,1776691077.540620,1776691077.515598,17.537540,-0.108469,0.000632,0.273000,0.000000,0.000000,-0.802708,0.425878,9.304718,-0.043430,-0.027976,-0.000533,23.9750,0.6423,-0.7797,-0.0811,2
1776691077.590190,803,1776691077.590190,1776691077.590245,1776691077.540620,1776691077.515598,17.549944,-0.109111,0.004983,0.248000,-0.013000,0.000000,1.085032,0.651976,11.187674,-0.017585,-0.002931,-0.058883,23.9750,0.6423,-0.7797,-0.0811,2
1776691077.640194,804,1776691077.640194,1776691077.640245,1776691077.540620,1776691077.515598,17.561743,-0.108702,0.002733,0.236000,0.007000,0.000000,-0.415112,-0.562255,10.713944,0.047693,-0.054354,-0.059150,23.9750,0.6423,-0.7797,-0.0811,2
1776691077.691905,805,1776691077.691905,1776691077.640245,1776691077.540620,1776691077.665454,17.574514,-0.108460,0.000923,0.247000,0.004000,0.000000,-0.415112,-0.562255,10.713944,0.047693,-0.054354,-0.059150,23.9750,0.6509,-0.7767,-0.0768,2
1776691077.740217,806,1776691077.740217,1776691077.740252,1776691077.540620,1776691077.665454,17.585724,-0.108691,0.003049,0.232000,-0.005000,0.000000,0.416308,0.345727,11.619534,-0.081264,-0.044495,0.012256,23.9750,0.6509,-0.7767,-0.0768,2
1776691077.790263,807,1776691077.790263,1776691077.790307,1776691077.540620,1776691077.665454,17.598585,-0.108802,0.004951,0.257000,-0.003000,0.000000,-0.440234,-0.095703,9.285578,0.082330,-0.002664,0.020249,23.9750,0.6509,-0.7767,-0.0768,2
1776691077.840288,808,1776691077.840288,1776691077.840332,1776691077.540620,1776691077.813376,17.610641,-0.108643,0.004050,0.241000,0.002000,0.000000,0.318212,-0.193798,9.831084,-0.023980,0.065544,-0.034904,23.9750,0.6589,-0.7733,-0.0692,2
1776691077.890288,809,1776691077.890288,1776691077.840332,1776691077.540620,1776691077.813376,17.624189,-0.108138,0.001300,0.271000,0.009000,0.000000,0.318212,-0.193798,9.831084,-0.023980,0.065544,-0.034904,23.9750,0.6589,-0.7733,-0.0692,2
1776691077.940412,810,1776691077.940412,1776691077.890336,1776691077.540620,1776691077.813376,17.637623,-0.108321,0.002202,0.268000,-0.004000,0.000000,-0.937889,0.065796,10.317973,-0.082330,-0.048226,0.042897,23.9750,0.6589,-0.7733,-0.0692,2
1776691077.990376,811,1776691077.990376,1776691077.940457,1776691077.540620,1776691077.960720,17.650213,-0.108293,0.002852,0.252000,0.000000,0.000000,-0.451000,-0.626854,8.702986,0.132421,0.037568,-0.009592,23.9750,0.6705,-0.7717,-0.0647,2
1776691078.040483,812,1776691078.040483,1776691077.990419,1776691077.540620,1776691077.960720,17.663139,-0.107805,-0.000355,0.258000,0.009000,0.000000,0.052637,-0.171069,9.657623,-0.062347,0.077800,0.000000,23.9750,0.6705,-0.7717,-0.0647,2
1776691078.090482,813,1776691078.090482,1776691078.040525,1776691077.540620,1776691077.960720,17.674887,-0.107809,0.001845,0.235000,0.000000,0.000000,-0.831419,-0.345727,8.790315,-0.039433,0.004796,0.039167,23.9750,0.6705,-0.7717,-0.0647,2
1776691078.140409,814,1776691078.140409,1776691078.140447,1776691078.140805,1776691078.108945,17.686920,-0.107338,-0.000902,0.241000,0.009000,0.000000,-0.349316,-0.561058,10.737870,0.071939,-0.031706,-0.004263,23.9730,0.6803,-0.7690,-0.0609,2
1776691078.190454,815,1776691078.190454,1776691078.140447,1776691078.140805,1776691078.108945,17.699480,-0.107349,-0.000902,0.251000,0.000000,0.000000,-0.349316,-0.561058,10.737870,0.071939,-0.031706,-0.004263,23.9730,0.6803,-0.7690,-0.0609,2
1776691078.240534,816,1776691078.240534,1776691078.240575,1776691078.140805,1776691078.108945,17.711248,-0.107861,0.002454,0.235000,-0.010000,0.000000,0.612499,0.613695,10.995071,-0.106043,-0.032772,-0.025578,23.9730,0.6803,-0.7690,-0.0609,2
1776691078.290555,817,1776691078.290555,1776691078.240575,1776691078.140805,1776691078.257321,17.724499,-0.108228,0.005303,0.265000,-0.008000,0.000000,0.612499,0.613695,10.995071,-0.106043,-0.032772,-0.025578,23.9730,0.6917,-0.7672,-0.0613,2
1776691078.340519,818,1776691078.340519,1776691078.290606,1776691078.140805,1776691078.257321,17.736897,-0.108162,0.004903,0.248000,0.000000,0.000000,-0.600536,-0.266772,10.460331,0.078067,-0.090856,-0.035969,23.9730,0.6917,-0.7672,-0.0613,2
1776691078.390650,819,1776691078.390650,1776691078.340558,1776691078.140805,1776691078.257321,17.750530,-0.107795,0.003349,0.272000,0.006000,0.000000,0.521581,0.138769,9.633698,-0.067143,0.089524,-0.010391,23.9730,0.6917,-0.7672,-0.0613,2
1776691078.440593,820,1776691078.440593,1776691078.440636,1776691078.140805,1776691078.405797,17.763315,-0.107952,0.004598,0.256000,-0.004000,0.000000,-0.025122,-0.779979,8.724520,0.137483,0.038101,-0.046627,23.9730,0.7038,-0.7666,-0.0622,2
1776691078.490721,821,1776691078.490721,1776691078.490782,1776691078.140805,1776691078.405797,17.775444,-0.107695,0.002844,0.242000,0.004000,0.000000,0.046655,-0.367260,10.528520,-0.009325,-0.010125,-0.017585,23.9730,0.7038,-0.7666,-0.0622,2
1776691078.540621,822,1776691078.540621,1776691078.540660,1776691078.140805,1776691078.405797,17.788620,-0.107458,0.001846,0.264000,0.004000,0.000000,-0.933104,0.025122,8.785530,-0.041032,0.023180,0.040232,23.9730,0.7038,-0.7666,-0.0622,2
1776691078.590678,823,1776691078.590678,1776691078.540660,1776691078.140805,1776691078.554542,17.800034,-0.107938,0.004899,0.228000,-0.010000,0.000000,-0.933104,0.025122,8.785530,-0.041032,0.023180,0.040232,23.9730,0.7143,-0.7679,-0.0644,2
1776691078.640763,824,1776691078.640763,1776691078.590733,1776691078.140805,1776691078.554542,17.811451,-0.107581,0.002895,0.228000,0.006000,0.000000,0.707005,0.819456,11.458035,-0.086327,-0.029042,0.067409,23.9730,0.7143,-0.7679,-0.0644,2
1776691078.690717,825,1776691078.690717,1776691078.640806,1776691078.140805,1776691078.554542,17.823689,-0.107396,0.002096,0.245000,0.003000,0.000000,-0.230883,-0.485692,10.923294,0.077268,-0.073537,0.001599,23.9730,0.7143,-0.7679,-0.0644,2
1776691078.740728,826,1776691078.740728,1776691078.690780,1776691078.741156,1776691078.699484,17.836693,-0.107369,0.001846,0.260000,0.000000,0.000000,0.574218,-0.133984,10.186381,-0.029841,0.051156,-0.032239,23.9730,0.7256,-0.7734,-0.0648,2
1776691078.790756,827,1776691078.790756,1776691078.790805,1776691078.741156,1776691078.699484,17.850000,-0.107644,0.004247,0.266000,-0.006000,0.000000,-0.519188,-0.843382,8.664705,0.129223,0.039167,-0.046893,23.9730,0.7256,-0.7734,-0.0648,2
1776691078.840772,828,1776691078.840772,1776691078.840816,1776691078.741156,1776691078.699484,17.862354,-0.107542,0.003847,0.247000,0.001000,0.000000,0.570629,0.139966,9.528424,-0.070340,0.095652,0.022914,23.9730,0.7256,-0.7734,-0.0648,2
1776691078.890805,829,1776691078.890805,1776691078.840816,1776691078.741156,1776691078.845391,17.876060,-0.107239,0.002096,0.274000,0.005000,0.000000,0.570629,0.139966,9.528424,-0.070340,0.095652,0.022914,23.9730,0.7374,-0.7818,-0.0684,2
1776691078.940835,830,1776691078.940835,1776691078.940871,1776691078.741156,1776691078.845391,17.888670,-0.107212,0.002747,0.252000,0.000000,0.000000,-0.055029,-0.778783,8.870466,0.127625,0.035170,-0.027976,23.9730,0.7374,-0.7818,-0.0684,2
1776691078.991080,831,1776691078.991080,1776691078.940871,1776691078.741156,1776691078.990830,17.900827,-0.107028,0.001239,0.242000,0.003000,0.000000,-0.055029,-0.778783,8.870466,0.127625,0.035170,-0.027976,23.9730,0.7489,-0.7901,-0.0724,2
1776691079.040922,832,1776691079.040922,1776691078.991138,1776691078.741156,1776691078.990830,17.914186,-0.107211,0.002735,0.268000,-0.004000,0.000000,-0.293090,-0.601732,11.107522,0.051156,-0.050357,-0.018118,23.9730,0.7489,-0.7901,-0.0724,2
1776691079.090970,833,1776691079.090970,1776691079.040967,1776691078.741156,1776691078.990830,17.925592,-0.107730,0.006236,0.228000,-0.011000,0.000000,-0.801512,0.330175,8.962581,-0.033838,0.010125,-0.035437,23.9730,0.7489,-0.7901,-0.0724,2
1776691079.140921,834,1776691079.140921,1776691079.091028,1776691078.741156,1776691079.139290,17.936935,-0.107110,0.002287,0.227000,0.011000,0.000000,0.728539,0.568236,8.871662,0.098316,0.055153,-0.030108,23.9730,0.7628,-0.7975,-0.0765,2
1776691079.190942,835,1776691079.190942,1776691079.140963,1776691078.741156,1776691079.139290,17.948940,-0.106832,0.000937,0.240000,0.005000,0.000000,0.034692,-0.666332,11.050100,0.067409,-0.070340,-0.002398,23.9730,0.7628,-0.7975,-0.0765,2
1776691079.241065,836,1776691079.241065,1776691079.190997,1776691078.741156,1776691079.139290,17.961269,-0.106319,-0.002672,0.246000,0.010000,0.000000,0.312231,-0.315820,9.258063,0.001599,-0.012256,0.043963,23.9730,0.7628,-0.7975,-0.0765,2
1776691079.291013,837,1776691079.291013,1776691079.291078,1776691078.741156,1776691079.282223,17.974255,-0.106754,-0.000774,0.260000,-0.008000,0.000000,-0.081347,-0.489281,9.581060,0.069807,-0.046094,0.030641,23.9730,0.7735,-0.8026,-0.0832,2
1776691079.342183,838,1776691079.342183,1776691079.342324,1776691079.342712,1776691079.282223,17.986938,-0.107019,0.001374,0.248000,-0.005000,0.000000,0.564647,1.007273,9.159967,-0.088192,0.108441,0.018384,23.9750,0.7735,-0.8026,-0.0832,2
1776691079.391071,839,1776691079.391071,1776691079.391111,1776691079.342712,1776691079.282223,18.000538,-0.107000,0.000738,0.278000,0.000000,0.000000,-0.758446,0.495263,9.413581,-0.020516,-0.047426,-0.005062,23.9750,0.7735,-0.8026,-0.0832,2
1776691079.441052,840,1776691079.441052,1776691079.441095,1776691079.342712,1776691079.427658,18.013283,-0.107591,0.004936,0.255000,-0.012000,0.000000,0.680687,-0.635228,8.784333,0.122296,0.045828,-0.051689,23.9750,0.7824,-0.8034,-0.0887,2
1776691079.491091,841,1776691079.491091,1776691079.441095,1776691079.342712,1776691079.427658,18.025541,-0.107430,0.004086,0.245000,0.002000,0.000000,0.680687,-0.635228,8.784333,0.122296,0.045828,-0.051689,23.9750,0.7824,-0.8034,-0.0887,2
1776691079.541145,842,1776691079.541145,1776691079.491135,1776691079.342712,1776691079.427658,18.038353,-0.107278,0.002935,0.256000,0.002000,0.000000,-0.313427,-0.580199,10.992679,0.051689,-0.087392,-0.049824,23.9750,0.7824,-0.8034,-0.0887,2
1776691079.591205,843,1776691079.591205,1776691079.591250,1776691079.342712,1776691079.573778,18.049868,-0.107494,0.004987,0.230000,-0.005000,0.000000,0.196191,0.117236,10.899368,-0.092188,-0.050624,0.009059,23.9750,0.7910,-0.8052,-0.0939,2
1776691079.641154,844,1776691079.641154,1776691079.591250,1776691079.342712,1776691079.573778,18.061655,-0.107186,0.003689,0.236000,0.005000,0.000000,0.196191,0.117236,10.899368,-0.092188,-0.050624,0.009059,23.9750,0.7910,-0.8052,-0.0939,2
1776691079.691242,845,1776691079.691242,1776691079.691284,1776691079.342712,1776691079.573778,18.073675,-0.106991,0.002687,0.240000,0.003000,0.000000,0.266772,0.041870,9.815533,-0.042897,0.071672,-0.027710,23.9750,0.7910,-0.8052,-0.0939,2
1776691079.741222,846,1776691079.741222,1776691079.691284,1776691079.342712,1776691079.719231,18.086918,-0.106556,0.000388,0.265000,0.008000,0.000000,0.266772,0.041870,9.815533,-0.042897,0.071672,-0.027710,23.9750,0.7982,-0.8078,-0.1008,2
1776691079.791286,847,1776691079.791286,1776691079.741265,1776691079.342712,1776691079.719231,18.100285,-0.106751,0.001389,0.267000,-0.004000,0.000000,0.084936,-0.161499,9.778448,-0.064478,-0.045028,0.040232,23.9750,0.7982,-0.8078,-0.1008,2
1776691079.841320,848,1776691079.841320,1776691079.841362,1776691079.342712,1776691079.719231,18.112743,-0.106784,0.002190,0.249000,-0.001000,0.000000,0.389989,0.345727,9.338214,-0.068209,0.103645,-0.008260,23.9750,0.7982,-0.8078,-0.1008,2
1776691079.891293,849,1776691079.891293,1776691079.891332,1776691079.342712,1776691079.865045,18.125586,-0.106256,-0.001309,0.257000,0.010000,0.000000,-0.830223,-0.343334,8.673079,-0.022115,0.022115,0.025312,23.9750,0.8024,-0.8112,-0.1070,2
1776691079.941326,850,1776691079.941326,1776691079.941366,1776691079.941810,1776691079.865045,18.137592,-0.106321,0.000643,0.240000,-0.001000,0.000000,0.504833,-0.892430,8.914729,0.112971,0.059949,0.070873,23.9710,0.8024,-0.8112,-0.1070,2
1776691079.991420,851,1776691079.991420,1776691079.991460,1776691079.941810,1776691079.865045,18.149515,-0.105863,-0.001962,0.238000,0.009000,0.000000,-0.251220,-0.501244,10.852714,-0.109773,0.086060,0.006128,23.9710,0.8024,-0.8112,-0.1070,2
1776691080.041418,852,1776691080.041418,1776691079.991460,1776691079.941810,1776691080.011423,18.162514,-0.106138,-0.000662,0.260000,-0.005000,0.000000,-0.251220,-0.501244,10.852714,-0.109773,0.086060,0.006128,23.9710,0.8067,-0.8144,-0.1128,2
1776691080.091480,853,1776691080.091480,1776691080.091536,1776691079.941810,1776691080.011423,18.174227,-0.106947,0.004594,0.234000,-0.016000,0.000000,0.186621,0.187817,10.169634,0.000000,-0.004529,-0.027710,23.9710,0.8067,-0.8144,-0.1128,2
1776691080.141471,854,1776691080.141471,1776691080.091536,1776691079.941810,1776691080.011423,18.186775,-0.106939,0.005294,0.251000,-0.001000,0.000000,0.186621,0.187817,10.169634,0.000000,-0.004529,-0.027710,23.9710,0.8067,-0.8144,-0.1128,2
1776691080.191437,855,1776691080.191437,1776691080.191475,1776691079.941810,1776691080.157784,18.198917,-0.106775,0.004095,0.243000,0.002000,0.000000,0.354101,0.443822,9.304718,0.027443,-0.052489,-0.026111,23.9710,0.8078,-0.8165,-0.1189,2
1776691080.241464,856,1776691080.241464,1776691080.191475,1776691079.941810,1776691080.157784,18.212122,-0.106171,0.001193,0.264000,0.011000,0.000000,0.354101,0.443822,9.304718,0.027443,-0.052489,-0.026111,23.9710,0.8078,-0.8165,-0.1189,2
1776691080.291487,857,1776691080.291487,1776691080.241504,1776691079.941810,1776691080.157784,18.225229,-0.106405,0.002544,0.262000,-0.005000,0.000000,-0.035889,-0.362475,9.551153,-0.040499,-0.050624,0.006395,23.9710,0.8078,-0.8165,-0.1189,2
1776691080.341522,858,1776691080.341522,1776691080.291523,1776691079.941810,1776691080.303483,18.237837,-0.106373,0.002644,0.252000,0.000000,0.000000,0.246435,-0.695043,8.950618,0.089257,-0.015454,-0.022914,23.9710,0.8104,-0.8179,-0.1232,2
1776691080.391537,859,1776691080.391537,1776691080.391579,1776691079.941810,1776691080.303483,18.250940,-0.105989,0.000593,0.262000,0.007000,0.000000,-0.735716,0.032300,8.997272,-0.018917,0.029308,0.023980,23.9710,0.8104,-0.8179,-0.1232,2
1776691080.441676,860,1776691080.441676,1776691080.441751,1776691079.941810,1776691080.303483,18.262623,-0.106333,0.002298,0.233000,-0.007000,0.000000,0.624462,-0.326586,9.895684,0.070873,0.003197,0.032772,23.9710,0.8104,-0.8179,-0.1232,2
1776691080.491613,861,1776691080.491613,1776691080.441751,1776691079.941810,1776691080.448679,18.273958,-0.105957,0.000151,0.227000,0.007000,0.000000,0.624462,-0.326586,9.895684,0.070873,0.003197,0.032772,23.9710,0.8110,-0.8166,-0.1231,2
1776691080.541624,862,1776691080.541624,1776691080.541667,1776691080.542118,1776691080.448679,18.286560,-0.105955,0.000351,0.252000,0.000000,0.000000,-0.344531,0.004785,9.491339,0.006128,-0.016519,-0.049824,23.9680,0.8110,-0.8166,-0.1231,2
1776691080.591660,863,1776691080.591660,1776691080.591702,1776691080.542118,1776691080.448679,18.299068,-0.106201,0.001702,0.250000,-0.005000,0.000000,0.150732,-0.161499,9.953106,-0.063679,-0.046627,-0.035703,23.9680,0.8110,-0.8166,-0.1231,2
1776691080.641695,864,1776691080.641695,1776691080.591702,1776691080.542118,1776691080.595393,18.311275,-0.105980,0.000801,0.244000,0.004000,0.000000,0.150732,-0.161499,9.953106,-0.063679,-0.046627,-0.035703,23.9680,0.8105,-0.8143,-0.1241,2
1776691080.691731,865,1776691080.691731,1776691080.691773,1776691080.542118,1776691080.595393,18.323685,-0.105870,-0.000200,0.248000,0.002000,0.000000,0.374438,0.069385,9.473394,-0.063413,0.094320,0.033305,23.9680,0.8105,-0.8143,-0.1241,2
1776691080.741759,866,1776691080.741759,1776691080.741813,1776691080.542118,1776691080.741273,18.337391,-0.105623,-0.001501,0.274000,0.005000,0.000000,-0.013159,-0.245239,9.998565,-0.044495,-0.059683,0.046627,23.9680,0.8083,-0.8115,-0.1252,2
1776691080.791793,867,1776691080.791793,1776691080.741813,1776691080.542118,1776691080.741273,18.350500,-0.105892,0.000301,0.262000,-0.005000,0.000000,-0.013159,-0.245239,9.998565,-0.044495,-0.059683,0.046627,23.9680,0.8083,-0.8115,-0.1252,2
1776691080.841801,868,1776691080.841801,1776691080.841861,1776691080.542118,1776691080.741273,18.362951,-0.106039,0.000901,0.249000,-0.003000,0.000000,0.337353,0.707005,9.064264,-0.097251,0.134019,-0.012789,23.9680,0.8083,-0.8115,-0.1252,2
1776691080.892395,869,1776691080.892395,1776691080.892447,1776691080.542118,1776691080.886814,18.376410,-0.105976,0.000901,0.266000,0.001000,0.000000,-0.812279,0.265576,9.049910,-0.034637,-0.042897,-0.040232,23.9680,0.8033,-0.8077,-0.1271,2
1776691080.941829,870,1776691080.941829,1776691080.892447,1776691080.542118,1776691080.886814,18.388176,-0.106410,0.003669,0.238000,-0.009000,0.000000,-0.812279,0.265576,9.049910,-0.034637,-0.042897,-0.040232,23.9680,0.8033,-0.8077,-0.1271,2
1776691080.991893,871,1776691080.991893,1776691080.941874,1776691080.542118,1776691080.886814,18.399889,-0.106017,0.001166,0.234000,0.007000,0.000000,0.419897,-0.448608,9.613360,0.079932,0.009592,-0.022381,23.9680,0.8033,-0.8077,-0.1271,2
1776691081.041984,872,1776691081.041984,1776691081.042053,1776691080.542118,1776691081.033123,18.412161,-0.105802,0.000064,0.245000,0.004000,0.000000,-0.657958,-0.311035,9.448273,0.011457,0.009592,0.032772,23.9680,0.7945,-0.8000,-0.1258,2
1776691081.091936,873,1776691081.091936,1776691081.042053,1776691080.542118,1776691081.033123,18.424500,-0.105751,-0.000735,0.247000,0.001000,0.000000,-0.657958,-0.311035,9.448273,0.011457,0.009592,0.032772,23.9680,0.7945,-0.8000,-0.1258,2
1776691081.141933,874,1776691081.141933,1776691081.091986,1776691081.142455,1776691081.033123,18.437349,-0.106011,0.000615,0.257000,-0.005000,0.000000,-0.043066,-0.141162,10.093071,-0.057018,-0.057551,0.107109,23.9670,0.7945,-0.8000,-0.1258,2
1776691081.191961,875,1776691081.191961,1776691081.192005,1776691081.142455,1776691081.178628,18.449656,-0.106053,0.001315,0.246000,-0.001000,0.000000,0.369653,0.801512,9.214997,0.030374,-0.018384,-0.036236,23.9670,0.7876,-0.7943,-0.1199,2
1776691081.241988,876,1776691081.241988,1776691081.242032,1776691081.142455,1776691081.178628,18.463362,-0.105835,-0.000386,0.274000,0.004000,0.000000,-0.296679,-0.226098,9.468610,-0.010924,-0.048759,-0.013588,23.9670,0.7876,-0.7943,-0.1199,2
1776691081.292041,877,1776691081.292041,1776691081.292092,1776691081.142455,1776691081.178628,18.476276,-0.106341,0.003268,0.258000,-0.010000,0.000000,0.836204,-0.393578,9.693512,0.100981,-0.013855,-0.044229,23.9670,0.7876,-0.7943,-0.1199,2
1776691081.342138,878,1776691081.342138,1776691081.342183,1776691081.142455,1776691081.325371,18.488701,-0.106300,0.003368,0.248000,0.000000,0.000000,-0.313427,0.358886,8.985310,-0.078866,0.122829,-0.045828,23.9670,0.7800,-0.7871,-0.1150,2
1776691081.392108,879,1776691081.392108,1776691081.392149,1776691081.142455,1776691081.325371,18.501743,-0.106106,0.002219,0.261000,0.003000,0.000000,-0.552684,-0.112451,9.468610,-0.009592,0.029841,-0.066077,23.9670,0.7800,-0.7871,-0.1150,2
1776691081.442161,880,1776691081.442161,1776691081.392149,1776691081.142455,1776691081.325371,18.513506,-0.106531,0.005172,0.235000,-0.009000,0.000000,-0.552684,-0.112451,9.468610,-0.009592,0.029841,-0.066077,23.9670,0.7800,-0.7871,-0.1150,2
1776691081.492546,881,1776691081.492546,1776691081.442264,1776691081.142455,1776691081.470912,18.524891,-0.106119,0.002502,0.226000,0.007000,0.000000,0.552684,0.023926,10.968753,0.001865,-0.027976,0.032772,23.9670,0.7731,-0.7790,-0.1065,2
1776691081.542128,882,1776691081.542128,1776691081.492601,1776691081.142455,1776691081.470912,18.537039,-0.106039,0.002105,0.245000,0.001000,0.000000,-0.055029,-0.161499,10.893387,0.078600,-0.057018,0.013588,23.9670,0.7731,-0.7790,-0.1065,2
1776691081.592182,883,1776691081.592182,1776691081.592225,1776691081.142455,1776691081.470912,18.550352,-0.105911,0.001204,0.266000,0.002000,0.000000,0.116040,-0.004785,9.803570,-0.053288,-0.038101,0.030374,23.9670,0.7731,-0.7790,-0.1065,2
1776691081.642529,884,1776691081.642529,1776691081.642591,1776691081.142455,1776691081.616275,18.562887,-0.105795,0.000449,0.249000,0.002000,0.000000,-0.354101,-0.449804,9.920806,0.107642,0.013322,-0.019983,23.9670,0.7686,-0.7711,-0.0973,2
1776691081.692597,885,1776691081.692597,1776691081.642591,1776691081.142455,1776691081.616275,18.575006,-0.105790,0.000649,0.242000,0.000000,0.000000,-0.354101,-0.449804,9.920806,0.107642,0.013322,-0.019983,23.9670,0.7686,-0.7711,-0.0973,2
1776691081.742280,886,1776691081.742280,1776691081.692636,1776691081.742799,1776691081.616275,18.587427,-0.105136,-0.003772,0.250000,0.013000,0.000000,0.064599,-0.180639,9.291559,-0.043696,0.083929,-0.021848,23.9650,0.7686,-0.7711,-0.0973,2
1776691081.792264,887,1776691081.792264,1776691081.742325,1776691081.742799,1776691081.763269,18.600021,-0.105583,-0.000374,0.252000,-0.008000,0.000000,-0.211743,-0.387597,9.932769,-0.032772,-0.044762,0.082064,23.9650,0.7652,-0.7608,-0.0898,2
1776691081.842332,888,1776691081.842332,1776691081.842376,1776691081.742799,1776691081.763269,18.612389,-0.105588,-0.000424,0.247000,0.000000,0.000000,-0.160302,0.855345,8.847736,-0.106842,0.107375,-0.017319,23.9650,0.7652,-0.7608,-0.0898,2
1776691081.892359,889,1776691081.892359,1776691081.892422,1776691081.742799,1776691081.763269,18.625595,-0.105794,0.000827,0.264000,-0.004000,0.000000,-0.451000,0.403149,9.456647,-0.000266,-0.001066,-0.037302,23.9650,0.7652,-0.7608,-0.0898,2
1776691081.942380,890,1776691081.942380,1776691081.942424,1776691081.742799,1776691081.908526,18.637451,-0.106384,0.004929,0.237000,-0.012000,0.000000,0.413915,0.332568,11.033353,-0.051423,-0.023980,-0.016253,23.9650,0.7636,-0.7510,-0.0794,2
1776691081.992414,891,1776691081.992414,1776691081.942424,1776691081.742799,1776691081.908526,18.649008,-0.106077,0.003178,0.231000,0.005000,0.000000,0.413915,0.332568,11.033353,-0.051423,-0.023980,-0.016253,23.9650,0.7636,-0.7510,-0.0794,2
1776691082.042433,892,1776691082.042433,1776691081.992455,1776691081.742799,1776691081.908526,18.661362,-0.106088,0.003728,0.247000,-0.001000,0.000000,-0.187817,-0.194995,10.229448,-0.037834,-0.013056,-0.022647,23.9650,0.7636,-0.7510,-0.0794,2
1776691082.092489,893,1776691082.092489,1776691082.092567,1776691081.742799,1776691082.056593,18.674673,-0.105838,0.002226,0.266000,0.004000,0.000000,0.010767,-0.156714,9.805963,-0.095652,-0.033039,0.012256,23.9650,0.7620,-0.7407,-0.0737,2
1776691082.142498,894,1776691082.142498,1776691082.092567,1776691081.742799,1776691082.056593,18.687027,-0.105710,0.001226,0.247000,0.002000,0.000000,0.010767,-0.156714,9.805963,-0.095652,-0.033039,0.012256,23.9650,0.7620,-0.7407,-0.0737,2
1776691082.192564,895,1776691082.192564,1776691082.142542,1776691081.742799,1776691082.056593,18.699444,-0.105495,-0.000026,0.248000,0.004000,0.000000,-0.459374,-0.544310,9.624126,0.133220,0.022914,-0.023447,23.9650,0.7620,-0.7407,-0.0737,2
1776691082.242530,896,1776691082.242530,1776691082.242571,1776691081.742799,1776691082.199252,18.712336,-0.105145,-0.002174,0.258000,0.007000,0.000000,-0.078955,-0.139966,9.649249,-0.032772,-0.020516,0.044495,23.9650,0.7628,-0.7344,-0.0676,2
1776691082.292572,897,1776691082.292572,1776691082.242571,1776691081.742799,1776691082.199252,18.724394,-0.105672,0.001329,0.241000,-0.010000,0.000000,-0.078955,-0.139966,9.649249,-0.032772,-0.020516,0.044495,23.9650,0.7628,-0.7344,-0.0676,2
1776691082.342632,898,1776691082.342632,1776691082.342681,1776691082.343158,1776691082.199252,18.736458,-0.105556,0.000428,0.241000,0.002000,0.000000,-0.178247,0.395971,9.028377,-0.073005,0.084994,-0.027710,23.9660,0.7628,-0.7344,-0.0676,2
1776691082.392655,899,1776691082.392655,1776691082.342681,1776691082.343158,1776691082.345520,18.749714,-0.105650,0.001228,0.265000,-0.002000,0.000000,-0.178247,0.395971,9.028377,-0.073005,0.084994,-0.027710,23.9660,0.7654,-0.7300,-0.0612,2
1776691082.442647,900,1776691082.442647,1776691082.442690,1776691082.343158,1776691082.345520,18.762312,-0.106035,0.003878,0.252000,-0.008000,0.000000,0.393578,0.339745,10.802469,-0.074337,-0.035170,-0.003464,23.9660,0.7654,-0.7300,-0.0612,2
1776691082.492686,901,1776691082.492686,1776691082.442690,1776691082.343158,1776691082.490742,18.774170,-0.105889,0.002977,0.237000,0.002000,0.000000,0.393578,0.339745,10.802469,-0.074337,-0.035170,-0.003464,23.9660,0.7673,-0.7282,-0.0575,2
1776691082.542685,902,1776691082.542685,1776691082.492731,1776691082.343158,1776691082.490742,18.786770,-0.105851,0.002777,0.252000,0.000000,0.000000,-0.212939,-0.596947,10.351469,0.087659,0.013588,0.011190,23.9660,0.7673,-0.7282,-0.0575,2
1776691082.592703,903,1776691082.592703,1776691082.542729,1776691082.343158,1776691082.490742,18.800024,-0.105464,0.000576,0.265000,0.007000,0.000000,-0.244043,-0.092114,10.101445,-0.003997,-0.025845,0.021315,23.9660,0.7673,-0.7282,-0.0575,2
1776691082.642742,904,1776691082.642742,1776691082.592745,1776691082.343158,1776691082.636383,18.812634,-0.105407,0.000176,0.252000,0.001000,0.000000,0.132788,-0.070581,10.058379,-0.046094,-0.037302,0.030907,23.9660,0.7685,-0.7261,-0.0568,2
1776691082.692719,905,1776691082.692719,1776691082.692770,1776691082.343158,1776691082.636383,18.825327,-0.105555,0.001175,0.254000,-0.003000,0.000000,0.110058,0.483300,9.143220,-0.072472,0.115901,-0.018118,23.9660,0.7685,-0.7261,-0.0568,2
1776691082.742786,906,1776691082.742786,1776691082.742831,1776691082.343158,1776691082.636383,18.838493,-0.105389,-0.000026,0.263000,0.003000,0.000000,0.193798,-0.257202,9.693512,-0.031973,-0.025045,-0.048492,23.9660,0.7685,-0.7261,-0.0568,2
1776691082.792830,907,1776691082.792830,1776691082.792871,1776691082.343158,1776691082.784730,18.851154,-0.105990,0.003927,0.253000,-0.012000,0.000000,0.403149,-0.047851,10.428032,0.116168,-0.035969,-0.024779,23.9660,0.7698,-0.7255,-0.0565,2
1776691082.842899,908,1776691082.842899,1776691082.842943,1776691082.343158,1776691082.784730,18.863220,-0.105642,0.001774,0.241000,0.006000,0.000000,-0.034692,-0.003589,9.116901,-0.063946,0.103379,-0.003730,23.9660,0.7698,-0.7255,-0.0565,2
1776691082.892813,909,1776691082.892813,1776691082.892852,1776691082.343158,1776691082.784730,18.875799,-0.105470,0.000726,0.252000,0.003000,0.000000,-0.540722,-0.425878,9.499713,0.023180,0.015187,0.065011,23.9660,0.7698,-0.7255,-0.0565,2
1776691082.942839,910,1776691082.942839,1776691082.942883,1776691082.943267,1776691082.933165,18.888105,-0.105711,0.002027,0.246000,-0.005000,0.000000,0.144751,0.326586,10.520145,-0.066876,-0.033571,0.114303,23.9670,0.7701,-0.7264,-0.0534,2
1776691082.992924,911,1776691082.992924,1776691082.992968,1776691082.943267,1776691082.933165,18.899624,-0.105337,-0.000728,0.230000,0.007000,0.000000,-0.352905,-0.063403,9.792804,0.121497,0.020516,-0.013056,23.9670,0.7701,-0.7264,-0.0534,2
1776691083.042902,912,1776691083.042902,1776691082.992968,1776691082.943267,1776691082.933165,18.911919,-0.105396,-0.000178,0.246000,-0.001000,0.000000,-0.352905,-0.063403,9.792804,0.121497,0.020516,-0.013056,23.9670,0.7701,-0.7264,-0.0534,2
1776691083.092937,913,1776691083.092937,1776691083.092982,1776691082.943267,1776691083.080873,18.925728,-0.105248,-0.001279,0.276000,0.003000,0.000000,-0.151928,-0.044263,9.370514,-0.009325,-0.038101,0.003997,23.9670,0.7703,-0.7258,-0.0515,2
1776691083.142987,914,1776691083.142987,1776691083.092982,1776691082.943267,1776691083.080873,18.938240,-0.105515,0.000223,0.250000,-0.005000,0.000000,-0.151928,-0.044263,9.370514,-0.009325,-0.038101,0.003997,23.9670,0.7703,-0.7258,-0.0515,2
1776691083.193031,915,1776691083.193031,1776691083.143031,1776691082.943267,1776691083.080873,18.950802,-0.105562,0.000923,0.251000,-0.001000,0.000000,-0.528759,-0.491674,9.203034,0.167324,0.029841,-0.044495,23.9670,0.7703,-0.7258,-0.0515,2
1776691083.243001,916,1776691083.243001,1776691083.193073,1776691082.943267,1776691083.229515,18.963644,-0.105200,-0.001675,0.257000,0.007000,0.000000,-0.382812,0.058618,9.338214,-0.059949,0.094853,-0.047693,23.9670,0.7707,-0.7253,-0.0504,2
1776691083.293093,917,1776691083.293093,1776691083.243046,1776691082.943267,1776691083.229515,18.975515,-0.105621,0.001531,0.237000,-0.008000,0.000000,-0.143554,-0.331371,9.182697,-0.019450,0.011457,-0.046893,23.9670,0.7707,-0.7253,-0.0504,2
1776691083.343100,918,1776691083.343100,1776691083.293139,1776691082.943267,1776691083.229515,18.987766,-0.105602,0.001481,0.245000,0.000000,0.000000,0.314623,0.095703,10.888602,-0.031440,-0.045828,0.038900,23.9670,0.7707,-0.7253,-0.0504,2
1776691083.393047,919,1776691083.393047,1776691083.393089,1776691082.943267,1776691083.378020,19.000603,-0.105683,0.002130,0.257000,-0.002000,0.000000,-0.167480,-0.034692,10.115801,0.013588,-0.025312,0.013588,23.9670,0.7722,-0.7244,-0.0538,2
1776691083.443096,920,1776691083.443096,1776691083.393089,1776691082.943267,1776691083.378020,19.013916,-0.105755,0.003231,0.266000,-0.002000,0.000000,-0.167480,-0.034692,10.115801,0.013588,-0.025312,0.013588,23.9670,0.7722,-0.7244,-0.0538,2
1776691083.493170,921,1776691083.493170,1776691083.493215,1776691082.943267,1776691083.378020,19.025682,-0.105466,0.001478,0.235000,0.005000,0.000000,0.034692,-0.785960,10.020098,0.120431,0.035969,-0.027177,23.9670,0.7722,-0.7244,-0.0538,2
1776691083.543249,922,1776691083.543249,1776691083.543296,1776691083.543806,1776691083.526595,19.037451,-0.105499,0.001829,0.235000,-0.001000,0.000000,0.021533,0.027515,10.067949,-0.019717,-0.018917,-0.022647,23.9640,0.7726,-0.7254,-0.0560,2
1776691083.593095,923,1776691083.593095,1776691083.543296,1776691083.543806,1776691083.526595,19.050360,-0.105077,-0.000564,0.259000,0.008000,0.000000,0.021533,0.027515,10.067949,-0.019717,-0.018917,-0.022647,23.9640,0.7726,-0.7254,-0.0560,2
1776691083.643165,924,1776691083.643165,1776691083.593137,1776691083.543806,1776691083.526595,19.063026,-0.105384,0.001639,0.253000,-0.006000,0.000000,-0.394775,-0.133984,9.752130,-0.030907,-0.016786,0.091655,23.9640,0.7726,-0.7254,-0.0560,2
1776691083.693269,925,1776691083.693269,1776691083.693310,1776691083.543806,1776691083.674736,19.075653,-0.105364,0.001639,0.252000,0.000000,0.000000,-0.287109,0.745287,8.903962,-0.089790,0.096984,-0.054087,23.9640,0.7743,-0.7297,-0.0595,2
1776691083.743162,926,1776691083.743162,1776691083.743205,1776691083.543806,1776691083.674736,19.088776,-0.105342,0.001839,0.263000,0.000000,0.000000,-0.142358,-0.208154,9.205426,0.008793,0.031973,-0.038101,23.9640,0.7743,-0.7297,-0.0595,2
1776691083.793192,927,1776691083.793192,1776691083.793234,1776691083.543806,1776691083.674736,19.100883,-0.106120,0.006792,0.242000,-0.016000,0.000000,0.116040,0.126806,10.065557,-0.058617,-0.033571,-0.072472,23.9640,0.7743,-0.7297,-0.0595,2
1776691083.843431,928,1776691083.843431,1776691083.843476,1776691083.543806,1776691083.823895,19.113041,-0.106088,0.007395,0.242000,-0.001000,0.000000,0.139966,0.580199,9.667193,-0.072205,0.021049,-0.007993,23.9640,0.7750,-0.7358,-0.0654,2
1776691083.893336,929,1776691083.893336,1776691083.893379,1776691083.543806,1776691083.823895,19.125368,-0.105997,0.007195,0.247000,0.000000,0.000000,0.053833,0.105273,10.303617,-0.013855,-0.027443,-0.017851,23.9640,0.7750,-0.7358,-0.0654,2
1776691083.943336,930,1776691083.943336,1776691083.893379,1776691083.543806,1776691083.823895,19.138567,-0.105702,0.005845,0.264000,0.004000,0.000000,0.053833,0.105273,10.303617,-0.013855,-0.027443,-0.017851,23.9640,0.7750,-0.7358,-0.0654,2
1776691083.993300,931,1776691083.993300,1776691083.943403,1776691083.543806,1776691083.970970,19.150106,-0.105285,0.003647,0.231000,0.007000,0.000000,-0.232080,-0.189013,9.390851,-0.072472,-0.035170,0.014921,23.9640,0.7730,-0.7423,-0.0721,2
1776691084.043322,932,1776691084.043322,1776691083.993341,1776691083.543806,1776691083.970970,19.162413,-0.105240,0.003146,0.246000,0.000000,0.000000,0.179443,-1.035984,9.788018,0.147608,0.021315,-0.023180,23.9640,0.7730,-0.7423,-0.0721,2
1776691084.093367,933,1776691084.093367,1776691084.043406,1776691083.543806,1776691083.970970,19.175074,-0.104799,0.000644,0.253000,0.008000,0.000000,-0.017944,0.244043,9.776055,-0.023980,-0.003730,-0.019184,23.9640,0.7730,-0.7423,-0.0721,2
1776691084.143423,934,1776691084.143423,1776691084.093410,1776691084.143936,1776691084.119755,19.187338,-0.105192,0.004098,0.245000,-0.008000,0.000000,-0.106470,-0.051440,9.619342,-0.021848,-0.008260,0.037568,23.9630,0.7673,-0.7457,-0.0799,2
1776691084.193396,935,1776691084.193396,1776691084.143470,1776691084.143936,1776691084.119755,19.199932,-0.105140,0.003698,0.252000,0.000000,0.000000,0.198584,-0.607714,9.100153,0.134019,0.003464,0.035170,23.9630,0.7673,-0.7457,-0.0799,2
1776691084.243480,936,1776691084.243480,1776691084.193431,1776691084.143936,1776691084.119755,19.213305,-0.105091,0.004099,0.267000,0.000000,0.000000,-0.111255,0.541918,9.232941,-0.074603,0.051156,-0.016253,23.9630,0.7673,-0.7457,-0.0799,2
1776691084.293451,937,1776691084.293451,1776691084.243522,1776691084.143936,1776691084.268077,19.225698,-0.105440,0.006597,0.248000,-0.008000,0.000000,-0.212939,-0.129199,9.003254,0.023980,0.039433,-0.042098,23.9630,0.7629,-0.7514,-0.0847,2
1776691084.343476,938,1776691084.343476,1776691084.293499,1776691084.143936,1776691084.268077,19.237755,-0.105360,0.006447,0.241000,0.000000,0.000000,-0.087329,-0.166284,9.743755,-0.069274,-0.037035,-0.006395,23.9630,0.7629,-0.7514,-0.0847,2
1776691084.393496,939,1776691084.393496,1776691084.393539,1776691084.143936,1776691084.268077,19.250811,-0.105326,0.007198,0.261000,-0.001000,0.000000,-0.215332,0.161499,9.889703,-0.023713,-0.005595,0.025845,23.9630,0.7629,-0.7514,-0.0847,2
1776691084.443554,940,1776691084.443554,1776691084.393539,1776691084.143936,1776691084.416239,19.264175,-0.105130,0.006347,0.267000,0.002000,0.000000,-0.215332,0.161499,9.889703,-0.023713,-0.005595,0.025845,23.9630,0.7572,-0.7566,-0.0897,2
1776691084.493535,941,1776691084.493535,1776691084.443599,1776691084.143936,1776691084.416239,19.275969,-0.104755,0.004397,0.236000,0.006000,0.000000,-0.138769,-0.138769,9.634893,-0.081531,-0.036769,0.031706,23.9630,0.7572,-0.7566,-0.0897,2
1776691084.543631,942,1776691084.543631,1776691084.543673,1776691084.143936,1776691084.416239,19.288393,-0.104751,0.004848,0.248000,-0.001000,0.000000,0.074170,0.120825,9.906450,-0.007993,-0.018384,-0.063679,23.9630,0.7572,-0.7566,-0.0897,2
1776691084.593592,943,1776691084.593592,1776691084.593635,1776691084.143936,1776691084.564831,19.301231,-0.104489,0.003349,0.257000,0.004000,0.000000,0.159106,-0.217724,9.401618,-0.009325,-0.003997,-0.072205,23.9630,0.7534,-0.7610,-0.0938,2
1776691084.643622,944,1776691084.643622,1776691084.643663,1776691084.143936,1776691084.564831,19.313740,-0.104847,0.006151,0.250000,-0.008000,0.000000,-0.026318,-0.551488,9.191072,0.153203,0.010125,-0.023980,23.9630,0.7534,-0.7610,-0.0938,2
1776691084.693630,945,1776691084.693630,1776691084.643663,1776691084.143936,1776691084.564831,19.326189,-0.104470,0.003851,0.249000,0.006000,0.000000,-0.026318,-0.551488,9.191072,0.153203,0.010125,-0.023980,23.9630,0.7534,-0.7610,-0.0938,2
1776691084.743668,946,1776691084.743668,1776691084.743710,1776691084.744188,1776691084.713335,19.338346,-0.104023,0.001299,0.243000,0.008000,0.000000,-0.102881,-0.612499,9.236530,0.033838,0.011723,0.057817,23.9650,0.7481,-0.7636,-0.0984,2
1776691084.793684,947,1776691084.793684,1776691084.793722,1776691084.744188,1776691084.713335,19.350700,-0.104457,0.004150,0.247000,-0.009000,0.000000,-0.289501,-0.106470,9.553546,-0.067409,-0.020782,0.116434,23.9650,0.7481,-0.7636,-0.0984,2
1776691084.843768,948,1776691084.843768,1776691084.793722,1776691084.744188,1776691084.713335,19.362671,-0.104357,0.003048,0.239000,0.001000,0.000000,-0.289501,-0.106470,9.553546,-0.067409,-0.020782,0.116434,23.9650,0.7481,-0.7636,-0.0984,2
1776691084.893731,949,1776691084.893731,1776691084.843811,1776691084.744188,1776691084.861696,19.375113,-0.104519,0.004547,0.249000,-0.004000,0.000000,0.112451,0.418700,10.282084,-0.020249,-0.014388,-0.011190,23.9650,0.7450,-0.7691,-0.1039,2
1776691084.943765,950,1776691084.943765,1776691084.943806,1776691084.744188,1776691084.861696,19.388771,-0.104307,0.003146,0.273000,0.003000,0.000000,-0.143554,0.185424,9.498517,-0.066077,-0.021315,-0.001599,23.9650,0.7450,-0.7691,-0.1039,2
1776691084.993787,951,1776691084.993787,1776691084.943806,1776691084.744188,1776691084.861696,19.400375,-0.104071,0.001845,0.232000,0.004000,0.000000,-0.143554,0.185424,9.498517,-0.066077,-0.021315,-0.001599,23.9650,0.7450,-0.7691,-0.1039,2
1776691085.043864,952,1776691085.043864,1776691085.043906,1776691084.744188,1776691085.010458,19.412745,-0.104048,0.002296,0.247000,0.000000,0.000000,0.126806,-0.007178,9.565509,-0.007194,0.002132,-0.066077,23.9650,0.7448,-0.7765,-0.1083,2
1776691085.093852,953,1776691085.093852,1776691085.093895,1776691084.744188,1776691085.010458,19.425741,-0.103768,0.000046,0.260000,0.005000,0.000000,-0.069385,-0.405541,9.006843,-0.001599,0.027443,-0.058350,23.9650,0.7448,-0.7765,-0.1083,2
1776691085.143913,954,1776691085.143913,1776691085.143954,1776691084.744188,1776691085.010458,19.438057,-0.104268,0.004652,0.246000,-0.010000,0.000000,0.416308,-0.302661,10.088286,0.098849,-0.032772,0.030641,23.9650,0.7448,-0.7765,-0.1083,2
1776691085.193885,955,1776691085.193885,1776691085.143954,1776691084.744188,1776691085.159233,19.450399,-0.104161,0.004052,0.247000,0.001000,0.000000,0.416308,-0.302661,10.088286,0.098849,-0.032772,0.030641,23.9650,0.7444,-0.7830,-0.1135,2
1776691085.243911,956,1776691085.243911,1776691085.243951,1776691084.744188,1776691085.159233,19.463306,-0.104108,0.003952,0.258000,0.000000,0.000000,-0.165088,-0.238061,9.252082,0.036236,0.041831,0.018118,23.9650,0.7444,-0.7830,-0.1135,2
1776691085.293918,957,1776691085.293918,1776691085.243951,1776691084.744188,1776691085.159233,19.476559,-0.104356,0.006553,0.265000,-0.006000,0.000000,-0.165088,-0.238061,9.252082,0.036236,0.041831,0.018118,23.9650,0.7444,-0.7830,-0.1135,2
1776691085.344005,958,1776691085.344005,1776691085.344046,1776691085.344550,1776691085.307708,19.488831,-0.104376,0.007054,0.245000,-0.002000,0.000000,-0.016748,0.738109,9.235333,-0.066344,0.088458,-0.010125,23.9640,0.7462,-0.7918,-0.1156,2
1776691085.393983,959,1776691085.393983,1776691085.344046,1776691085.344550,1776691085.307708,19.500425,-0.104294,0.006954,0.232000,0.000000,0.000000,-0.016748,0.738109,9.235333,-0.066344,0.088458,-0.010125,23.9640,0.7462,-0.7918,-0.1156,2
1776691085.444060,960,1776691085.444060,1776691085.444100,1776691085.344550,1776691085.307708,19.513693,-0.103851,0.004750,0.265000,0.007000,0.000000,-0.215332,-0.191406,9.078620,-0.051956,-0.010391,0.112438,23.9640,0.7462,-0.7918,-0.1156,2
1776691085.494013,961,1776691085.494013,1776691085.494060,1776691085.344550,1776691085.456869,19.525581,-0.103795,0.004451,0.238000,0.000000,0.000000,0.392382,-0.549096,9.369318,0.132421,0.008793,0.043963,23.9640,0.7479,-0.8010,-0.1188,2
1776691085.544044,962,1776691085.544044,1776691085.544096,1776691085.344550,1776691085.456869,19.537989,-0.103740,0.004200,0.248000,0.000000,0.000000,-0.212939,-0.094507,9.688726,-0.013056,0.019983,-0.071406,23.9640,0.7479,-0.8010,-0.1188,2
1776691085.594076,963,1776691085.594076,1776691085.544096,1776691085.344550,1776691085.456869,19.550797,-0.103536,0.003350,0.256000,0.003000,0.000000,-0.212939,-0.094507,9.688726,-0.013056,0.019983,-0.071406,23.9640,0.7479,-0.8010,-0.1188,2
1776691085.644159,964,1776691085.644159,1776691085.644200,1776691085.344550,1776691085.604861,19.562969,-0.104346,0.008408,0.243000,-0.017000,0.000000,0.261987,0.392382,11.208011,0.027710,-0.064745,-0.010125,23.9640,0.7498,-0.8116,-0.1204,2
1776691085.694126,965,1776691085.694126,1776691085.644200,1776691085.344550,1776691085.604861,19.575512,-0.104391,0.010057,0.251000,-0.003000,0.000000,0.261987,0.392382,11.208011,0.027710,-0.064745,-0.010125,23.9640,0.7498,-0.8116,-0.1204,2
1776691085.744142,966,1776691085.744142,1776691085.694166,1776691085.344550,1776691085.604861,19.588165,-0.104263,0.009857,0.253000,0.000000,0.000000,0.023926,0.687865,9.650445,-0.064212,0.049025,-0.004529,23.9640,0.7498,-0.8116,-0.1204,2
1776691085.794188,967,1776691085.794188,1776691085.744181,1776691085.344550,1776691085.753854,19.601477,-0.104132,0.009807,0.266000,0.000000,0.000000,0.059814,-0.380419,9.863384,0.024246,0.022647,-0.004796,23.9640,0.7555,-0.8236,-0.1204,2
1776691085.844200,968,1776691085.844200,1776691085.844252,1776691085.344550,1776691085.753854,19.613075,-0.103718,0.008157,0.232000,0.006000,0.000000,0.206958,0.169873,9.396832,-0.019184,0.079932,-0.010924,23.9640,0.7555,-0.8236,-0.1204,2
1776691085.894225,969,1776691085.894225,1776691085.894264,1776691085.344550,1776691085.753854,19.625532,-0.103767,0.008607,0.249000,-0.003000,0.000000,-0.340942,0.011963,9.701885,-0.013855,-0.001332,-0.022381,23.9640,0.7555,-0.8236,-0.1204,2
1776691085.944238,970,1776691085.944238,1776691085.944279,1776691085.944690,1776691085.902696,19.638584,-0.103454,0.007357,0.261000,0.004000,0.000000,-0.484496,0.093310,9.205426,-0.063679,-0.005595,0.063413,23.9640,0.7604,-0.8312,-0.1199,2
1776691085.994269,971,1776691085.994269,1776691085.994310,1776691085.944690,1776691085.902696,19.649990,-0.103170,0.007507,0.228000,0.004000,0.000000,0.610106,0.153125,10.422050,0.068742,-0.045028,0.060215,23.9640,0.7604,-0.8312,-0.1199,2
1776691086.044350,972,1776691086.044350,1776691085.994310,1776691085.944690,1776691085.902696,19.662710,-0.103025,0.006605,0.254000,0.001000,0.000000,0.610106,0.153125,10.422050,0.068742,-0.045028,0.060215,23.9640,0.7604,-0.8312,-0.1199,2
1776691086.094328,973,1776691086.094328,1776691086.094376,1776691085.944690,1776691086.054471,19.675955,-0.102937,0.007405,0.265000,0.000000,0.000000,0.021533,-0.244043,9.346588,0.040232,0.030641,-0.050357,23.9640,0.7661,-0.8361,-0.1164,2
1776691086.144450,974,1776691086.144450,1776691086.094376,1776691085.944690,1776691086.054471,19.688440,-0.103497,0.011064,0.249000,-0.013000,0.000000,0.021533,-0.244043,9.346588,0.040232,0.030641,-0.050357,23.9640,0.7661,-0.8361,-0.1164,2
1776691086.194373,975,1776691086.194373,1776691086.144491,1776691085.944690,1776691086.054471,19.700771,-0.103360,0.010814,0.247000,0.000000,0.000000,0.062207,0.282324,11.193655,-0.006128,-0.071139,0.010125,23.9640,0.7661,-0.8361,-0.1164,2
1776691086.244446,976,1776691086.244446,1776691086.194415,1776691085.944690,1776691086.200067,19.713938,-0.103118,0.010364,0.263000,0.002000,0.000000,0.117236,0.526366,9.193463,-0.062347,0.094053,0.039966,23.9640,0.7718,-0.8431,-0.1129,2
1776691086.294470,977,1776691086.294470,1776691086.244488,1776691085.944690,1776691086.200067,19.727093,-0.102981,0.009813,0.263000,0.000000,0.000000,0.032300,-0.293090,9.825103,0.027177,0.020782,0.033039,23.9640,0.7718,-0.8431,-0.1129,2
1776691086.344453,978,1776691086.344453,1776691086.294507,1776691085.944690,1776691086.200067,19.738737,-0.102667,0.008364,0.233000,0.004000,0.000000,-0.273950,0.032300,9.259259,-0.075935,-0.029841,0.036502,23.9640,0.7718,-0.8431,-0.1129,2
1776691086.394521,979,1776691086.394521,1776691086.344501,1776691085.944690,1776691086.348758,19.751255,-0.102763,0.009566,0.250000,-0.004000,0.000000,0.411523,0.184228,10.548857,0.027710,0.010391,0.011457,23.9640,0.7809,-0.8528,-0.1075,2
1776691086.444545,980,1776691086.444545,1776691086.444587,1776691085.944690,1776691086.348758,19.764109,-0.102389,0.007965,0.257000,0.005000,0.000000,-0.305053,0.161499,9.843047,-0.075136,-0.030641,-0.032772,23.9640,0.7809,-0.8528,-0.1075,2
1776691086.494519,981,1776691086.494519,1776691086.494569,1776691085.944690,1776691086.348758,19.775951,-0.102195,0.007565,0.237000,0.002000,0.000000,0.284716,-0.259594,10.061968,0.108974,-0.026644,-0.004529,23.9640,0.7809,-0.8528,-0.1075,2
1776691086.544608,982,1776691086.544608,1776691086.544647,1776691086.545078,1776691086.498128,19.788523,-0.101850,0.005511,0.251000,0.005000,0.000000,-0.451000,-0.669921,9.320271,-0.002931,0.033039,-0.002398,23.9640,0.7919,-0.8622,-0.1032,2
1776691086.594629,983,1776691086.594629,1776691086.594672,1776691086.545078,1776691086.498128,19.800526,-0.101333,0.002610,0.240000,0.009000,0.000000,0.029907,-0.824242,9.256866,0.049824,0.019717,0.034371,23.9640,0.7919,-0.8622,-0.1032,2
1776691086.644593,984,1776691086.644593,1776691086.594672,1776691086.545078,1776691086.646277,19.812517,-0.101852,0.006707,0.240000,-0.011000,0.000000,0.029907,-0.824242,9.256866,0.049824,0.019717,0.034371,23.9640,0.8029,-0.8697,-0.1018,2
1776691086.694670,985,1776691086.694670,1776691086.644641,1776691086.545078,1776691086.646277,19.825037,-0.101868,0.007358,0.250000,-0.002000,0.000000,0.288305,0.472533,11.554934,-0.015720,-0.079666,0.098050,23.9640,0.8029,-0.8697,-0.1018,2
1776691086.744688,986,1776691086.744688,1776691086.694711,1776691086.545078,1776691086.646277,19.837894,-0.102123,0.010059,0.257000,-0.007000,0.000000,0.145947,0.332568,10.637382,-0.004529,0.002398,0.017052,23.9640,0.8029,-0.8697,-0.1018,2
1776691086.794703,987,1776691086.794703,1776691086.744730,1776691086.545078,1776691086.794513,19.851748,-0.102034,0.010059,0.277000,-0.001000,0.000000,-0.200976,0.077759,9.880133,0.023713,0.006927,-0.018917,23.9640,0.8103,-0.8764,-0.0991,2
1776691086.844743,988,1776691086.844743,1776691086.844782,1776691086.545078,1776691086.794513,19.863304,-0.101768,0.009208,0.231000,0.003000,0.000000,0.197387,-0.204565,9.948320,0.061015,0.041032,-0.040499,23.9640,0.8103,-0.8764,-0.0991,2
1776691086.894782,989,1776691086.894782,1776691086.894822,1776691086.545078,1776691086.794513,19.875414,-0.101706,0.009909,0.242000,-0.001000,0.000000,-0.197387,-0.339745,9.419562,0.004529,0.002664,-0.068209,23.9640,0.8103,-0.8764,-0.0991,2
1776691086.944727,990,1776691086.944727,1776691086.894822,1776691086.545078,1776691086.942705,19.888496,-0.101327,0.007661,0.262000,0.005000,0.000000,-0.197387,-0.339745,9.419562,0.004529,0.002664,-0.068209,23.9640,0.8169,-0.8825,-0.0963,2
1776691086.994781,991,1776691086.994781,1776691086.944765,1776691086.545078,1776691086.942705,19.900660,-0.101384,0.010664,0.243000,-0.003000,0.000000,-0.344531,-0.055029,9.607379,-0.050357,-0.003730,-0.016253,23.9640,0.8169,-0.8825,-0.0963,2
1776691087.044819,992,1776691087.044819,1776691087.044858,1776691086.545078,1776691086.942705,19.913067,-0.101101,0.009714,0.248000,0.003000,0.000000,-0.400756,-0.476122,9.555939,0.001865,0.023180,-0.005329,23.9640,0.8169,-0.8825,-0.0963,2
1776691087.094828,993,1776691087.094828,1776691087.044858,1776691086.545078,1776691087.091040,19.925817,-0.100827,0.008513,0.255000,0.003000,0.000000,-0.400756,-0.476122,9.555939,0.001865,0.023180,-0.005329,23.9640,0.8253,-0.8882,-0.0937,2
1776691087.144850,994,1776691087.144850,1776691087.094869,1776691087.145301,1776691087.091040,19.938576,-0.101169,0.011965,0.255000,-0.009000,0.000000,0.005981,-0.339745,9.590631,0.040499,0.030108,0.004529,23.9640,0.8253,-0.8882,-0.0937,2
1776691087.194876,995,1776691087.194876,1776691087.144892,1776691087.145301,1776691087.091040,19.951183,-0.101218,0.012715,0.252000,-0.004000,0.000000,0.053833,0.372045,10.807255,-0.016253,-0.082064,0.012256,23.9640,0.8253,-0.8882,-0.0937,2
1776691087.244876,996,1776691087.244876,1776691087.194914,1776691087.145301,1776691087.240616,19.962831,-0.100920,0.012615,0.233000,0.003000,0.000000,0.061011,0.287109,8.947028,-0.031173,0.110573,-0.004529,23.9640,0.8339,-0.8926,-0.0920,2
1776691087.295006,997,1776691087.295006,1776691087.244912,1776691087.145301,1776691087.240616,19.976059,-0.100302,0.010159,0.264000,0.009000,0.000000,0.247631,-0.415112,9.954302,0.006927,0.006661,0.019717,23.9640,0.8339,-0.8926,-0.0920,2
1776691087.344920,998,1776691087.344920,1776691087.295044,1776691087.145301,1776691087.240616,19.987535,-0.099836,0.007314,0.230000,0.007000,0.000000,-0.360082,-0.044263,9.023591,-0.052755,0.002931,0.104444,23.9640,0.8339,-0.8926,-0.0920,2
1776691087.394968,999,1776691087.394968,1776691087.344959,1776691087.145301,1776691087.388055,20.000298,-0.099943,0.009015,0.255000,-0.004000,0.000000,0.277539,-0.571825,10.301226,0.112438,0.038367,0.004529,23.9640,0.8441,-0.8968,-0.0888,2
1776691087.444983,1000,1776691087.444983,1776691087.445036,1776691087.145301,1776691087.388055,20.013151,-0.099777,0.008715,0.257000,0.001000,0.000000,-0.196191,0.544310,9.697101,-0.058084,0.003730,-0.058883,23.9640,0.8441,-0.8968,-0.0888,2
1776691087.495074,1001,1776691087.495074,1776691087.495113,1776691087.145301,1776691087.388055,20.025280,-0.100423,0.013675,0.242000,-0.015000,0.000000,0.090918,0.455785,11.200833,-0.011723,-0.063679,-0.014921,23.9640,0.8441,-0.8968,-0.0888,2
1776691087.545065,1002,1776691087.545065,1776691087.545116,1776691087.145301,1776691087.536693,20.037777,-0.100202,0.013775,0.250000,0.001000,0.000000,-0.573021,-0.317016,9.561920,-0.023447,0.028243,-0.039167,23.9640,0.8535,-0.9003,-0.0886,2
1776691087.595178,1003,1776691087.595178,1776691087.545116,1776691087.145301,1776691087.536693,20.050503,-0.099926,0.012822,0.254000,0.002000,0.000000,-0.573021,-0.317016,9.561920,-0.023447,0.028243,-0.039167,23.9640,0.8535,-0.9003,-0.0886,2
1776691087.645120,1004,1776691087.645120,1776691087.645164,1776691087.145301,1776691087.536693,20.063641,-0.100057,0.015120,0.263000,-0.006000,0.000000,-0.112451,-0.148340,10.087090,-0.020782,-0.078600,0.018384,23.9640,0.8535,-0.9003,-0.0886,2
1776691087.695117,1005,1776691087.695117,1776691087.695160,1776691087.145301,1776691087.684541,20.075687,-0.099775,0.014620,0.241000,0.002000,0.000000,0.411523,-0.294287,9.214997,0.021848,0.095652,0.002931,23.9640,0.8632,-0.9029,-0.0883,2
1776691087.745168,1006,1776691087.745168,1776691087.695160,1776691087.746467,1776691087.684541,20.087999,-0.099645,0.014520,0.246000,-0.001000,0.000000,0.411523,-0.294287,9.214997,0.021848,0.095652,0.002931,23.9630,0.8632,-0.9029,-0.0883,2
1776691087.795161,1007,1776691087.795161,1776691087.745243,1776691087.746467,1776691087.684541,20.101393,-0.099201,0.013370,0.268000,0.005000,0.000000,-0.057422,0.226098,9.716241,-0.012523,0.042630,0.009858,23.9630,0.8632,-0.9029,-0.0883,2
1776691087.845260,1008,1776691087.845260,1776691087.795205,1776691087.746467,1776691087.833438,20.112459,-0.098652,0.010915,0.221000,0.008000,0.000000,-0.434252,0.232080,9.205426,-0.061281,0.007194,0.048226,23.9630,0.8701,-0.9026,-0.0897,2
1776691087.895211,1009,1776691087.895211,1776691087.895254,1776691087.746467,1776691087.833438,20.125046,-0.098465,0.010016,0.252000,0.001000,0.000000,-0.474926,-0.318212,9.625323,-0.011723,0.020782,-0.025845,23.9630,0.8701,-0.9026,-0.0897,2
1776691087.945203,1010,1776691087.945203,1776691087.895254,1776691087.746467,1776691087.833438,20.138094,-0.098284,0.010116,0.261000,0.001000,0.000000,-0.474926,-0.318212,9.625323,-0.011723,0.020782,-0.025845,23.9630,0.8701,-0.9026,-0.0897,2
1776691087.995546,1011,1776691087.995546,1776691087.995591,1776691087.746467,1776691087.982629,20.150183,-0.098816,0.013942,0.240000,-0.013000,0.000000,-0.191406,0.163891,10.620634,-0.024512,-0.073804,-0.005862,23.9630,0.8773,-0.9011,-0.0953,2
1776691088.047638,1012,1776691088.047638,1776691087.995591,1776691087.746467,1776691087.982629,20.163204,-0.098635,0.014202,0.250000,0.000000,0.000000,-0.191406,0.163891,10.620634,-0.024512,-0.073804,-0.005862,23.9630,0.8773,-0.9011,-0.0953,2
1776691088.095340,1013,1776691088.095340,1776691088.047681,1776691087.746467,1776691087.982629,20.175697,-0.098266,0.013105,0.262000,0.004000,0.000000,-0.326586,-0.116040,9.657623,-0.050091,0.014654,0.017319,23.9630,0.8773,-0.9011,-0.0953,2
1776691088.145364,1014,1776691088.145364,1776691088.095443,1776691087.746467,1776691088.131175,20.188503,-0.098249,0.013105,0.256000,-0.003000,0.000000,-0.106470,-0.050244,9.856207,0.008260,0.028509,0.020249,23.9630,0.8819,-0.9027,-0.1024,2
1776691088.195426,1015,1776691088.195426,1776691088.195466,1776691087.746467,1776691088.131175,20.200150,-0.098146,0.013555,0.233000,-0.001000,0.000000,0.533544,-0.384008,9.988995,0.078600,0.054354,0.030907,23.9630,0.8819,-0.9027,-0.1024,2
1776691088.245376,1016,1776691088.245376,1776691088.245425,1776691087.746467,1776691088.131175,20.212563,-0.098528,0.017007,0.248000,-0.011000,0.000000,-0.252416,0.677098,10.060772,-0.027177,0.015187,-0.062613,23.9630,0.8819,-0.9027,-0.1024,2
1776691088.295442,1017,1776691088.295442,1776691088.295483,1776691087.746467,1776691088.278541,20.225626,-0.098256,0.016306,0.261000,0.001000,0.000000,-0.125610,0.257202,9.803570,-0.053821,-0.002398,-0.057817,23.9630,0.8832,-0.9064,-0.1121,2
1776691088.346170,1018,1776691088.346170,1776691088.346214,1776691088.346799,1776691088.278541,20.236374,-0.097725,0.014327,0.212000,0.007000,0.000000,0.795531,-1.306345,10.386162,0.146808,0.013588,-0.007460,23.9650,0.8832,-0.9064,-0.1121,2
1776691088.395530,1019,1776691088.395530,1776691088.395597,1776691088.346799,1776691088.278541,20.248316,-0.097456,0.013192,0.242000,0.002000,0.000000,-0.564647,-0.395971,9.590631,-0.004796,0.002132,0.007194,23.9650,0.8832,-0.9064,-0.1121,2
1776691088.445463,1020,1776691088.445463,1776691088.445509,1776691088.346799,1776691088.431786,20.259995,-0.096952,0.010496,0.234000,0.007000,0.000000,0.111255,-0.314623,10.017705,0.010924,-0.008260,0.070873,23.9650,0.8867,-0.9091,-0.1229,2
1776691088.497441,1021,1776691088.497441,1776691088.497486,1776691088.346799,1776691088.431786,20.273514,-0.097330,0.014290,0.260000,-0.010000,0.000000,-0.460570,-0.319409,9.530816,-0.026910,-0.066610,0.096984,23.9650,0.8867,-0.9091,-0.1229,2
1776691088.545480,1022,1776691088.545480,1776691088.545519,1776691088.346799,1776691088.431786,20.285913,-0.097585,0.016548,0.258000,-0.009000,0.000000,-0.148340,0.992918,9.180305,-0.080731,0.096185,0.029308,23.9650,0.8867,-0.9091,-0.1229,2
1776691088.595515,1023,1776691088.595515,1776691088.545519,1776691088.346799,1776691088.579034,20.298931,-0.098020,0.020651,0.260000,-0.013000,0.000000,-0.148340,0.992918,9.180305,-0.080731,0.096185,0.029308,23.9650,0.8903,-0.9080,-0.1344,2
1776691088.645622,1024,1776691088.645622,1776691088.595553,1776691088.346799,1776691088.579034,20.313364,-0.097973,0.022355,0.288000,-0.005000,0.000000,-0.344531,0.723754,9.741363,-0.001865,0.018118,0.004263,23.9650,0.8903,-0.9080,-0.1344,2
1776691088.697702,1025,1776691088.697702,1776691088.699636,1776691088.346799,1776691088.579034,20.326488,-0.097835,0.023344,0.252000,-0.003000,0.000000,0.869700,-0.083740,9.532013,0.008260,0.053821,-0.041565,23.9650,0.8903,-0.9080,-0.1344,2
1776691088.746397,1026,1776691088.746397,1776691088.746438,1776691088.346799,1776691088.726428,20.338711,-0.097696,0.024221,0.251000,-0.003000,0.000000,-0.819456,-0.059814,9.214997,-0.011457,0.045561,-0.057285,23.9650,0.8938,-0.9067,-0.1473,2
1776691088.795697,1027,1776691088.795697,1776691088.795743,1776691088.346799,1776691088.726428,20.351919,-0.097376,0.024566,0.268000,0.000000,0.000000,0.180639,-0.217724,9.268829,0.007194,0.039167,-0.043163,23.9650,0.8938,-0.9067,-0.1473,2
1776691088.845656,1028,1776691088.845656,1776691088.845695,1776691088.346799,1776691088.726428,20.363213,-0.097349,0.025865,0.226000,-0.005000,0.000000,1.070677,0.285913,11.291751,-0.025045,0.004529,0.043963,23.9650,0.8938,-0.9067,-0.1473,2
1776691088.895730,1029,1776691088.895730,1776691088.845695,1776691088.346799,1776691088.873236,20.376282,-0.097211,0.027968,0.261000,-0.004000,0.000000,1.070677,0.285913,11.291751,-0.025045,0.004529,0.043963,23.9650,0.8960,-0.9058,-0.1611,2
1776691088.945809,1030,1776691088.945809,1776691088.945873,1776691088.946939,1776691088.873236,20.389404,-0.097094,0.029270,0.262000,-0.005000,0.000000,0.756053,-0.025122,9.971050,0.010924,0.024512,-0.034104,23.9650,0.8960,-0.9058,-0.1611,2
1776691088.995712,1031,1776691088.995712,1776691088.945873,1776691088.946939,1776691088.873236,20.401373,-0.096644,0.028920,0.240000,0.002000,0.000000,0.756053,-0.025122,9.971050,0.010924,0.024512,-0.034104,23.9650,0.8960,-0.9058,-0.1611,2
1776691089.045750,1032,1776691089.045750,1776691088.995753,1776691088.946939,1776691089.022023,20.413675,-0.096238,0.028570,0.246000,0.001000,0.000000,-0.449804,-0.491674,10.466312,-0.010391,-0.101247,-0.010391,23.9650,0.9006,-0.9038,-0.1739,2
1776691089.095917,1033,1776691089.095917,1776691089.045818,1776691088.946939,1776691089.022023,20.425911,-0.095888,0.028068,0.244000,0.000000,0.000000,-0.322997,0.058618,9.875347,0.000799,-0.037568,-0.004796,23.9650,0.9006,-0.9038,-0.1739,2
1776691089.145780,1034,1776691089.145780,1776691089.095961,1776691088.946939,1776691089.022023,20.439863,-0.095347,0.027620,0.280000,0.003000,0.000000,-0.263183,-0.072973,9.938750,0.001865,0.004796,0.081797,23.9650,0.9006,-0.9038,-0.1739,2
1776691089.195814,1035,1776691089.195814,1776691089.195854,1776691088.946939,1776691089.170984,20.452568,-0.095046,0.027620,0.254000,-0.001000,0.000000,0.533544,0.119629,8.378793,-0.008526,0.164393,0.001066,23.9650,0.9060,-0.9036,-0.1859,2
1776691089.245835,1036,1776691089.245835,1776691089.195854,1776691088.946939,1776691089.170984,20.465570,-0.094787,0.028520,0.260000,-0.002000,0.000000,0.533544,0.119629,8.378793,-0.008526,0.164393,0.001066,23.9650,0.9060,-0.9036,-0.1859,2
1776691089.295885,1037,1776691089.295885,1776691089.295929,1776691088.946939,1776691089.170984,20.479280,-0.094496,0.029371,0.274000,-0.002000,0.000000,-0.179443,-0.197387,8.942244,0.028509,0.014921,-0.069008,23.9650,0.9060,-0.9036,-0.1859,2
1776691089.345868,1038,1776691089.345868,1776691089.295929,1776691088.946939,1776691089.319590,20.490631,-0.094462,0.030970,0.227000,-0.006000,0.000000,-0.179443,-0.197387,8.942244,0.028509,0.014921,-0.069008,23.9650,0.9109,-0.9048,-0.1974,2
1776691089.395926,1039,1776691089.395926,1776691089.345909,1776691088.946939,1776691089.319590,20.503490,-0.094064,0.031621,0.257000,0.000000,0.000000,0.867308,0.392382,9.737774,-0.048759,0.103912,-0.030374,23.9650,0.9109,-0.9048,-0.1974,2
1776691089.445928,1040,1776691089.445928,1776691089.445970,1776691088.946939,1776691089.319590,20.516434,-0.093655,0.031571,0.259000,0.000000,0.000000,0.421093,-0.523974,9.297541,0.032239,0.012523,-0.013588,23.9650,0.9109,-0.9048,-0.1974,2
1776691089.496018,1041,1776691089.496018,1776691089.496063,1776691088.946939,1776691089.467728,20.527544,-0.093153,0.030619,0.222000,0.003000,0.000000,-0.222509,-0.857738,10.956790,-0.022914,-0.095386,0.029575,23.9650,0.9139,-0.9084,-0.2101,2
1776691089.545962,1042,1776691089.545962,1776691089.496063,1776691089.546454,1776691089.467728,20.539873,-0.092726,0.030619,0.247000,0.001000,0.000000,-0.222509,-0.857738,10.956790,-0.022914,-0.095386,0.029575,23.9650,0.9139,-0.9084,-0.2101,2
1776691089.596000,1043,1776691089.596000,1776691089.546008,1776691089.546454,1776691089.467728,20.552128,-0.092401,0.030469,0.245000,-0.001000,0.000000,-0.568236,0.413915,9.858599,-0.025045,-0.026644,0.014121,23.9650,0.9139,-0.9084,-0.2101,2
1776691089.646055,1044,1776691089.646055,1776691089.646093,1776691089.546454,1776691089.616433,20.565975,-0.091728,0.029368,0.277000,0.005000,0.000000,-0.675902,0.035889,9.347785,0.008793,-0.073271,0.061814,23.9650,0.9189,-0.9106,-0.2262,2
1776691089.696073,1045,1776691089.696073,1776691089.696116,1776691089.546454,1776691089.616433,20.578178,-0.091370,0.029318,0.244000,0.000000,0.000000,0.545507,0.108862,8.539095,-0.011723,0.156134,0.023447,23.9650,0.9189,-0.9106,-0.2262,2
1776691089.746081,1046,1776691089.746081,1776691089.696116,1776691089.546454,1776691089.616433,20.591230,-0.091137,0.030019,0.261000,-0.003000,0.000000,0.545507,0.108862,8.539095,-0.011723,0.156134,0.023447,23.9650,0.9189,-0.9106,-0.2262,2
1776691089.796158,1047,1776691089.796158,1776691089.746180,1776691089.546454,1776691089.765282,20.604794,-0.090680,0.030269,0.271000,0.001000,0.000000,-0.291894,-0.052637,9.326251,0.019717,0.039433,-0.069807,23.9650,0.9210,-0.9102,-0.2404,2
1776691089.846146,1048,1776691089.846146,1776691089.796195,1776691089.546454,1776691089.765282,20.616440,-0.090477,0.030919,0.233000,-0.003000,0.000000,-0.039477,-0.332568,9.285578,0.023180,-0.003730,-0.064478,23.9650,0.9210,-0.9102,-0.2404,2
1776691089.896248,1049,1776691089.896248,1776691089.896303,1776691089.546454,1776691089.765282,20.629608,-0.090020,0.030718,0.263000,0.001000,0.000000,-0.842186,0.342138,10.034453,-0.021582,-0.051689,0.012789,23.9650,0.9210,-0.9102,-0.2404,2
1776691089.946207,1050,1776691089.946207,1776691089.946280,1776691089.546454,1776691089.914299,20.642679,-0.089218,0.028120,0.262000,0.008000,0.000000,0.714183,-0.465356,9.575079,0.013588,0.010924,0.015986,23.9650,0.9221,-0.9116,-0.2531,2
1776691089.996203,1051,1776691089.996203,1776691089.946280,1776691089.546454,1776691089.914299,20.653519,-0.088713,0.026820,0.217000,0.004000,0.000000,0.714183,-0.465356,9.575079,0.013588,0.010924,0.015986,23.9650,0.9221,-0.9116,-0.2531,2
1776691090.046285,1052,1776691090.046285,1776691089.996267,1776691089.546454,1776691089.914299,20.666340,-0.088570,0.028323,0.256000,-0.004000,0.000000,-0.222509,0.052637,11.406594,0.005595,-0.117500,0.072205,23.9650,0.9221,-0.9116,-0.2531,2
1776691090.096264,1053,1776691090.096264,1776691090.046329,1776691089.546454,1776691090.059908,20.678831,-0.088266,0.028373,0.250000,-0.001000,0.000000,-0.294287,0.322997,10.160064,-0.007460,-0.096984,0.011723,23.9650,0.9234,-0.9139,-0.2653,2
1776691090.146266,1054,1776691090.146266,1776691090.096311,1776691090.146730,1776691090.059908,20.691776,-0.087898,0.029023,0.259000,0.000000,0.000000,0.434252,-0.098096,10.155278,0.003730,0.002132,-0.062880,23.9620,0.9234,-0.9139,-0.2653,2
1776691090.196295,1055,1776691090.196295,1776691090.196334,1776691090.146730,1776691090.059908,20.703922,-0.087345,0.027622,0.243000,0.004000,0.000000,0.003589,-0.283520,8.662313,-0.002931,0.163328,0.004796,23.9620,0.9234,-0.9139,-0.2653,2
1776691090.246313,1056,1776691090.246313,1776691090.246355,1776691090.146730,1776691090.205739,20.715717,-0.086869,0.026322,0.236000,0.003000,0.000000,0.261987,-0.539525,10.207915,0.031173,0.000266,0.046893,23.9620,0.9240,-0.9166,-0.2743,2
1776691090.296345,1057,1776691090.296345,1776691090.296392,1776691090.146730,1776691090.205739,20.729366,-0.086310,0.025071,0.273000,0.004000,0.000000,-0.265576,-0.223706,9.266438,-0.000266,-0.019450,0.094586,23.9620,0.9240,-0.9166,-0.2743,2
1776691090.346361,1058,1776691090.346361,1776691090.296392,1776691090.146730,1776691090.205739,20.741217,-0.085963,0.024571,0.237000,0.001000,0.000000,-0.265576,-0.223706,9.266438,-0.000266,-0.019450,0.094586,23.9620,0.9240,-0.9166,-0.2743,2
1776691090.396395,1059,1776691090.396395,1776691090.396435,1776691090.146730,1776691090.351949,20.754427,-0.085838,0.025822,0.264000,-0.004000,0.000000,-0.565844,0.184228,9.563116,0.000799,-0.067143,0.033571,23.9620,0.9258,-0.9165,-0.2806,2
1776691090.446418,1060,1776691090.446418,1776691090.396435,1776691090.146730,1776691090.351949,20.767733,-0.085645,0.026522,0.266000,-0.003000,0.000000,-0.565844,0.184228,9.563116,0.000799,-0.067143,0.033571,23.9620,0.9258,-0.9165,-0.2806,2
1776691090.496476,1061,1776691090.496476,1776691090.446457,1776691090.146730,1776691090.351949,20.778345,-0.085514,0.027623,0.212000,-0.003000,0.000000,0.309838,0.250024,9.308308,-0.003730,0.024779,-0.042630,23.9620,0.9258,-0.9165,-0.2806,2
1776691090.546457,1062,1776691090.546457,1776691090.496525,1776691090.146730,1776691090.498123,20.790638,-0.085274,0.028673,0.246000,-0.002000,0.000000,0.242846,0.017944,12.123170,0.001332,-0.104444,-0.033571,23.9620,0.9279,-0.9141,-0.2837,2
1776691090.596674,1063,1776691090.596674,1776691090.596715,1776691090.146730,1776691090.498123,20.802885,-0.084872,0.027718,0.244000,0.001000,0.000000,0.227294,-0.229687,10.304814,0.003730,-0.000799,-0.061814,23.9620,0.9279,-0.9141,-0.2837,2
1776691090.646534,1064,1776691090.646534,1776691090.596715,1776691090.146730,1776691090.643835,20.816137,-0.084355,0.027120,0.266000,0.003000,0.000000,0.227294,-0.229687,10.304814,0.003730,-0.000799,-0.061814,23.9620,0.9269,-0.9106,-0.2840,2
1776691090.696583,1065,1776691090.696583,1776691090.646585,1776691090.146730,1776691090.643835,20.828745,-0.084013,0.027120,0.252000,0.000000,0.000000,-0.320605,-0.069385,10.170830,0.005862,-0.089790,0.011723,23.9620,0.9269,-0.9106,-0.2840,2
1776691090.746561,1066,1776691090.746561,1776691090.746601,1776691090.747025,1776691090.643835,20.841591,-0.083915,0.028719,0.257000,-0.005000,0.000000,0.202172,0.076562,9.711456,0.011457,0.033305,-0.016253,23.9590,0.9269,-0.9106,-0.2840,2
1776691090.796603,1067,1776691090.796603,1776691090.746601,1776691090.747025,1776691090.790179,20.855700,-0.083610,0.029870,0.282000,-0.002000,0.000000,0.202172,0.076562,9.711456,0.011457,0.033305,-0.016253,23.9590,0.9250,-0.9073,-0.2864,2
1776691090.846622,1068,1776691090.846622,1776691090.846663,1776691090.747025,1776691090.790179,20.867851,-0.083297,0.029970,0.243000,-0.001000,0.000000,0.539525,-0.321801,8.498421,0.013855,0.168923,-0.021582,23.9590,0.9250,-0.9073,-0.2864,2
1776691090.896640,1069,1776691090.896640,1776691090.896683,1776691090.747025,1776691090.790179,20.879890,-0.082635,0.027970,0.241000,0.006000,0.000000,-0.820653,-0.510814,9.661212,0.004796,-0.018651,-0.004263,23.9590,0.9250,-0.9073,-0.2864,2
1776691090.946695,1070,1776691090.946695,1776691090.946744,1776691090.747025,1776691090.935831,20.892649,-0.082278,0.028320,0.255000,0.000000,0.000000,0.070581,-0.120825,9.254475,0.016786,0.011723,0.084994,23.9590,0.9203,-0.9007,-0.2847,2
1776691090.996705,1071,1776691090.996705,1776691090.996748,1776691090.747025,1776691090.935831,20.903051,-0.082134,0.028920,0.208000,-0.003000,0.000000,0.355297,0.016748,11.819313,0.007460,-0.089524,0.056485,23.9590,0.9203,-0.9007,-0.2847,2
1776691091.046735,1072,1776691091.046735,1776691090.996748,1776691090.747025,1776691090.935831,20.915260,-0.081981,0.030271,0.244000,-0.004000,0.000000,0.355297,0.016748,11.819313,0.007460,-0.089524,0.056485,23.9590,0.9203,-0.9007,-0.2847,2
1776691091.096754,1073,1776691091.096754,1776691091.096798,1776691090.747025,1776691091.081327,20.927065,-0.081824,0.031772,0.236000,-0.004000,0.000000,0.692650,0.367260,10.526127,-0.017052,0.001865,-0.044762,23.9590,0.9162,-0.8923,-0.2825,2
1776691091.146771,1074,1776691091.146771,1776691091.146812,1776691090.747025,1776691091.081327,20.940762,-0.081338,0.030921,0.274000,0.001000,0.000000,-0.818260,-0.080151,9.572686,0.013056,-0.091122,-0.050357,23.9590,0.9162,-0.8923,-0.2825,2
1776691091.196822,1075,1776691091.196822,1776691091.146812,1776691090.747025,1776691091.081327,20.953369,-0.080948,0.031572,0.252000,0.000000,0.000000,-0.818260,-0.080151,9.572686,0.013056,-0.091122,-0.050357,23.9590,0.9162,-0.8923,-0.2825,2
1776691091.246828,1076,1776691091.246828,1776691091.196868,1776691090.747025,1776691091.227875,20.966413,-0.080536,0.030922,0.261000,0.000000,0.000000,0.538329,-0.227294,8.485262,0.007727,0.171321,-0.058084,23.9590,0.9093,-0.8848,-0.2821,2
1776691091.296854,1077,1776691091.296854,1776691091.246872,1776691090.747025,1776691091.227875,20.979765,-0.080123,0.031122,0.267000,0.000000,0.000000,-0.198584,-0.210546,9.571490,0.006395,0.033305,-0.046361,23.9590,0.9093,-0.8848,-0.2821,2
1776691091.346852,1078,1776691091.346852,1776691091.296908,1776691090.747025,1776691091.227875,20.991062,-0.079872,0.032072,0.226000,-0.002000,0.000000,0.156714,-0.325390,9.298737,0.019983,-0.008793,-0.006128,23.9590,0.9093,-0.8848,-0.2821,2
1776691091.396973,1079,1776691091.396973,1776691091.397024,1776691091.348237,1776691091.373741,21.003685,-0.079467,0.031220,0.252000,0.000000,0.000000,-0.678295,0.291894,10.124175,-0.025045,-0.044762,0.014121,23.9570,0.9017,-0.8760,-0.2790,2
1776691091.447016,1080,1776691091.447016,1776691091.397024,1776691091.348237,1776691091.373741,21.015938,-0.078984,0.030669,0.245000,0.002000,0.000000,-0.678295,0.291894,10.124175,-0.025045,-0.044762,0.014121,23.9570,0.9017,-0.8760,-0.2790,2
1776691091.497037,1081,1776691091.497037,1776691091.497082,1776691091.348237,1776691091.373741,21.026630,-0.078456,0.029269,0.214000,0.004000,0.000000,-0.322997,-0.318212,10.471098,0.005595,-0.086060,0.067143,23.9570,0.9017,-0.8760,-0.2790,2
1776691091.546956,1082,1776691091.546956,1776691091.497082,1776691091.348237,1776691091.519593,21.038864,-0.078397,0.030567,0.245000,-0.006000,0.000000,-0.322997,-0.318212,10.471098,0.005595,-0.086060,0.067143,23.9570,0.8927,-0.8648,-0.2744,2
1776691091.596962,1083,1776691091.596962,1776691091.546998,1776691091.348237,1776691091.519593,21.051069,-0.078324,0.033167,0.244000,-0.006000,0.000000,-0.226098,0.307446,10.087090,-0.009592,-0.059949,-0.011457,23.9570,0.8927,-0.8648,-0.2744,2
1776691091.647011,1084,1776691091.647011,1776691091.597004,1776691091.348237,1776691091.519593,21.064621,-0.077774,0.032016,0.271000,0.002000,0.000000,0.210546,0.118432,9.955499,0.003464,0.028509,-0.068209,23.9570,0.8927,-0.8648,-0.2744,2
1776691091.697072,1085,1776691091.697072,1776691091.697118,1776691091.348237,1776691091.666880,21.076427,-0.077346,0.031165,0.236000,0.001000,0.000000,1.030003,0.064599,9.498517,-0.037568,0.131355,0.011990,23.9570,0.8815,-0.8512,-0.2664,2
1776691091.747049,1086,1776691091.747049,1776691091.747092,1776691091.348237,1776691091.666880,21.089813,-0.076879,0.031465,0.268000,0.001000,0.000000,-0.673509,-0.398364,9.278400,0.041831,0.018651,-0.017851,23.9570,0.8815,-0.8512,-0.2664,2
1776691091.797228,1087,1776691091.797228,1776691091.797282,1776691091.348237,1776691091.666880,21.102953,-0.076465,0.030813,0.262000,0.000000,0.000000,0.580199,-0.568236,9.571490,0.025312,0.008260,0.011457,23.9570,0.8815,-0.8512,-0.2664,2
1776691091.847102,1088,1776691091.847102,1776691091.847141,1776691091.348237,1776691091.812122,21.113184,-0.076499,0.033306,0.205000,-0.007000,0.000000,1.147239,0.788353,11.174515,-0.067942,0.017585,0.082064,23.9570,0.8691,-0.8405,-0.2566,2
1776691091.897148,1089,1776691091.897148,1776691091.897190,1776691091.348237,1776691091.812122,21.125298,-0.076396,0.035708,0.242000,-0.006000,0.000000,-0.367260,0.479711,10.015313,-0.006128,-0.063679,0.003730,23.9570,0.8691,-0.8405,-0.2566,2
1776691091.947144,1090,1776691091.947144,1776691091.947183,1776691091.947879,1776691091.812122,21.136894,-0.076132,0.036508,0.232000,-0.003000,0.000000,0.586181,-0.330175,9.859796,0.009059,0.025578,-0.060748,23.9570,0.8691,-0.8405,-0.2566,2
1776691091.997188,1091,1776691091.997188,1776691091.947183,1776691091.947879,1776691091.958006,21.149572,-0.075018,0.032505,0.254000,0.013000,0.000000,0.586181,-0.330175,9.859796,0.009059,0.025578,-0.060748,23.9570,0.8567,-0.8284,-0.2498,2
1776691092.047198,1092,1776691092.047198,1776691091.997232,1776691091.947879,1776691091.958006,21.161453,-0.074181,0.030104,0.238000,0.009000,0.000000,-0.772801,-0.102881,9.317878,0.029841,-0.074603,0.001865,23.9570,0.8567,-0.8284,-0.2498,2
1776691092.097274,1093,1776691092.097274,1776691092.047238,1776691091.947879,1776691091.958006,21.173353,-0.073422,0.026849,0.238000,0.008000,0.000000,-0.378027,-0.679491,8.735286,0.058617,0.066344,0.001865,23.9570,0.8567,-0.8284,-0.2498,2
1776691092.147261,1094,1776691092.147261,1776691092.147303,1776691091.947879,1776691092.104344,21.186045,-0.073081,0.026999,0.254000,0.000000,0.000000,-0.602929,0.105273,9.124079,0.000000,-0.033039,0.097783,23.9570,0.8481,-0.8145,-0.2431,2
1776691092.197275,1095,1776691092.197275,1776691092.147303,1776691091.947879,1776691092.104344,21.196955,-0.073187,0.030100,0.218000,-0.008000,0.000000,-0.602929,0.105273,9.124079,0.000000,-0.033039,0.097783,23.9570,0.8481,-0.8145,-0.2431,2
1776691092.247288,1096,1776691092.247288,1776691092.197319,1776691091.947879,1776691092.104344,21.209814,-0.073150,0.031701,0.257000,-0.007000,0.000000,0.758446,0.451000,12.543067,-0.054087,-0.079399,0.077268,23.9570,0.8481,-0.8145,-0.2431,2
1776691092.297324,1097,1776691092.297324,1776691092.247330,1776691091.947879,1776691092.251037,21.222385,-0.073352,0.035704,0.251000,-0.012000,0.000000,-0.852952,0.269165,9.588239,0.002398,-0.040765,0.012256,23.9570,0.8404,-0.8025,-0.2355,2
1776691092.347394,1098,1776691092.347394,1776691092.297369,1776691091.947879,1776691092.251037,21.235018,-0.072400,0.032452,0.253000,0.010000,0.000000,0.494066,0.338549,9.878936,0.003464,0.026910,-0.036769,23.9570,0.8404,-0.8025,-0.2355,2
1776691092.397418,1099,1776691092.397418,1776691092.347437,1776691091.947879,1776691092.396516,21.247625,-0.071941,0.031801,0.252000,0.001000,0.000000,-0.327783,-0.588573,11.163748,-0.027710,-0.085261,-0.035170,23.9570,0.8311,-0.7920,-0.2274,2
1776691092.447452,1100,1776691092.447452,1776691092.397470,1776691091.947879,1776691092.396516,21.260227,-0.071490,0.031801,0.252000,0.001000,0.000000,0.322997,-0.832616,8.929085,0.076735,0.100714,-0.066610,23.9570,0.8311,-0.7920,-0.2274,2
1776691092.497423,1101,1776691092.497423,1776691092.497468,1776691091.947879,1776691092.396516,21.274403,-0.070739,0.028952,0.284000,0.006000,0.000000,-0.283520,-0.174658,9.145612,0.019983,-0.033571,-0.027177,23.9570,0.8311,-0.7920,-0.2274,2
1776691092.547471,1102,1776691092.547471,1776691092.497468,1776691092.548668,1776691092.542933,21.287203,-0.070168,0.027651,0.256000,0.004000,0.000000,-0.283520,-0.174658,9.145612,0.019983,-0.033571,-0.027177,23.9560,0.8198,-0.7840,-0.2234,2
1776691092.597528,1103,1776691092.597528,1776691092.597573,1776691092.548668,1776691092.542933,21.300409,-0.069652,0.026250,0.264000,0.003000,0.000000,-0.881663,-0.235668,9.648052,0.026378,0.006661,0.009592,23.9560,0.8198,-0.7840,-0.2234,2
1776691092.647568,1104,1776691092.647568,1776691092.597573,1776691092.548668,1776691092.542933,21.314314,-0.069237,0.025849,0.278000,0.001000,0.000000,-0.881663,-0.235668,9.648052,0.026378,0.006661,0.009592,23.9560,0.8198,-0.7840,-0.2234,2
1776691092.697554,1105,1776691092.697554,1776691092.697598,1776691092.548668,1776691092.688779,21.326303,-0.068827,0.025349,0.240000,0.002000,0.000000,1.041966,0.677098,11.120682,-0.079399,0.019717,0.004529,23.9560,0.8081,-0.7763,-0.2202,2
1776691092.747529,1106,1776691092.747529,1776691092.697598,1776691092.548668,1776691092.688779,21.338882,-0.068108,0.022601,0.252000,0.008000,0.000000,1.041966,0.677098,11.120682,-0.079399,0.019717,0.004529,23.9560,0.8081,-0.7763,-0.2202,2
1776691092.797565,1107,1776691092.797565,1776691092.797609,1776691092.548668,1776691092.688779,21.351274,-0.067278,0.019148,0.248000,0.011000,0.000000,0.273950,-0.206958,9.298737,-0.001066,0.041565,0.112438,23.9560,0.8081,-0.7763,-0.2202,2
1776691092.847594,1108,1776691092.847594,1776691092.797609,1776691092.548668,1776691092.835173,21.361778,-0.067026,0.018698,0.210000,0.001000,0.000000,0.273950,-0.206958,9.298737,-0.001066,0.041565,0.112438,23.9560,0.7997,-0.7708,-0.2155,2
1776691092.897611,1109,1776691092.897611,1776691092.897656,1776691092.548668,1776691092.835173,21.372976,-0.066617,0.017698,0.224000,0.004000,0.000000,-0.185424,0.157910,9.834673,-0.025312,0.015720,-0.007194,23.9560,0.7997,-0.7708,-0.2155,2
1776691092.947655,1110,1776691092.947655,1776691092.897656,1776691092.548668,1776691092.835173,21.384085,-0.066470,0.018098,0.222000,-0.001000,0.000000,-0.185424,0.157910,9.834673,-0.025312,0.015720,-0.007194,23.9560,0.7997,-0.7708,-0.2155,2
1776691092.997711,1111,1776691092.997711,1776691092.997758,1776691092.548668,1776691092.981131,21.397444,-0.066028,0.017197,0.267000,0.004000,0.000000,-0.478515,-0.087329,9.400421,-0.014654,-0.059683,-0.051956,23.9560,0.7926,-0.7679,-0.2086,2
1776691093.047738,1112,1776691093.047738,1776691092.997758,1776691092.548668,1776691092.981131,21.408194,-0.065593,0.016247,0.215000,0.005000,0.000000,-0.478515,-0.087329,9.400421,-0.014654,-0.059683,-0.051956,23.9560,0.7926,-0.7679,-0.2086,2
1776691093.097716,1113,1776691093.097716,1776691093.097762,1776691092.548668,1776691092.981131,21.420683,-0.065190,0.015697,0.250000,0.004000,0.000000,-0.606517,-0.165088,9.667193,-0.003997,-0.014121,-0.046094,23.9560,0.7926,-0.7679,-0.2086,2
1776691093.147835,1114,1776691093.147835,1776691093.097762,1776691093.148518,1776691093.127084,21.433254,-0.064542,0.014193,0.251000,0.009000,0.000000,-0.606517,-0.165088,9.667193,-0.003997,-0.014121,-0.046094,23.9540,0.7885,-0.7686,-0.2056,2
1776691093.197759,1115,1776691093.197759,1776691093.197807,1776691093.148518,1776691093.127084,21.444136,-0.064238,0.016640,0.218000,0.003000,0.000000,-0.022729,0.412719,10.757010,-0.019450,-0.074603,0.030108,23.9540,0.7885,-0.7686,-0.2056,2
1776691093.247873,1116,1776691093.247873,1776691093.197807,1776691093.148518,1776691093.127084,21.455755,-0.063744,0.014685,0.232000,0.006000,0.000000,-0.022729,0.412719,10.757010,-0.019450,-0.074603,0.030108,23.9540,0.7885,-0.7686,-0.2056,2
1776691093.297810,1117,1776691093.297810,1776691093.247924,1776691093.148518,1776691093.273766,21.467287,-0.063375,0.012788,0.231000,0.004000,0.000000,-0.437841,-0.289501,9.807158,-0.008260,-0.025045,0.031440,23.9540,0.7858,-0.7726,-0.1993,2
1776691093.347859,1118,1776691093.347859,1776691093.297860,1776691093.148518,1776691093.273766,21.480648,-0.063104,0.012137,0.267000,0.002000,0.000000,0.331371,-0.399560,9.875347,0.031973,0.022115,0.007727,23.9540,0.7858,-0.7726,-0.1993,2
1776691093.397866,1119,1776691093.397866,1776691093.347905,1776691093.148518,1776691093.273766,21.491945,-0.062716,0.010787,0.226000,0.005000,0.000000,-0.535936,-0.162695,9.732989,-0.053288,-0.059949,0.054087,23.9540,0.7858,-0.7726,-0.1993,2
1776691093.447970,1120,1776691093.447970,1776691093.397913,1776691093.148518,1776691093.419899,21.504675,-0.062930,0.011087,0.254000,-0.007000,0.000000,0.478515,-0.833812,10.441191,0.127625,0.038900,0.022381,23.9540,0.7870,-0.7788,-0.1917,2
1776691093.497973,1121,1776691093.497973,1776691093.448023,1776691093.148518,1776691093.419899,21.517773,-0.062635,0.010237,0.262000,0.003000,0.000000,-0.205761,0.565844,9.839458,-0.025045,0.016519,-0.038101,23.9540,0.7870,-0.7788,-0.1917,2
1776691093.547991,1122,1776691093.547991,1776691093.498022,1776691093.148518,1776691093.419899,21.528625,-0.062473,0.009637,0.217000,0.001000,0.000000,0.090918,0.192602,9.648052,-0.035437,0.015720,-0.046627,23.9540,0.7870,-0.7788,-0.1917,2
1776691093.597965,1123,1776691093.597965,1776691093.548030,1776691093.148518,1776691093.566088,21.540667,-0.062058,0.007538,0.241000,0.006000,0.000000,0.769212,-1.030003,10.971146,0.127092,-0.022647,-0.028243,23.9540,0.7903,-0.7875,-0.1867,2
1776691093.648019,1124,1776691093.648019,1776691093.598009,1776691093.148518,1776691093.566088,21.553427,-0.061511,0.005086,0.255000,0.009000,0.000000,-0.319409,-0.273950,9.748541,-0.027177,0.000799,-0.022647,23.9540,0.7903,-0.7875,-0.1867,2
1776691093.698011,1125,1776691093.698011,1776691093.698051,1776691093.148518,1776691093.566088,21.565977,-0.061897,0.007635,0.251000,-0.009000,0.000000,-0.326586,-0.160302,10.065557,-0.034637,-0.094053,0.061548,23.9540,0.7903,-0.7875,-0.1867,2
1776691093.748065,1126,1776691093.748065,1776691093.748121,1776691093.148518,1776691093.712903,21.578341,-0.061903,0.008936,0.247000,-0.002000,0.000000,0.144751,1.138865,9.325055,-0.103379,0.058084,0.034637,23.9540,0.7954,-0.7954,-0.1809,2
1776691093.798107,1127,1776691093.798107,1776691093.748121,1776691093.749652,1776691093.712903,21.590754,-0.062042,0.010338,0.248000,-0.005000,0.000000,0.144751,1.138865,9.325055,-0.103379,0.058084,0.034637,23.9550,0.7954,-0.7954,-0.1809,2
1776691093.848114,1128,1776691093.848114,1776691093.848164,1776691093.749652,1776691093.712903,21.603901,-0.061556,0.009688,0.263000,0.007000,0.000000,-0.584984,-0.350512,9.211408,-0.048759,-0.046627,0.011723,23.9550,0.7954,-0.7954,-0.1809,2
1776691093.898193,1129,1776691093.898193,1776691093.848164,1776691093.749652,1776691093.858306,21.615215,-0.061096,0.008335,0.226000,0.007000,0.000000,-0.584984,-0.350512,9.211408,-0.048759,-0.046627,0.011723,23.9550,0.8022,-0.8017,-0.1780,2
1776691093.948261,1130,1776691093.948261,1776691093.898235,1776691093.749652,1776691093.858306,21.627432,-0.061044,0.008786,0.244000,-0.001000,0.000000,0.606517,-1.153220,10.102642,0.156667,0.029841,-0.018917,23.9550,0.8022,-0.8017,-0.1780,2
1776691093.998209,1131,1776691093.998209,1776691093.948315,1776691093.749652,1776691093.858306,21.639215,-0.060591,0.007787,0.236000,0.007000,0.000000,-0.050244,0.441430,10.004546,-0.017052,-0.005862,-0.001332,23.9550,0.8022,-0.8017,-0.1780,2
1776691094.048197,1132,1776691094.048197,1776691093.998250,1776691093.749652,1776691094.004276,21.650867,-0.061050,0.013686,0.233000,-0.011000,0.000000,-0.045459,-0.184228,9.843047,-0.011723,-0.011723,0.094853,23.9550,0.8088,-0.8063,-0.1770,2
1776691094.098346,1133,1776691094.098346,1776691094.098393,1776691093.749652,1776691094.004276,21.663004,-0.060934,0.015240,0.242000,-0.001000,0.000000,-0.008374,0.868504,9.157575,-0.067942,0.067143,0.075935,23.9550,0.8088,-0.8063,-0.1770,2
1776691094.148337,1134,1776691094.148337,1776691094.148381,1776691093.749652,1776691094.004276,21.675398,-0.061145,0.018337,0.248000,-0.008000,0.000000,-0.116040,0.228491,9.756915,0.038634,0.001599,-0.004263,23.9550,0.8088,-0.8063,-0.1770,2
1776691094.198368,1135,1776691094.198368,1776691094.148381,1776691093.749652,1776691094.150873,21.688868,-0.061048,0.019139,0.269000,-0.003000,0.000000,-0.116040,0.228491,9.756915,0.038634,0.001599,-0.004263,23.9550,0.8182,-0.8128,-0.1760,2
1776691094.248353,1136,1776691094.248353,1776691094.198414,1776691093.749652,1776691094.150873,21.700464,-0.060926,0.019139,0.232000,-0.002000,0.000000,-0.047851,0.154321,9.284382,-0.024246,-0.029308,-0.014388,23.9550,0.8182,-0.8128,-0.1760,2
1776691094.298323,1137,1776691094.298323,1776691094.248392,1776691093.749652,1776691094.296750,21.712908,-0.060838,0.020738,0.249000,-0.003000,0.000000,0.119629,0.494066,8.280697,0.001599,0.142013,-0.093520,23.9550,0.8256,-0.8226,-0.1739,2
1776691094.348360,1138,1776691094.348360,1776691094.298369,1776691094.349221,1776691094.296750,21.725166,-0.060684,0.021038,0.245000,-0.002000,0.000000,-0.643602,0.136377,9.820318,-0.027443,-0.018651,-0.026111,23.9540,0.8256,-0.8226,-0.1739,2
1776691094.398523,1139,1776691094.398523,1776691094.348408,1776691094.349221,1776691094.296750,21.735701,-0.060613,0.022693,0.210000,-0.003000,0.000000,-0.107666,-0.333764,8.972151,0.000266,0.026111,-0.072472,23.9540,0.8256,-0.8226,-0.1739,2
1776691094.448483,1140,1776691094.448483,1776691094.398571,1776691094.349221,1776691094.442770,21.747044,-0.060555,0.024242,0.227000,-0.004000,0.000000,0.055029,-0.040674,10.453154,0.009592,-0.076735,0.008793,23.9540,0.8347,-0.8320,-0.1703,2
1776691094.498443,1141,1776691094.498443,1776691094.448527,1776691094.349221,1776691094.442770,21.758638,-0.060574,0.026141,0.232000,-0.006000,0.000000,-0.155517,-0.142358,10.034453,0.014388,-0.063146,0.009592,23.9540,0.8347,-0.8320,-0.1703,2
1776691094.548440,1142,1776691094.548440,1776691094.498481,1776691094.349221,1776691094.442770,21.771891,-0.060527,0.028140,0.265000,-0.006000,0.000000,0.206958,0.062207,9.905254,0.015454,0.013588,0.002931,23.9540,0.8347,-0.8320,-0.1703,2
1776691094.598437,1143,1776691094.598437,1776691094.598538,1776691094.349221,1776691094.588515,21.783035,-0.060214,0.029240,0.223000,0.000000,0.000000,1.254905,0.343334,10.664896,-0.071139,0.040232,0.023447,23.9540,0.8417,-0.8387,-0.1693,2
1776691094.648509,1144,1776691094.648509,1776691094.598538,1776691094.349221,1776691094.588515,21.795189,-0.059558,0.027638,0.243000,0.006000,0.000000,1.254905,0.343334,10.664896,-0.071139,0.040232,0.023447,23.9540,0.8417,-0.8387,-0.1693,2
1776691094.698576,1145,1776691094.698576,1776691094.698619,1776691094.349221,1776691094.588515,21.806950,-0.059232,0.027538,0.235000,0.000000,0.000000,0.427074,-0.210546,9.508087,0.017851,0.035437,0.059949,23.9540,0.8417,-0.8387,-0.1693,2
1776691094.748587,1146,1776691094.748587,1776691094.748665,1776691094.349221,1776691094.735251,21.817747,-0.058885,0.026338,0.216000,0.001000,0.000000,0.590966,0.043066,12.405494,-0.013588,-0.089524,0.055153,23.9540,0.8491,-0.8427,-0.1661,2
1776691094.801231,1147,1776691094.801231,1776691094.748665,1776691094.349221,1776691094.735251,21.829910,-0.058828,0.027864,0.231000,-0.005000,0.000000,0.590966,0.043066,12.405494,-0.013588,-0.089524,0.055153,23.9540,0.8491,-0.8427,-0.1661,2
1776691094.849017,1148,1776691094.849017,1776691094.801274,1776691094.349221,1776691094.735251,21.841331,-0.058653,0.028820,0.239000,-0.003000,0.000000,-0.033496,-0.051440,9.375299,0.024246,0.084994,0.040232,23.9540,0.8491,-0.8427,-0.1661,2
1776691094.898708,1149,1776691094.898708,1776691094.898746,1776691094.349221,1776691094.880924,21.855238,-0.058252,0.029019,0.280000,0.000000,0.000000,-0.458178,-0.120825,9.372907,0.018118,-0.047959,-0.065811,23.9540,0.8572,-0.8485,-0.1622,2
1776691094.948708,1150,1776691094.948708,1776691094.948744,1776691094.949285,1776691094.880924,21.867483,-0.057897,0.030519,0.245000,0.000000,0.000000,0.462963,-0.302661,8.689827,0.009858,0.150805,-0.024779,23.9540,0.8572,-0.8485,-0.1622,2
1776691094.998790,1151,1776691094.998790,1776691094.998844,1776691094.949285,1776691094.880924,21.880751,-0.057592,0.031020,0.265000,-0.002000,0.000000,-0.885252,-0.234472,10.072735,0.007993,-0.029841,-0.064478,23.9540,0.8572,-0.8485,-0.1622,2
1776691095.048923,1152,1776691095.048923,1776691095.048970,1776691094.949285,1776691095.028108,21.894079,-0.057178,0.031321,0.266000,0.000000,0.000000,-0.128003,-0.126806,9.152790,0.013322,-0.009325,-0.010125,23.9540,0.8652,-0.8538,-0.1605,2
1776691095.098764,1153,1776691095.098764,1776691095.098808,1776691094.949285,1776691095.028108,21.904894,-0.056989,0.031620,0.217000,-0.003000,0.000000,0.620873,0.814671,11.621925,-0.093787,-0.059150,0.019717,23.9540,0.8652,-0.8538,-0.1605,2
1776691095.148930,1154,1776691095.148930,1776691095.098808,1776691094.949285,1776691095.028108,21.917479,-0.056541,0.031620,0.251000,0.001000,0.000000,0.620873,0.814671,11.621925,-0.093787,-0.059150,0.019717,23.9540,0.8652,-0.8538,-0.1605,2
1776691095.199020,1155,1776691095.199020,1776691095.199060,1776691094.949285,1776691095.173225,21.929840,-0.055999,0.030768,0.247000,0.003000,0.000000,0.510814,-0.040674,9.945928,-0.002398,0.023713,-0.011723,23.9540,0.8700,-0.8566,-0.1616,2
1776691095.248852,1156,1776691095.248852,1776691095.248897,1776691094.949285,1776691095.173225,21.942131,-0.055272,0.027928,0.247000,0.007000,0.000000,0.299072,-0.220117,11.418557,-0.015986,-0.094320,0.061548,23.9540,0.8700,-0.8566,-0.1616,2
1776691095.298819,1157,1776691095.298819,1776691095.298858,1776691094.949285,1776691095.173225,21.954422,-0.055029,0.028327,0.246000,-0.002000,0.000000,-0.135180,-0.265576,8.710164,0.024779,0.132421,0.015986,23.9540,0.8700,-0.8566,-0.1616,2
1776691095.351308,1158,1776691095.351308,1776691095.298858,1776691094.949285,1776691095.319175,21.967806,-0.054807,0.029535,0.255000,-0.003000,0.000000,-0.135180,-0.265576,8.710164,0.024779,0.132421,0.015986,23.9540,0.8730,-0.8560,-0.1606,2
1776691095.398854,1159,1776691095.398854,1776691095.398890,1776691094.949285,1776691095.319175,21.981159,-0.054365,0.029297,0.281000,0.001000,0.000000,-0.568236,-0.168676,9.211408,0.011457,-0.052755,-0.029308,23.9540,0.8730,-0.8560,-0.1606,2
1776691095.448839,1160,1776691095.448839,1776691095.398890,1776691094.949285,1776691095.319175,21.993048,-0.053917,0.029497,0.238000,0.002000,0.000000,-0.568236,-0.168676,9.211408,0.011457,-0.052755,-0.029308,23.9540,0.8730,-0.8560,-0.1606,2
1776691095.499002,1161,1776691095.499002,1776691095.499089,1776691094.949285,1776691095.465948,22.006287,-0.053626,0.030149,0.264000,-0.002000,0.000000,-1.027610,-0.307446,9.522443,0.029308,-0.016786,-0.034637,23.9540,0.8749,-0.8533,-0.1593,2
1776691095.548978,1162,1776691095.548978,1776691095.549022,1776691095.549497,1776691095.465948,22.019121,-0.053139,0.029499,0.257000,0.002000,0.000000,-0.285913,-0.167480,9.319074,0.003730,-0.026111,0.032772,23.9530,0.8749,-0.8533,-0.1593,2
1776691095.599004,1163,1776691095.599004,1776691095.599055,1776691095.549497,1776691095.465948,22.029629,-0.053079,0.031100,0.210000,-0.005000,0.000000,0.599340,0.291894,12.366016,-0.046361,-0.089524,0.067676,23.9530,0.8749,-0.8533,-0.1593,2
1776691095.649077,1164,1776691095.649077,1776691095.599055,1776691095.549497,1776691095.611544,22.042303,-0.053086,0.033904,0.253000,-0.008000,0.000000,0.599340,0.291894,12.366016,-0.046361,-0.089524,0.067676,23.9530,0.8753,-0.8474,-0.1603,2
1776691095.699047,1165,1776691095.699047,1776691095.699095,1776691095.549497,1776691095.611544,22.054239,-0.052681,0.034704,0.239000,0.000000,0.000000,0.818260,-0.089722,10.576371,-0.009059,-0.005329,-0.004263,23.9530,0.8753,-0.8474,-0.1603,2
1776691095.749105,1166,1776691095.749105,1776691095.699095,1776691095.549497,1776691095.611544,22.066628,-0.051700,0.030599,0.248000,0.011000,0.000000,0.818260,-0.089722,10.576371,-0.009059,-0.005329,-0.004263,23.9530,0.8753,-0.8474,-0.1603,2
1776691095.799086,1167,1776691095.799086,1776691095.749157,1776691095.549497,1776691095.757807,22.078617,-0.051333,0.031349,0.240000,0.000000,0.000000,-0.068188,-0.740502,11.024979,-0.009059,-0.080998,0.001599,23.9530,0.8742,-0.8416,-0.1616,2
1776691095.849108,1168,1776691095.849108,1776691095.849157,1776691095.549497,1776691095.757807,22.090214,-0.050869,0.030498,0.232000,0.002000,0.000000,0.314623,0.050244,10.302422,-0.002398,0.015454,0.041831,23.9530,0.8742,-0.8416,-0.1616,2
1776691095.899110,1169,1776691095.899110,1776691095.899151,1776691095.549497,1776691095.757807,22.103508,-0.050464,0.030748,0.266000,0.000000,0.000000,-0.374438,0.026318,9.296345,0.020516,-0.020516,0.067942,23.9530,0.8742,-0.8416,-0.1616,2
1776691095.949180,1170,1776691095.949180,1776691095.899151,1776691095.549497,1776691095.903972,22.115177,-0.050355,0.032951,0.233000,-0.005000,0.000000,-0.374438,0.026318,9.296345,0.020516,-0.020516,0.067942,23.9530,0.8728,-0.8354,-0.1624,2
1776691095.999403,1171,1776691095.999403,1776691095.949216,1776691095.549497,1776691095.903972,22.128473,-0.050168,0.034808,0.265000,-0.005000,0.000000,1.132884,0.428271,9.680352,-0.049558,0.087659,0.099116,23.9530,0.8728,-0.8354,-0.1624,2
1776691096.049180,1172,1776691096.049180,1776691095.999457,1776691095.549497,1776691095.903972,22.141539,-0.050212,0.037797,0.262000,-0.010000,0.000000,-0.558666,0.455785,9.860991,0.003997,-0.066077,0.020516,23.9530,0.8728,-0.8354,-0.1624,2
1776691096.100485,1173,1776691096.100485,1776691096.049221,1776691095.549497,1776691096.050921,22.153591,-0.049859,0.036207,0.235000,-0.002000,0.000000,0.430663,0.003589,9.388458,0.030907,0.034104,-0.050890,23.9530,0.8706,-0.8285,-0.1640,2
