timestamp,frame,odom_time,imu_time,voltage_time,current_time,x,y,z,vx,vy,vz,ax,ay,az,gx,gy,gz,voltage,current0,current1,current2,fault_label
1776680043.680476,0,1776680043.680476,1776680043.680519,1776680043.680476,1776680043.680476,9.545499,-0.018954,-0.014827,0.245000,-0.001000,0.000000,0.101684,-0.098096,9.589435,0.009592,0.040499,0.027443,0.0000,0.0000,0.0000,0.0000,3
1776680043.730348,1,1776680043.730348,1776680043.730390,1776680043.730348,1776680043.730348,9.558419,-0.018846,-0.016772,0.259000,0.006000,0.000000,-0.129199,0.126806,10.183990,0.023713,-0.063413,0.040232,0.0000,0.0000,0.0000,0.0000,3
1776680043.780369,2,1776680043.780369,1776680043.780421,1776680043.780369,1776680043.780369,9.570872,-0.019055,-0.017272,0.249000,0.000000,0.000000,0.010767,-0.358886,8.747249,0.048492,0.054354,0.009592,0.0000,0.0000,0.0000,0.0000,3
1776680043.830361,3,1776680043.830361,1776680043.830403,1776680043.830823,1776680043.822829,9.583018,-0.019265,-0.017422,0.243000,0.000000,0.000000,0.186621,-0.302661,9.606183,0.014121,0.009325,0.028243,23.8660,0.4610,-0.4847,-0.1282,3
1776680043.881285,4,1776680043.881285,1776680043.881325,1776680043.830823,1776680043.822829,9.596307,-0.019548,-0.016811,0.261000,-0.001000,0.000000,0.131592,-0.045459,9.364532,0.019450,-0.041831,0.040232,23.8660,0.4610,-0.4847,-0.1282,3
1776680043.930352,5,1776680043.930352,1776680043.881325,1776680043.830823,1776680043.822829,9.608177,-0.019845,-0.016271,0.242000,-0.002000,0.000000,0.131592,-0.045459,9.364532,0.019450,-0.041831,0.040232,23.8660,0.4610,-0.4847,-0.1282,3
1776680043.980371,6,1776680043.980371,1776680043.980414,1776680043.830823,1776680043.968299,9.620530,-0.020046,-0.015871,0.247000,0.000000,0.000000,0.077759,-0.003589,8.880036,-0.001599,0.013322,0.030907,23.8660,0.4664,-0.4913,-0.1297,3
1776680044.030415,7,1776680044.030415,1776680044.030471,1776680043.830823,1776680043.968299,9.633039,-0.020245,-0.015871,0.250000,0.000000,0.000000,0.098096,-0.199780,9.363337,0.000799,0.025045,0.031173,23.8660,0.4664,-0.4913,-0.1297,3
1776680044.080350,8,1776680044.080350,1776680044.030471,1776680043.830823,1776680043.968299,9.644923,-0.020433,-0.015771,0.238000,0.000000,0.000000,0.098096,-0.199780,9.363337,0.000799,0.025045,0.031173,23.8660,0.4664,-0.4913,-0.1297,3
1776680044.130329,9,1776680044.130329,1776680044.080386,1776680043.830823,1776680044.114464,9.657317,-0.020629,-0.015771,0.248000,0.000000,0.000000,-0.308642,0.437841,11.928175,-0.077268,-0.042630,0.014921,23.8660,0.4761,-0.5002,-0.1318,3
1776680044.180355,10,1776680044.180355,1776680044.130370,1776680043.830823,1776680044.114464,9.669521,-0.020821,-0.015671,0.244000,0.000000,0.000000,-0.040674,-0.351708,9.181500,0.045828,0.036502,0.000266,23.8660,0.4761,-0.5002,-0.1318,3
1776680044.230346,11,1776680044.230346,1776680044.180399,1776680043.830823,1776680044.114464,9.682272,-0.020721,-0.017671,0.255000,0.006000,0.000000,0.020337,0.063403,10.095464,0.002664,0.014121,0.021848,23.8660,0.4761,-0.5002,-0.1318,3
1776680044.280341,12,1776680044.280341,1776680044.280373,1776680043.830823,1776680044.260288,9.694570,-0.020939,-0.017521,0.246000,0.000000,0.000000,0.160302,-0.283520,8.560628,0.010391,0.078600,0.005062,23.8660,0.4835,-0.5092,-0.1339,3
1776680044.330399,13,1776680044.330399,1776680044.330453,1776680043.830823,1776680044.260288,9.707331,-0.021162,-0.017821,0.255000,0.000000,0.000000,0.190210,-0.256005,9.223371,0.013588,0.044229,-0.014388,23.8660,0.4835,-0.5092,-0.1339,3
1776680044.380351,14,1776680044.380351,1776680044.330453,1776680043.830823,1776680044.260288,9.720809,-0.021502,-0.016972,0.270000,-0.002000,0.000000,0.190210,-0.256005,9.223371,0.013588,0.044229,-0.014388,23.8660,0.4835,-0.5092,-0.1339,3
1776680044.430325,15,1776680044.430325,1776680044.380386,1776680044.430862,1776680044.406115,9.732703,-0.021854,-0.015922,0.238000,-0.003000,0.000000,0.009570,0.014355,9.750934,0.018651,-0.039700,0.044762,23.8620,0.4878,-0.5165,-0.1341,3
1776680044.480394,16,1776680044.480394,1776680044.430370,1776680044.430862,1776680044.406115,9.745019,-0.022050,-0.015722,0.246000,0.000000,0.000000,-0.276342,0.674706,11.574075,-0.087659,-0.008793,0.018917,23.8620,0.4878,-0.5165,-0.1341,3
1776680044.530359,17,1776680044.530359,1776680044.480432,1776680044.430862,1776680044.406115,9.757758,-0.022251,-0.015622,0.255000,0.000000,0.000000,0.002393,0.104077,10.011724,0.001066,-0.007460,0.031706,23.8620,0.4878,-0.5165,-0.1341,3
1776680044.580333,18,1776680044.580333,1776680044.530416,1776680044.430862,1776680044.551981,9.769901,-0.022440,-0.015772,0.243000,0.000000,0.000000,0.014355,-0.113647,9.650445,0.008793,0.014121,0.032239,23.8620,0.4919,-0.5257,-0.1375,3
1776680044.630313,19,1776680044.630313,1776680044.630355,1776680044.430862,1776680044.551981,9.782495,-0.022639,-0.015472,0.252000,0.000000,0.000000,-0.063403,-0.302661,9.326251,0.057817,0.053554,-0.024779,23.8620,0.4919,-0.5257,-0.1375,3
1776680044.680331,20,1776680044.680331,1776680044.680369,1776680044.430862,1776680044.551981,9.794348,-0.022822,-0.015272,0.237000,0.000000,0.000000,0.027515,0.004785,10.357450,-0.001332,-0.003730,0.015720,23.8620,0.4919,-0.5257,-0.1375,3
1776680044.730379,21,1776680044.730379,1776680044.680369,1776680044.430862,1776680044.700502,9.807113,-0.022667,-0.017574,0.255000,0.007000,0.000000,0.027515,0.004785,10.357450,-0.001332,-0.003730,0.015720,23.8620,0.4993,-0.5350,-0.1440,3
1776680044.780331,22,1776680044.780331,1776680044.780372,1776680044.430862,1776680044.700502,9.819850,-0.022891,-0.017574,0.255000,0.000000,0.000000,0.027515,-0.338549,8.490047,0.044762,0.083396,0.015187,23.8620,0.4993,-0.5350,-0.1440,3
1776680044.830300,23,1776680044.830300,1776680044.780372,1776680044.430862,1776680044.700502,9.832340,-0.023110,-0.017524,0.250000,0.000000,0.000000,0.027515,-0.338549,8.490047,0.044762,0.083396,0.015187,23.8620,0.4993,-0.5350,-0.1440,3
1776680044.880351,24,1776680044.880351,1776680044.830339,1776680044.430862,1776680044.844550,9.845700,-0.023445,-0.016873,0.267000,-0.002000,0.000000,0.198584,-0.289501,9.144416,0.010658,0.017319,0.018118,23.8620,0.5028,-0.5423,-0.1496,3
1776680044.930451,25,1776680044.930451,1776680044.880391,1776680044.430862,1776680044.844550,9.857569,-0.023845,-0.015370,0.237000,-0.004000,0.000000,-0.005981,0.004785,9.454254,0.026910,-0.055420,0.037302,23.8620,0.5028,-0.5423,-0.1496,3
1776680044.980356,26,1776680044.980356,1776680044.980408,1776680044.430862,1776680044.844550,9.870044,-0.023987,-0.016019,0.250000,0.001000,0.000000,-0.033496,-0.088525,9.799981,0.016253,-0.005595,0.049558,23.8620,0.5028,-0.5423,-0.1496,3
1776680045.030295,27,1776680045.030295,1776680044.980408,1776680045.030823,1776680044.989454,9.882774,-0.024341,-0.014871,0.255000,-0.003000,0.000000,-0.033496,-0.088525,9.799981,0.016253,-0.005595,0.049558,23.8570,0.5081,-0.5499,-0.1506,3
1776680045.080295,28,1776680045.080295,1776680045.030336,1776680045.030823,1776680044.989454,9.894618,-0.024817,-0.013121,0.237000,-0.006000,0.000000,0.092114,-0.052637,9.317878,0.026111,0.003997,0.082863,23.8570,0.5081,-0.5499,-0.1506,3
1776680045.130335,29,1776680045.130335,1776680045.080333,1776680045.030823,1776680044.989454,9.907027,-0.024930,-0.013821,0.248000,0.001000,0.000000,-0.066992,0.607714,11.721217,-0.074603,-0.058084,0.025312,23.8570,0.5081,-0.5499,-0.1506,3
1776680045.180314,30,1776680045.180314,1776680045.180364,1776680045.030823,1776680045.135574,9.919123,-0.025047,-0.014021,0.242000,0.001000,0.000000,0.068188,0.007178,10.047612,-0.002398,0.010924,0.019983,23.8570,0.5141,-0.5559,-0.1543,3
1776680045.230278,31,1776680045.230278,1776680045.180364,1776680045.030823,1776680045.135574,9.932660,-0.025337,-0.013521,0.271000,-0.002000,0.000000,0.068188,0.007178,10.047612,-0.002398,0.010924,0.019983,23.8570,0.5141,-0.5559,-0.1543,3
1776680045.280275,32,1776680045.280275,1776680045.230321,1776680045.030823,1776680045.281166,9.945407,-0.025609,-0.012721,0.255000,-0.002000,0.000000,0.008374,0.047851,9.426740,0.041032,-0.070607,0.022914,23.8570,0.5225,-0.5603,-0.1572,3
1776680045.330310,33,1776680045.330310,1776680045.280362,1776680045.030823,1776680045.281166,9.957863,-0.025718,-0.012922,0.249000,0.001000,0.000000,-0.031103,-0.266772,7.188487,0.043963,0.116168,0.008793,23.8570,0.5225,-0.5603,-0.1572,3
1776680045.381210,34,1776680045.381210,1776680045.330410,1776680045.030823,1776680045.281166,9.971456,-0.025893,-0.013329,0.267000,0.000000,0.000000,0.346923,-0.051440,9.316681,-0.011990,0.014388,0.024512,23.8570,0.5225,-0.5603,-0.1572,3
1776680045.430265,35,1776680045.430265,1776680045.430299,1776680045.030823,1776680045.427071,9.983327,-0.025954,-0.013967,0.242000,0.002000,0.000000,-0.177050,0.868504,10.747440,-0.125227,0.020782,-0.013855,23.8570,0.5323,-0.5688,-0.1636,3
1776680045.480261,36,1776680045.480261,1776680045.430299,1776680045.030823,1776680045.427071,9.995775,-0.026077,-0.014617,0.249000,0.001000,0.000000,-0.177050,0.868504,10.747440,-0.125227,0.020782,-0.013855,23.8570,0.5323,-0.5688,-0.1636,3
1776680045.530318,37,1776680045.530318,1776680045.480298,1776680045.030823,1776680045.427071,10.008188,-0.026259,-0.014667,0.248000,0.000000,0.000000,0.156714,0.023926,9.479376,-0.001066,-0.004529,0.017585,23.8570,0.5323,-0.5688,-0.1636,3
1776680045.580499,38,1776680045.580499,1776680045.530364,1776680045.030823,1776680045.573300,10.020182,-0.026334,-0.015319,0.239000,0.002000,0.000000,0.056225,-0.026318,9.360944,0.006661,0.012256,0.013855,23.8570,0.5388,-0.5737,-0.1697,3
1776680045.630254,39,1776680045.630254,1776680045.630290,1776680045.630727,1776680045.573300,10.032819,-0.026528,-0.015319,0.254000,0.000000,0.000000,-0.252416,-0.409130,8.234042,0.065811,0.049291,-0.016253,23.8530,0.5388,-0.5737,-0.1697,3
1776680045.680253,40,1776680045.680253,1776680045.630290,1776680045.630727,1776680045.573300,10.044865,-0.026863,-0.014119,0.241000,-0.003000,0.000000,-0.252416,-0.409130,8.234042,0.065811,0.049291,-0.016253,23.8530,0.5388,-0.5737,-0.1697,3
1776680045.730242,41,1776680045.730242,1776680045.680308,1776680045.630727,1776680045.720166,10.058060,-0.027099,-0.013619,0.264000,-0.001000,0.000000,0.162695,0.159106,10.018902,-0.009059,0.016519,0.023447,23.8530,0.5426,-0.5745,-0.1755,3
1776680045.780520,42,1776680045.780520,1776680045.730284,1776680045.630727,1776680045.720166,10.070580,-0.027219,-0.014223,0.249000,0.001000,0.000000,0.047851,0.017944,8.903962,0.018917,-0.045561,0.048226,23.8530,0.5426,-0.5745,-0.1755,3
1776680045.830319,43,1776680045.830319,1776680045.780558,1776680045.630727,1776680045.720166,10.082729,-0.027342,-0.014671,0.244000,0.001000,0.000000,-0.151928,-0.343334,7.981625,0.015454,0.099915,-0.016253,23.8530,0.5426,-0.5745,-0.1755,3
1776680045.880252,44,1776680045.880252,1776680045.830362,1776680045.630727,1776680045.864952,10.095758,-0.027683,-0.013822,0.261000,-0.003000,0.000000,0.325390,-0.005981,9.212605,-0.001332,0.001599,0.035437,23.8530,0.5464,-0.5754,-0.1788,3
1776680045.930266,45,1776680045.930266,1776680045.880291,1776680045.630727,1776680045.864952,10.107508,-0.027995,-0.012822,0.235000,-0.003000,0.000000,-0.004785,-0.114844,9.035554,0.030907,-0.017585,0.028509,23.8530,0.5464,-0.5754,-0.1788,3
1776680045.980251,46,1776680045.980251,1776680045.930313,1776680045.630727,1776680045.864952,10.119606,-0.028001,-0.013821,0.242000,0.003000,0.000000,-0.246435,0.745287,11.454446,-0.086859,-0.036502,0.020249,23.8530,0.5464,-0.5754,-0.1788,3
1776680046.030241,47,1776680046.030241,1776680045.980294,1776680045.630727,1776680046.011382,10.132202,-0.028175,-0.014271,0.252000,0.000000,0.000000,0.014355,0.271557,10.413676,-0.009858,-0.013588,0.027976,23.8530,0.5537,-0.5772,-0.1795,3
1776680046.080240,48,1776680046.080240,1776680046.030286,1776680045.630727,1776680046.011382,10.144207,-0.027896,-0.016871,0.240000,0.009000,0.000000,-0.174658,0.089722,9.837066,-0.004529,0.010924,0.029575,23.8530,0.5537,-0.5772,-0.1795,3
1776680046.130299,49,1776680046.130299,1776680046.130344,1776680045.630727,1776680046.011382,10.156369,-0.028101,-0.017071,0.243000,0.000000,0.000000,-0.173462,-0.327783,7.678965,0.038900,0.115901,-0.027443,23.8530,0.5537,-0.5772,-0.1795,3
1776680046.180248,50,1776680046.180248,1776680046.180298,1776680045.630727,1776680046.156911,10.168454,-0.028407,-0.016672,0.242000,-0.002000,0.000000,0.224902,-0.022729,10.608671,-0.010924,-0.013855,0.026910,23.8530,0.5598,-0.5793,-0.1773,3
1776680046.230237,51,1776680046.230237,1776680046.180298,1776680046.230707,1776680046.156911,10.181699,-0.028678,-0.015922,0.265000,-0.001000,0.000000,0.224902,-0.022729,10.608671,-0.010924,-0.013855,0.026910,23.8480,0.5598,-0.5793,-0.1773,3
1776680046.280278,52,1776680046.280278,1776680046.280319,1776680046.230707,1776680046.156911,10.193856,-0.028922,-0.015722,0.243000,-0.001000,0.000000,-0.151928,-0.153125,7.960092,-0.014921,0.120964,-0.008793,23.8480,0.5598,-0.5793,-0.1773,3
1776680046.330298,53,1776680046.330298,1776680046.330361,1776680046.230707,1776680046.302772,10.206460,-0.029070,-0.016122,0.252000,0.001000,0.000000,0.131592,0.047851,9.936357,0.003997,-0.010658,0.019450,23.8480,0.5640,-0.5818,-0.1769,3
1776680046.380716,54,1776680046.380716,1776680046.380755,1776680046.230707,1776680046.302772,10.219922,-0.029237,-0.016424,0.267000,0.001000,0.000000,-0.265576,-0.173462,8.801082,0.029042,0.015454,-0.004796,23.8480,0.5640,-0.5818,-0.1769,3
1776680046.430228,55,1776680046.430228,1776680046.380755,1776680046.230707,1776680046.302772,10.231501,-0.029724,-0.014494,0.234000,-0.006000,0.000000,-0.265576,-0.173462,8.801082,0.029042,0.015454,-0.004796,23.8480,0.5640,-0.5818,-0.1769,3
1776680046.480221,56,1776680046.480221,1776680046.480259,1776680046.230707,1776680046.448824,10.243896,-0.030004,-0.013644,0.248000,-0.002000,0.000000,0.000000,0.075366,11.070437,0.001332,-0.015720,0.037834,23.8480,0.5694,-0.5859,-0.1779,3
1776680046.530258,57,1776680046.530258,1776680046.480259,1776680046.230707,1776680046.448824,10.256253,-0.030272,-0.012893,0.247000,-0.002000,0.000000,0.000000,0.075366,11.070437,0.001332,-0.015720,0.037834,23.8480,0.5694,-0.5859,-0.1779,3
1776680046.580224,58,1776680046.580224,1776680046.530300,1776680046.230707,1776680046.448824,10.269050,-0.029988,-0.015941,0.256000,0.009000,0.000000,-0.043066,-0.145947,10.646952,0.005062,0.001599,0.013056,23.8480,0.5694,-0.5859,-0.1779,3
1776680046.630230,59,1776680046.630230,1776680046.630272,1776680046.230707,1776680046.594939,10.281803,-0.029991,-0.016941,0.255000,0.004000,0.000000,-0.317016,-0.364867,8.213705,0.030108,0.078600,-0.025312,23.8480,0.5771,-0.5904,-0.1822,3
1776680046.680209,60,1776680046.680209,1776680046.680249,1776680046.230707,1776680046.594939,10.294145,-0.030250,-0.016791,0.247000,-0.001000,0.000000,-0.081347,-0.118432,9.412384,0.004529,0.014654,0.025845,23.8480,0.5771,-0.5904,-0.1822,3
1776680046.730189,61,1776680046.730189,1776680046.680249,1776680046.230707,1776680046.594939,10.307386,-0.030572,-0.015992,0.265000,-0.002000,0.000000,-0.081347,-0.118432,9.412384,0.004529,0.014654,0.025845,23.8480,0.5771,-0.5904,-0.1822,3
1776680046.780213,62,1776680046.780213,1776680046.730228,1776680046.230707,1776680046.740432,10.319540,-0.030767,-0.015742,0.243000,0.000000,0.000000,0.080151,-0.284716,8.997272,0.049558,-0.028243,0.053821,23.8480,0.5851,-0.5950,-0.1840,3
1776680046.830234,63,1776680046.830234,1776680046.830281,1776680046.830723,1776680046.740432,10.331746,-0.030859,-0.016542,0.244000,0.002000,0.000000,0.157910,0.133984,10.121782,0.008793,-0.020249,0.021315,23.8420,0.5851,-0.5950,-0.1840,3
1776680046.880221,64,1776680046.880221,1776680046.830281,1776680046.830723,1776680046.740432,10.344589,-0.031171,-0.015792,0.257000,-0.002000,0.000000,0.157910,0.133984,10.121782,0.008793,-0.020249,0.021315,23.8420,0.5851,-0.5950,-0.1840,3
1776680046.930189,65,1776680046.930189,1776680046.880258,1776680046.830723,1776680046.886471,10.356422,-0.031808,-0.012944,0.237000,-0.009000,0.000000,0.019141,-0.102881,9.187482,0.043963,-0.015720,0.041565,23.8420,0.5926,-0.6018,-0.1849,3
1776680046.980218,66,1776680046.980218,1776680046.930228,1776680046.830723,1776680046.886471,10.368930,-0.031920,-0.013394,0.250000,0.001000,0.000000,-0.191406,0.421093,11.432913,-0.054887,-0.062880,0.037568,23.8420,0.5926,-0.6018,-0.1849,3
1776680047.030251,67,1776680047.030251,1776680046.980256,1776680046.830723,1776680046.886471,10.381186,-0.032084,-0.013244,0.245000,0.000000,0.000000,-0.120825,0.236865,10.266533,0.003730,-0.016519,0.042630,23.8420,0.5926,-0.6018,-0.1849,3
1776680047.080173,68,1776680047.080173,1776680047.030296,1776680046.830723,1776680047.032457,10.393824,-0.031752,-0.016889,0.253000,0.010000,0.000000,0.087329,0.112451,9.875347,0.002931,-0.019717,0.043163,23.8420,0.6005,-0.6095,-0.1834,3
1776680047.130277,69,1776680047.130277,1776680047.080206,1776680046.830723,1776680047.032457,10.406548,-0.031967,-0.016738,0.254000,0.000000,0.000000,0.150732,-0.412719,10.966361,0.001332,-0.080198,0.016786,23.8420,0.6005,-0.6095,-0.1834,3
1776680047.180186,70,1776680047.180186,1776680047.130318,1776680046.830723,1776680047.178515,10.418773,-0.032221,-0.016090,0.245000,-0.001000,0.000000,-0.168676,-0.500048,7.540195,0.035969,0.104178,-0.033571,23.8420,0.6082,-0.6166,-0.1817,3
1776680047.230181,71,1776680047.230181,1776680047.180228,1776680046.830723,1776680047.178515,10.432069,-0.032485,-0.015890,0.266000,-0.001000,0.000000,-0.034692,0.130395,9.984209,-0.002398,0.012789,0.016786,23.8420,0.6082,-0.6166,-0.1817,3
1776680047.280178,72,1776680047.280178,1776680047.230228,1776680046.830723,1776680047.178515,10.444165,-0.032778,-0.014890,0.242000,-0.002000,0.000000,-0.022729,-0.131592,8.893196,0.037834,-0.026378,0.047426,23.8420,0.6082,-0.6166,-0.1817,3
1776680047.330162,73,1776680047.330162,1776680047.280220,1776680046.830723,1776680047.324375,10.456560,-0.032962,-0.014690,0.248000,0.000000,0.000000,-0.287109,0.256005,9.335822,-0.051956,0.072472,-0.002398,23.8420,0.6124,-0.6226,-0.1770,3
1776680047.380173,74,1776680047.380173,1776680047.380209,1776680046.830723,1776680047.324375,10.469412,-0.033151,-0.013039,0.257000,0.000000,0.000000,-0.003589,-0.290698,8.758016,0.054620,-0.010924,0.026644,23.8420,0.6124,-0.6226,-0.1770,3
1776680047.430254,75,1776680047.430254,1776680047.430303,1776680047.430865,1776680047.324375,10.481630,-0.033310,-0.013140,0.244000,0.000000,0.000000,-0.273950,0.425878,10.972342,-0.076468,-0.050091,-0.003730,23.8380,0.6124,-0.6226,-0.1770,3
1776680047.480142,76,1776680047.480142,1776680047.480179,1776680047.430865,1776680047.469945,10.494202,-0.033476,-0.013140,0.252000,0.000000,0.000000,-0.019141,0.241650,9.152790,0.018384,0.023980,0.011457,23.8380,0.6180,-0.6320,-0.1731,3
1776680047.530203,77,1776680047.530203,1776680047.480179,1776680047.430865,1776680047.469945,10.506667,-0.033539,-0.013089,0.249000,0.002000,0.000000,-0.019141,0.241650,9.152790,0.018384,0.023980,0.011457,23.8380,0.6180,-0.6320,-0.1731,3
1776680047.580149,78,1776680047.580149,1776680047.580188,1776680047.430865,1776680047.469945,10.519305,-0.033505,-0.014438,0.253000,0.004000,0.000000,0.252416,-0.185424,10.161260,0.019450,-0.075935,0.021049,23.8380,0.6180,-0.6320,-0.1731,3
1776680047.630166,79,1776680047.630166,1776680047.580188,1776680047.430865,1776680047.616668,10.531908,-0.033687,-0.014988,0.252000,0.000000,0.000000,0.252416,-0.185424,10.161260,0.019450,-0.075935,0.021049,23.8380,0.6227,-0.6373,-0.1695,3
1776680047.680157,80,1776680047.680157,1776680047.630214,1776680047.430865,1776680047.616668,10.544405,-0.033824,-0.015188,0.250000,0.001000,0.000000,-0.114844,-0.544310,8.009140,0.012789,0.144410,0.003730,23.8380,0.6227,-0.6373,-0.1695,3
1776680047.730249,81,1776680047.730249,1776680047.680195,1776680047.430865,1776680047.616668,10.557674,-0.034226,-0.013786,0.265000,-0.004000,0.000000,-0.062207,0.261987,10.493828,-0.067409,-0.009858,-0.033838,23.8380,0.6227,-0.6373,-0.1695,3
1776680047.780191,82,1776680047.780191,1776680047.730292,1776680047.430865,1776680047.762117,10.569854,-0.034744,-0.011688,0.244000,-0.007000,0.000000,0.016748,-0.038281,8.896785,0.032772,-0.020516,0.029042,23.8380,0.6269,-0.6415,-0.1688,3
1776680047.830169,83,1776680047.830169,1776680047.780230,1776680047.430865,1776680047.762117,10.582197,-0.034888,-0.011338,0.247000,0.000000,0.000000,-0.552684,0.498852,9.790411,-0.082596,0.077001,-0.011190,23.8380,0.6269,-0.6415,-0.1688,3
1776680047.880129,84,1776680047.880129,1776680047.880166,1776680047.430865,1776680047.762117,10.594638,-0.034929,-0.012387,0.249000,0.002000,0.000000,-0.144751,-0.190210,9.392047,0.036236,0.010391,0.025312,23.8380,0.6269,-0.6415,-0.1688,3
1776680047.930141,85,1776680047.930141,1776680047.880166,1776680047.430865,1776680047.908161,10.605940,-0.035019,-0.012687,0.226000,0.001000,0.000000,-0.144751,-0.190210,9.392047,0.036236,0.010391,0.025312,23.8380,0.6324,-0.6489,-0.1663,3
1776680047.980173,86,1776680047.980173,1776680047.930181,1776680047.430865,1776680047.908161,10.618144,-0.035374,-0.011186,0.244000,-0.004000,0.000000,-0.403149,-0.210546,11.600392,-0.045295,-0.057817,0.028243,23.8380,0.6324,-0.6489,-0.1663,3
1776680048.030224,87,1776680048.030224,1776680048.030267,1776680048.030707,1776680047.908161,10.630005,-0.035507,-0.011687,0.237000,0.000000,0.000000,0.344531,-0.028711,10.286870,-0.009858,-0.004796,0.006128,23.8390,0.6324,-0.6489,-0.1663,3
1776680048.080134,88,1776680048.080134,1776680048.080174,1776680048.030707,1776680048.053694,10.642835,-0.035307,-0.013633,0.257000,0.007000,0.000000,0.205761,-0.138769,10.157671,0.025578,-0.081797,-0.001865,23.8390,0.6369,-0.6556,-0.1653,3
1776680048.130136,89,1776680048.130136,1776680048.130198,1776680048.030707,1776680048.053694,10.655633,-0.035532,-0.013233,0.256000,-0.001000,0.000000,-0.368456,-0.032300,9.718634,-0.053554,0.073005,-0.038634,23.8390,0.6369,-0.6556,-0.1653,3
1776680048.180175,90,1776680048.180175,1776680048.180214,1776680048.030707,1776680048.053694,10.668192,-0.035698,-0.013233,0.251000,0.000000,0.000000,0.086133,-0.179443,9.577472,0.004529,0.012523,0.000266,23.8390,0.6369,-0.6556,-0.1653,3
1776680048.230110,91,1776680048.230110,1776680048.180214,1776680048.030707,1776680048.200079,10.681273,-0.035921,-0.012385,0.262000,-0.001000,0.000000,0.086133,-0.179443,9.577472,0.004529,0.012523,0.000266,23.8390,0.6413,-0.6615,-0.1652,3
1776680048.280209,92,1776680048.280209,1776680048.230154,1776680048.030707,1776680048.200079,10.693144,-0.036218,-0.011733,0.237000,-0.003000,0.000000,0.047851,-0.281127,9.067854,0.039433,0.007993,0.014654,23.8390,0.6413,-0.6615,-0.1652,3
1776680048.330150,93,1776680048.330150,1776680048.280246,1776680048.030707,1776680048.200079,10.705579,-0.036314,-0.011833,0.249000,0.001000,0.000000,-0.384008,0.508422,10.556034,-0.112171,0.045295,-0.003464,23.8390,0.6413,-0.6615,-0.1652,3
1776680048.380111,94,1776680048.380111,1776680048.330193,1776680048.030707,1776680048.345882,10.718266,-0.036564,-0.010984,0.254000,-0.002000,0.000000,0.034692,0.123218,10.733085,0.021049,-0.018118,0.007460,23.8390,0.6464,-0.6678,-0.1663,3
1776680048.430100,95,1776680048.430100,1776680048.380151,1776680048.030707,1776680048.345882,10.730514,-0.036599,-0.011734,0.245000,0.002000,0.000000,0.035889,-0.378027,9.138434,0.030108,0.011190,-0.005595,23.8390,0.6464,-0.6678,-0.1663,3
1776680048.480110,96,1776680048.480110,1776680048.430147,1776680048.030707,1776680048.345882,10.742915,-0.036744,-0.011334,0.248000,0.000000,0.000000,0.139966,-0.334960,11.462820,0.008793,-0.090856,0.013588,23.8390,0.6464,-0.6678,-0.1663,3
1776680048.530157,97,1776680048.530157,1776680048.480148,1776680048.030707,1776680048.491809,10.755026,-0.036882,-0.011534,0.242000,0.000000,0.000000,-0.106470,0.081347,10.779740,0.033838,-0.009592,0.032772,23.8390,0.6493,-0.6734,-0.1640,3
1776680048.580106,98,1776680048.580106,1776680048.580142,1776680048.030707,1776680048.491809,10.767916,-0.036681,-0.013731,0.258000,0.007000,0.000000,0.110058,-0.194995,10.966361,0.019717,-0.071939,0.023180,23.8390,0.6493,-0.6734,-0.1640,3
1776680048.630097,99,1776680048.630097,1776680048.580142,1776680048.630609,1776680048.491809,10.780862,-0.036859,-0.013931,0.259000,0.000000,0.000000,0.110058,-0.194995,10.966361,0.019717,-0.071939,0.023180,23.8400,0.6493,-0.6734,-0.1640,3
1776680048.680093,100,1776680048.680093,1776680048.680135,1776680048.630609,1776680048.637658,10.793209,-0.037081,-0.013581,0.247000,-0.001000,0.000000,0.174658,-0.151928,10.119390,0.022381,0.004263,0.036769,23.8400,0.6545,-0.6779,-0.1624,3
1776680048.730151,101,1776680048.730151,1776680048.730192,1776680048.630609,1776680048.637658,10.806722,-0.037364,-0.012430,0.270000,-0.002000,0.000000,-0.168676,-0.250024,9.163556,0.050890,-0.013588,0.020249,23.8400,0.6545,-0.6779,-0.1624,3
1776680048.780079,102,1776680048.780079,1776680048.730192,1776680048.630609,1776680048.637658,10.818652,-0.037612,-0.011781,0.239000,-0.002000,0.000000,-0.168676,-0.250024,9.163556,0.050890,-0.013588,0.020249,23.8400,0.6545,-0.6779,-0.1624,3
1776680048.830082,103,1776680048.830082,1776680048.830123,1776680048.630609,1776680048.783972,10.830853,-0.037656,-0.012481,0.244000,0.002000,0.000000,0.179443,0.138769,10.572783,0.003997,-0.016253,0.034904,23.8400,0.6565,-0.6806,-0.1588,3
1776680048.880071,104,1776680048.880071,1776680048.880110,1776680048.630609,1776680048.783972,10.843647,-0.038016,-0.011131,0.256000,-0.004000,0.000000,-0.008374,-0.267968,9.369318,0.031173,0.009325,0.031173,23.8400,0.6565,-0.6806,-0.1588,3
1776680048.930098,105,1776680048.930098,1776680048.930151,1776680048.630609,1776680048.930523,10.855801,-0.038301,-0.010181,0.243000,-0.003000,0.000000,-0.144751,-0.167480,11.423342,-0.015454,-0.076202,0.037834,23.8400,0.6602,-0.6833,-0.1567,3
1776680048.980077,106,1776680048.980077,1776680048.930151,1776680048.630609,1776680048.930523,10.868145,-0.038427,-0.009881,0.247000,0.000000,0.000000,-0.144751,-0.167480,11.423342,-0.015454,-0.076202,0.037834,23.8400,0.6602,-0.6833,-0.1567,3
1776680049.030404,107,1776680049.030404,1776680049.030453,1776680048.630609,1776680048.930523,10.880537,-0.038599,-0.009881,0.247000,-0.001000,0.000000,0.075366,0.099292,9.677959,-0.001865,0.006661,0.040499,23.8400,0.6602,-0.6833,-0.1567,3
1776680049.080073,108,1776680049.080073,1776680049.030453,1776680048.630609,1776680049.076150,10.892997,-0.038175,-0.013169,0.250000,0.011000,0.000000,0.075366,0.099292,9.677959,-0.001865,0.006661,0.040499,23.8400,0.6609,-0.6823,-0.1555,3
1776680049.130055,109,1776680049.130055,1776680049.080119,1776680048.630609,1776680049.076150,10.905491,-0.038389,-0.012569,0.250000,-0.001000,0.000000,0.031103,-0.157910,11.309695,-0.010658,-0.057285,0.022115,23.8400,0.6609,-0.6823,-0.1555,3
1776680049.180077,110,1776680049.180077,1776680049.180121,1776680048.630609,1776680049.076150,10.917746,-0.038543,-0.012870,0.245000,0.000000,0.000000,0.064599,0.206958,10.067949,-0.009592,-0.005595,0.029042,23.8400,0.6609,-0.6823,-0.1555,3
1776680049.230157,111,1776680049.230157,1776680049.230205,1776680049.231326,1776680049.222195,10.931065,-0.038765,-0.011968,0.266000,-0.001000,0.000000,-0.104077,-0.187817,9.214997,0.041565,-0.019450,0.029308,23.8390,0.6606,-0.6795,-0.1545,3
1776680049.280060,112,1776680049.280060,1776680049.230205,1776680049.231326,1776680049.222195,10.942988,-0.039157,-0.010321,0.239000,-0.005000,0.000000,-0.104077,-0.187817,9.214997,0.041565,-0.019450,0.029308,23.8390,0.6606,-0.6795,-0.1545,3
1776680049.330115,113,1776680049.330115,1776680049.330188,1776680049.231326,1776680049.222195,10.955144,-0.039282,-0.010221,0.243000,0.000000,0.000000,0.104077,0.055029,10.676859,0.009059,-0.012789,0.031973,23.8390,0.6606,-0.6795,-0.1545,3
1776680049.380048,114,1776680049.380048,1776680049.380090,1776680049.231326,1776680049.368679,10.967933,-0.039513,-0.009222,0.256000,-0.002000,0.000000,-0.118432,-0.306249,9.264045,0.038101,0.001599,0.023713,23.8390,0.6596,-0.6771,-0.1579,3
1776680049.430056,115,1776680049.430056,1776680049.430099,1776680049.231326,1776680049.368679,10.980536,-0.039529,-0.010472,0.252000,0.002000,0.000000,-0.211743,0.040674,11.334817,-0.024246,-0.079666,0.046893,23.8390,0.6596,-0.6771,-0.1579,3
1776680049.480064,116,1776680049.480064,1776680049.430099,1776680049.231326,1776680049.368679,10.992887,-0.039659,-0.010522,0.247000,0.000000,0.000000,-0.211743,0.040674,11.334817,-0.024246,-0.079666,0.046893,23.8390,0.6596,-0.6771,-0.1579,3
1776680049.530092,117,1776680049.530092,1776680049.480103,1776680049.231326,1776680049.514799,11.005191,-0.039938,-0.009172,0.246000,-0.003000,0.000000,0.128003,0.089722,9.545172,0.033571,0.023980,0.035703,23.8390,0.6590,-0.6746,-0.1621,3
1776680049.580050,118,1776680049.580050,1776680049.530133,1776680049.231326,1776680049.514799,11.017932,-0.039855,-0.010870,0.255000,0.004000,0.000000,0.183032,0.034692,9.533209,-0.001332,0.015454,0.040499,23.8390,0.6590,-0.6746,-0.1621,3
1776680049.630077,119,1776680049.630077,1776680049.580091,1776680049.231326,1776680049.514799,11.030790,-0.039795,-0.011921,0.257000,0.004000,0.000000,0.017944,-0.148340,11.009427,0.015454,-0.071939,0.033305,23.8390,0.6590,-0.6746,-0.1621,3
1776680049.680051,120,1776680049.680051,1776680049.630122,1776680049.231326,1776680049.660943,11.042834,-0.039788,-0.013420,0.241000,0.003000,0.000000,-0.651976,-0.325390,9.894487,-0.037834,0.053821,-0.064212,23.8390,0.6564,-0.6711,-0.1670,3
1776680049.730043,121,1776680049.730043,1776680049.680098,1776680049.231326,1776680049.660943,11.055831,-0.040013,-0.013170,0.260000,-0.001000,0.000000,0.026318,-0.099292,9.779644,0.001865,0.018651,0.031973,23.8390,0.6564,-0.6711,-0.1670,3
1776680049.780030,122,1776680049.780030,1776680049.730080,1776680049.231326,1776680049.660943,11.067473,-0.040416,-0.011070,0.233000,-0.005000,0.000000,-0.081347,-0.206958,9.457843,0.045295,-0.015454,0.033305,23.8390,0.6564,-0.6711,-0.1670,3
1776680049.830060,123,1776680049.830060,1776680049.780075,1776680049.830597,1776680049.806768,11.079781,-0.040502,-0.011671,0.246000,0.001000,0.000000,-0.180639,0.247631,10.170830,-0.084461,0.036502,0.006395,23.8400,0.6561,-0.6712,-0.1703,3
1776680049.880079,124,1776680049.880079,1776680049.880121,1776680049.830597,1776680049.806768,11.092185,-0.040647,-0.011271,0.248000,0.000000,0.000000,0.066992,-0.317016,9.302326,0.030907,0.001066,0.007194,23.8400,0.6561,-0.6712,-0.1703,3
1776680049.930082,125,1776680049.930082,1776680049.930120,1776680049.830597,1776680049.806768,11.104486,-0.040636,-0.012371,0.246000,0.003000,0.000000,0.277539,-0.057422,10.807255,-0.010924,-0.086060,0.012789,23.8400,0.6561,-0.6712,-0.1703,3
1776680049.980021,126,1776680049.980021,1776680049.980059,1776680049.830597,1776680049.952815,11.117219,-0.040893,-0.011971,0.255000,-0.002000,0.000000,0.111255,0.124414,8.730501,0.022914,0.041032,0.051156,23.8400,0.6562,-0.6729,-0.1747,3
1776680050.030102,127,1776680050.030102,1776680050.030151,1776680049.830597,1776680049.952815,11.129788,-0.040994,-0.011971,0.251000,0.001000,0.000000,0.045459,0.139966,9.632501,-0.016519,0.005062,0.017585,23.8400,0.6562,-0.6729,-0.1747,3
1776680050.079999,128,1776680050.079999,1776680050.080040,1776680049.830597,1776680049.952815,11.142863,-0.040950,-0.013518,0.262000,0.004000,0.000000,-0.226098,0.011963,10.133745,0.028243,-0.071139,0.055686,23.8400,0.6562,-0.6729,-0.1747,3
1776680050.132427,129,1776680050.132427,1776680050.080040,1776680049.830597,1776680050.098933,11.156126,-0.041130,-0.013361,0.253000,0.000000,0.000000,-0.226098,0.011963,10.133745,0.028243,-0.071139,0.055686,23.8400,0.6547,-0.6709,-0.1789,3
1776680050.180032,130,1776680050.180032,1776680050.180077,1776680049.830597,1776680050.098933,11.167882,-0.041382,-0.012552,0.247000,-0.002000,0.000000,0.204565,-0.167480,9.272419,-0.006128,0.026644,0.010391,23.8400,0.6547,-0.6709,-0.1789,3
1776680050.230075,131,1776680050.230075,1776680050.180077,1776680049.830597,1776680050.098933,11.181041,-0.041647,-0.012151,0.263000,-0.002000,0.000000,0.204565,-0.167480,9.272419,-0.006128,0.026644,0.010391,23.8400,0.6547,-0.6709,-0.1789,3
1776680050.280008,132,1776680050.280008,1776680050.230122,1776680049.830597,1776680050.244753,11.193022,-0.041993,-0.010553,0.240000,-0.004000,0.000000,0.100488,-0.334960,8.747249,0.038101,0.014921,0.010391,23.8400,0.6507,-0.6661,-0.1843,3
1776680050.330061,133,1776680050.330061,1776680050.280049,1776680049.830597,1776680050.244753,11.205133,-0.042171,-0.009953,0.242000,-0.001000,0.000000,-0.295483,0.567040,10.486650,-0.126825,0.025045,-0.011457,23.8400,0.6507,-0.6661,-0.1843,3
1776680050.380006,134,1776680050.380006,1776680050.330103,1776680049.830597,1776680050.244753,11.217319,-0.042342,-0.009603,0.244000,-0.001000,0.000000,0.070581,0.155517,9.922002,0.026111,-0.008793,0.023980,23.8400,0.6507,-0.6661,-0.1843,3
1776680050.430041,135,1776680050.430041,1776680050.430081,1776680050.430845,1776680050.390873,11.229678,-0.042310,-0.010554,0.247000,0.003000,0.000000,0.138769,-0.214135,11.123075,0.004529,-0.095119,0.014121,23.8410,0.6433,-0.6646,-0.1910,3
1776680050.480014,136,1776680050.480014,1776680050.480055,1776680050.430845,1776680050.390873,11.242271,-0.042343,-0.011453,0.252000,0.002000,0.000000,0.028711,-0.033496,9.778448,0.051156,0.022381,0.019717,23.8410,0.6433,-0.6646,-0.1910,3
1776680050.530026,137,1776680050.530026,1776680050.480055,1776680050.430845,1776680050.390873,11.254474,-0.042483,-0.011053,0.244000,0.000000,0.000000,0.028711,-0.033496,9.778448,0.051156,0.022381,0.019717,23.8410,0.6433,-0.6646,-0.1910,3
1776680050.579983,138,1776680050.579983,1776680050.580022,1776680050.430845,1776680050.536800,11.267212,-0.042624,-0.010853,0.255000,0.000000,0.000000,0.051440,-0.149536,10.375395,0.047160,-0.089257,0.024246,23.8410,0.6366,-0.6645,-0.1951,3
1776680050.630000,139,1776680050.630000,1776680050.630040,1776680050.430845,1776680050.536800,11.279515,-0.042757,-0.011353,0.246000,0.000000,0.000000,-0.222509,0.126806,9.923199,-0.074603,0.064478,-0.009858,23.8410,0.6366,-0.6645,-0.1951,3
1776680050.680043,140,1776680050.680043,1776680050.630040,1776680050.430845,1776680050.536800,11.291577,-0.042694,-0.012454,0.241000,0.004000,0.000000,-0.222509,0.126806,9.923199,-0.074603,0.064478,-0.009858,23.8410,0.6366,-0.6645,-0.1951,3
1776680050.730036,141,1776680050.730036,1776680050.730075,1776680050.430845,1776680050.682749,11.304574,-0.042906,-0.012054,0.260000,-0.001000,0.000000,0.084936,-0.258398,9.298737,0.046094,-0.000533,0.013322,23.8410,0.6320,-0.6626,-0.2002,3
1776680050.779982,142,1776680050.779982,1776680050.780029,1776680050.430845,1776680050.682749,11.316456,-0.043399,-0.009657,0.238000,-0.007000,0.000000,-0.191406,0.796727,10.761796,-0.129756,0.016786,-0.006395,23.8410,0.6320,-0.6626,-0.2002,3
1776680050.830105,143,1776680050.830105,1776680050.830154,1776680050.430845,1776680050.829091,11.328984,-0.043720,-0.008103,0.250000,-0.004000,0.000000,-0.061011,0.080151,9.994976,0.040499,0.001332,0.025578,23.8410,0.6264,-0.6622,-0.2054,3
1776680050.879985,144,1776680050.879985,1776680050.830154,1776680050.430845,1776680050.829091,11.341205,-0.043819,-0.008502,0.245000,0.000000,0.000000,-0.061011,0.080151,9.994976,0.040499,0.001332,0.025578,23.8410,0.6264,-0.6622,-0.2054,3
1776680050.929990,145,1776680050.929990,1776680050.930028,1776680050.430845,1776680050.829091,11.353711,-0.043326,-0.012003,0.250000,0.012000,0.000000,0.185424,-0.142358,10.960380,0.019717,-0.065278,0.053022,23.8410,0.6264,-0.6622,-0.2054,3
1776680050.979965,146,1776680050.979965,1776680050.930028,1776680050.430845,1776680050.975111,11.366353,-0.043577,-0.011253,0.253000,-0.002000,0.000000,0.185424,-0.142358,10.960380,0.019717,-0.065278,0.053022,23.8410,0.6217,-0.6625,-0.2121,3
1776680051.029997,147,1776680051.029997,1776680050.980005,1776680051.030891,1776680050.975111,11.378809,-0.043818,-0.010703,0.249000,-0.002000,0.000000,0.011963,-0.248828,9.108527,0.064212,0.048759,-0.010125,23.8400,0.6217,-0.6625,-0.2121,3
1776680051.080032,148,1776680051.080032,1776680051.080075,1776680051.030891,1776680050.975111,11.391768,-0.043906,-0.010703,0.259000,0.001000,0.000000,0.009570,-0.099292,9.956695,0.042098,-0.059949,0.019450,23.8400,0.6217,-0.6625,-0.2121,3
1776680051.129980,149,1776680051.129980,1776680051.130018,1776680051.030891,1776680051.121214,11.404004,-0.044037,-0.010903,0.245000,0.000000,0.000000,-0.355297,0.264379,10.242607,-0.098849,0.045295,-0.015187,23.8400,0.6166,-0.6626,-0.2179,3
1776680051.179942,150,1776680051.179942,1776680051.179983,1776680051.030891,1776680051.121214,11.416144,-0.044120,-0.011302,0.243000,0.001000,0.000000,0.232080,-0.289501,9.744952,0.000533,-0.002132,0.005595,23.8400,0.6166,-0.6626,-0.2179,3
1776680051.230055,151,1776680051.230055,1776680051.230104,1776680051.030891,1776680051.121214,11.429170,-0.044467,-0.009849,0.260000,-0.004000,0.000000,0.087329,-0.403149,9.370514,0.040765,-0.002132,0.004529,23.8400,0.6166,-0.6626,-0.2179,3
1776680051.280049,152,1776680051.280049,1776680051.280088,1776680051.030891,1776680051.267464,11.440815,-0.044932,-0.008049,0.233000,-0.007000,0.000000,-0.126806,0.519188,10.657719,-0.099382,0.037035,-0.001599,23.8400,0.6140,-0.6621,-0.2233,3
1776680051.330365,153,1776680051.330365,1776680051.330415,1776680051.030891,1776680051.267464,11.453242,-0.045032,-0.007898,0.247000,0.000000,0.000000,0.015552,0.108862,10.398125,0.023713,-0.000799,0.027177,23.8400,0.6140,-0.6621,-0.2233,3
1776680051.379929,154,1776680051.379929,1776680051.379965,1776680051.030891,1776680051.267464,11.465186,-0.045226,-0.007105,0.241000,-0.002000,0.000000,0.022729,-0.141162,9.777251,0.013056,-0.001865,0.038367,23.8400,0.6140,-0.6621,-0.2233,3
1776680051.430143,155,1776680051.430143,1776680051.430189,1776680051.030891,1776680051.413497,11.477490,-0.044911,-0.009967,0.245000,0.008000,0.000000,0.113647,-0.031103,10.904154,0.017319,-0.074870,0.048492,23.8400,0.6139,-0.6644,-0.2306,3
1776680051.479906,156,1776680051.479906,1776680051.479938,1776680051.030891,1776680051.413497,11.490429,-0.045040,-0.009520,0.260000,0.000000,0.000000,-0.066992,-0.498852,8.607284,0.075403,0.073005,0.008260,23.8400,0.6139,-0.6644,-0.2306,3
1776680051.529953,157,1776680051.529953,1776680051.529998,1776680051.030891,1776680051.413497,11.502840,-0.045058,-0.010620,0.248000,0.002000,0.000000,0.064599,-0.252416,9.920806,-0.003197,0.019184,0.003197,23.8400,0.6139,-0.6644,-0.2306,3
1776680051.579929,158,1776680051.579929,1776680051.579966,1776680051.030891,1776680051.559226,11.515785,-0.045046,-0.011470,0.259000,0.003000,0.000000,-0.114844,0.019141,9.636089,0.046627,-0.054620,0.019184,23.8400,0.6128,-0.6633,-0.2344,3
1776680051.629935,159,1776680051.629935,1776680051.579966,1776680051.630743,1776680051.559226,11.527984,-0.045436,-0.009570,0.244000,-0.005000,0.000000,-0.114844,0.019141,9.636089,0.046627,-0.054620,0.019184,23.8410,0.6128,-0.6633,-0.2344,3
1776680051.680015,160,1776680051.680015,1776680051.629976,1776680051.630743,1776680051.559226,11.540603,-0.045607,-0.009570,0.252000,-0.001000,0.000000,-0.385204,0.380419,10.131352,-0.098849,0.046361,-0.015454,23.8410,0.6128,-0.6633,-0.2344,3
1776680051.730025,161,1776680051.730025,1776680051.730066,1776680051.630743,1776680051.705269,11.553454,-0.045780,-0.008920,0.257000,-0.001000,0.000000,0.100488,-0.351708,9.143220,0.033571,0.001599,-0.021315,23.8410,0.6107,-0.6643,-0.2391,3
1776680051.779895,162,1776680051.779895,1776680051.730066,1776680051.630743,1776680051.705269,11.565124,-0.045984,-0.008421,0.234000,-0.002000,0.000000,0.100488,-0.351708,9.143220,0.033571,0.001599,-0.021315,23.8410,0.6107,-0.6643,-0.2391,3
1776680051.830026,163,1776680051.830026,1776680051.830063,1776680051.630743,1776680051.705269,11.577955,-0.046192,-0.008020,0.256000,-0.002000,0.000000,-0.083740,-0.139966,8.923103,0.050091,0.050890,0.028243,23.8410,0.6107,-0.6643,-0.2391,3
1776680051.879954,164,1776680051.879954,1776680051.879992,1776680051.630743,1776680051.851244,11.590486,-0.046392,-0.006872,0.251000,-0.002000,0.000000,0.014355,-0.078955,9.917217,0.003997,0.006661,0.006395,23.8410,0.6105,-0.6664,-0.2453,3
1776680051.929930,165,1776680051.929930,1776680051.879992,1776680051.630743,1776680051.851244,11.602883,-0.045878,-0.011270,0.248000,0.012000,0.000000,0.014355,-0.078955,9.917217,0.003997,0.006661,0.006395,23.8410,0.6105,-0.6664,-0.2453,3
1776680051.979903,166,1776680051.979903,1776680051.979941,1776680051.630743,1776680051.851244,11.615527,-0.045920,-0.012019,0.253000,0.002000,0.000000,-0.083740,-0.498852,9.176716,0.081264,0.077800,-0.067676,23.8410,0.6105,-0.6664,-0.2453,3
1776680052.029889,167,1776680052.029889,1776680051.979941,1776680051.630743,1776680051.997206,11.627623,-0.046066,-0.011769,0.242000,0.000000,0.000000,-0.083740,-0.498852,9.176716,0.081264,0.077800,-0.067676,23.8410,0.6100,-0.6662,-0.2496,3
1776680052.079901,168,1776680052.079901,1776680052.029927,1776680051.630743,1776680051.997206,11.640873,-0.046372,-0.010819,0.265000,-0.003000,0.000000,0.100488,-0.260790,9.786822,0.000000,0.026644,-0.011457,23.8410,0.6100,-0.6662,-0.2496,3
1776680052.129960,169,1776680052.129960,1776680052.130002,1776680051.630743,1776680051.997206,11.653085,-0.046704,-0.009017,0.244000,-0.004000,0.000000,-0.076562,0.677098,10.845535,-0.113770,0.019717,0.033838,23.8410,0.6100,-0.6662,-0.2496,3
1776680052.179940,170,1776680052.179940,1776680052.179980,1776680051.630743,1776680052.142717,11.665481,-0.046616,-0.010666,0.248000,0.004000,0.000000,0.139966,-0.203369,10.133745,-0.005329,-0.003464,0.036502,23.8410,0.6092,-0.6657,-0.2537,3
1776680052.229953,171,1776680052.229953,1776680052.229993,1776680052.230760,1776680052.142717,11.678082,-0.046850,-0.010016,0.252000,-0.002000,0.000000,0.096899,-0.259594,9.729400,0.037834,-0.008260,0.028509,23.8410,0.6092,-0.6657,-0.2537,3
1776680052.279936,172,1776680052.279936,1776680052.229993,1776680052.230760,1776680052.142717,11.690626,-0.047126,-0.008766,0.251000,-0.003000,0.000000,0.096899,-0.259594,9.729400,0.037834,-0.008260,0.028509,23.8410,0.6092,-0.6657,-0.2537,3
1776680052.329901,173,1776680052.329901,1776680052.329941,1776680052.230760,1776680052.288634,11.703666,-0.047340,-0.008417,0.261000,-0.002000,0.000000,-0.149536,-0.307446,8.755623,0.074870,0.071939,0.036769,23.8410,0.6095,-0.6692,-0.2604,3
1776680052.379873,174,1776680052.379873,1776680052.379912,1776680052.230760,1776680052.288634,11.716258,-0.047496,-0.007567,0.252000,-0.001000,0.000000,-0.066992,0.110058,9.506891,0.018384,0.007727,0.040499,23.8410,0.6095,-0.6692,-0.2604,3
1776680052.429906,175,1776680052.429906,1776680052.379912,1776680052.230760,1776680052.288634,11.728469,-0.047088,-0.011069,0.244000,0.010000,0.000000,-0.066992,0.110058,9.506891,0.018384,0.007727,0.040499,23.8410,0.6095,-0.6692,-0.2604,3
1776680052.479908,176,1776680052.479908,1776680052.479947,1776680052.230760,1776680052.435081,11.741019,-0.047127,-0.011919,0.251000,0.002000,0.000000,-0.021533,-0.442626,8.700594,0.083396,0.045561,-0.013855,23.8410,0.6097,-0.6774,-0.2659,3
1776680052.529851,177,1776680052.529851,1776680052.479947,1776680052.230760,1776680052.435081,11.753454,-0.047275,-0.011420,0.249000,0.000000,0.000000,-0.021533,-0.442626,8.700594,0.083396,0.045561,-0.013855,23.8410,0.6097,-0.6774,-0.2659,3
1776680052.579855,178,1776680052.579855,1776680052.579897,1776680052.230760,1776680052.580265,11.767001,-0.047630,-0.010420,0.271000,-0.004000,0.000000,-0.034692,0.169873,9.152790,0.043163,-0.035437,0.045295,23.8410,0.6083,-0.6834,-0.2686,3
1776680052.629872,179,1776680052.629872,1776680052.629915,1776680052.230760,1776680052.580265,11.779004,-0.047805,-0.009820,0.240000,-0.001000,0.000000,-0.063403,0.701024,10.595511,-0.119365,0.031440,0.018917,23.8410,0.6083,-0.6834,-0.2686,3
1776680052.679937,180,1776680052.679937,1776680052.629915,1776680052.230760,1776680052.580265,11.790819,-0.047921,-0.010020,0.236000,0.000000,0.000000,-0.063403,0.701024,10.595511,-0.119365,0.031440,0.018917,23.8410,0.6083,-0.6834,-0.2686,3
1776680052.729910,181,1776680052.729910,1776680052.729956,1776680052.230760,1776680052.726682,11.803611,-0.048149,-0.009420,0.256000,-0.002000,0.000000,0.021533,-0.185424,9.594220,0.028776,-0.010924,0.025312,23.8410,0.6077,-0.6882,-0.2733,3
1776680052.779854,182,1776680052.779854,1776680052.779892,1776680052.230760,1776680052.726682,11.815996,-0.048266,-0.008871,0.248000,0.000000,0.000000,0.275146,0.842186,9.564313,-0.145476,0.018917,0.003730,23.8410,0.6077,-0.6882,-0.2733,3
1776680052.829892,183,1776680052.829892,1776680052.779892,1776680052.830645,1776680052.726682,11.828906,-0.048380,-0.009271,0.258000,0.000000,0.000000,0.275146,0.842186,9.564313,-0.145476,0.018917,0.003730,23.8400,0.6077,-0.6882,-0.2733,3
1776680052.879857,184,1776680052.879857,1776680052.879897,1776680052.830645,1776680052.872531,11.841296,-0.048495,-0.009071,0.248000,0.000000,0.000000,-0.151928,-0.096899,9.297541,0.007993,-0.005595,0.001332,23.8400,0.6061,-0.6950,-0.2770,3
1776680052.929860,185,1776680052.929860,1776680052.879897,1776680052.830645,1776680052.872531,11.853649,-0.048307,-0.010821,0.247000,0.006000,0.000000,-0.151928,-0.096899,9.297541,0.007993,-0.005595,0.001332,23.8400,0.6061,-0.6950,-0.2770,3
1776680052.979855,186,1776680052.979855,1776680052.929902,1776680052.830645,1776680052.872531,11.866347,-0.048445,-0.010871,0.254000,0.000000,0.000000,0.038281,-0.141162,9.630108,0.049291,-0.075669,0.015187,23.8400,0.6061,-0.6950,-0.2770,3
1776680053.029853,187,1776680053.029853,1776680053.029892,1776680052.830645,1776680053.018165,11.878597,-0.048478,-0.011321,0.245000,0.002000,0.000000,0.229687,-0.209350,9.923199,-0.011990,0.005062,0.027710,23.8400,0.6043,-0.7019,-0.2768,3
1776680053.079938,188,1776680053.079938,1776680053.079977,1776680052.830645,1776680053.018165,11.891668,-0.048726,-0.010570,0.261000,-0.002000,0.000000,-0.051440,-0.082544,9.092976,0.047693,-0.030374,0.025845,23.8400,0.6043,-0.7019,-0.2768,3
1776680053.129870,189,1776680053.129870,1776680053.129911,1776680052.830645,1776680053.018165,11.903749,-0.049054,-0.009272,0.242000,-0.004000,0.000000,-0.062207,0.863719,10.162456,-0.151338,0.034104,0.006395,23.8400,0.6043,-0.7019,-0.2768,3
1776680053.179842,190,1776680053.179842,1776680053.129911,1776680052.830645,1776680053.164665,11.916040,-0.049217,-0.008622,0.246000,-0.001000,0.000000,-0.062207,0.863719,10.162456,-0.151338,0.034104,0.006395,23.8400,0.6049,-0.7090,-0.2771,3
1776680053.229907,191,1776680053.229907,1776680053.179890,1776680052.830645,1776680053.164665,11.928706,-0.049377,-0.008322,0.253000,-0.001000,0.000000,0.224902,-0.071777,10.163652,-0.003997,-0.026910,0.048492,23.8400,0.6049,-0.7090,-0.2771,3
1776680053.279868,192,1776680053.279868,1776680053.279906,1776680052.830645,1776680053.164665,11.940647,-0.049426,-0.008472,0.239000,0.001000,0.000000,0.214135,0.449804,9.400421,-0.140680,0.009592,-0.002931,23.8400,0.6049,-0.7090,-0.2771,3
1776680053.329863,193,1776680053.329863,1776680053.329906,1776680052.830645,1776680053.310385,11.953295,-0.049583,-0.008022,0.253000,-0.001000,0.000000,0.089722,-0.557470,8.521151,0.092988,0.063413,0.025045,23.8400,0.6025,-0.7129,-0.2798,3
1776680053.379871,194,1776680053.379871,1776680053.379922,1776680052.830645,1776680053.310385,11.965997,-0.049685,-0.008222,0.254000,0.000000,0.000000,-0.226098,-0.023926,9.316681,0.003197,-0.001332,-0.003197,23.8400,0.6025,-0.7129,-0.2798,3
1776680053.429851,195,1776680053.429851,1776680053.429892,1776680053.430849,1776680053.310385,11.978446,-0.049238,-0.011521,0.249000,0.011000,0.000000,0.057422,-0.171069,9.875347,0.044229,-0.061814,-0.006395,23.8400,0.6025,-0.7129,-0.2798,3
1776680053.479893,196,1776680053.479893,1776680053.479941,1776680053.430849,1776680053.456397,11.991007,-0.049232,-0.012872,0.251000,0.003000,0.000000,-0.126806,-0.471337,8.565413,0.073537,0.053022,-0.005862,23.8400,0.5996,-0.7209,-0.2792,3
1776680053.529854,197,1776680053.529854,1776680053.529896,1776680053.430849,1776680053.456397,12.003197,-0.049389,-0.012722,0.244000,0.000000,0.000000,0.142358,-0.169873,9.743755,0.007460,-0.008260,0.009325,23.8400,0.5996,-0.7209,-0.2792,3
1776680053.579861,198,1776680053.579861,1776680053.579899,1776680053.430849,1776680053.456397,12.016443,-0.049908,-0.010221,0.265000,-0.007000,0.000000,0.150732,-0.111255,9.323859,0.046094,-0.037834,0.020782,23.8400,0.5996,-0.7209,-0.2792,3
1776680053.629861,199,1776680053.629861,1776680053.629903,1776680053.430849,1776680053.602447,12.028741,-0.050184,-0.009521,0.246000,-0.003000,0.000000,0.005981,0.795531,10.213897,-0.157200,0.032506,-0.009325,23.8400,0.5971,-0.7268,-0.2755,3
1776680053.679822,200,1776680053.679822,1776680053.679862,1776680053.430849,1776680053.602447,12.040783,-0.050098,-0.010571,0.241000,0.004000,0.000000,0.281127,-0.114844,10.219877,0.003464,-0.012256,0.048759,23.8400,0.5971,-0.7268,-0.2755,3
1776680053.729834,201,1776680053.729834,1776680053.679862,1776680053.430849,1776680053.602447,12.053535,-0.050333,-0.009920,0.255000,-0.002000,0.000000,0.281127,-0.114844,10.219877,0.003464,-0.012256,0.048759,23.8400,0.5971,-0.7268,-0.2755,3
1776680053.779816,202,1776680053.779816,1776680053.729876,1776680053.430849,1776680053.747993,12.065877,-0.050656,-0.008721,0.247000,-0.004000,0.000000,0.025122,-0.138769,9.362140,0.014121,0.007727,0.033305,23.8400,0.5946,-0.7344,-0.2710,3
1776680053.829826,203,1776680053.829826,1776680053.829865,1776680053.430849,1776680053.747993,12.078478,-0.050916,-0.007371,0.252000,-0.003000,0.000000,-0.137573,-0.458178,8.987702,0.074070,0.057817,0.030641,23.8400,0.5946,-0.7344,-0.2710,3
1776680053.879808,204,1776680053.879808,1776680053.879850,1776680053.430849,1776680053.747993,12.090923,-0.051007,-0.007521,0.249000,0.000000,0.000000,-0.011963,-0.071777,10.255766,0.001066,-0.005329,0.017052,23.8400,0.5946,-0.7344,-0.2710,3
1776680053.929824,205,1776680053.929824,1776680053.929866,1776680053.430849,1776680053.893438,12.103281,-0.050600,-0.010672,0.247000,0.010000,0.000000,0.061011,-0.133984,9.959087,0.049558,-0.056485,0.011723,23.8400,0.5962,-0.7392,-0.2683,3
1776680053.979787,206,1776680053.979787,1776680053.979823,1776680053.430849,1776680053.893438,12.115472,-0.050730,-0.010572,0.244000,0.000000,0.000000,0.105273,-0.567040,9.053498,0.070074,0.049558,-0.014121,23.8400,0.5962,-0.7392,-0.2683,3
1776680054.029839,207,1776680054.029839,1776680053.979823,1776680054.030303,1776680053.893438,12.127833,-0.050861,-0.010572,0.247000,0.000000,0.000000,0.105273,-0.567040,9.053498,0.070074,0.049558,-0.014121,23.8420,0.5962,-0.7392,-0.2683,3
1776680054.079788,208,1776680054.079788,1776680054.079828,1776680054.030303,1776680054.042323,12.141117,-0.051201,-0.008724,0.266000,-0.004000,0.000000,0.057422,-0.033496,9.098957,0.057817,-0.048759,0.075403,23.8420,0.5951,-0.7428,-0.2650,3
1776680054.129862,209,1776680054.129862,1776680054.079828,1776680054.030303,1776680054.042323,12.153233,-0.051507,-0.007822,0.242000,-0.004000,0.000000,0.057422,-0.033496,9.098957,0.057817,-0.048759,0.075403,23.8420,0.5951,-0.7428,-0.2650,3
1776680054.179782,210,1776680054.179782,1776680054.130004,1776680054.030303,1776680054.042323,12.165613,-0.051554,-0.008222,0.248000,0.001000,0.000000,-0.166284,0.808690,10.014116,-0.142279,0.015187,0.035703,23.8420,0.5951,-0.7428,-0.2650,3
1776680054.229816,211,1776680054.229816,1776680054.179820,1776680054.030303,1776680054.190662,12.178408,-0.051859,-0.006622,0.256000,-0.004000,0.000000,0.163891,0.014355,10.418461,0.005595,-0.013588,0.057551,23.8420,0.5942,-0.7443,-0.2654,3
1776680054.279777,212,1776680054.279777,1776680054.279814,1776680054.030303,1776680054.190662,12.191309,-0.051895,-0.007322,0.258000,0.001000,0.000000,-0.104077,0.605321,10.139727,-0.129756,-0.020782,0.049025,23.8420,0.5942,-0.7443,-0.2654,3
1776680054.329825,213,1776680054.329825,1776680054.329866,1776680054.030303,1776680054.190662,12.204271,-0.051889,-0.007572,0.259000,0.002000,0.000000,0.002393,-0.265576,8.369222,0.093787,0.090057,0.014921,23.8420,0.5942,-0.7443,-0.2654,3
1776680054.379829,214,1776680054.379829,1776680054.329866,1776680054.030303,1776680054.339627,12.216523,-0.051932,-0.008222,0.245000,0.001000,0.000000,0.002393,-0.265576,8.369222,0.093787,0.090057,0.014921,23.8420,0.5941,-0.7443,-0.2618,3
1776680054.429790,215,1776680054.429790,1776680054.429831,1776680054.030303,1776680054.339627,12.228862,-0.051684,-0.010620,0.247000,0.007000,0.000000,0.256005,-0.193798,9.701885,0.064212,-0.052489,0.018118,23.8420,0.5941,-0.7443,-0.2618,3
1776680054.479822,216,1776680054.479822,1776680054.479860,1776680054.030303,1776680054.339627,12.241623,-0.051820,-0.010570,0.255000,0.000000,0.000000,-0.040674,-0.478515,8.249594,0.067143,0.092455,-0.031173,23.8420,0.5941,-0.7443,-0.2618,3
1776680054.529754,217,1776680054.529754,1776680054.479860,1776680054.030303,1776680054.487965,12.254156,-0.051902,-0.011219,0.251000,0.001000,0.000000,-0.040674,-0.478515,8.249594,0.067143,0.092455,-0.031173,23.8420,0.5958,-0.7406,-0.2561,3
1776680054.579736,218,1776680054.579736,1776680054.529823,1776680054.030303,1776680054.487965,12.267150,-0.052148,-0.010069,0.260000,-0.002000,0.000000,0.132788,-0.058618,9.884917,-0.010125,0.027177,0.037302,23.8420,0.5958,-0.7406,-0.2561,3
1776680054.629819,219,1776680054.629819,1776680054.579772,1776680054.030303,1776680054.487965,12.278866,-0.052566,-0.007815,0.234000,-0.006000,0.000000,-0.117236,-0.126806,9.180305,0.044762,-0.056485,0.081797,23.8420,0.5958,-0.7406,-0.2561,3
1776680054.679758,220,1776680054.679758,1776680054.679800,1776680054.630930,1776680054.636529,12.291300,-0.052713,-0.007765,0.249000,-0.001000,0.000000,0.050244,-0.028711,9.968657,0.010125,-0.027710,0.032239,23.8410,0.5987,-0.7343,-0.2521,3
1776680054.729746,221,1776680054.729746,1776680054.679800,1776680054.630930,1776680054.636529,12.303895,-0.052961,-0.006566,0.252000,-0.003000,0.000000,0.050244,-0.028711,9.968657,0.010125,-0.027710,0.032239,23.8410,0.5987,-0.7343,-0.2521,3
1776680054.779763,222,1776680054.779763,1776680054.779805,1776680054.630930,1776680054.636529,12.316400,-0.052893,-0.007966,0.250000,0.003000,0.000000,-0.246435,0.244043,9.748541,-0.121230,-0.024512,0.051156,23.8410,0.5987,-0.7343,-0.2521,3
1776680054.829812,223,1776680054.829812,1776680054.779805,1776680054.630930,1776680054.785312,12.328911,-0.053043,-0.007616,0.250000,-0.001000,0.000000,-0.246435,0.244043,9.748541,-0.121230,-0.024512,0.051156,23.8410,0.6060,-0.7285,-0.2513,3
1776680054.879746,224,1776680054.879746,1776680054.879784,1776680054.630930,1776680054.785312,12.341444,-0.053188,-0.006917,0.251000,-0.001000,0.000000,-0.021533,0.038281,9.161164,-0.010924,0.013588,0.034371,23.8410,0.6060,-0.7285,-0.2513,3
1776680054.929750,225,1776680054.929750,1776680054.879784,1776680054.630930,1776680054.785312,12.353994,-0.053275,-0.007067,0.251000,0.000000,0.000000,-0.021533,0.038281,9.161164,-0.010924,0.013588,0.034371,23.8410,0.6060,-0.7285,-0.2513,3
1776680054.979743,226,1776680054.979743,1776680054.979785,1776680054.630930,1776680054.934074,12.365891,-0.053409,-0.006667,0.238000,-0.001000,0.000000,-0.400756,-0.451000,10.188774,0.029308,0.010125,0.006661,23.8410,0.6110,-0.7239,-0.2485,3
1776680055.029739,227,1776680055.029739,1776680054.979785,1776680054.630930,1776680054.934074,12.377841,-0.053339,-0.007317,0.239000,0.003000,0.000000,-0.400756,-0.451000,10.188774,0.029308,0.010125,0.006661,23.8410,0.6110,-0.7239,-0.2485,3
1776680055.079737,228,1776680055.079737,1776680055.029828,1776680054.630930,1776680054.934074,12.390689,-0.053533,-0.006817,0.257000,-0.002000,0.000000,0.161499,0.135180,10.859891,-0.000799,-0.033305,0.082863,23.8410,0.6110,-0.7239,-0.2485,3
1776680055.129894,229,1776680055.129894,1776680055.129936,1776680054.630930,1776680055.082690,12.403327,-0.053770,-0.005513,0.252000,-0.003000,0.000000,-0.217724,0.106470,9.926787,-0.135618,-0.001599,0.001066,23.8410,0.6148,-0.7168,-0.2481,3
1776680055.179711,230,1776680055.179711,1776680055.179744,1776680054.630930,1776680055.082690,12.415980,-0.053889,-0.005313,0.254000,-0.001000,0.000000,-0.148340,0.285913,9.949517,0.011457,-0.009059,0.034104,23.8410,0.6148,-0.7168,-0.2481,3
1776680055.229739,231,1776680055.229739,1776680055.179744,1776680055.230552,1776680055.082690,12.428287,-0.054005,-0.005063,0.246000,-0.001000,0.000000,-0.148340,0.285913,9.949517,0.011457,-0.009059,0.034104,23.8410,0.6148,-0.7168,-0.2481,3
1776680055.279714,232,1776680055.279714,1776680055.279766,1776680055.230552,1776680055.232520,12.440633,-0.053517,-0.008362,0.247000,0.011000,0.000000,-0.253613,0.049048,10.503398,-0.068475,-0.051423,0.061015,23.8410,0.6160,-0.7098,-0.2519,3
1776680055.329706,233,1776680055.329706,1776680055.329745,1776680055.230552,1776680055.232520,12.452980,-0.053721,-0.007812,0.247000,-0.002000,0.000000,0.086133,-0.604125,9.406403,0.064745,0.028509,0.015986,23.8410,0.6160,-0.7098,-0.2519,3
1776680055.379788,234,1776680055.379788,1776680055.379840,1776680055.230552,1776680055.380392,12.465493,-0.053718,-0.008462,0.250000,0.002000,0.000000,0.032300,-0.003589,9.046320,-0.030374,0.014921,0.025312,23.8410,0.6139,-0.7021,-0.2541,3
1776680055.429758,235,1776680055.429758,1776680055.379840,1776680055.230552,1776680055.380392,12.478045,-0.053674,-0.009312,0.251000,0.003000,0.000000,0.032300,-0.003589,9.046320,-0.030374,0.014921,0.025312,23.8410,0.6139,-0.7021,-0.2541,3
1776680055.479746,236,1776680055.479746,1776680055.429816,1776680055.230552,1776680055.380392,12.489988,-0.054036,-0.008063,0.239000,-0.005000,0.000000,-0.013159,-0.171069,9.057087,0.066610,-0.033571,0.011723,23.8410,0.6139,-0.7021,-0.2541,3
1776680055.529825,237,1776680055.529825,1776680055.479784,1776680055.230552,1776680055.528264,12.502458,-0.054086,-0.008263,0.249000,0.001000,0.000000,-0.234472,-0.184228,10.094268,0.014388,0.021049,0.009592,23.8410,0.6134,-0.6964,-0.2570,3
1776680055.579720,238,1776680055.579720,1776680055.579757,1776680055.230552,1776680055.528264,12.514880,-0.054388,-0.006766,0.249000,-0.004000,0.000000,0.360082,-0.525170,9.368121,0.074870,-0.018118,0.054354,23.8410,0.6134,-0.6964,-0.2570,3
1776680055.629707,239,1776680055.629707,1776680055.579757,1776680055.230552,1776680055.528264,12.527376,-0.054473,-0.006966,0.250000,0.000000,0.000000,0.360082,-0.525170,9.368121,0.074870,-0.018118,0.054354,23.8410,0.6134,-0.6964,-0.2570,3
1776680055.679699,240,1776680055.679699,1776680055.629750,1776680055.230552,1776680055.676850,12.539874,-0.054460,-0.007366,0.250000,0.002000,0.000000,-0.258398,-0.340942,10.438798,-0.088458,-0.021848,0.023713,23.8410,0.6140,-0.6882,-0.2612,3
1776680055.729922,241,1776680055.729922,1776680055.729966,1776680055.230552,1776680055.676850,12.552378,-0.054753,-0.006361,0.249000,-0.004000,0.000000,0.108862,0.037085,9.310699,-0.001332,0.023980,0.037834,23.8410,0.6140,-0.6882,-0.2612,3
1776680055.779698,242,1776680055.779698,1776680055.779739,1776680055.230552,1776680055.676850,12.564923,-0.054534,-0.008253,0.252000,0.006000,0.000000,-0.267968,0.241650,10.967557,-0.033305,-0.075403,0.066610,23.8410,0.6140,-0.6882,-0.2612,3
1776680055.829687,243,1776680055.829687,1776680055.829732,1776680055.830454,1776680055.825372,12.576969,-0.054683,-0.007503,0.241000,-0.001000,0.000000,-0.229687,-0.191406,10.725907,0.034904,-0.013056,0.033305,23.8400,0.6118,-0.6790,-0.2689,3
1776680055.879682,244,1776680055.879682,1776680055.879720,1776680055.830454,1776680055.825372,12.589319,-0.054626,-0.009053,0.247000,0.003000,0.000000,0.209350,-0.245239,9.091780,-0.000266,0.037035,0.017851,23.8400,0.6118,-0.6790,-0.2689,3
1776680055.929749,245,1776680055.929749,1776680055.879720,1776680055.830454,1776680055.825372,12.602238,-0.054493,-0.010355,0.258000,0.005000,0.000000,0.209350,-0.245239,9.091780,-0.000266,0.037035,0.017851,23.8400,0.6118,-0.6790,-0.2689,3
1776680055.979689,246,1776680055.979689,1776680055.979723,1776680055.830454,1776680055.973952,12.614221,-0.054867,-0.009156,0.240000,-0.005000,0.000000,-0.192602,-0.019141,11.453249,-0.028243,-0.045561,0.002132,23.8400,0.6086,-0.6685,-0.2773,3
1776680056.029726,247,1776680056.029726,1776680055.979723,1776680055.830454,1776680055.973952,12.626279,-0.054977,-0.009156,0.241000,0.000000,0.000000,-0.192602,-0.019141,11.453249,-0.028243,-0.045561,0.002132,23.8400,0.6086,-0.6685,-0.2773,3
1776680056.079719,248,1776680056.079719,1776680056.029804,1776680055.830454,1776680055.973952,12.638775,-0.055291,-0.007656,0.250000,-0.004000,0.000000,0.120825,0.180639,10.634989,0.016786,-0.029575,0.062347,23.8400,0.6086,-0.6685,-0.2773,3
1776680056.129669,249,1776680056.129669,1776680056.129712,1776680055.830454,1776680056.122644,12.651712,-0.055241,-0.009005,0.259000,0.003000,0.000000,-0.075366,0.345727,9.884917,-0.110306,-0.014654,0.042364,23.8400,0.6052,-0.6628,-0.2822,3
1776680056.179663,250,1776680056.179663,1776680056.129712,1776680055.830454,1776680056.122644,12.664611,-0.055357,-0.008455,0.258000,0.000000,0.000000,-0.075366,0.345727,9.884917,-0.110306,-0.014654,0.042364,23.8400,0.6052,-0.6628,-0.2822,3
1776680056.229664,251,1776680056.229664,1776680056.229705,1776680055.830454,1776680056.122644,12.677560,-0.055466,-0.008705,0.259000,0.000000,0.000000,-0.010767,-0.293090,9.011628,-0.009325,0.049824,-0.029308,23.8400,0.6052,-0.6628,-0.2822,3
1776680056.279715,252,1776680056.279715,1776680056.279752,1776680055.830454,1776680056.271519,12.690226,-0.055176,-0.011508,0.253000,0.008000,0.000000,-0.374438,0.222509,10.212700,-0.045828,-0.052222,0.042630,23.8400,0.6039,-0.6545,-0.2856,3
1776680056.329717,253,1776680056.329717,1776680056.329759,1776680055.830454,1776680056.271519,12.702626,-0.055269,-0.011508,0.248000,0.001000,0.000000,-0.191406,-0.437841,9.799981,0.065811,0.022647,0.014121,23.8400,0.6039,-0.6545,-0.2856,3
1776680056.379655,254,1776680056.379655,1776680056.329759,1776680055.830454,1776680056.271519,12.715111,-0.055412,-0.012157,0.250000,0.000000,0.000000,-0.191406,-0.437841,9.799981,0.065811,0.022647,0.014121,23.8400,0.6039,-0.6545,-0.2856,3
1776680056.429658,255,1776680056.429658,1776680056.429698,1776680056.430439,1776680056.419949,12.728161,-0.055471,-0.012707,0.261000,0.002000,0.000000,-0.148340,-0.083740,9.475787,0.069008,-0.013855,0.035703,23.8400,0.6037,-0.6490,-0.2863,3
1776680056.479760,256,1776680056.479760,1776680056.479798,1776680056.430439,1776680056.419949,12.740083,-0.055723,-0.012356,0.238000,-0.002000,0.000000,-0.328979,-0.306249,11.286965,0.002931,-0.019450,-0.027443,23.8400,0.6037,-0.6490,-0.2863,3
1776680056.529758,257,1776680056.529758,1776680056.479798,1776680056.430439,1776680056.419949,12.751931,-0.055869,-0.012756,0.237000,0.000000,0.000000,-0.328979,-0.306249,11.286965,0.002931,-0.019450,-0.027443,23.8400,0.6037,-0.6490,-0.2863,3
1776680056.579659,258,1776680056.579659,1776680056.529819,1776680056.430439,1776680056.568301,12.764603,-0.056230,-0.011110,0.254000,-0.004000,0.000000,0.080151,0.174658,11.063260,0.013588,-0.040765,0.042630,23.8400,0.6036,-0.6436,-0.2905,3
1776680056.629647,259,1776680056.629647,1776680056.579714,1776680056.430439,1776680056.568301,12.777549,-0.056374,-0.011759,0.259000,0.000000,0.000000,-0.037085,-0.167480,9.599005,0.074603,-0.017319,0.042364,23.8400,0.6036,-0.6436,-0.2905,3
1776680056.679712,260,1776680056.679712,1776680056.629689,1776680056.430439,1776680056.568301,12.790312,-0.056675,-0.010658,0.255000,-0.003000,0.000000,-0.138769,0.296679,9.841851,-0.108974,-0.001599,0.059683,23.8400,0.6036,-0.6436,-0.2905,3
1776680056.729692,261,1776680056.729692,1776680056.679750,1776680056.430439,1776680056.717007,12.802506,-0.056805,-0.010558,0.244000,0.000000,0.000000,0.131592,-0.171069,9.119294,0.046094,0.044229,0.014921,23.8400,0.6037,-0.6396,-0.2956,3
1776680056.779697,262,1776680056.779697,1776680056.779740,1776680056.430439,1776680056.717007,12.814811,-0.056584,-0.013308,0.246000,0.007000,0.000000,-0.311035,0.480907,10.815628,-0.047160,-0.054887,0.051423,23.8400,0.6037,-0.6396,-0.2956,3
1776680056.829741,263,1776680056.829741,1776680056.829821,1776680056.430439,1776680056.717007,12.827069,-0.056848,-0.012308,0.245000,-0.002000,0.000000,-0.187817,-0.379223,10.246196,0.033305,0.015986,0.002664,23.8400,0.6037,-0.6396,-0.2956,3
1776680056.879753,264,1776680056.879753,1776680056.829821,1776680056.430439,1776680056.865998,12.839220,-0.057097,-0.011657,0.243000,-0.002000,0.000000,-0.187817,-0.379223,10.246196,0.033305,0.015986,0.002664,23.8400,0.6067,-0.6360,-0.2999,3
1776680056.929698,265,1776680056.929698,1776680056.929742,1776680056.430439,1776680056.865998,12.851955,-0.057246,-0.012057,0.255000,0.000000,0.000000,0.059814,-0.202172,9.185090,0.074337,-0.025578,0.022647,23.8400,0.6067,-0.6360,-0.2999,3
1776680056.979701,266,1776680056.979701,1776680056.979742,1776680056.430439,1776680056.865998,12.864005,-0.057391,-0.011957,0.241000,0.000000,0.000000,-0.389989,0.019141,11.625515,-0.082596,-0.015454,-0.029042,23.8400,0.6067,-0.6360,-0.2999,3
1776680057.029683,267,1776680057.029683,1776680057.029725,1776680057.030504,1776680057.014652,12.876200,-0.057587,-0.011707,0.244000,-0.001000,0.000000,0.165088,-0.002393,9.503302,0.049025,0.009325,0.016253,23.8400,0.6091,-0.6342,-0.3004,3
1776680057.079739,268,1776680057.079739,1776680057.029725,1776680057.030504,1776680057.014652,12.888963,-0.057786,-0.011307,0.255000,-0.001000,0.000000,0.165088,-0.002393,9.503302,0.049025,0.009325,0.016253,23.8400,0.6091,-0.6342,-0.3004,3
1776680057.129681,269,1776680057.129681,1776680057.079777,1776680057.030504,1776680057.014652,12.901649,-0.057730,-0.012505,0.254000,0.004000,0.000000,0.175854,-0.313427,9.304718,0.078600,-0.041032,0.021315,23.8400,0.6091,-0.6342,-0.3004,3
1776680057.179623,270,1776680057.179623,1776680057.129724,1776680057.030504,1776680057.163527,12.914333,-0.057939,-0.012255,0.254000,-0.001000,0.000000,-0.418700,0.261987,9.521246,-0.106576,0.017851,0.061548,23.8400,0.6133,-0.6331,-0.3013,3
1776680057.229665,271,1776680057.229665,1776680057.229705,1776680057.030504,1776680057.163527,12.926940,-0.058293,-0.010804,0.252000,-0.004000,0.000000,0.142358,0.068188,8.954206,-0.024512,0.038367,0.006128,23.8400,0.6133,-0.6331,-0.3013,3
1776680057.279687,272,1776680057.279687,1776680057.279727,1776680057.030504,1776680057.163527,12.938897,-0.058172,-0.012555,0.239000,0.005000,0.000000,0.130395,0.001196,11.029764,-0.002931,-0.053554,0.001066,23.8400,0.6133,-0.6331,-0.3013,3
1776680057.329631,273,1776680057.329631,1776680057.329672,1776680057.030504,1776680057.312109,12.950883,-0.058323,-0.012705,0.240000,0.000000,0.000000,-0.251220,-0.221313,11.679348,-0.054087,-0.023447,-0.007460,23.8400,0.6173,-0.6332,-0.3032,3
1776680057.379621,274,1776680057.379621,1776680057.379656,1776680057.030504,1776680057.312109,12.963131,-0.058378,-0.013105,0.245000,0.002000,0.000000,0.104077,0.031103,10.157671,-0.010125,0.006927,0.027177,23.8400,0.6173,-0.6332,-0.3032,3
1776680057.429672,275,1776680057.429672,1776680057.429712,1776680057.030504,1776680057.312109,12.976241,-0.058700,-0.012254,0.262000,-0.003000,0.000000,0.059814,-0.234472,9.772467,0.063946,-0.045028,0.023980,23.8400,0.6173,-0.6332,-0.3032,3
1776680057.479644,276,1776680057.479644,1776680057.429712,1776680057.030504,1776680057.460880,12.988729,-0.059153,-0.010255,0.250000,-0.006000,0.000000,0.059814,-0.234472,9.772467,0.063946,-0.045028,0.023980,23.8400,0.6244,-0.6341,-0.3031,3
1776680057.529618,277,1776680057.529618,1776680057.529659,1776680057.030504,1776680057.460880,13.001022,-0.059279,-0.009905,0.246000,0.000000,0.000000,0.126806,0.090918,9.126472,0.035170,0.015986,0.013588,23.8400,0.6244,-0.6341,-0.3031,3
1776680057.579627,278,1776680057.579627,1776680057.579668,1776680057.030504,1776680057.460880,13.013824,-0.059456,-0.009655,0.256000,-0.001000,0.000000,0.155517,-0.244043,9.831084,0.061281,-0.035170,0.006661,23.8400,0.6244,-0.6341,-0.3031,3
1776680057.629614,279,1776680057.629614,1776680057.579668,1776680057.630360,1776680057.609404,13.026772,-0.059231,-0.011705,0.259000,0.007000,0.000000,0.155517,-0.244043,9.831084,0.061281,-0.035170,0.006661,23.8380,0.6334,-0.6376,-0.3044,3
1776680057.679672,280,1776680057.679672,1776680057.629656,1776680057.630360,1776680057.609404,13.039635,-0.059482,-0.011304,0.257000,-0.002000,0.000000,-0.277539,0.257202,10.338310,-0.076202,-0.032239,0.015187,23.8380,0.6334,-0.6376,-0.3044,3
1776680057.729610,281,1776680057.729610,1776680057.679711,1776680057.630360,1776680057.609404,13.051964,-0.060071,-0.010455,0.247000,-0.009000,0.000000,0.077759,-0.029907,8.591731,0.065278,0.055952,0.042098,23.8380,0.6334,-0.6376,-0.3044,3
1776680057.779594,282,1776680057.779594,1776680057.729651,1776680057.630360,1776680057.758644,13.063963,-0.059896,-0.012255,0.240000,0.006000,0.000000,0.281127,-0.269165,8.850129,-0.005595,0.049291,0.034104,23.8380,0.6406,-0.6409,-0.3011,3
1776680057.829609,283,1776680057.829609,1776680057.779631,1776680057.630360,1776680057.758644,13.075864,-0.060192,-0.011605,0.238000,-0.003000,0.000000,-0.283520,0.144751,11.314480,-0.014388,0.005862,0.026111,23.8380,0.6406,-0.6409,-0.3011,3
1776680057.879664,284,1776680057.879664,1776680057.879705,1776680057.630360,1776680057.758644,13.088078,-0.060134,-0.010954,0.244000,0.004000,0.000000,0.135180,-0.187817,9.762897,-0.000533,0.025578,0.089524,23.8380,0.6406,-0.6409,-0.3011,3
1776680057.929604,285,1776680057.929604,1776680057.879705,1776680057.630360,1776680057.907347,13.100960,-0.060475,-0.009456,0.258000,-0.004000,0.000000,0.135180,-0.187817,9.762897,-0.000533,0.025578,0.089524,23.8380,0.6450,-0.6433,-0.3002,3
1776680057.979611,286,1776680057.979611,1776680057.979654,1776680057.630360,1776680057.907347,13.113508,-0.060843,-0.007805,0.251000,-0.005000,0.000000,-0.177050,0.320605,11.309695,-0.107908,-0.021582,-0.016253,23.8380,0.6450,-0.6433,-0.3002,3
1776680058.029597,287,1776680058.029597,1776680057.979654,1776680057.630360,1776680057.907347,13.126006,-0.060741,-0.008655,0.250000,0.004000,0.000000,-0.177050,0.320605,11.309695,-0.107908,-0.021582,-0.016253,23.8380,0.6450,-0.6433,-0.3002,3
1776680058.079615,288,1776680058.079615,1776680058.029637,1776680057.630360,1776680058.056130,13.138659,-0.060951,-0.008105,0.253000,-0.002000,0.000000,0.062207,-0.003589,8.723323,0.033039,0.029308,0.038634,23.8380,0.6499,-0.6473,-0.2997,3
1776680058.129641,289,1776680058.129641,1776680058.129683,1776680057.630360,1776680058.056130,13.151769,-0.060707,-0.010056,0.262000,0.007000,0.000000,-0.387597,0.328979,9.869366,-0.074070,-0.025312,0.077268,23.8380,0.6499,-0.6473,-0.2997,3
1776680058.179581,290,1776680058.179581,1776680058.129683,1776680057.630360,1776680058.056130,13.164402,-0.060983,-0.008758,0.253000,-0.003000,0.000000,-0.387597,0.328979,9.869366,-0.074070,-0.025312,0.077268,23.8380,0.6499,-0.6473,-0.2997,3
1776680058.229576,291,1776680058.229576,1776680058.179619,1776680057.630360,1776680058.204683,13.177099,-0.061195,-0.008508,0.254000,-0.002000,0.000000,0.107666,-0.198584,8.390756,0.069541,0.082064,0.027177,23.8380,0.6552,-0.6550,-0.3023,3
1776680058.279704,292,1776680058.279704,1776680058.279749,1776680058.230813,1776680058.204683,13.189283,-0.060847,-0.011215,0.243000,0.009000,0.000000,-0.339745,0.148340,10.662504,-0.031973,-0.041565,0.041298,23.8410,0.6552,-0.6550,-0.3023,3
1776680058.329638,293,1776680058.329638,1776680058.329680,1776680058.230813,1776680058.204683,13.200964,-0.061278,-0.009467,0.234000,-0.006000,0.000000,-0.288305,0.056225,11.715236,-0.007727,-0.043430,0.010924,23.8410,0.6552,-0.6550,-0.3023,3
1776680058.379581,294,1776680058.379581,1776680058.379620,1776680058.230813,1776680058.353356,13.213200,-0.061394,-0.009667,0.245000,0.000000,0.000000,0.257202,-0.074170,9.138434,-0.002931,0.026644,0.050890,23.8410,0.6584,-0.6613,-0.3065,3
1776680058.429629,295,1776680058.429629,1776680058.429672,1776680058.230813,1776680058.353356,13.226211,-0.061619,-0.008516,0.260000,-0.002000,0.000000,0.141162,-0.258398,9.649249,0.081797,-0.027177,0.029841,23.8410,0.6584,-0.6613,-0.3065,3
1776680058.479666,296,1776680058.479666,1776680058.479705,1776680058.230813,1776680058.353356,13.238870,-0.061727,-0.008916,0.253000,0.000000,0.000000,-0.088525,0.168676,10.026079,-0.141480,-0.020782,-0.030641,23.8410,0.6584,-0.6613,-0.3065,3
1776680058.529574,297,1776680058.529574,1776680058.529614,1776680058.230813,1776680058.502320,13.251544,-0.062040,-0.007269,0.254000,-0.004000,0.000000,-0.123218,0.013159,8.248397,0.092455,0.042098,0.081264,23.8410,0.6619,-0.6679,-0.3096,3
1776680058.579577,298,1776680058.579577,1776680058.529614,1776680058.230813,1776680058.502320,13.264342,-0.062533,-0.004519,0.256000,-0.008000,0.000000,-0.123218,0.013159,8.248397,0.092455,0.042098,0.081264,23.8410,0.6619,-0.6679,-0.3096,3
1776680058.629625,299,1776680058.629625,1776680058.579628,1776680058.230813,1776680058.502320,13.277705,-0.062493,-0.005420,0.267000,0.002000,0.000000,0.008374,-0.149536,9.936357,0.067143,-0.038634,0.079932,23.8410,0.6619,-0.6679,-0.3096,3
1776680058.679592,300,1776680058.679592,1776680058.629666,1776680058.230813,1776680058.650658,13.289995,-0.062710,-0.004220,0.246000,-0.003000,0.000000,-0.276342,0.478515,9.987798,-0.057018,-0.018651,0.089257,23.8410,0.6627,-0.6742,-0.3124,3
1776680058.729617,301,1776680058.729617,1776680058.729656,1776680058.230813,1776680058.650658,13.302502,-0.062813,-0.003770,0.250000,-0.001000,0.000000,0.130395,-0.007178,9.359748,-0.006661,0.018118,0.021582,23.8410,0.6627,-0.6742,-0.3124,3
1776680058.779569,302,1776680058.779569,1776680058.729656,1776680058.230813,1776680058.650658,13.314641,-0.062559,-0.006018,0.243000,0.006000,0.000000,0.130395,-0.007178,9.359748,-0.006661,0.018118,0.021582,23.8410,0.6627,-0.6742,-0.3124,3
1776680058.829566,303,1776680058.829566,1776680058.779604,1776680058.830699,1776680058.799187,13.326339,-0.062729,-0.005168,0.234000,-0.002000,0.000000,-0.416308,0.246435,10.350273,-0.018384,-0.014654,0.023713,23.8390,0.6635,-0.6837,-0.3157,3
1776680058.879629,304,1776680058.879629,1776680058.829609,1776680058.830699,1776680058.799187,13.338505,-0.062692,-0.006320,0.243000,0.002000,0.000000,-0.325390,0.423486,12.014308,-0.082596,-0.061548,-0.026644,23.8390,0.6635,-0.6837,-0.3157,3
1776680058.929616,305,1776680058.929616,1776680058.929670,1776680058.830699,1776680058.799187,13.351051,-0.062771,-0.005420,0.251000,0.000000,0.000000,0.202172,-0.200976,10.350273,0.066610,-0.041831,0.026644,23.8390,0.6635,-0.6837,-0.3157,3
1776680058.979567,306,1776680058.979567,1776680058.929670,1776680058.830699,1776680058.948402,13.363189,-0.062887,-0.004970,0.243000,-0.001000,0.000000,0.202172,-0.200976,10.350273,0.066610,-0.041831,0.026644,23.8390,0.6633,-0.6917,-0.3168,3
1776680059.029703,307,1776680059.029703,1776680058.979615,1776680058.830699,1776680058.948402,13.375823,-0.062950,-0.005371,0.252000,0.000000,0.000000,0.167480,0.452196,10.669682,-0.124161,0.000266,-0.023980,23.8390,0.6633,-0.6917,-0.3168,3
1776680059.079618,308,1776680059.079618,1776680059.079657,1776680058.830699,1776680058.948402,13.388351,-0.063067,-0.004673,0.251000,-0.001000,0.000000,0.040674,-0.257202,10.361039,0.043163,-0.054620,0.030108,23.8390,0.6633,-0.6917,-0.3168,3
1776680059.129553,309,1776680059.129553,1776680059.079657,1776680058.830699,1776680059.097088,13.400936,-0.062776,-0.007319,0.252000,0.007000,0.000000,0.040674,-0.257202,10.361039,0.043163,-0.054620,0.030108,23.8390,0.6629,-0.7006,-0.3181,3
1776680059.179559,310,1776680059.179559,1776680059.179592,1776680058.830699,1776680059.097088,13.413437,-0.063068,-0.005969,0.250000,-0.004000,0.000000,0.118432,-0.214135,7.906259,0.087659,0.093254,0.037302,23.8390,0.6629,-0.7006,-0.3181,3
1776680059.229578,311,1776680059.229578,1776680059.179592,1776680058.830699,1776680059.097088,13.426241,-0.063144,-0.005469,0.256000,0.000000,0.000000,0.118432,-0.214135,7.906259,0.087659,0.093254,0.037302,23.8390,0.6629,-0.7006,-0.3181,3
1776680059.279556,312,1776680059.279556,1776680059.279595,1776680058.830699,1776680059.246231,13.439436,-0.063116,-0.006518,0.264000,0.002000,0.000000,-0.263183,0.130395,11.560915,-0.030108,-0.084461,-0.000799,23.8390,0.6621,-0.7075,-0.3209,3
1776680059.329546,313,1776680059.329546,1776680059.279595,1776680058.830699,1776680059.246231,13.451584,-0.063145,-0.006668,0.243000,0.001000,0.000000,-0.263183,0.130395,11.560915,-0.030108,-0.084461,-0.000799,23.8390,0.6621,-0.7075,-0.3209,3
1776680059.379538,314,1776680059.379538,1776680059.329588,1776680058.830699,1776680059.246231,13.463432,-0.063224,-0.007068,0.237000,0.000000,0.000000,-0.421093,0.163891,10.796488,-0.082064,0.000799,-0.037302,23.8390,0.6621,-0.7075,-0.3209,3
1776680059.429605,315,1776680059.429605,1776680059.429646,1776680059.430394,1776680059.394656,13.476397,-0.063667,-0.004715,0.259000,-0.007000,0.000000,0.057422,-0.110058,9.791607,0.062613,-0.026111,0.042364,23.8380,0.6623,-0.7130,-0.3232,3
1776680059.479608,316,1776680059.479608,1776680059.479650,1776680059.430394,1776680059.394656,13.489197,-0.063777,-0.004015,0.256000,-0.001000,0.000000,0.452196,0.613695,9.728204,-0.144144,0.023447,0.055952,23.8380,0.6623,-0.7130,-0.3232,3
1776680059.529603,317,1776680059.529603,1776680059.529647,1776680059.430394,1776680059.394656,13.501895,-0.063828,-0.004315,0.254000,0.000000,0.000000,0.108862,-0.412719,7.923007,0.085261,0.084195,0.050357,23.8380,0.6623,-0.7130,-0.3232,3
1776680059.579508,318,1776680059.579508,1776680059.529647,1776680059.430394,1776680059.543695,13.514471,-0.063882,-0.003916,0.252000,0.000000,0.000000,0.108862,-0.412719,7.923007,0.085261,0.084195,0.050357,23.8380,0.6669,-0.7204,-0.3235,3
1776680059.629590,319,1776680059.629590,1776680059.579542,1776680059.430394,1776680059.543695,13.527192,-0.063732,-0.005368,0.254000,0.004000,0.000000,-0.118432,-0.260790,10.185185,0.046361,-0.034904,-0.004796,23.8380,0.6669,-0.7204,-0.3235,3
1776680059.679543,320,1776680059.679543,1776680059.629628,1776680059.430394,1776680059.543695,13.539579,-0.063998,-0.004269,0.248000,-0.004000,0.000000,-0.458178,0.352905,10.442387,-0.029841,-0.025578,0.033305,23.8380,0.6669,-0.7204,-0.3235,3
1776680059.729534,321,1776680059.729534,1776680059.679580,1776680059.430394,1776680059.692162,13.551877,-0.064000,-0.004269,0.246000,0.001000,0.000000,0.052637,-0.332568,8.092880,0.096451,0.089790,0.041032,23.8380,0.6722,-0.7240,-0.3253,3
1776680059.779538,322,1776680059.779538,1776680059.729571,1776680059.430394,1776680059.692162,13.563980,-0.063652,-0.007119,0.242000,0.008000,0.000000,0.259594,0.154321,9.576276,-0.011723,0.015986,0.045828,23.8380,0.6722,-0.7240,-0.3253,3
1776680059.829509,323,1776680059.829509,1776680059.779579,1776680059.430394,1776680059.692162,13.575973,-0.063787,-0.006720,0.240000,-0.001000,0.000000,0.002393,-0.451000,10.572783,0.066610,-0.051956,0.008793,23.8380,0.6722,-0.7240,-0.3253,3
1776680059.879594,324,1776680059.879594,1776680059.879634,1776680059.430394,1776680059.840720,13.588093,-0.063869,-0.006469,0.242000,0.000000,0.000000,0.058618,0.233276,10.989090,-0.020516,-0.024246,0.049824,23.8380,0.6772,-0.7239,-0.3274,3
1776680059.929537,325,1776680059.929537,1776680059.879634,1776680059.430394,1776680059.840720,13.600776,-0.064251,-0.004721,0.254000,-0.006000,0.000000,0.058618,0.233276,10.989090,-0.020516,-0.024246,0.049824,23.8380,0.6772,-0.7239,-0.3274,3
1776680059.979469,326,1776680059.979469,1776680059.979528,1776680059.430394,1776680059.840720,13.613708,-0.064112,-0.005969,0.259000,0.004000,0.000000,0.181836,0.342138,8.967365,-0.161463,0.034104,0.037568,23.8380,0.6772,-0.7239,-0.3274,3
1776680060.029491,327,1776680060.029491,1776680060.029530,1776680060.030261,1776680059.989708,13.626365,-0.064237,-0.005569,0.253000,-0.001000,0.000000,0.120825,-0.370849,7.883530,0.090856,0.088991,0.033571,23.8380,0.6816,-0.7231,-0.3305,3
1776680060.079508,328,1776680060.079508,1776680060.079547,1776680060.030261,1776680059.989708,13.639468,-0.064360,-0.005169,0.262000,-0.001000,0.000000,-0.238061,-0.369653,10.106231,0.029841,-0.010924,0.001332,23.8380,0.6816,-0.7231,-0.3305,3
1776680060.129496,329,1776680060.129496,1776680060.079547,1776680060.030261,1776680059.989708,13.652165,-0.064276,-0.006069,0.254000,0.003000,0.000000,-0.238061,-0.369653,10.106231,0.029841,-0.010924,0.001332,23.8380,0.6816,-0.7231,-0.3305,3
1776680060.179458,330,1776680060.179458,1776680060.129539,1776680060.030261,1776680060.138722,13.664555,-0.064551,-0.004970,0.248000,-0.004000,0.000000,-0.281127,0.174658,11.027371,-0.000266,-0.019184,0.027976,23.8380,0.6873,-0.7232,-0.3299,3
1776680060.229433,331,1776680060.229433,1776680060.179495,1776680060.030261,1776680060.138722,13.676898,-0.064613,-0.004970,0.247000,0.000000,0.000000,0.088525,-0.285913,8.334530,0.094053,0.065544,0.008260,23.8380,0.6873,-0.7232,-0.3299,3
1776680060.279480,332,1776680060.279480,1776680060.279518,1776680060.030261,1776680060.138722,13.688810,-0.064472,-0.006471,0.238000,0.004000,0.000000,0.086133,-0.017944,10.479472,0.041565,-0.065811,-0.004529,23.8380,0.6873,-0.7232,-0.3299,3
1776680060.329449,333,1776680060.329449,1776680060.279518,1776680060.030261,1776680060.287325,13.701552,-0.064554,-0.006721,0.255000,0.000000,0.000000,0.086133,-0.017944,10.479472,0.041565,-0.065811,-0.004529,23.8380,0.6933,-0.7210,-0.3287,3
1776680060.379423,334,1776680060.379423,1776680060.379458,1776680060.030261,1776680060.287325,13.713447,-0.064584,-0.006721,0.238000,0.001000,0.000000,0.256005,0.488085,10.429228,-0.027177,0.006661,0.018384,23.8380,0.6933,-0.7210,-0.3287,3
1776680060.429429,335,1776680060.429429,1776680060.429470,1776680060.030261,1776680060.287325,13.726046,-0.064969,-0.004971,0.252000,-0.006000,0.000000,-0.032300,-0.047851,9.927983,0.035703,-0.025312,0.013322,23.8380,0.6933,-0.7210,-0.3287,3
1776680060.479438,336,1776680060.479438,1776680060.479479,1776680060.030261,1776680060.436278,13.738998,-0.064883,-0.006121,0.259000,0.003000,0.000000,-0.038281,0.052637,9.177912,-0.141213,0.034371,-0.000799,23.8380,0.6992,-0.7160,-0.3238,3
1776680060.529429,337,1776680060.529429,1776680060.479479,1776680060.030261,1776680060.436278,13.751945,-0.065012,-0.005821,0.259000,-0.001000,0.000000,-0.038281,0.052637,9.177912,-0.141213,0.034371,-0.000799,23.8380,0.6992,-0.7160,-0.3238,3
1776680060.579423,338,1776680060.579423,1776680060.579456,1776680060.030261,1776680060.436278,13.765044,-0.065089,-0.006221,0.262000,0.000000,0.000000,-0.122021,-0.151928,9.895684,0.004263,-0.017052,-0.021582,23.8380,0.6992,-0.7160,-0.3238,3
1776680060.629405,339,1776680060.629405,1776680060.629443,1776680060.030261,1776680060.584975,13.777290,-0.064915,-0.007771,0.245000,0.005000,0.000000,-0.159106,0.228491,10.517753,-0.008260,-0.034904,0.000266,23.8370,0.7082,-0.7085,-0.3210,3
1776680060.679461,340,1776680060.679461,1776680060.679497,1776680060.631665,1776680060.584975,13.789202,-0.065107,-0.007020,0.238000,-0.002000,0.000000,-0.059814,-0.181836,8.847736,0.077268,0.069541,0.026378,23.8370,0.7082,-0.7085,-0.3210,3
1776680060.729465,341,1776680060.729465,1776680060.679497,1776680060.631665,1776680060.584975,13.801903,-0.065197,-0.006570,0.254000,0.000000,0.000000,-0.059814,-0.181836,8.847736,0.077268,0.069541,0.026378,23.8370,0.7082,-0.7085,-0.3210,3
1776680060.779399,342,1776680060.779399,1776680060.729505,1776680060.631665,1776680060.733619,13.814240,-0.064928,-0.008767,0.247000,0.007000,0.000000,-0.023926,0.148340,10.597904,-0.034637,0.015720,0.030374,23.8370,0.7165,-0.7042,-0.3210,3
1776680060.829416,343,1776680060.829416,1776680060.829456,1776680060.631665,1776680060.733619,13.826343,-0.065034,-0.008967,0.242000,0.000000,0.000000,-0.191406,0.147143,10.490238,-0.130822,0.023713,-0.064212,23.8370,0.7165,-0.7042,-0.3210,3
1776680060.879411,344,1776680060.879411,1776680060.829456,1776680060.631665,1776680060.733619,13.837940,-0.065238,-0.008017,0.232000,-0.002000,0.000000,-0.191406,0.147143,10.490238,-0.130822,0.023713,-0.064212,23.8370,0.7165,-0.7042,-0.3210,3
1776680060.929458,345,1776680060.929458,1776680060.879449,1776680060.631665,1776680060.882435,13.850549,-0.065690,-0.005415,0.252000,-0.007000,0.000000,0.244043,0.344531,11.071634,-0.002664,-0.014654,-0.023447,23.8370,0.7260,-0.6989,-0.3211,3
1776680060.979400,346,1776680060.979400,1776680060.929498,1776680060.631665,1776680060.882435,13.863385,-0.065559,-0.007462,0.257000,0.004000,0.000000,0.031103,0.003589,10.011724,0.025578,-0.043696,0.031173,23.8370,0.7260,-0.6989,-0.3211,3
1776680061.029473,347,1776680061.029473,1776680061.029518,1776680060.631665,1776680060.882435,13.876454,-0.065507,-0.007813,0.261000,0.003000,0.000000,0.020337,-0.458178,8.040243,0.081797,0.072205,0.018118,23.8370,0.7260,-0.6989,-0.3211,3
1776680061.079443,348,1776680061.079443,1776680061.029518,1776680060.631665,1776680061.031610,13.889196,-0.065606,-0.008013,0.255000,0.000000,0.000000,0.020337,-0.458178,8.040243,0.081797,0.072205,0.018118,23.8370,0.7355,-0.6947,-0.3215,3
1776680061.129498,349,1776680061.129498,1776680061.079482,1776680060.631665,1776680061.031610,13.901711,-0.065556,-0.009214,0.250000,0.003000,0.000000,-0.057422,-0.319409,9.303522,0.015454,0.000266,-0.044229,23.8370,0.7355,-0.6947,-0.3215,3
1776680061.179408,350,1776680061.179408,1776680061.179447,1776680060.631665,1776680061.179693,13.913837,-0.065868,-0.007717,0.243000,-0.004000,0.000000,0.080151,-0.204565,8.949421,0.078333,0.058883,0.019184,23.8370,0.7459,-0.6909,-0.3210,3
1776680061.229390,351,1776680061.229390,1776680061.179447,1776680060.631665,1776680061.179693,13.926133,-0.065913,-0.008166,0.246000,0.001000,0.000000,0.080151,-0.204565,8.949421,0.078333,0.058883,0.019184,23.8370,0.7459,-0.6909,-0.3210,3
1776680061.279393,352,1776680061.279393,1776680061.229435,1776680061.230814,1776680061.179693,13.938684,-0.065865,-0.009317,0.251000,0.003000,0.000000,0.117236,0.117236,10.338310,-0.023180,0.002664,0.028509,23.8370,0.7459,-0.6909,-0.3210,3
1776680061.329474,353,1776680061.329474,1776680061.279430,1776680061.230814,1776680061.328717,13.951154,-0.066031,-0.008966,0.249000,-0.001000,0.000000,0.094507,-0.446215,10.052398,0.086593,-0.043163,-0.001066,23.8370,0.7522,-0.6849,-0.3164,3
1776680061.379412,354,1776680061.379412,1776680061.329531,1776680061.230814,1776680061.328717,13.963087,-0.066338,-0.007817,0.239000,-0.004000,0.000000,-0.229687,0.264379,9.730597,-0.158798,0.023980,-0.080465,23.8370,0.7522,-0.6849,-0.3164,3
1776680061.429387,355,1776680061.429387,1776680061.429435,1776680061.230814,1776680061.328717,13.975880,-0.066488,-0.006768,0.256000,-0.001000,0.000000,-0.125610,-0.235668,10.081108,0.041032,-0.028509,0.019450,23.8370,0.7522,-0.6849,-0.3164,3
1776680061.479356,356,1776680061.479356,1776680061.479395,1776680061.230814,1776680061.477144,13.988374,-0.066323,-0.009166,0.250000,0.005000,0.000000,0.208154,0.241650,8.716146,-0.140414,0.033039,-0.022647,23.8370,0.7594,-0.6815,-0.3136,3
1776680061.529359,357,1776680061.529359,1776680061.529396,1776680061.230814,1776680061.477144,14.001273,-0.066541,-0.008266,0.258000,-0.002000,0.000000,-0.088525,-0.466552,8.241220,0.088192,0.061814,0.023980,23.8370,0.7594,-0.6815,-0.3136,3
1776680061.579400,358,1776680061.579400,1776680061.579460,1776680061.230814,1776680061.477144,14.014080,-0.066797,-0.007116,0.256000,-0.003000,0.000000,-0.169873,-0.392382,8.884822,0.057817,0.013588,0.020516,23.8370,0.7594,-0.6815,-0.3136,3
1776680061.629387,359,1776680061.629387,1776680061.629433,1776680061.230814,1776680061.625884,14.026679,-0.066787,-0.008065,0.252000,0.002000,0.000000,-0.058618,-0.441430,10.923294,0.072738,-0.050357,0.031973,23.8370,0.7662,-0.6780,-0.3145,3
1776680061.679389,360,1776680061.679389,1776680061.629433,1776680061.230814,1776680061.625884,14.038678,-0.066883,-0.007665,0.240000,0.000000,0.000000,-0.058618,-0.441430,10.923294,0.072738,-0.050357,0.031973,23.8370,0.7662,-0.6780,-0.3145,3
1776680061.729329,361,1776680061.729329,1776680061.729373,1776680061.230814,1776680061.625884,14.050863,-0.066977,-0.007665,0.244000,0.000000,0.000000,0.119629,0.242846,10.698393,-0.042630,-0.006661,0.040499,23.8370,0.7662,-0.6780,-0.3145,3
1776680061.779354,362,1776680061.779354,1776680061.729373,1776680061.230814,1776680061.775195,14.063419,-0.066973,-0.008666,0.251000,0.002000,0.000000,0.119629,0.242846,10.698393,-0.042630,-0.006661,0.040499,23.8370,0.7722,-0.6729,-0.3153,3
1776680061.829382,363,1776680061.829382,1776680061.779411,1776680061.829961,1776680061.775195,14.075215,-0.068326,-0.005264,0.236000,-0.025000,0.000000,-0.473730,1.904489,10.078716,-0.113237,0.008260,0.252852,23.8380,0.7722,-0.6729,-0.3153,3
1776680061.879392,364,1776680061.879392,1776680061.829432,1776680061.829961,1776680061.775195,14.087413,-0.069191,-0.000513,0.244000,-0.016000,0.000000,-0.473730,1.904489,10.078716,-0.113237,0.008260,0.252852,23.8380,0.7722,-0.6729,-0.3153,3
1776680061.929343,365,1776680061.929343,1776680061.879431,1776680061.829961,1776680061.923633,14.099251,-0.069796,0.003333,0.237000,-0.012000,0.000000,0.313427,0.711791,11.029764,0.021848,-0.045028,0.468402,23.8380,0.7770,-0.6701,-0.3126,3
1776680061.979368,366,1776680061.979368,1776680061.979429,1776680061.829961,1776680061.923633,14.111556,-0.069605,0.002333,0.246000,0.003000,0.000000,-0.133984,-0.074170,9.139630,-0.084195,0.021315,0.492115,23.8380,0.7770,-0.6701,-0.3126,3
1776680062.029352,367,1776680062.029352,1776680062.029414,1776680061.829961,1776680061.923633,14.122753,-0.069879,0.006282,0.224000,-0.006000,0.000000,0.118432,0.142358,10.696000,0.004529,-0.014388,0.477461,23.8380,0.7770,-0.6701,-0.3126,3
1776680062.079352,368,1776680062.079352,1776680062.079396,1776680061.829961,1776680062.072201,14.134953,-0.069802,0.006282,0.244000,0.000000,0.000000,0.017944,-0.193798,9.474591,0.029042,-0.001599,0.466004,23.8380,0.7802,-0.6693,-0.3056,3
1776680062.129386,369,1776680062.129386,1776680062.079396,1776680061.829961,1776680062.072201,14.145960,-0.069483,0.004080,0.220000,0.005000,0.000000,0.017944,-0.193798,9.474591,0.029042,-0.001599,0.466004,23.8380,0.7802,-0.6693,-0.3056,3
1776680062.179378,370,1776680062.179378,1776680062.129427,1776680061.829961,1776680062.072201,14.158506,-0.069432,0.004430,0.251000,0.000000,0.000000,0.519188,-0.259594,11.149392,0.087659,-0.034904,0.455346,23.8380,0.7802,-0.6693,-0.3056,3
1776680062.229317,371,1776680062.229317,1776680062.229359,1776680061.829961,1776680062.221639,14.170343,-0.069429,0.004630,0.237000,-0.001000,0.000000,-0.233276,-0.189013,9.588239,0.050890,0.043163,0.458277,23.8380,0.7827,-0.6674,-0.2991,3
1776680062.279346,372,1776680062.279346,1776680062.229359,1776680061.829961,1776680062.221639,14.182452,-0.069723,0.008132,0.242000,-0.007000,0.000000,-0.233276,-0.189013,9.588239,0.050890,0.043163,0.458277,23.8380,0.7827,-0.6674,-0.2991,3
1776680062.329372,373,1776680062.329372,1776680062.329414,1776680061.829961,1776680062.221639,14.195506,-0.069267,0.006331,0.261000,0.007000,0.000000,-0.422289,-0.066992,8.210116,-0.075136,0.076735,0.472931,23.8380,0.7827,-0.6674,-0.2991,3
1776680062.379376,374,1776680062.379376,1776680062.329414,1776680061.829961,1776680062.369854,14.207107,-0.069393,0.007431,0.232000,-0.004000,0.000000,-0.422289,-0.066992,8.210116,-0.075136,0.076735,0.472931,23.8380,0.7840,-0.6650,-0.2956,3
1776680062.429320,375,1776680062.429320,1776680062.429361,1776680062.430659,1776680062.369854,14.219595,-0.069401,0.008080,0.250000,-0.002000,0.000000,0.022729,-0.264379,9.602593,0.027710,-0.006395,0.522489,23.8360,0.7840,-0.6650,-0.2956,3
1776680062.479336,376,1776680062.479336,1776680062.479377,1776680062.430659,1776680062.369854,14.231545,-0.068954,0.006180,0.239000,0.007000,0.000000,-0.373241,0.165088,9.043928,-0.047160,0.051423,0.493180,23.8360,0.7840,-0.6650,-0.2956,3
1776680062.529309,377,1776680062.529309,1776680062.479377,1776680062.430659,1776680062.518658,14.243590,-0.069129,0.007429,0.241000,-0.005000,0.000000,-0.373241,0.165088,9.043928,-0.047160,0.051423,0.493180,23.8360,0.7876,-0.6629,-0.2896,3
1776680062.579324,378,1776680062.579324,1776680062.579379,1776680062.430659,1776680062.518658,14.255843,-0.069038,0.007479,0.245000,0.000000,0.000000,-0.118432,0.151928,9.563116,0.003464,-0.005329,0.498243,23.8360,0.7876,-0.6629,-0.2896,3
1776680062.629358,379,1776680062.629358,1776680062.629399,1776680062.430659,1776680062.518658,14.267099,-0.068754,0.006028,0.225000,0.004000,0.000000,0.009570,-0.020337,10.038042,0.083129,-0.039966,0.484654,23.8360,0.7876,-0.6629,-0.2896,3
1776680062.679312,380,1776680062.679312,1776680062.679353,1776680062.430659,1776680062.669590,14.280233,-0.068075,0.001882,0.263000,0.012000,0.000000,0.029907,-0.256005,10.206718,-0.080998,-0.022115,0.524887,23.8360,0.7938,-0.6633,-0.2834,3
1776680062.729304,381,1776680062.729304,1776680062.729346,1776680062.430659,1776680062.669590,14.292831,-0.067852,0.000582,0.252000,0.004000,0.000000,-0.041870,-0.507226,9.018806,0.097517,0.071139,0.489450,23.8360,0.7938,-0.6633,-0.2834,3
1776680062.779336,382,1776680062.779336,1776680062.779392,1776680062.430659,1776680062.669590,14.306338,-0.067844,0.000582,0.270000,0.000000,0.000000,-0.410326,0.072973,10.258159,0.083129,-0.028776,0.416979,23.8360,0.7938,-0.6633,-0.2834,3
1776680062.829393,383,1776680062.829393,1776680062.829443,1776680062.430659,1776680062.816057,14.319154,-0.067286,-0.002772,0.256000,0.011000,0.000000,0.395971,0.441430,9.320271,-0.078600,0.037568,0.508368,23.8360,0.7951,-0.6640,-0.2747,3
1776680062.879290,384,1776680062.879290,1776680062.879332,1776680062.430659,1776680062.816057,14.331178,-0.067818,0.000471,0.241000,-0.010000,0.000000,-0.368456,-0.185424,8.540291,0.092988,0.059949,0.316531,23.8360,0.7951,-0.6640,-0.2747,3
1776680062.929289,385,1776680062.929289,1776680062.929331,1776680062.430659,1776680062.816057,14.344027,-0.067812,-0.000029,0.257000,0.000000,0.000000,-0.273950,-0.084936,9.258063,0.002132,-0.003730,0.354632,23.8360,0.7951,-0.6640,-0.2747,3
1776680062.979438,386,1776680062.979438,1776680062.979493,1776680062.430659,1776680062.965174,14.355602,-0.067111,-0.004439,0.231000,0.014000,0.000000,0.550292,0.092114,10.137334,0.006395,0.009059,0.326922,23.8360,0.7944,-0.6613,-0.2648,3
1776680063.029563,387,1776680063.029563,1776680063.029601,1776680063.030700,1776680062.965174,14.367489,-0.067565,-0.001880,0.237000,-0.008000,0.000000,-0.331371,0.393578,10.606278,-0.081797,-0.039433,0.301344,23.8350,0.7944,-0.6613,-0.2648,3
1776680063.079305,388,1776680063.079305,1776680063.079346,1776680063.030700,1776680062.965174,14.379775,-0.067588,-0.001681,0.247000,0.000000,0.000000,-0.137573,0.159106,10.352666,-0.013588,-0.027710,0.251519,23.8350,0.7944,-0.6613,-0.2648,3
1776680063.129334,389,1776680063.129334,1776680063.079346,1776680063.030700,1776680063.113438,14.392532,-0.067859,0.000020,0.255000,-0.005000,0.000000,-0.137573,0.159106,10.352666,-0.013588,-0.027710,0.251519,23.8350,0.7922,-0.6577,-0.2567,3
1776680063.179330,390,1776680063.179330,1776680063.179391,1776680063.030700,1776680063.113438,14.405380,-0.067459,-0.002580,0.257000,0.008000,0.000000,-0.665135,-0.223706,9.839458,-0.103645,-0.017319,0.264308,23.8350,0.7922,-0.6577,-0.2567,3
1776680063.229475,391,1776680063.229475,1776680063.179391,1776680063.030700,1776680063.113438,14.417968,-0.067492,-0.002580,0.251000,0.000000,0.000000,-0.665135,-0.223706,9.839458,-0.103645,-0.017319,0.264308,23.8350,0.7922,-0.6577,-0.2567,3
1776680063.279284,392,1776680063.279284,1776680063.279325,1776680063.030700,1776680063.262622,14.430818,-0.067973,0.000110,0.258000,-0.009000,0.000000,-0.172265,0.130395,10.081108,0.041298,-0.019983,0.202228,23.8350,0.7927,-0.6529,-0.2448,3
1776680063.329304,393,1776680063.329304,1776680063.279325,1776680063.030700,1776680063.262622,14.442472,-0.067422,-0.003342,0.233000,0.011000,0.000000,-0.172265,0.130395,10.081108,0.041298,-0.019983,0.202228,23.8350,0.7927,-0.6529,-0.2448,3
1776680063.379415,394,1776680063.379415,1776680063.329345,1776680063.030700,1776680063.262622,14.454046,-0.067811,-0.000937,0.231000,-0.007000,0.000000,0.527562,-0.044263,10.625419,0.001332,-0.006927,0.216349,23.8350,0.7927,-0.6529,-0.2448,3
1776680063.429314,395,1776680063.429314,1776680063.379467,1776680063.030700,1776680063.411480,14.466620,-0.067973,0.000161,0.252000,-0.003000,0.000000,-0.025122,-0.145947,9.912432,0.045561,-0.013322,0.195301,23.8350,0.7897,-0.6493,-0.2363,3
1776680063.479341,396,1776680063.479341,1776680063.479402,1776680063.030700,1776680063.411480,14.478527,-0.067570,-0.002340,0.238000,0.008000,0.000000,0.517992,-0.410326,10.835965,0.063146,-0.036769,0.213418,23.8350,0.7897,-0.6493,-0.2363,3
1776680063.529317,397,1776680063.529317,1776680063.529373,1776680063.030700,1776680063.411480,14.490569,-0.067798,-0.000891,0.241000,-0.004000,0.000000,-0.545507,-0.210546,10.266533,-0.104444,-0.038367,0.254184,23.8350,0.7897,-0.6493,-0.2363,3
1776680063.579388,398,1776680063.579388,1776680063.579448,1776680063.030700,1776680063.560126,14.502938,-0.067759,-0.001492,0.247000,0.001000,0.000000,0.190210,0.314623,10.455546,-0.013056,-0.017851,0.220346,23.8350,0.7892,-0.6475,-0.2309,3
1776680063.629297,399,1776680063.629297,1776680063.579448,1776680063.630629,1776680063.560126,14.516114,-0.068029,0.000405,0.264000,-0.005000,0.000000,0.190210,0.314623,10.455546,-0.013056,-0.017851,0.220346,23.8300,0.7892,-0.6475,-0.2309,3
1776680063.679395,400,1776680063.679395,1776680063.629385,1776680063.630629,1776680063.560126,14.529841,-0.067722,-0.001850,0.274000,0.006000,0.000000,-0.167480,0.027515,9.933965,0.056485,-0.031973,0.210754,23.8300,0.7892,-0.6475,-0.2309,3
1776680063.729309,401,1776680063.729309,1776680063.679455,1776680063.630629,1776680063.709038,14.542418,-0.067796,-0.001301,0.252000,-0.001000,0.000000,-0.470141,-0.200976,9.475787,-0.131355,0.002398,0.278430,23.8300,0.7854,-0.6462,-0.2249,3
1776680063.779335,402,1776680063.779335,1776680063.729368,1776680063.630629,1776680063.709038,14.555575,-0.068063,0.000550,0.263000,-0.005000,0.000000,0.059814,-0.435448,8.366830,0.104711,0.086327,0.167324,23.8300,0.7854,-0.6462,-0.2249,3
1776680063.829309,403,1776680063.829309,1776680063.829413,1776680063.630629,1776680063.709038,14.567719,-0.067556,-0.002948,0.243000,0.010000,0.000000,0.136377,0.276342,9.827496,-0.056485,0.020782,0.266174,23.8300,0.7854,-0.6462,-0.2249,3
1776680063.879329,404,1776680063.879329,1776680063.879380,1776680063.630629,1776680063.857522,14.579923,-0.068043,0.000053,0.244000,-0.009000,0.000000,-0.040674,-0.340942,9.326251,0.070607,0.035170,0.223810,23.8300,0.7819,-0.6463,-0.2181,3
1776680063.929269,405,1776680063.929269,1776680063.929331,1776680063.630629,1776680063.857522,14.592607,-0.068342,0.001801,0.254000,-0.006000,0.000000,-0.167480,0.276342,10.044024,-0.018651,-0.033039,0.195034,23.8300,0.7819,-0.6463,-0.2181,3
1776680063.979328,406,1776680063.979328,1776680063.929331,1776680063.630629,1776680063.857522,14.604721,-0.068120,0.000499,0.242000,0.004000,0.000000,-0.167480,0.276342,10.044024,-0.018651,-0.033039,0.195034,23.8300,0.7819,-0.6463,-0.2181,3
1776680064.029402,407,1776680064.029402,1776680064.029510,1776680063.630629,1776680064.006385,14.614935,-0.067463,-0.003606,0.204000,0.013000,0.000000,-0.545507,-1.317112,9.572686,-0.127358,0.002664,0.349036,23.8300,0.7758,-0.6444,-0.2117,3
1776680064.079342,408,1776680064.079342,1776680064.029510,1776680063.630629,1776680064.006385,14.626623,-0.067156,-0.005155,0.234000,0.007000,0.000000,-0.545507,-1.317112,9.572686,-0.127358,0.002664,0.349036,23.8300,0.7758,-0.6444,-0.2117,3
1776680064.129275,409,1776680064.129275,1776680064.079394,1776680063.630629,1776680064.006385,14.639654,-0.067423,-0.002558,0.261000,-0.004000,0.000000,-0.183032,-0.389989,10.890995,0.067143,0.001332,0.539275,23.8300,0.7758,-0.6444,-0.2117,3
1776680064.179318,410,1776680064.179318,1776680064.129339,1776680063.630629,1776680064.155138,14.652317,-0.066955,-0.006262,0.253000,0.010000,0.000000,0.332568,0.177050,10.307207,0.008793,0.037302,0.584836,23.8300,0.7719,-0.6426,-0.2050,3
1776680064.229260,411,1776680064.229260,1776680064.229467,1776680064.230445,1776680064.155138,14.665849,-0.067389,-0.004514,0.271000,-0.007000,0.000000,-0.252416,-0.569432,9.156379,0.098316,0.000000,0.533946,23.8280,0.7719,-0.6426,-0.2050,3
1776680064.279292,412,1776680064.279292,1776680064.279352,1776680064.230445,1776680064.155138,14.679254,-0.067600,-0.003113,0.268000,-0.003000,0.000000,-0.005981,0.218920,9.351374,0.008260,0.050357,0.485720,23.8280,0.7719,-0.6426,-0.2050,3
1776680064.329300,413,1776680064.329300,1776680064.329364,1776680064.230445,1776680064.303833,14.692010,-0.067239,-0.006465,0.255000,0.008000,0.000000,-0.055029,-0.384008,10.554838,0.058617,-0.042098,0.429768,23.8280,0.7702,-0.6411,-0.2014,3
1776680064.379302,414,1776680064.379302,1776680064.379361,1776680064.230445,1776680064.303833,14.704258,-0.067619,-0.004465,0.245000,-0.006000,0.000000,-0.194995,-0.327783,8.841755,0.092188,0.030108,0.382874,23.8280,0.7702,-0.6411,-0.2014,3
1776680064.429280,415,1776680064.429280,1776680064.379361,1776680064.230445,1776680064.303833,14.716950,-0.067725,-0.004065,0.254000,-0.001000,0.000000,-0.194995,-0.327783,8.841755,0.092188,0.030108,0.382874,23.8280,0.7702,-0.6411,-0.2014,3
1776680064.479253,416,1776680064.479253,1776680064.429341,1776680064.230445,1776680064.452558,14.728798,-0.067373,-0.007064,0.237000,0.008000,0.000000,-0.017944,0.172265,9.640875,-0.002398,-0.025045,0.338112,23.8280,0.7723,-0.6432,-0.2001,3
1776680064.529249,417,1776680064.529249,1776680064.479314,1776680064.230445,1776680064.452558,14.740795,-0.067608,-0.005864,0.240000,-0.003000,0.000000,-0.033496,-0.351708,10.684037,0.056752,-0.015187,0.279762,23.8280,0.7723,-0.6432,-0.2001,3
1776680064.579255,418,1776680064.579255,1776680064.529307,1776680064.230445,1776680064.452558,14.753547,-0.067683,-0.005914,0.255000,0.000000,0.000000,-0.136377,0.364867,10.548857,-0.102579,-0.006128,0.305607,23.8280,0.7723,-0.6432,-0.2001,3
1776680064.629319,419,1776680064.629319,1776680064.579318,1776680064.230445,1776680064.601499,14.766811,-0.068212,-0.003060,0.265000,-0.009000,0.000000,0.005981,0.430663,10.228251,-0.006661,-0.054087,0.200363,23.8280,0.7737,-0.6470,-0.1977,3
1776680064.679425,420,1776680064.679425,1776680064.679485,1776680064.230445,1776680064.601499,14.779689,-0.067901,-0.005515,0.257000,0.007000,0.000000,-0.452196,0.488085,9.327448,-0.148141,0.036502,0.108175,23.8280,0.7737,-0.6470,-0.1977,3
1776680064.729230,421,1776680064.729230,1776680064.729293,1776680064.230445,1776680064.601499,14.792189,-0.068169,-0.004220,0.251000,-0.004000,0.000000,-0.033496,-0.015552,8.583358,0.073804,0.104178,0.010658,23.8280,0.7737,-0.6470,-0.1977,3
1776680064.779229,422,1776680064.779229,1776680064.779293,1776680064.230445,1776680064.750273,14.805239,-0.068324,-0.003220,0.261000,-0.002000,0.000000,0.002393,0.056225,9.900469,0.031706,-0.010658,-0.037035,23.8280,0.7719,-0.6513,-0.1976,3
1776680064.829255,423,1776680064.829255,1776680064.779293,1776680064.830352,1776680064.750273,14.817146,-0.067912,-0.006422,0.238000,0.009000,0.000000,0.002393,0.056225,9.900469,0.031706,-0.010658,-0.037035,23.8270,0.7719,-0.6513,-0.1976,3
1776680064.879229,424,1776680064.879229,1776680064.829306,1776680064.830352,1776680064.750273,14.828737,-0.068386,-0.003773,0.232000,-0.008000,0.000000,-0.029907,-0.141162,10.661307,0.005329,-0.026910,-0.033838,23.8270,0.7719,-0.6513,-0.1976,3
1776680064.929243,425,1776680064.929243,1776680064.879284,1776680064.830352,1776680064.898552,14.841682,-0.068385,-0.003873,0.259000,0.001000,0.000000,0.171069,-0.129199,8.826203,0.057817,0.054087,-0.079133,23.8270,0.7709,-0.6532,-0.1994,3
1776680064.979213,426,1776680064.979213,1776680064.979279,1776680064.830352,1776680064.898552,14.853934,-0.068083,-0.006473,0.245000,0.007000,0.000000,-0.031103,-0.819456,10.508183,0.064478,-0.014654,-0.088725,23.8270,0.7709,-0.6532,-0.1994,3
1776680065.029228,427,1776680065.029228,1776680064.979279,1776680064.830352,1776680064.898552,14.866088,-0.068311,-0.005123,0.243000,-0.003000,0.000000,-0.031103,-0.819456,10.508183,0.064478,-0.014654,-0.088725,23.8270,0.7709,-0.6532,-0.1994,3
1776680065.079265,428,1776680065.079265,1776680065.029289,1776680064.830352,1776680065.047220,14.878196,-0.068473,-0.004172,0.242000,-0.002000,0.000000,-0.211743,0.098096,10.234233,-0.099382,-0.009592,-0.048226,23.8270,0.7741,-0.6586,-0.2022,3
1776680065.129187,429,1776680065.129187,1776680065.079409,1776680064.830352,1776680065.047220,14.890975,-0.069026,-0.001376,0.256000,-0.010000,0.000000,-0.173462,0.244043,9.955499,-0.012789,-0.040765,-0.071406,23.8270,0.7741,-0.6586,-0.2022,3
1776680065.179217,430,1776680065.179217,1776680065.179441,1776680064.830352,1776680065.047220,14.904033,-0.068694,-0.003327,0.261000,0.007000,0.000000,-0.453393,0.258398,9.073835,-0.129756,0.038634,0.011190,23.8270,0.7741,-0.6586,-0.2022,3
1776680065.229195,431,1776680065.229195,1776680065.229269,1776680064.830352,1776680065.196017,14.916677,-0.068936,-0.001828,0.253000,-0.004000,0.000000,0.093310,-0.333764,9.203034,0.061015,0.064745,-0.015454,23.8270,0.7769,-0.6640,-0.2059,3
1776680065.279236,432,1776680065.279236,1776680065.229269,1776680064.830352,1776680065.196017,14.929987,-0.069160,-0.000527,0.266000,-0.004000,0.000000,0.093310,-0.333764,9.203034,0.061015,0.064745,-0.015454,23.8270,0.7769,-0.6640,-0.2059,3
1776680065.329206,433,1776680065.329206,1776680065.279294,1776680064.830352,1776680065.196017,14.941929,-0.068567,-0.004225,0.239000,0.012000,0.000000,-0.495263,-0.425878,9.179109,0.069008,0.005062,-0.007727,23.8270,0.7769,-0.6640,-0.2059,3
1776680065.379244,434,1776680065.379244,1776680065.329337,1776680064.830352,1776680065.345293,14.953688,-0.068967,-0.002423,0.235000,-0.007000,0.000000,0.587377,-0.506029,10.186381,0.003997,-0.003730,0.047693,23.8270,0.7797,-0.6703,-0.2092,3
1776680065.429145,435,1776680065.429145,1776680065.429187,1776680065.430004,1776680065.345293,14.966513,-0.068998,-0.002173,0.257000,0.000000,0.000000,-0.180639,0.458178,9.826300,-0.026111,-0.015986,0.031973,23.8240,0.7797,-0.6703,-0.2092,3
1776680065.479250,436,1776680065.479250,1776680065.429187,1776680065.430004,1776680065.345293,14.979089,-0.068925,-0.003176,0.251000,0.002000,0.000000,-0.180639,0.458178,9.826300,-0.026111,-0.015986,0.031973,23.8240,0.7797,-0.6703,-0.2092,3
1776680065.529235,437,1776680065.529235,1776680065.529278,1776680065.430004,1776680065.493884,14.991184,-0.069213,-0.001576,0.242000,-0.005000,0.000000,-0.083740,0.294287,10.225859,-0.109507,-0.011457,0.069008,23.8240,0.7781,-0.6749,-0.2121,3
1776680065.579247,438,1776680065.579247,1776680065.579294,1776680065.430004,1776680065.493884,15.003284,-0.069183,-0.001776,0.242000,0.001000,0.000000,-0.229687,0.232080,10.004546,-0.005862,-0.043430,-0.027710,23.8240,0.7781,-0.6749,-0.2121,3
1776680065.629181,439,1776680065.629181,1776680065.629221,1776680065.430004,1776680065.493884,15.016120,-0.069505,0.000072,0.257000,-0.006000,0.000000,0.165088,0.009570,10.076324,0.055153,-0.055153,-0.024246,23.8240,0.7781,-0.6749,-0.2121,3
1776680065.679131,440,1776680065.679131,1776680065.679173,1776680065.430004,1776680065.642899,15.029507,-0.069104,-0.002226,0.268000,0.008000,0.000000,-0.476122,0.049048,9.250885,-0.120431,0.018651,0.011457,23.8240,0.7765,-0.6810,-0.2157,3
1776680065.729176,441,1776680065.729176,1776680065.679173,1776680065.430004,1776680065.642899,15.042418,-0.069433,-0.000024,0.258000,-0.006000,0.000000,-0.476122,0.049048,9.250885,-0.120431,0.018651,0.011457,23.8240,0.7765,-0.6810,-0.2157,3
1776680065.779202,442,1776680065.779202,1776680065.729215,1776680065.430004,1776680065.642899,15.055474,-0.069684,0.001327,0.261000,-0.005000,0.000000,0.102881,-0.368456,8.968562,0.083396,0.079666,-0.055686,23.8240,0.7765,-0.6810,-0.2157,3
1776680065.829217,443,1776680065.829217,1776680065.829258,1776680065.430004,1776680065.791515,15.067227,-0.068968,-0.002774,0.235000,0.014000,0.000000,0.434252,-0.380419,10.201934,-0.008260,-0.008526,-0.013588,23.8240,0.7728,-0.6849,-0.2162,3
1776680065.879192,444,1776680065.879192,1776680065.879237,1776680065.430004,1776680065.791515,15.079220,-0.069501,0.000274,0.240000,-0.010000,0.000000,0.027515,-0.038281,9.360944,0.045028,0.060215,-0.011190,23.8240,0.7728,-0.6849,-0.2162,3
1776680065.929139,445,1776680065.929139,1776680065.929173,1776680065.430004,1776680065.791515,15.092008,-0.069498,0.000324,0.256000,0.000000,0.000000,-0.284716,0.217724,9.838263,-0.030641,-0.011723,-0.015187,23.8240,0.7728,-0.6849,-0.2162,3
1776680065.979128,446,1776680065.979128,1776680065.929173,1776680065.430004,1776680065.940118,15.104053,-0.069294,-0.000875,0.241000,0.004000,0.000000,-0.284716,0.217724,9.838263,-0.030641,-0.011723,-0.015187,23.8240,0.7724,-0.6874,-0.2151,3
1776680066.029096,447,1776680066.029096,1776680066.029137,1776680065.430004,1776680065.940118,15.116246,-0.069354,-0.000626,0.244000,-0.001000,0.000000,-0.431860,0.084936,10.024883,-0.108175,-0.026378,0.060748,23.8240,0.7724,-0.6874,-0.2151,3
1776680066.079224,448,1776680066.079224,1776680066.029137,1776680066.030728,1776680065.940118,15.128676,-0.069312,-0.000826,0.248000,0.001000,0.000000,-0.431860,0.084936,10.024883,-0.108175,-0.026378,0.060748,23.8230,0.7724,-0.6874,-0.2151,3
1776680066.129185,449,1776680066.129185,1776680066.079296,1776680066.030728,1776680066.088986,15.141717,-0.069723,0.001572,0.261000,-0.008000,0.000000,-0.159106,0.267968,10.185185,-0.008793,-0.037035,0.008793,23.8230,0.7711,-0.6883,-0.2114,3
1776680066.179111,450,1776680066.179111,1776680066.129223,1776680066.030728,1776680066.088986,15.154997,-0.069402,-0.000375,0.266000,0.006000,0.000000,0.004785,-0.004785,10.083501,0.053821,-0.051956,0.020782,23.8230,0.7711,-0.6883,-0.2114,3
1776680066.229146,451,1776680066.229146,1776680066.229185,1776680066.030728,1776680066.088986,15.167306,-0.069607,0.001377,0.246000,-0.004000,0.000000,0.015552,-0.266772,8.846540,0.074337,0.103645,-0.045028,23.8230,0.7711,-0.6883,-0.2114,3
1776680066.279176,452,1776680066.279176,1776680066.229185,1776680066.030728,1776680066.237280,15.180413,-0.069589,0.001226,0.262000,0.000000,0.000000,0.015552,-0.266772,8.846540,0.074337,0.103645,-0.045028,23.8230,0.7727,-0.6929,-0.2067,3
1776680066.329145,453,1776680066.329145,1776680066.279222,1776680066.030728,1776680066.237280,15.192406,-0.068924,-0.002571,0.240000,0.013000,0.000000,-0.114844,-0.096899,9.732989,0.032506,-0.012523,-0.052755,23.8230,0.7727,-0.6929,-0.2067,3
1776680066.379204,454,1776680066.379204,1776680066.329185,1776680066.030728,1776680066.237280,15.204318,-0.069506,0.001033,0.238000,-0.011000,0.000000,0.272753,-0.258398,10.015313,-0.022381,0.001865,-0.006395,23.8230,0.7727,-0.6929,-0.2067,3
1776680066.429082,455,1776680066.429082,1776680066.379250,1776680066.030728,1776680066.386408,15.216938,-0.069592,0.001681,0.253000,-0.002000,0.000000,0.306249,0.050244,9.857403,0.033571,0.041032,0.021848,23.8230,0.7725,-0.6976,-0.2044,3
1776680066.479085,456,1776680066.479085,1776680066.429123,1776680066.030728,1776680066.386408,15.228938,-0.069222,-0.000219,0.240000,0.007000,0.000000,-0.382812,0.561058,9.919610,-0.034637,-0.023713,-0.020782,23.8230,0.7725,-0.6976,-0.2044,3
1776680066.529066,457,1776680066.529066,1776680066.529107,1776680066.030728,1776680066.386408,15.241533,-0.069275,-0.000069,0.252000,-0.001000,0.000000,-0.504833,-0.123218,9.919610,-0.108175,-0.021049,0.039167,23.8230,0.7725,-0.6976,-0.2044,3
1776680066.579219,458,1776680066.579219,1776680066.579263,1776680066.030728,1776680066.535234,15.253671,-0.069376,0.000433,0.242000,-0.002000,0.000000,-0.281127,0.169873,10.160064,-0.002931,-0.045561,-0.040499,23.8230,0.7731,-0.7013,-0.2001,3
1776680066.629125,459,1776680066.629125,1776680066.579263,1776680066.629949,1776680066.535234,15.266447,-0.069820,0.003726,0.256000,-0.009000,0.000000,-0.281127,0.169873,10.160064,-0.002931,-0.045561,-0.040499,23.8210,0.7731,-0.7013,-0.2001,3
1776680066.679191,460,1776680066.679191,1776680066.629168,1776680066.629949,1776680066.535234,15.279313,-0.069471,0.001323,0.257000,0.006000,0.000000,0.049048,-0.117236,10.169634,0.048492,-0.043430,0.007993,23.8210,0.7731,-0.7013,-0.2001,3
1776680066.729168,461,1776680066.729168,1776680066.679229,1776680066.629949,1776680066.684323,15.291608,-0.069555,0.002173,0.246000,-0.002000,0.000000,-0.660350,0.348119,9.072639,-0.131621,0.031173,0.027443,23.8210,0.7704,-0.7024,-0.1961,3
1776680066.779081,462,1776680066.779081,1776680066.729208,1776680066.629949,1776680066.684323,15.304885,-0.069626,0.003071,0.266000,-0.002000,0.000000,0.299072,-0.275146,9.063068,0.067942,0.092188,-0.014388,23.8210,0.7704,-0.7024,-0.1961,3
1776680066.829121,463,1776680066.829121,1776680066.779118,1776680066.629949,1776680066.684323,15.316793,-0.069139,-0.000081,0.238000,0.009000,0.000000,-0.256005,-0.267968,9.664801,0.030907,-0.012256,-0.019717,23.8210,0.7704,-0.7024,-0.1961,3
1776680066.879135,464,1776680066.879135,1776680066.879178,1776680066.629949,1776680066.832904,15.328197,-0.069590,0.003170,0.228000,-0.009000,0.000000,0.381615,0.163891,10.095464,0.024246,0.019184,0.007727,23.8210,0.7679,-0.7037,-0.1935,3
1776680066.929058,465,1776680066.929058,1776680066.929101,1776680066.629949,1776680066.832904,15.340528,-0.069601,0.003519,0.247000,-0.001000,0.000000,-0.328979,0.381615,9.877740,-0.022115,-0.026111,-0.021049,23.8210,0.7679,-0.7037,-0.1935,3
1776680066.979053,466,1776680066.979053,1776680066.979095,1776680066.629949,1776680066.832904,15.352877,-0.069658,0.004169,0.247000,-0.002000,0.000000,0.208154,-0.801512,10.303617,0.100714,-0.014654,-0.026910,23.8210,0.7679,-0.7037,-0.1935,3
1776680067.029096,467,1776680067.029096,1776680067.029135,1776680066.629949,1776680066.982042,15.366087,-0.069252,0.002367,0.264000,0.007000,0.000000,-0.624462,-0.008374,9.131257,-0.106842,0.018917,0.037834,23.8210,0.7653,-0.7083,-0.1890,3
1776680067.079072,468,1776680067.079072,1776680067.029135,1776680066.629949,1776680066.982042,15.378531,-0.068973,0.000418,0.249000,0.005000,0.000000,-0.624462,-0.008374,9.131257,-0.106842,0.018917,0.037834,23.8210,0.7653,-0.7083,-0.1890,3
1776680067.129110,469,1776680067.129110,1776680067.129151,1776680066.629949,1776680067.130531,15.391791,-0.069067,0.001469,0.265000,-0.002000,0.000000,-0.424682,-0.348119,9.281989,0.071672,0.000266,0.009059,23.8210,0.7615,-0.7125,-0.1867,3
1776680067.179113,470,1776680067.179113,1776680067.179153,1776680066.629949,1776680067.130531,15.404792,-0.068748,-0.000731,0.260000,0.006000,0.000000,-0.400756,0.526366,8.865681,-0.143345,0.040765,0.088991,23.8210,0.7615,-0.7125,-0.1867,3
1776680067.229124,471,1776680067.229124,1776680067.179153,1776680067.230013,1776680067.130531,15.416945,-0.068957,0.000469,0.243000,-0.004000,0.000000,-0.400756,0.526366,8.865681,-0.143345,0.040765,0.088991,23.8200,0.7615,-0.7125,-0.1867,3
1776680067.279094,472,1776680067.279094,1776680067.229179,1776680067.230013,1776680067.130531,15.429836,-0.068951,0.000519,0.258000,0.000000,0.000000,0.101684,-0.022729,9.392047,0.037568,0.057817,0.060748,23.8200,0.7615,-0.7125,-0.1867,3
1776680067.329028,473,1776680067.329028,1776680067.279149,1776680067.230013,1776680067.281159,15.441671,-0.068246,-0.004275,0.237000,0.014000,0.000000,-0.287109,-0.230883,9.231745,0.042364,0.016519,0.005062,23.8200,0.7556,-0.7152,-0.1841,3
1776680067.379044,474,1776680067.379044,1776680067.379081,1776680067.230013,1776680067.281159,15.453222,-0.068795,-0.000774,0.231000,-0.010000,0.000000,0.429467,0.294287,10.733085,0.017851,-0.035437,0.006927,23.8200,0.7556,-0.7152,-0.1841,3
1776680067.429068,475,1776680067.429068,1776680067.429116,1776680067.230013,1776680067.428049,15.465328,-0.068955,0.000377,0.242000,-0.003000,0.000000,-0.250024,0.266772,10.103838,-0.010391,-0.039167,-0.047160,23.8200,0.7512,-0.7194,-0.1797,3
1776680067.479040,476,1776680067.479040,1776680067.429116,1776680067.230013,1776680067.428049,15.477672,-0.069050,0.000877,0.247000,-0.002000,0.000000,-0.250024,0.266772,10.103838,-0.010391,-0.039167,-0.047160,23.8200,0.7512,-0.7194,-0.1797,3
1776680067.529069,477,1776680067.529069,1776680067.529112,1776680067.230013,1776680067.428049,15.491179,-0.068688,-0.001025,0.270000,0.007000,0.000000,-0.483300,-0.017944,9.222175,-0.115102,0.023713,0.000533,23.8200,0.7512,-0.7194,-0.1797,3
1776680067.579059,478,1776680067.579059,1776680067.529112,1776680067.230013,1776680067.576746,15.503726,-0.068851,-0.000075,0.251000,-0.003000,0.000000,-0.483300,-0.017944,9.222175,-0.115102,0.023713,0.000533,23.8200,0.7503,-0.7258,-0.1734,3
1776680067.629007,479,1776680067.629007,1776680067.579108,1776680067.230013,1776680067.576746,15.516863,-0.069252,0.002473,0.263000,-0.008000,0.000000,-0.120825,-0.138769,9.725811,0.043163,0.019717,-0.088991,23.8200,0.7503,-0.7258,-0.1734,3
1776680067.679087,480,1776680067.679087,1776680067.629045,1776680067.230013,1776680067.576746,15.529633,-0.069020,0.001571,0.255000,0.004000,0.000000,-0.539525,-0.340942,9.402814,0.064212,-0.011990,-0.069008,23.8200,0.7503,-0.7258,-0.1734,3
1776680067.729015,481,1776680067.729015,1776680067.729053,1776680067.230013,1776680067.725426,15.541716,-0.069350,0.003468,0.242000,-0.007000,0.000000,0.083740,0.257202,10.426835,0.006661,0.021582,-0.001066,23.8200,0.7501,-0.7314,-0.1711,3
1776680067.779217,482,1776680067.779217,1776680067.779258,1776680067.230013,1776680067.725426,15.554667,-0.069255,0.003017,0.258000,0.001000,0.000000,-0.702220,-0.580199,8.960188,0.050357,0.001865,0.023980,23.8200,0.7501,-0.7314,-0.1711,3
1776680067.829010,483,1776680067.829010,1776680067.829048,1776680067.830095,1776680067.725426,15.566018,-0.068673,-0.000270,0.228000,0.011000,0.000000,0.514403,-0.695043,10.809647,0.046627,-0.014921,0.049558,23.8170,0.7501,-0.7314,-0.1711,3
1776680067.879070,484,1776680067.879070,1776680067.829048,1776680067.830095,1776680067.874412,15.578133,-0.069077,0.002133,0.242000,-0.008000,0.000000,0.514403,-0.695043,10.809647,0.046627,-0.014921,0.049558,23.8170,0.7535,-0.7380,-0.1663,3
1776680067.929005,485,1776680067.929005,1776680067.929048,1776680067.830095,1776680067.874412,15.590517,-0.069100,0.002832,0.248000,-0.001000,0.000000,-0.132788,0.349316,9.937554,-0.000799,0.013322,0.012523,23.8170,0.7535,-0.7380,-0.1663,3
1776680067.979053,486,1776680067.979053,1776680067.979093,1776680067.830095,1776680067.874412,15.602779,-0.069266,0.004133,0.245000,-0.004000,0.000000,0.382812,-0.289501,10.808451,0.086859,-0.040499,-0.003997,23.8170,0.7535,-0.7380,-0.1663,3
1776680068.028993,487,1776680068.028993,1776680068.029033,1776680067.830095,1776680068.023041,15.615963,-0.069011,0.002735,0.264000,0.004000,0.000000,-0.599340,0.433056,9.240119,-0.123095,0.028509,0.003197,23.8170,0.7602,-0.7481,-0.1632,3
1776680068.079064,488,1776680068.079064,1776680068.079108,1776680067.830095,1776680068.023041,15.628330,-0.069128,0.004037,0.247000,-0.003000,0.000000,-0.087329,-0.203369,9.591827,0.060215,0.044229,-0.105510,23.8170,0.7602,-0.7481,-0.1632,3
1776680068.128994,489,1776680068.128994,1776680068.129033,1776680067.830095,1776680068.023041,15.641963,-0.069323,0.005335,0.273000,-0.005000,0.000000,-0.712987,-0.439037,9.189875,0.056752,-0.004796,-0.100181,23.8170,0.7602,-0.7481,-0.1632,3
1776680068.179012,490,1776680068.179012,1776680068.129033,1776680067.830095,1776680068.172188,15.654511,-0.068906,0.003135,0.251000,0.007000,0.000000,-0.712987,-0.439037,9.189875,0.056752,-0.004796,-0.100181,23.8170,0.7639,-0.7553,-0.1612,3
1776680068.229012,491,1776680068.229012,1776680068.179055,1776680067.830095,1776680068.172188,15.666366,-0.069218,0.005736,0.237000,-0.007000,0.000000,-0.443822,0.106470,9.100153,-0.104444,0.049291,0.011990,23.8170,0.7639,-0.7553,-0.1612,3
1776680068.279036,492,1776680068.279036,1776680068.279074,1776680067.830095,1776680068.172188,15.679422,-0.069244,0.006186,0.261000,-0.002000,0.000000,-0.893626,-0.239257,9.247296,0.038101,-0.027443,0.003730,23.8170,0.7639,-0.7553,-0.1612,3
1776680068.328979,493,1776680068.328979,1776680068.329019,1776680067.830095,1776680068.320441,15.691305,-0.068671,0.003439,0.238000,0.010000,0.000000,0.443822,-0.498852,11.130252,0.052222,-0.023180,0.019184,23.8170,0.7697,-0.7639,-0.1625,3
1776680068.379011,494,1776680068.379011,1776680068.329019,1776680067.830095,1776680068.320441,15.703764,-0.068828,0.004390,0.249000,-0.004000,0.000000,0.443822,-0.498852,11.130252,0.052222,-0.023180,0.019184,23.8170,0.7697,-0.7639,-0.1625,3
1776680068.428972,495,1776680068.428972,1776680068.379050,1776680068.429735,1776680068.320441,15.715904,-0.068725,0.004190,0.243000,0.001000,0.000000,-0.328979,0.538329,11.023783,-0.058084,-0.053821,0.058617,23.8180,0.7697,-0.7639,-0.1625,3
1776680068.478985,496,1776680068.478985,1776680068.429012,1776680068.429735,1776680068.468945,15.728058,-0.068774,0.004940,0.243000,-0.002000,0.000000,0.149536,0.125610,9.969853,0.008793,0.018384,0.000266,23.8180,0.7750,-0.7723,-0.1637,3
1776680068.529023,497,1776680068.529023,1776680068.479024,1776680068.429735,1776680068.468945,15.741066,-0.068459,0.002989,0.260000,0.005000,0.000000,0.374438,-0.288305,11.053690,0.078067,-0.050890,0.051423,23.8180,0.7750,-0.7723,-0.1637,3
1776680068.579033,498,1776680068.579033,1776680068.579072,1776680068.429735,1776680068.468945,15.753418,-0.068372,0.002889,0.247000,0.001000,0.000000,-0.025122,-0.313427,9.643268,0.060215,0.034371,-0.035703,23.8180,0.7750,-0.7723,-0.1637,3
1776680068.628972,499,1776680068.628972,1776680068.629011,1776680068.429735,1776680068.617035,15.766603,-0.068484,0.003738,0.264000,-0.003000,0.000000,-0.435448,-0.381615,9.364532,0.047959,-0.014388,-0.024779,23.8180,0.7809,-0.7811,-0.1646,3
1776680068.678969,500,1776680068.678969,1776680068.629011,1776680068.429735,1776680068.617035,15.779151,-0.068237,0.002088,0.251000,0.004000,0.000000,-0.435448,-0.381615,9.364532,0.047959,-0.014388,-0.024779,23.8180,0.7809,-0.7811,-0.1646,3
1776680068.729008,501,1776680068.729008,1776680068.679007,1776680068.429735,1776680068.617035,15.791061,-0.068763,0.005991,0.238000,-0.011000,0.000000,-0.368456,0.628051,8.834578,-0.129223,0.054087,0.010125,23.8180,0.7809,-0.7811,-0.1646,3
1776680068.778975,502,1776680068.778975,1776680068.729050,1776680068.429735,1776680068.766020,15.803904,-0.068786,0.006390,0.257000,-0.002000,0.000000,0.354101,0.374438,10.504594,-0.006927,0.005595,0.010924,23.8180,0.7869,-0.7923,-0.1670,3
1776680068.829006,503,1776680068.829006,1776680068.829048,1776680068.429735,1776680068.766020,15.815257,-0.068263,0.003389,0.227000,0.009000,0.000000,0.400756,-0.849364,10.916117,0.086327,-0.029308,-0.032772,23.8180,0.7869,-0.7923,-0.1670,3
1776680068.878967,504,1776680068.878967,1776680068.879006,1776680068.429735,1776680068.766020,15.828047,-0.068170,0.003189,0.256000,0.001000,0.000000,-0.136377,0.301464,10.632597,-0.077268,-0.068475,0.040232,23.8180,0.7869,-0.7923,-0.1670,3
1776680068.928998,505,1776680068.928998,1776680068.879006,1776680068.429735,1776680068.914854,15.840555,-0.068130,0.002989,0.250000,0.000000,0.000000,-0.136377,0.301464,10.632597,-0.077268,-0.068475,0.040232,23.8180,0.7967,-0.8032,-0.1688,3
1776680068.979007,506,1776680068.979007,1776680068.929038,1776680068.429735,1776680068.914854,15.853708,-0.068291,0.004839,0.263000,-0.004000,0.000000,-0.020337,-0.384008,9.542779,0.066610,0.044495,-0.019983,23.8180,0.7967,-0.8032,-0.1688,3
1776680069.028947,507,1776680069.028947,1776680068.979048,1776680069.029458,1776680068.914854,15.866791,-0.067778,0.001743,0.262000,0.009000,0.000000,0.445019,-0.130395,10.675663,0.078333,-0.046893,0.030374,23.8160,0.7967,-0.8032,-0.1688,3
1776680069.078947,508,1776680069.078947,1776680069.028986,1776680069.029458,1776680069.063097,15.878740,-0.067707,0.001343,0.239000,0.001000,0.000000,-0.468944,0.293090,9.012824,-0.109773,0.039966,0.087925,23.8160,0.8064,-0.8125,-0.1682,3
1776680069.128978,509,1776680069.128978,1776680069.129018,1776680069.029458,1776680069.063097,15.891999,-0.067889,0.003044,0.265000,-0.004000,0.000000,-0.412719,-0.261987,9.319074,0.057551,-0.011990,0.000000,23.8160,0.8064,-0.8125,-0.1682,3
1776680069.178941,510,1776680069.178941,1776680069.178982,1776680069.029458,1776680069.063097,15.904689,-0.067501,0.000246,0.254000,0.007000,0.000000,-0.066992,0.708202,8.333334,-0.120697,0.073271,0.036769,23.8160,0.8064,-0.8125,-0.1682,3
1776680069.229021,511,1776680069.229021,1776680069.178982,1776680069.029458,1776680069.211477,15.916408,-0.067949,0.003551,0.234000,-0.009000,0.000000,-0.066992,0.708202,8.333334,-0.120697,0.073271,0.036769,23.8160,0.8183,-0.8217,-0.1682,3
1776680069.278990,512,1776680069.278990,1776680069.229064,1776680069.029458,1776680069.211477,15.928901,-0.068054,0.004551,0.250000,-0.003000,0.000000,0.216528,0.592162,10.954398,-0.031973,-0.035969,0.019184,23.8160,0.8183,-0.8217,-0.1682,3
1776680069.328917,513,1776680069.328917,1776680069.279030,1776680069.029458,1776680069.211477,15.940382,-0.067653,0.002004,0.230000,0.007000,0.000000,-0.668724,-0.058618,9.237726,0.025312,0.011723,-0.058617,23.8160,0.8183,-0.8217,-0.1682,3
1776680069.378952,514,1776680069.378952,1776680069.378997,1776680069.029458,1776680069.360355,15.953841,-0.067576,0.001904,0.269000,0.001000,0.000000,-0.138769,0.272753,10.375395,-0.079399,-0.056752,-0.003730,23.8160,0.8303,-0.8330,-0.1649,3
1776680069.428921,515,1776680069.428921,1776680069.378997,1776680069.029458,1776680069.360355,15.966284,-0.067702,0.002854,0.249000,-0.003000,0.000000,-0.138769,0.272753,10.375395,-0.079399,-0.056752,-0.003730,23.8160,0.8303,-0.8330,-0.1649,3
1776680069.478934,516,1776680069.478934,1776680069.478974,1776680069.029458,1776680069.360355,15.979088,-0.068015,0.005004,0.256000,-0.007000,0.000000,0.303857,-0.260790,10.544071,0.073537,-0.042630,-0.043163,23.8160,0.8303,-0.8330,-0.1649,3
1776680069.529005,517,1776680069.529005,1776680069.478974,1776680069.029458,1776680069.508855,15.991855,-0.067651,0.003302,0.255000,0.006000,0.000000,0.303857,-0.260790,10.544071,0.073537,-0.042630,-0.043163,23.8160,0.8432,-0.8413,-0.1636,3
1776680069.578974,518,1776680069.578974,1776680069.529045,1776680069.029458,1776680069.508855,16.003748,-0.067612,0.003002,0.238000,0.000000,0.000000,-0.293090,0.113647,9.081013,-0.097783,0.051423,0.022914,23.8160,0.8432,-0.8413,-0.1636,3
1776680069.628907,519,1776680069.628907,1776680069.628945,1776680069.629645,1776680069.508855,16.017130,-0.067621,0.003751,0.268000,-0.001000,0.000000,-0.875682,-0.460570,9.125276,0.050091,-0.019717,0.023180,23.8140,0.8432,-0.8413,-0.1636,3
1776680069.678925,520,1776680069.678925,1776680069.678963,1776680069.629645,1776680069.657118,16.029083,-0.067277,0.001750,0.239000,0.006000,0.000000,0.222509,0.574218,8.566609,-0.110839,0.090856,0.056752,23.8140,0.8578,-0.8516,-0.1625,3
1776680069.728952,521,1776680069.728952,1776680069.678963,1776680069.629645,1776680069.657118,16.040941,-0.067806,0.005252,0.237000,-0.011000,0.000000,0.222509,0.574218,8.566609,-0.110839,0.090856,0.056752,23.8140,0.8578,-0.8516,-0.1625,3
1776680069.778974,522,1776680069.778974,1776680069.779013,1776680069.629645,1776680069.657118,16.053648,-0.067989,0.007353,0.254000,-0.005000,0.000000,-0.453393,0.179443,9.548760,0.008526,-0.032506,-0.006395,23.8140,0.8578,-0.8516,-0.1625,3
1776680069.828907,523,1776680069.828907,1776680069.779013,1776680069.629645,1776680069.805918,16.064833,-0.067807,0.006504,0.224000,0.002000,0.000000,-0.453393,0.179443,9.548760,0.008526,-0.032506,-0.006395,23.8140,0.8679,-0.8604,-0.1605,3
1776680069.878917,524,1776680069.878917,1776680069.828945,1776680069.629645,1776680069.805918,16.077883,-0.067522,0.005004,0.261000,0.004000,0.000000,0.451000,-0.108862,11.033353,0.071939,-0.057551,-0.015454,23.8140,0.8679,-0.8604,-0.1605,3
1776680069.928896,525,1776680069.928896,1776680069.878956,1776680069.629645,1776680069.805918,16.090027,-0.067462,0.005654,0.243000,0.000000,0.000000,-0.480907,-0.072973,10.151690,-0.072738,-0.071672,-0.025578,23.8140,0.8679,-0.8604,-0.1605,3
1776680069.978918,526,1776680069.978918,1776680069.928935,1776680069.629645,1776680069.954492,16.103132,-0.067388,0.005604,0.262000,0.000000,0.000000,0.306249,-0.569432,9.372907,0.087925,0.063146,-0.126026,23.8140,0.8778,-0.8728,-0.1579,3
1776680070.028889,527,1776680070.028889,1776680070.028926,1776680069.629645,1776680069.954492,16.115973,-0.067066,0.004154,0.257000,0.005000,0.000000,0.148340,-0.066992,9.116901,-0.076468,0.075403,0.007194,23.8140,0.8778,-0.8728,-0.1579,3
1776680070.078916,528,1776680070.078916,1776680070.078954,1776680069.629645,1776680069.954492,16.127831,-0.067267,0.005705,0.237000,-0.005000,0.000000,0.669921,-0.784764,9.923199,0.083929,0.034104,-0.047693,23.8140,0.8778,-0.8728,-0.1579,3
1776680070.128990,529,1776680070.128990,1776680070.078954,1776680069.629645,1776680070.103364,16.141150,-0.067241,0.006056,0.266000,-0.001000,0.000000,0.669921,-0.784764,9.923199,0.083929,0.034104,-0.047693,23.8140,0.8872,-0.8827,-0.1547,3
1776680070.178928,530,1776680070.178928,1776680070.129031,1776680069.629645,1776680070.103364,16.153580,-0.066616,0.003010,0.249000,0.011000,0.000000,-0.540722,-0.095703,9.699493,0.024246,-0.064212,0.017851,23.8140,0.8872,-0.8827,-0.1547,3
1776680070.228906,531,1776680070.228906,1776680070.228961,1776680070.229672,1776680070.103364,16.165876,-0.067029,0.005609,0.246000,-0.009000,0.000000,-0.338549,0.570629,10.577567,-0.082330,-0.058883,0.091922,23.8110,0.8872,-0.8827,-0.1547,3
1776680070.278907,532,1776680070.278907,1776680070.278944,1776680070.229672,1776680070.252059,16.178627,-0.067007,0.006359,0.255000,-0.001000,0.000000,-0.302661,-0.032300,9.484161,0.010125,-0.028776,0.051156,23.8110,0.8963,-0.8904,-0.1540,3
1776680070.328894,533,1776680070.328894,1776680070.328934,1776680070.229672,1776680070.252059,16.189772,-0.066687,0.004709,0.223000,0.005000,0.000000,0.399560,-0.226098,11.285769,0.065278,-0.058883,0.065011,23.8110,0.8963,-0.8904,-0.1540,3
1776680070.378873,534,1776680070.378873,1776680070.328934,1776680070.229672,1776680070.252059,16.202366,-0.066477,0.003409,0.252000,0.003000,0.000000,0.399560,-0.226098,11.285769,0.065278,-0.058883,0.065011,23.8110,0.8963,-0.8904,-0.1540,3
1776680070.428862,535,1776680070.428862,1776680070.378911,1776680070.229672,1776680070.400973,16.214863,-0.066435,0.003659,0.250000,0.000000,0.000000,-0.267968,0.261987,10.364629,-0.075136,-0.070074,0.066610,23.8110,0.9073,-0.9011,-0.1515,3
1776680070.478946,536,1776680070.478946,1776680070.478987,1776680070.229672,1776680070.400973,16.228186,-0.066686,0.005412,0.266000,-0.006000,0.000000,0.153125,0.053833,10.548857,0.058084,-0.055686,0.010924,23.8110,0.9073,-0.9011,-0.1515,3
1776680070.528891,537,1776680070.528891,1776680070.478987,1776680070.229672,1776680070.400973,16.241270,-0.066416,0.004214,0.262000,0.004000,0.000000,0.153125,0.053833,10.548857,0.058084,-0.055686,0.010924,23.8110,0.9073,-0.9011,-0.1515,3
1776680070.578871,538,1776680070.578871,1776680070.578911,1776680070.229672,1776680070.549514,16.252815,-0.066467,0.005213,0.231000,-0.002000,0.000000,0.494066,-0.861326,9.466217,0.106842,0.054887,-0.041565,23.8110,0.9153,-0.9080,-0.1465,3
1776680070.628847,539,1776680070.628847,1776680070.628885,1776680070.229672,1776680070.549514,16.265759,-0.066500,0.005763,0.259000,-0.002000,0.000000,-0.668724,-0.242846,9.457843,0.054087,-0.031973,-0.037035,23.8110,0.9153,-0.9080,-0.1465,3
1776680070.678868,540,1776680070.678868,1776680070.678905,1776680070.229672,1776680070.549514,16.277712,-0.066231,0.004612,0.239000,0.004000,0.000000,0.077759,0.380419,8.687434,-0.080998,0.094586,-0.010658,23.8110,0.9153,-0.9080,-0.1465,3
1776680070.728892,541,1776680070.728892,1776680070.728931,1776680070.229672,1776680070.698296,16.290119,-0.066524,0.006964,0.248000,-0.007000,0.000000,-0.406738,0.187817,9.992583,-0.089790,-0.047160,0.034904,23.8110,0.9210,-0.9140,-0.1446,3
1776680070.778936,542,1776680070.778936,1776680070.778974,1776680070.229672,1776680070.698296,16.302681,-0.066536,0.007414,0.251000,-0.002000,0.000000,-0.381615,0.287109,9.619342,0.001332,-0.027443,0.000000,23.8110,0.9210,-0.9140,-0.1446,3
1776680070.828883,543,1776680070.828883,1776680070.828922,1776680070.829639,1776680070.698296,16.314116,-0.065902,0.004117,0.229000,0.011000,0.000000,0.553881,-0.410326,11.035746,0.073537,-0.037302,0.023447,23.8080,0.9210,-0.9140,-0.1446,3
1776680070.878918,544,1776680070.878918,1776680070.878958,1776680070.829639,1776680070.847181,16.327522,-0.065346,0.000615,0.268000,0.010000,0.000000,-0.779979,-0.210546,10.011724,-0.085794,-0.083929,0.094053,23.8080,0.9248,-0.9195,-0.1440,3
1776680070.928913,545,1776680070.928913,1776680070.878958,1776680070.829639,1776680070.847181,16.339922,-0.065339,0.000615,0.248000,0.000000,0.000000,-0.779979,-0.210546,10.011724,-0.085794,-0.083929,0.094053,23.8080,0.9248,-0.9195,-0.1440,3
1776680070.978909,546,1776680070.978909,1776680070.928956,1776680070.829639,1776680070.847181,16.353371,-0.065781,0.003565,0.269000,-0.009000,0.000000,0.155517,-0.550292,9.234138,0.096718,0.072472,0.005862,23.8080,0.9248,-0.9195,-0.1440,3
1776680071.028827,547,1776680071.028827,1776680071.028867,1776680070.829639,1776680070.996260,16.366549,-0.065484,0.001618,0.264000,0.005000,0.000000,-0.001196,0.517992,8.183798,-0.103379,0.100981,0.030641,23.8080,0.9249,-0.9227,-0.1452,3
1776680071.078904,548,1776680071.078904,1776680071.078943,1776680070.829639,1776680070.996260,16.378216,-0.065615,0.003120,0.233000,-0.003000,0.000000,0.356493,-0.659154,9.374103,0.093520,0.052222,-0.037568,23.8080,0.9249,-0.9227,-0.1452,3
1776680071.128823,549,1776680071.128823,1776680071.078943,1776680070.829639,1776680070.996260,16.391096,-0.065825,0.004668,0.258000,-0.005000,0.000000,0.356493,-0.659154,9.374103,0.093520,0.052222,-0.037568,23.8080,0.9249,-0.9227,-0.1452,3
1776680071.178843,550,1776680071.178843,1776680071.178882,1776680070.829639,1776680071.144910,16.402950,-0.065569,0.003017,0.237000,0.004000,0.000000,0.003589,0.382812,8.588142,-0.077534,0.098849,-0.026644,23.8080,0.9225,-0.9249,-0.1456,3
1776680071.228825,551,1776680071.228825,1776680071.178882,1776680070.829639,1776680071.144910,16.415646,-0.065831,0.005016,0.254000,-0.006000,0.000000,0.003589,0.382812,8.588142,-0.077534,0.098849,-0.026644,23.8080,0.9225,-0.9249,-0.1456,3
1776680071.278864,552,1776680071.278864,1776680071.228864,1776680070.829639,1776680071.144910,16.428205,-0.065918,0.005767,0.251000,-0.003000,0.000000,-0.421093,0.189013,9.832281,-0.091922,-0.036236,-0.001066,23.8080,0.9225,-0.9249,-0.1456,3
1776680071.328890,553,1776680071.328890,1776680071.278914,1776680070.829639,1776680071.293554,16.439610,-0.065602,0.004166,0.228000,0.005000,0.000000,-0.476122,0.322997,9.646856,-0.001332,-0.028243,-0.074870,23.8080,0.9227,-0.9289,-0.1450,3
1776680071.378890,554,1776680071.378890,1776680071.328927,1776680070.829639,1776680071.293554,16.452457,-0.065249,0.002416,0.257000,0.006000,0.000000,0.421093,-0.351708,10.800076,0.071139,-0.033305,-0.041565,23.8080,0.9227,-0.9289,-0.1450,3
1776680071.428815,555,1776680071.428815,1776680071.428855,1776680071.429532,1776680071.293554,16.464239,-0.065120,0.001118,0.236000,0.002000,0.000000,0.776390,-0.826634,9.571490,0.087392,0.058084,-0.030641,23.8060,0.9227,-0.9289,-0.1450,3
1776680071.478873,556,1776680071.478873,1776680071.428855,1776680071.429532,1776680071.442346,16.477705,-0.065305,0.002720,0.269000,-0.004000,0.000000,0.776390,-0.826634,9.571490,0.087392,0.058084,-0.030641,23.8060,0.9213,-0.9328,-0.1469,3
1776680071.528876,557,1776680071.528876,1776680071.528926,1776680071.429532,1776680071.442346,16.490456,-0.065271,0.002520,0.255000,0.000000,0.000000,0.191406,0.501244,8.470906,-0.097783,0.109240,0.049824,23.8060,0.9213,-0.9328,-0.1469,3
1776680071.578879,558,1776680071.578879,1776680071.578916,1776680071.429532,1776680071.442346,16.502008,-0.065842,0.006220,0.231000,-0.012000,0.000000,0.751268,-0.361279,10.563212,0.043696,-0.010924,0.027976,23.8060,0.9213,-0.9328,-0.1469,3
1776680071.628787,559,1776680071.628787,1776680071.578916,1776680071.429532,1776680071.591003,16.514637,-0.065913,0.007717,0.253000,-0.003000,0.000000,0.751268,-0.361279,10.563212,0.043696,-0.010924,0.027976,23.8060,0.9198,-0.9340,-0.1521,3
1776680071.678856,560,1776680071.678856,1776680071.678895,1776680071.429532,1776680071.591003,16.525801,-0.065576,0.006015,0.223000,0.005000,0.000000,0.295483,0.332568,9.348981,-0.055153,0.068209,-0.023180,23.8060,0.9198,-0.9340,-0.1521,3
1776680071.728832,561,1776680071.728832,1776680071.678895,1776680071.429532,1776680071.591003,16.538996,-0.065647,0.007114,0.264000,-0.003000,0.000000,0.295483,0.332568,9.348981,-0.055153,0.068209,-0.023180,23.8060,0.9198,-0.9340,-0.1521,3
1776680071.778812,562,1776680071.778812,1776680071.728871,1776680071.429532,1776680071.739801,16.551542,-0.065908,0.009813,0.251000,-0.007000,0.000000,-0.736913,0.015552,9.663605,-0.078067,-0.067143,-0.021582,23.8060,0.9154,-0.9352,-0.1531,3
1776680071.828781,563,1776680071.828781,1776680071.778856,1776680071.429532,1776680071.739801,16.563631,-0.065489,0.007665,0.242000,0.006000,0.000000,-0.217724,0.441430,9.526031,0.007993,0.019184,-0.133753,23.8060,0.9154,-0.9352,-0.1531,3
1776680071.878794,564,1776680071.878794,1776680071.878833,1776680071.429532,1776680071.739801,16.576431,-0.064991,0.005014,0.256000,0.008000,0.000000,-0.634032,-0.162695,9.796392,-0.056752,-0.079666,-0.022381,23.8060,0.9154,-0.9352,-0.1531,3
1776680071.928837,565,1776680071.928837,1776680071.878833,1776680071.429532,1776680071.888552,16.588192,-0.064932,0.005014,0.235000,0.000000,0.000000,-0.634032,-0.162695,9.796392,-0.056752,-0.079666,-0.022381,23.8060,0.9086,-0.9326,-0.1562,3
1776680071.978885,566,1776680071.978885,1776680071.928878,1776680071.429532,1776680071.888552,16.601856,-0.065164,0.006716,0.273000,-0.006000,0.000000,0.632836,-0.434252,10.725907,0.045561,-0.010125,-0.045561,23.8060,0.9086,-0.9326,-0.1562,3
1776680072.028821,567,1776680072.028821,1776680072.028862,1776680072.029556,1776680071.888552,16.615137,-0.064875,0.005417,0.266000,0.004000,0.000000,0.423486,0.174658,8.639583,-0.084195,0.124161,0.045828,23.8070,0.9086,-0.9326,-0.1562,3
1776680072.078797,568,1776680072.078797,1776680072.078835,1776680072.029556,1776680072.041172,16.627083,-0.065160,0.007566,0.239000,-0.007000,0.000000,0.386401,-0.721361,9.937554,0.073804,0.005595,0.033838,23.8070,0.9048,-0.9294,-0.1591,3
1776680072.128814,569,1776680072.128814,1776680072.078835,1776680072.029556,1776680072.041172,16.639986,-0.065012,0.007566,0.258000,0.001000,0.000000,0.386401,-0.721361,9.937554,0.073804,0.005595,0.033838,23.8070,0.9048,-0.9294,-0.1591,3
1776680072.178828,570,1776680072.178828,1776680072.178866,1776680072.029556,1776680072.041172,16.651436,-0.064625,0.005566,0.229000,0.006000,0.000000,0.226098,0.449804,8.891999,-0.073005,0.096718,0.052222,23.8070,0.9048,-0.9294,-0.1591,3
1776680072.228801,571,1776680072.228801,1776680072.178866,1776680072.029556,1776680072.185500,16.664080,-0.064855,0.007765,0.253000,-0.006000,0.000000,0.226098,0.449804,8.891999,-0.073005,0.096718,0.052222,23.8070,0.9037,-0.9260,-0.1599,3
1776680072.278896,572,1776680072.278896,1776680072.228844,1776680072.029556,1776680072.185500,16.676702,-0.064757,0.008215,0.252000,0.000000,0.000000,-0.600536,0.272753,9.980620,-0.087925,-0.047160,0.054887,23.8070,0.9037,-0.9260,-0.1599,3
1776680072.328796,573,1776680072.328796,1776680072.278936,1776680072.029556,1776680072.185500,16.688425,-0.064311,0.005521,0.235000,0.007000,0.000000,-0.261987,0.198584,9.845440,0.000000,-0.019450,-0.002398,23.8070,0.9037,-0.9260,-0.1599,3
1776680072.378810,574,1776680072.378810,1776680072.378850,1776680072.029556,1776680072.334390,16.701725,-0.063788,0.003070,0.266000,0.009000,0.000000,-0.918748,-0.117236,9.783233,-0.069807,-0.090057,0.045028,23.8070,0.9020,-0.9233,-0.1627,3
1776680072.428848,575,1776680072.428848,1776680072.378850,1776680072.029556,1776680072.334390,16.713734,-0.063801,0.003470,0.240000,-0.001000,0.000000,-0.918748,-0.117236,9.783233,-0.069807,-0.090057,0.045028,23.8070,0.9020,-0.9233,-0.1627,3
1776680072.478761,576,1776680072.478761,1776680072.478800,1776680072.029556,1776680072.334390,16.727062,-0.064254,0.006765,0.267000,-0.010000,0.000000,-0.405541,0.478515,9.785625,0.068742,-0.026644,-0.015720,23.8070,0.9020,-0.9233,-0.1627,3
1776680072.528790,577,1776680072.528790,1776680072.478800,1776680072.029556,1776680072.482631,16.739717,-0.063918,0.005464,0.253000,0.005000,0.000000,-0.405541,0.478515,9.785625,0.068742,-0.026644,-0.015720,23.8070,0.8984,-0.9212,-0.1649,3
1776680072.578763,578,1776680072.578763,1776680072.578804,1776680072.029556,1776680072.482631,16.751463,-0.064154,0.007263,0.235000,-0.006000,0.000000,0.614891,-0.306249,10.772562,0.038634,-0.018651,0.014121,23.8070,0.8984,-0.9212,-0.1649,3
1776680072.628729,579,1776680072.628729,1776680072.578804,1776680072.629499,1776680072.482631,16.764355,-0.064260,0.008762,0.258000,-0.004000,0.000000,0.614891,-0.306249,10.772562,0.038634,-0.018651,0.014121,23.8050,0.8984,-0.9212,-0.1649,3
1776680072.678763,580,1776680072.678763,1776680072.678804,1776680072.629499,1776680072.631426,16.775858,-0.063759,0.006361,0.230000,0.008000,0.000000,0.324194,0.278735,9.335822,-0.067676,0.072205,0.065544,23.8050,0.8924,-0.9178,-0.1691,3
1776680072.728748,581,1776680072.728748,1776680072.728790,1776680072.629499,1776680072.631426,16.788553,-0.063678,0.005961,0.254000,0.000000,0.000000,-0.729735,0.039477,10.172027,-0.095119,-0.077001,0.099116,23.8050,0.8924,-0.9178,-0.1691,3
1776680072.778743,582,1776680072.778743,1776680072.778794,1776680072.629499,1776680072.631426,16.801302,-0.063602,0.006561,0.255000,0.000000,0.000000,-0.049048,0.596947,9.965069,-0.006128,0.001599,-0.004263,23.8050,0.8924,-0.9178,-0.1691,3
1776680072.828770,583,1776680072.828770,1776680072.828808,1776680072.629499,1776680072.780183,16.813808,-0.063470,0.005710,0.250000,0.001000,0.000000,-0.141162,0.181836,9.782037,0.073271,-0.033039,-0.000533,23.8050,0.8849,-0.9143,-0.1723,3
1776680072.878811,584,1776680072.878811,1776680072.878850,1776680072.629499,1776680072.780183,16.827316,-0.062993,0.003308,0.270000,0.008000,0.000000,-0.440234,-0.328979,10.113408,-0.062347,-0.098050,0.037568,23.8050,0.8849,-0.9143,-0.1723,3
1776680072.928760,585,1776680072.928760,1776680072.878850,1776680072.629499,1776680072.928553,16.839005,-0.062904,0.003108,0.234000,0.001000,0.000000,-0.440234,-0.328979,10.113408,-0.062347,-0.098050,0.037568,23.8050,0.8770,-0.9102,-0.1734,3
1776680072.978793,586,1776680072.978793,1776680072.928818,1776680072.629499,1776680072.928553,16.852215,-0.063113,0.004459,0.264000,-0.005000,0.000000,0.212939,-0.739305,9.142023,0.099915,0.062613,-0.043696,23.8050,0.8770,-0.9102,-0.1734,3
1776680073.028756,587,1776680073.028756,1776680073.028813,1776680072.629499,1776680072.928553,16.865154,-0.062955,0.003860,0.259000,0.002000,0.000000,-0.075366,0.459374,8.413485,-0.086593,0.095918,-0.015720,23.8050,0.8770,-0.9102,-0.1734,3
1776680073.078768,588,1776680073.078768,1776680073.078819,1776680072.629499,1776680073.077368,16.877060,-0.063560,0.008061,0.238000,-0.013000,0.000000,0.887645,-0.296679,10.533305,0.048492,-0.007993,-0.051689,23.8050,0.8676,-0.9049,-0.1743,3
1776680073.128694,589,1776680073.128694,1776680073.078819,1776680072.629499,1776680073.077368,16.889845,-0.063756,0.009808,0.256000,-0.006000,0.000000,0.887645,-0.296679,10.533305,0.048492,-0.007993,-0.051689,23.8050,0.8676,-0.9049,-0.1743,3
1776680073.178773,590,1776680073.178773,1776680073.128738,1776680072.629499,1776680073.077368,16.900806,-0.063098,0.006703,0.219000,0.011000,0.000000,-0.580199,0.200976,9.503302,0.005062,-0.043163,-0.069807,23.8050,0.8676,-0.9049,-0.1743,3
1776680073.228718,591,1776680073.228718,1776680073.178828,1776680073.229185,1776680073.225728,16.913841,-0.062960,0.006154,0.261000,0.001000,0.000000,0.486889,-0.002393,9.552350,-0.050624,0.058883,-0.000533,23.8030,0.8584,-0.8976,-0.1729,3
1776680073.278711,592,1776680073.278711,1776680073.278750,1776680073.229185,1776680073.225728,16.925989,-0.062986,0.006854,0.243000,-0.002000,0.000000,-0.189013,0.328979,9.704278,-0.005862,0.024512,0.002664,23.8030,0.8584,-0.8976,-0.1729,3
1776680073.328683,593,1776680073.328683,1776680073.328713,1776680073.229185,1776680073.225728,16.938334,-0.062951,0.007454,0.247000,-0.001000,0.000000,-0.326586,0.289501,9.933965,0.059416,-0.019717,0.043963,23.8030,0.8584,-0.8976,-0.1729,3
1776680073.382009,594,1776680073.382009,1776680073.328713,1776680073.229185,1776680073.374742,16.952301,-0.062474,0.004414,0.262000,0.007000,0.000000,-0.326586,0.289501,9.933965,0.059416,-0.019717,0.043963,23.8030,0.8515,-0.8946,-0.1729,3
1776680073.428745,595,1776680073.428745,1776680073.428783,1776680073.229185,1776680073.374742,16.963238,-0.062472,0.005115,0.234000,-0.001000,0.000000,0.674706,-0.580199,10.187578,0.061548,0.005329,0.023447,23.8030,0.8515,-0.8946,-0.1729,3
1776680073.478724,596,1776680073.478724,1776680073.428783,1776680073.229185,1776680073.374742,16.976234,-0.062756,0.007314,0.260000,-0.007000,0.000000,0.674706,-0.580199,10.187578,0.061548,0.005329,0.023447,23.8030,0.8515,-0.8946,-0.1729,3
1776680073.528724,597,1776680073.528724,1776680073.528767,1776680073.229185,1776680073.527314,16.988382,-0.062517,0.005964,0.243000,0.003000,0.000000,0.212939,0.299072,9.285578,-0.054887,0.066077,-0.018384,23.8030,0.8455,-0.8913,-0.1754,3
1776680073.579421,598,1776680073.579421,1776680073.579459,1776680073.229185,1776680073.527314,17.000351,-0.063054,0.010274,0.236000,-0.012000,0.000000,0.528759,0.592162,10.980716,-0.026644,0.000266,-0.052755,23.8030,0.8455,-0.8913,-0.1754,3
1776680073.628667,599,1776680073.628667,1776680073.628707,1776680073.229185,1776680073.527314,17.012617,-0.063420,0.013622,0.249000,-0.010000,0.000000,-0.275146,0.588573,9.680352,-0.007727,0.004263,-0.134019,23.8030,0.8455,-0.8913,-0.1754,3
1776680073.678682,600,1776680073.678682,1776680073.678715,1776680073.229185,1776680073.672774,17.023964,-0.062865,0.010972,0.227000,0.008000,0.000000,0.661547,-0.108862,9.820318,-0.049291,0.059683,-0.046893,23.8030,0.8393,-0.8878,-0.1768,3
1776680073.728709,601,1776680073.728709,1776680073.678715,1776680073.229185,1776680073.672774,17.037416,-0.062368,0.008821,0.269000,0.007000,0.000000,0.661547,-0.108862,9.820318,-0.049291,0.059683,-0.046893,23.8030,0.8393,-0.8878,-0.1768,3
1776680073.780321,602,1776680073.780321,1776680073.728756,1776680073.229185,1776680073.672774,17.050421,-0.062046,0.007066,0.252000,0.004000,0.000000,-0.784764,-0.124414,9.610968,-0.062347,-0.076735,-0.034104,23.8030,0.8393,-0.8878,-0.1768,3
1776680073.828728,603,1776680073.828728,1776680073.780375,1776680073.829198,1776680073.821622,17.063198,-0.061811,0.006388,0.264000,0.003000,0.000000,0.284716,-0.175854,8.953010,0.031706,0.096718,-0.025312,23.8000,0.8342,-0.8873,-0.1750,3
1776680073.878735,604,1776680073.878735,1776680073.878781,1776680073.829198,1776680073.821622,17.076847,-0.061324,0.003538,0.273000,0.008000,0.000000,-0.376830,-0.363671,9.859796,-0.063679,-0.067676,0.073804,23.8000,0.8342,-0.8873,-0.1750,3
1776680073.928681,605,1776680073.928681,1776680073.928721,1776680073.829198,1776680073.821622,17.089033,-0.061281,0.003788,0.244000,0.000000,0.000000,0.257202,-0.830223,9.573883,0.088458,0.024779,0.017319,23.8000,0.8342,-0.8873,-0.1750,3
1776680073.980194,606,1776680073.980194,1776680073.928721,1776680073.829198,1776680073.970013,17.102428,-0.061590,0.006054,0.260000,-0.007000,0.000000,0.257202,-0.830223,9.573883,0.088458,0.024779,0.017319,23.8000,0.8320,-0.8881,-0.1739,3
1776680074.028674,607,1776680074.028674,1776680074.028708,1776680073.829198,1776680073.970013,17.114256,-0.061325,0.004454,0.244000,0.004000,0.000000,0.230883,0.427074,8.929085,-0.076468,0.088991,0.042630,23.8000,0.8320,-0.8881,-0.1739,3
1776680074.078659,608,1776680074.078659,1776680074.078700,1776680073.829198,1776680073.970013,17.126053,-0.061722,0.007753,0.236000,-0.009000,0.000000,0.308642,0.064599,10.741459,0.016519,0.014388,0.007460,23.8000,0.8320,-0.8881,-0.1739,3
1776680074.128687,609,1776680074.128687,1776680074.078700,1776680073.829198,1776680074.117944,17.138762,-0.061774,0.009054,0.254000,-0.003000,0.000000,0.308642,0.064599,10.741459,0.016519,0.014388,0.007460,23.8000,0.8320,-0.8908,-0.1715,3
1776680074.179841,610,1776680074.179841,1776680074.128724,1776680073.829198,1776680074.117944,17.150370,-0.061311,0.006650,0.227000,0.007000,0.000000,-0.308642,0.151928,9.856207,-0.003464,-0.015187,-0.003197,23.8000,0.8320,-0.8908,-0.1715,3
1776680074.228669,611,1776680074.228669,1776680074.228721,1776680073.829198,1776680074.117944,17.163111,-0.061031,0.005575,0.261000,0.004000,0.000000,-0.893626,-0.165088,9.642071,-0.066610,-0.086593,0.044229,23.8000,0.8320,-0.8908,-0.1715,3
1776680074.278656,612,1776680074.278656,1776680074.228721,1776680073.829198,1776680074.267060,17.175407,-0.060962,0.005425,0.246000,0.000000,0.000000,-0.893626,-0.165088,9.642071,-0.066610,-0.086593,0.044229,23.8000,0.8289,-0.8921,-0.1708,3
1776680074.328671,613,1776680074.328671,1776680074.278693,1776680073.829198,1776680074.267060,17.188164,-0.061243,0.007776,0.255000,-0.007000,0.000000,-0.010767,0.417504,9.662408,-0.001599,0.032506,-0.019450,23.8000,0.8289,-0.8921,-0.1708,3
1776680074.381331,614,1776680074.381331,1776680074.381373,1776680073.829198,1776680074.267060,17.201590,-0.060875,0.006249,0.255000,0.005000,0.000000,-0.504833,-0.330175,9.920806,-0.050357,-0.064478,0.034371,23.8000,0.8289,-0.8921,-0.1708,3
1776680074.428679,615,1776680074.428679,1776680074.381373,1776680074.429148,1776680074.415689,17.212526,-0.060854,0.006391,0.231000,-0.001000,0.000000,-0.504833,-0.330175,9.920806,-0.050357,-0.064478,0.034371,23.8020,0.8229,-0.8920,-0.1730,3
1776680074.478647,616,1776680074.478647,1776680074.428719,1776680074.429148,1776680074.415689,17.225618,-0.060820,0.007340,0.262000,-0.001000,0.000000,0.557470,-0.296679,10.851517,0.041565,-0.017319,0.025578,23.8020,0.8229,-0.8920,-0.1730,3
1776680074.528793,617,1776680074.528793,1776680074.528833,1776680074.429148,1776680074.415689,17.238052,-0.060428,0.005335,0.248000,0.006000,0.000000,0.348119,0.203369,9.437506,-0.062347,0.066077,0.070607,23.8020,0.8229,-0.8920,-0.1730,3
1776680074.584828,618,1776680074.584828,1776680074.584867,1776680074.429148,1776680074.564352,17.251616,-0.060860,0.008753,0.242000,-0.009000,0.000000,0.226098,0.423486,10.892191,-0.002931,0.000266,0.066344,23.8020,0.8173,-0.8934,-0.1760,3
1776680074.628625,619,1776680074.628625,1776680074.628663,1776680074.429148,1776680074.564352,17.262566,-0.060896,0.009804,0.250000,-0.003000,0.000000,-0.062207,0.696239,9.931573,-0.010391,0.005329,-0.005862,23.8020,0.8173,-0.8934,-0.1760,3
1776680074.678657,620,1776680074.678657,1776680074.628663,1776680074.429148,1776680074.564352,17.274168,-0.060282,0.006302,0.232000,0.010000,0.000000,-0.062207,0.696239,9.931573,-0.010391,0.005329,-0.005862,23.8020,0.8173,-0.8934,-0.1760,3
1776680074.728610,621,1776680074.728610,1776680074.728647,1776680074.429148,1776680074.712833,17.287254,-0.059999,0.005203,0.262000,0.004000,0.000000,-0.448608,-0.354101,10.078716,-0.064745,-0.096185,0.031973,23.8020,0.8140,-0.8940,-0.1794,3
1776680074.778612,622,1776680074.778612,1776680074.728647,1776680074.429148,1776680074.712833,17.299505,-0.059936,0.005203,0.245000,0.000000,0.000000,-0.448608,-0.354101,10.078716,-0.064745,-0.096185,0.031973,23.8020,0.8140,-0.8940,-0.1794,3
1776680074.828605,623,1776680074.828605,1776680074.828643,1776680074.429148,1776680074.712833,17.312204,-0.060170,0.007352,0.254000,-0.006000,0.000000,-0.099292,0.372045,10.041631,0.066610,-0.030641,-0.038101,23.8020,0.8140,-0.8940,-0.1794,3
1776680074.878741,624,1776680074.878741,1776680074.878818,1776680074.429148,1776680074.864618,17.325237,-0.059873,0.006099,0.260000,0.004000,0.000000,-0.645995,-0.123218,9.607379,-0.065811,-0.048759,0.008260,23.8020,0.8145,-0.8944,-0.1811,3
1776680074.928655,625,1776680074.928655,1776680074.928692,1776680074.429148,1776680074.864618,17.337118,-0.059951,0.006748,0.238000,-0.003000,0.000000,0.803905,-0.459374,10.201934,0.062613,0.008526,-0.053022,23.8020,0.8145,-0.8944,-0.1811,3
1776680074.978597,626,1776680074.978597,1776680074.928692,1776680074.429148,1776680074.864618,17.350405,-0.060111,0.008696,0.266000,-0.005000,0.000000,0.803905,-0.459374,10.201934,0.062613,0.008526,-0.053022,23.8020,0.8145,-0.8944,-0.1811,3
1776680075.028632,627,1776680075.028632,1776680075.028666,1776680075.029039,1776680075.010907,17.362310,-0.059807,0.007395,0.238000,0.004000,0.000000,0.415112,0.034692,9.293952,-0.057018,0.068209,-0.000266,23.8010,0.8169,-0.8951,-0.1848,3
1776680075.078729,628,1776680075.078729,1776680075.028666,1776680075.029039,1776680075.010907,17.374336,-0.060219,0.010451,0.240000,-0.010000,0.000000,0.415112,0.034692,9.293952,-0.057018,0.068209,-0.000266,23.8010,0.8169,-0.8951,-0.1848,3
1776680075.128597,629,1776680075.128597,1776680075.128633,1776680075.029039,1776680075.010907,17.386852,-0.060088,0.010850,0.251000,0.000000,0.000000,-0.276342,0.319409,9.820318,-0.009325,0.002931,0.006128,23.8010,0.8169,-0.8951,-0.1848,3
1776680075.178615,630,1776680075.178615,1776680075.180629,1776680075.029039,1776680075.159251,17.398052,-0.059566,0.008249,0.224000,0.008000,0.000000,0.686669,-0.366064,10.797685,0.011190,-0.005862,0.034104,23.8010,0.8202,-0.8969,-0.1905,3
1776680075.228570,631,1776680075.228570,1776680075.228603,1776680075.029039,1776680075.159251,17.411436,-0.059006,0.005351,0.268000,0.009000,0.000000,-0.681883,-0.293090,9.566705,-0.062880,-0.074870,0.058084,23.8010,0.8202,-0.8969,-0.1905,3
1776680075.278598,632,1776680075.278598,1776680075.278635,1776680075.029039,1776680075.159251,17.423342,-0.058893,0.005001,0.238000,0.001000,0.000000,-0.137573,0.258398,9.188679,0.011457,0.062880,-0.001865,23.8010,0.8202,-0.8969,-0.1905,3
1776680075.328583,633,1776680075.328583,1776680075.328622,1776680075.029039,1776680075.307799,17.436539,-0.059227,0.007200,0.264000,-0.008000,0.000000,-0.342138,0.072973,9.389655,0.067409,-0.009858,-0.019983,23.8010,0.8245,-0.8970,-0.1958,3
1776680075.378836,634,1776680075.378836,1776680075.378876,1776680075.029039,1776680075.307799,17.449806,-0.059131,0.007552,0.264000,0.000000,0.000000,-0.502440,0.224902,9.435114,-0.088725,0.007194,-0.010658,23.8010,0.8245,-0.8970,-0.1958,3
1776680075.428575,635,1776680075.428575,1776680075.378876,1776680075.029039,1776680075.307799,17.461300,-0.059691,0.011879,0.231000,-0.013000,0.000000,-0.502440,0.224902,9.435114,-0.088725,0.007194,-0.010658,23.8010,0.8245,-0.8970,-0.1958,3
1776680075.478585,636,1776680075.478585,1776680075.428612,1776680075.029039,1776680075.457106,17.474707,-0.059932,0.014180,0.268000,-0.008000,0.000000,0.559862,0.315820,10.603886,0.014121,0.020516,-0.064478,23.8010,0.8312,-0.8980,-0.1991,3
1776680075.528617,637,1776680075.528617,1776680075.528653,1776680075.029039,1776680075.457106,17.486658,-0.059362,0.011878,0.239000,0.008000,0.000000,0.557470,-0.090918,9.347785,-0.052489,0.084461,-0.041831,23.8010,0.8312,-0.8980,-0.1991,3
1776680075.578627,638,1776680075.578627,1776680075.528653,1776680075.029039,1776680075.457106,17.499660,-0.059257,0.012128,0.260000,-0.001000,0.000000,0.557470,-0.090918,9.347785,-0.052489,0.084461,-0.041831,23.8010,0.8312,-0.8980,-0.1991,3
1776680075.628619,639,1776680075.628619,1776680075.578668,1776680075.629055,1776680075.605731,17.512508,-0.059202,0.012778,0.257000,-0.002000,0.000000,-0.260790,0.153125,11.147000,-0.048759,-0.022647,-0.045828,23.7970,0.8365,-0.8963,-0.2011,3
1776680075.678694,640,1776680075.678694,1776680075.678734,1776680075.629055,1776680075.605731,17.524370,-0.058699,0.010525,0.237000,0.007000,0.000000,0.625658,-0.395971,11.024979,0.012523,-0.021049,0.008793,23.7970,0.8365,-0.8963,-0.2011,3
1776680075.728562,641,1776680075.728562,1776680075.728767,1776680075.629055,1776680075.605731,17.538029,-0.058057,0.007034,0.274000,0.010000,0.000000,-0.510814,-0.290698,9.801177,-0.065544,-0.083396,0.078067,23.7970,0.8365,-0.8963,-0.2011,3
1776680075.778634,642,1776680075.778634,1776680075.728767,1776680075.629055,1776680075.755130,17.550295,-0.057821,0.006183,0.245000,0.003000,0.000000,-0.510814,-0.290698,9.801177,-0.065544,-0.083396,0.078067,23.7970,0.8418,-0.8961,-0.2047,3
1776680075.828640,643,1776680075.828640,1776680075.828676,1776680075.629055,1776680075.755130,17.563250,-0.058090,0.008333,0.259000,-0.007000,0.000000,-0.507226,0.082544,9.487750,0.070074,-0.027177,0.026111,23.7970,0.8418,-0.8961,-0.2047,3
1776680075.878630,644,1776680075.878630,1776680075.878669,1776680075.629055,1776680075.755130,17.575895,-0.057885,0.007533,0.253000,0.002000,0.000000,-0.366064,0.020337,9.693512,-0.070340,-0.020249,0.043163,23.7970,0.8418,-0.8961,-0.2047,3
1776680075.928622,645,1776680075.928622,1776680075.928659,1776680075.629055,1776680075.903171,17.587444,-0.057948,0.008733,0.231000,-0.003000,0.000000,0.364867,-0.167480,10.416069,0.034904,0.030641,-0.001332,23.7970,0.8473,-0.8922,-0.2067,3
1776680075.978611,646,1776680075.978611,1776680075.928659,1776680075.629055,1776680075.903171,17.600840,-0.057781,0.008083,0.268000,0.001000,0.000000,0.364867,-0.167480,10.416069,0.034904,0.030641,-0.001332,23.7970,0.8473,-0.8922,-0.2067,3
1776680076.028553,647,1776680076.028553,1776680075.978650,1776680075.629055,1776680075.903171,17.613022,-0.057383,0.006385,0.244000,0.006000,0.000000,-0.888841,-0.387597,9.223371,0.058617,-0.022647,0.006395,23.7970,0.8473,-0.8922,-0.2067,3
1776680076.078631,648,1776680076.078631,1776680076.078676,1776680075.629055,1776680076.051593,17.625294,-0.057855,0.009690,0.245000,-0.011000,0.000000,0.038281,0.506029,11.062063,-0.026910,-0.006927,0.038634,23.7970,0.8494,-0.8868,-0.2088,3
1776680076.128594,649,1776680076.128594,1776680076.128630,1776680075.629055,1776680076.051593,17.637587,-0.057986,0.010989,0.246000,-0.005000,0.000000,-0.056225,0.501244,9.920806,-0.008793,0.019717,-0.010125,23.7970,0.8494,-0.8868,-0.2088,3
1776680076.178549,650,1776680076.178549,1776680076.178587,1776680075.629055,1776680076.051593,17.648874,-0.057662,0.009690,0.226000,0.004000,0.000000,0.513207,-0.559862,11.397024,0.043696,-0.038101,-0.012256,23.7970,0.8494,-0.8868,-0.2088,3
1776680076.228518,651,1776680076.228518,1776680076.178587,1776680076.229020,1776680076.200813,17.661913,-0.057186,0.007092,0.261000,0.007000,0.000000,0.513207,-0.559862,11.397024,0.043696,-0.038101,-0.012256,23.7960,0.8500,-0.8845,-0.2144,3
1776680076.278551,652,1776680076.278551,1776680076.228556,1776680076.229020,1776680076.200813,17.673920,-0.057051,0.006592,0.240000,0.001000,0.000000,-0.508422,-0.307446,9.907647,-0.049558,-0.063679,0.038634,23.7960,0.8500,-0.8845,-0.2144,3
1776680076.328582,653,1776680076.328582,1776680076.328619,1776680076.229020,1776680076.200813,17.687330,-0.057263,0.008793,0.268000,-0.006000,0.000000,-0.872093,-0.212939,9.390851,0.087392,-0.027177,0.040232,23.7960,0.8500,-0.8845,-0.2144,3
1776680076.378548,654,1776680076.378548,1776680076.328619,1776680076.229020,1776680076.349149,17.700418,-0.056798,0.006195,0.262000,0.007000,0.000000,-0.872093,-0.212939,9.390851,0.087392,-0.027177,0.040232,23.7960,0.8485,-0.8806,-0.2189,3
1776680076.428623,655,1776680076.428623,1776680076.428658,1776680076.229020,1776680076.349149,17.712538,-0.057023,0.008598,0.242000,-0.006000,0.000000,0.247631,0.364867,10.806058,0.009325,0.002398,0.057018,23.7960,0.8485,-0.8806,-0.2189,3
1776680076.478544,656,1776680076.478544,1776680076.428658,1776680076.229020,1776680076.349149,17.725618,-0.057160,0.010196,0.262000,-0.005000,0.000000,0.247631,0.364867,10.806058,0.009325,0.002398,0.057018,23.7960,0.8485,-0.8806,-0.2189,3
1776680076.528567,657,1776680076.528567,1776680076.478582,1776680076.229020,1776680076.498462,17.737671,-0.056737,0.008145,0.241000,0.006000,0.000000,-0.684276,-0.205761,9.509283,0.071406,-0.037834,-0.026111,23.7960,0.8505,-0.8803,-0.2216,3
1776680076.578532,658,1776680076.578532,1776680076.528605,1776680076.229020,1776680076.498462,17.749416,-0.057041,0.010643,0.235000,-0.008000,0.000000,0.467748,-0.183032,10.472294,-0.008793,-0.003464,-0.008260,23.7960,0.8505,-0.8803,-0.2216,3
1776680076.628523,659,1776680076.628523,1776680076.578573,1776680076.229020,1776680076.498462,17.761864,-0.056959,0.010843,0.249000,-0.001000,0.000000,0.133984,0.412719,10.815628,-0.039700,-0.011457,0.018118,23.7960,0.8505,-0.8803,-0.2216,3
1776680076.678536,660,1776680076.678536,1776680076.678576,1776680076.229020,1776680076.646867,17.773363,-0.056584,0.009543,0.230000,0.005000,0.000000,0.473730,-0.381615,11.022586,0.020249,-0.027976,-0.026910,23.7960,0.8528,-0.8797,-0.2202,3
1776680076.728516,661,1776680076.728516,1776680076.678576,1776680076.229020,1776680076.646867,17.786655,-0.056207,0.007594,0.266000,0.005000,0.000000,0.473730,-0.381615,11.022586,0.020249,-0.027976,-0.026910,23.7960,0.8528,-0.8797,-0.2202,3
1776680076.778527,662,1776680076.778527,1776680076.778568,1776680076.229020,1776680076.646867,17.798807,-0.056115,0.007594,0.243000,0.000000,0.000000,-0.046655,-0.190210,9.084601,0.045561,0.063413,-0.086060,23.7960,0.8528,-0.8797,-0.2202,3
1776680076.828579,663,1776680076.828579,1776680076.778568,1776680076.829154,1776680076.797340,17.812122,-0.056264,0.009546,0.266000,-0.005000,0.000000,-0.046655,-0.190210,9.084601,0.045561,0.063413,-0.086060,23.7980,0.8517,-0.8765,-0.2187,3
1776680076.878538,664,1776680076.878538,1776680076.828622,1776680076.829154,1776680076.797340,17.824860,-0.055943,0.007947,0.255000,0.004000,0.000000,-0.738109,-0.269165,9.325055,0.077268,-0.026644,-0.049824,23.7980,0.8517,-0.8765,-0.2187,3
1776680076.928579,665,1776680076.928579,1776680076.928616,1776680076.829154,1776680076.797340,17.836521,-0.056200,0.010499,0.233000,-0.007000,0.000000,0.328979,0.083740,10.900565,-0.001865,0.000266,0.008526,23.7980,0.8517,-0.8765,-0.2187,3
1776680076.978624,666,1776680076.978624,1776680076.978665,1776680076.829154,1776680076.944444,17.849333,-0.056116,0.011100,0.256000,-0.001000,0.000000,-0.856541,-0.354101,9.346588,0.060482,-0.021049,0.016786,23.7980,0.8496,-0.8757,-0.2149,3
1776680077.028526,667,1776680077.028526,1776680077.028563,1776680076.829154,1776680076.944444,17.860756,-0.055590,0.008056,0.229000,0.008000,0.000000,0.733324,-0.272753,10.746243,0.005329,0.000799,0.030108,23.7980,0.8496,-0.8757,-0.2149,3
1776680077.078554,668,1776680077.078554,1776680077.078593,1776680076.829154,1776680076.944444,17.874012,-0.055483,0.008606,0.265000,0.000000,0.000000,-0.090918,0.703417,10.572783,-0.099116,-0.024779,0.059150,23.7980,0.8496,-0.8757,-0.2149,3
1776680077.128531,669,1776680077.128531,1776680077.078593,1776680076.829154,1776680077.092929,17.886509,-0.055676,0.010555,0.250000,-0.006000,0.000000,-0.090918,0.703417,10.572783,-0.099116,-0.024779,0.059150,23.7980,0.8483,-0.8774,-0.2123,3
1776680077.178523,670,1776680077.178523,1776680077.128576,1776680076.829154,1776680077.092929,17.898508,-0.055649,0.011205,0.240000,-0.002000,0.000000,-0.196191,0.241650,8.948225,0.019450,0.075669,-0.019450,23.7980,0.8483,-0.8774,-0.2123,3
1776680077.228490,671,1776680077.228490,1776680077.228532,1776680076.829154,1776680077.092929,17.911446,-0.055204,0.009456,0.259000,0.006000,0.000000,-0.416308,0.031103,9.609772,-0.063946,-0.014388,-0.019717,23.7980,0.8483,-0.8774,-0.2123,3
1776680077.278623,672,1776680077.278623,1776680077.278663,1776680076.829154,1776680077.242817,17.923128,-0.055344,0.011211,0.233000,-0.005000,0.000000,0.050244,-0.227294,9.104939,0.068742,0.081264,-0.129223,23.7980,0.8455,-0.8788,-0.2093,3
1776680077.328484,673,1776680077.328484,1776680077.328522,1776680076.829154,1776680077.242817,17.936644,-0.055492,0.013106,0.271000,-0.006000,0.000000,-0.880467,-0.330175,9.341804,0.077800,-0.042098,-0.148940,23.7980,0.8455,-0.8788,-0.2093,3
1776680077.378494,674,1776680077.378494,1776680077.328522,1776680076.829154,1776680077.242817,17.949492,-0.055073,0.011605,0.257000,0.005000,0.000000,-0.880467,-0.330175,9.341804,0.077800,-0.042098,-0.148940,23.7980,0.8455,-0.8788,-0.2093,3
1776680077.428482,675,1776680077.428482,1776680077.428523,1776680077.428936,1776680077.391830,17.961740,-0.055131,0.012655,0.245000,-0.004000,0.000000,-0.210546,0.047851,10.967557,-0.053554,-0.023980,-0.032772,23.7980,0.8453,-0.8788,-0.2035,3
1776680077.478476,676,1776680077.478476,1776680077.428523,1776680077.428936,1776680077.391830,17.974588,-0.055019,0.013205,0.257000,-0.001000,0.000000,-0.210546,0.047851,10.967557,-0.053554,-0.023980,-0.032772,23.7980,0.8453,-0.8788,-0.2035,3
1776680077.528514,677,1776680077.528514,1776680077.528557,1776680077.428936,1776680077.391830,17.986391,-0.054513,0.011003,0.236000,0.007000,0.000000,0.620873,-0.143554,10.613456,-0.017319,-0.005329,0.015720,23.7980,0.8453,-0.8788,-0.2035,3
1776680077.578522,678,1776680077.578522,1776680077.578561,1776680077.428936,1776680077.540023,17.999844,-0.054414,0.011653,0.269000,-0.001000,0.000000,-0.250024,0.564647,10.584745,-0.076468,-0.035170,0.066344,23.7980,0.8471,-0.8829,-0.1973,3
1776680077.628464,679,1776680077.628464,1776680077.628505,1776680077.428936,1776680077.540023,18.012331,-0.054419,0.012802,0.250000,-0.003000,0.000000,-0.178247,0.125610,9.115705,0.022115,0.070074,0.010391,23.7980,0.8471,-0.8829,-0.1973,3
1776680077.678559,680,1776680077.678559,1776680077.628505,1776680077.428936,1776680077.540023,18.024000,-0.054069,0.011099,0.233000,0.004000,0.000000,-0.178247,0.125610,9.115705,0.022115,0.070074,0.010391,23.7980,0.8471,-0.8829,-0.1973,3
1776680077.728463,681,1776680077.728463,1776680077.678600,1776680077.428936,1776680077.687876,18.036871,-0.053527,0.008803,0.258000,0.008000,0.000000,0.464159,-0.319409,11.276199,0.035703,-0.048492,0.021049,23.7980,0.8478,-0.8899,-0.1910,3
1776680077.778458,682,1776680077.778458,1776680077.728500,1776680077.428936,1776680077.687876,18.048820,-0.053472,0.009153,0.239000,-0.001000,0.000000,-0.358886,-0.119629,9.815533,-0.053288,-0.043163,0.033039,23.7980,0.8478,-0.8899,-0.1910,3
1776680077.828505,683,1776680077.828505,1776680077.778497,1776680077.428936,1776680077.687876,18.062735,-0.053595,0.010655,0.278000,-0.005000,0.000000,0.116040,-0.281127,9.057087,0.060748,0.089790,-0.028243,23.7980,0.8478,-0.8899,-0.1910,3
1776680077.878507,684,1776680077.878507,1776680077.878545,1776680077.428936,1776680077.836910,18.075583,-0.053208,0.009305,0.257000,0.005000,0.000000,-0.331371,-0.039477,9.338214,-0.074870,0.018384,0.029841,23.7980,0.8510,-0.8992,-0.1847,3
1776680077.928452,685,1776680077.928452,1776680077.878545,1776680077.428936,1776680077.836910,18.087421,-0.053447,0.011502,0.237000,-0.007000,0.000000,-0.331371,-0.039477,9.338214,-0.074870,0.018384,0.029841,23.7980,0.8510,-0.8992,-0.1847,3
1776680077.978524,686,1776680077.978524,1776680077.978567,1776680077.428936,1776680077.836910,18.100191,-0.053501,0.012954,0.255000,-0.004000,0.000000,-0.924730,-0.142358,9.348981,0.069541,-0.046627,-0.007993,23.7980,0.8510,-0.8992,-0.1847,3
1776680078.028448,687,1776680078.028448,1776680078.028489,1776680078.028926,1776680077.986189,18.111420,-0.053155,0.011606,0.225000,0.004000,0.000000,0.720165,-0.254809,10.829984,0.005329,-0.004529,-0.004263,23.7990,0.8516,-0.9042,-0.1761,3
1776680078.078458,688,1776680078.078458,1776680078.028489,1776680078.028926,1776680077.986189,18.124819,-0.052750,0.009656,0.268000,0.005000,0.000000,0.720165,-0.254809,10.829984,0.005329,-0.004529,-0.004263,23.7990,0.8516,-0.9042,-0.1761,3
1776680078.128513,689,1776680078.128513,1776680078.078496,1776680078.028926,1776680077.986189,18.137331,-0.052529,0.009155,0.250000,0.002000,0.000000,-0.458178,0.261987,9.838263,-0.091122,-0.022647,0.057551,23.7990,0.8516,-0.9042,-0.1761,3
1776680078.178505,690,1776680078.178505,1776680078.128553,1776680078.028926,1776680078.134495,18.149426,-0.052168,0.007406,0.242000,0.005000,0.000000,0.089722,-0.308642,8.791512,0.057285,0.102047,0.018917,23.7990,0.8553,-0.9116,-0.1666,3
1776680078.228411,691,1776680078.228411,1776680078.228448,1776680078.028926,1776680078.134495,18.162598,-0.051721,0.005010,0.264000,0.007000,0.000000,-0.150732,-0.076562,9.759307,-0.053022,-0.021049,0.104178,23.7990,0.8553,-0.9116,-0.1666,3
1776680078.278458,692,1776680078.278458,1776680078.278498,1776680078.028926,1776680078.134495,18.174709,-0.051761,0.006011,0.242000,-0.002000,0.000000,0.074170,0.098096,9.054694,0.071406,0.087126,-0.007727,23.7990,0.8553,-0.9116,-0.1666,3
1776680078.328424,693,1776680078.328424,1776680078.278498,1776680078.028926,1776680078.283145,18.188353,-0.051978,0.007760,0.273000,-0.006000,0.000000,0.074170,0.098096,9.054694,0.071406,0.087126,-0.007727,23.7990,0.8605,-0.9184,-0.1592,3
1776680078.378498,694,1776680078.378498,1776680078.378536,1776680078.028926,1776680078.283145,18.201319,-0.051577,0.006107,0.259000,0.006000,0.000000,-0.215332,0.032300,8.735286,-0.079932,0.061548,0.020782,23.7990,0.8605,-0.9184,-0.1592,3
1776680078.428424,695,1776680078.428424,1776680078.378536,1776680078.028926,1776680078.283145,18.212605,-0.051908,0.008654,0.226000,-0.008000,0.000000,-0.215332,0.032300,8.735286,-0.079932,0.061548,0.020782,23.7990,0.8605,-0.9184,-0.1592,3
1776680078.478502,696,1776680078.478502,1776680078.428466,1776680078.028926,1776680078.431782,18.225426,-0.052047,0.010106,0.256000,-0.005000,0.000000,0.307446,0.291894,10.873051,-0.034371,-0.008526,0.016786,23.7990,0.8663,-0.9211,-0.1512,3
1776680078.528394,697,1776680078.528394,1776680078.478541,1776680078.028926,1776680078.431782,18.236647,-0.051485,0.007562,0.225000,0.009000,0.000000,-0.419897,0.392382,9.601398,0.057817,-0.035969,-0.035437,23.7990,0.8663,-0.9211,-0.1512,3
1776680078.578426,698,1776680078.578426,1776680078.528433,1776680078.028926,1776680078.431782,18.250204,-0.051232,0.006211,0.271000,0.003000,0.000000,0.583788,-0.120825,10.886209,-0.005862,-0.015187,-0.021315,23.7990,0.8663,-0.9211,-0.1512,3
1776680078.628386,699,1776680078.628386,1776680078.578485,1776680078.628894,1776680078.580793,18.262794,-0.051354,0.007710,0.252000,-0.004000,0.000000,-0.132788,-0.108862,9.874151,-0.092988,-0.018651,0.013056,23.7990,0.8736,-0.9258,-0.1432,3
1776680078.678495,700,1776680078.678495,1776680078.678534,1776680078.628894,1776680078.580793,18.274920,-0.051260,0.007710,0.242000,0.000000,0.000000,0.584984,-0.123218,11.336013,0.049291,-0.037834,-0.024779,23.7990,0.8736,-0.9258,-0.1432,3
1776680078.728390,701,1776680078.728390,1776680078.728437,1776680078.628894,1776680078.580793,18.287788,-0.050812,0.005165,0.258000,0.007000,0.000000,-0.381615,-0.169873,9.430328,-0.050091,-0.000799,0.021848,23.7990,0.8736,-0.9258,-0.1432,3
1776680078.778408,702,1776680078.778408,1776680078.778447,1776680078.628894,1776680078.730469,18.299093,-0.050754,0.005165,0.226000,0.000000,0.000000,0.497655,0.040674,9.413581,0.072738,0.076202,-0.019983,23.7990,0.8794,-0.9305,-0.1365,3
1776680078.828396,703,1776680078.828396,1776680078.828435,1776680078.628894,1776680078.730469,18.312243,-0.050986,0.007315,0.263000,-0.006000,0.000000,-0.921141,-0.208154,9.404010,0.059416,-0.036769,0.019184,23.7990,0.8794,-0.9305,-0.1365,3
1776680078.878626,704,1776680078.878626,1776680078.878681,1776680078.628894,1776680078.878426,18.324799,-0.050793,0.006360,0.250000,0.002000,0.000000,-0.278735,0.031103,8.653938,-0.081264,0.086060,0.039433,23.7990,0.8853,-0.9355,-0.1335,3
1776680078.928382,705,1776680078.928382,1776680078.878681,1776680078.628894,1776680078.878426,18.337090,-0.050964,0.008400,0.247000,-0.005000,0.000000,-0.278735,0.031103,8.653938,-0.081264,0.086060,0.039433,23.7990,0.8853,-0.9355,-0.1335,3
1776680078.978436,706,1776680078.978436,1776680078.978475,1776680078.628894,1776680078.878426,18.349655,-0.051109,0.009902,0.251000,-0.005000,0.000000,-0.318212,0.052637,9.900469,0.033039,-0.069274,-0.023447,23.7990,0.8853,-0.9355,-0.1335,3
1776680079.028386,707,1776680079.028386,1776680079.028430,1776680078.628894,1776680079.027110,18.360592,-0.050801,0.008304,0.219000,0.004000,0.000000,0.596947,-0.189013,11.297732,0.037834,-0.047160,-0.033039,23.7990,0.8932,-0.9409,-0.1287,3
1776680079.078386,708,1776680079.078386,1776680079.078428,1776680078.628894,1776680079.027110,18.373890,-0.050540,0.007354,0.266000,0.003000,0.000000,-0.796727,-0.072973,9.650445,-0.096185,-0.041565,-0.025578,23.7990,0.8932,-0.9409,-0.1287,3
1776680079.128375,709,1776680079.128375,1776680079.128415,1776680078.628894,1776680079.027110,18.386089,-0.050850,0.009753,0.244000,-0.008000,0.000000,0.277539,-0.325390,8.970954,0.071139,0.084994,-0.125493,23.7990,0.8932,-0.9409,-0.1287,3
1776680079.178382,710,1776680079.178382,1776680079.128415,1776680078.628894,1776680079.175426,18.398689,-0.050627,0.008603,0.252000,0.002000,0.000000,0.277539,-0.325390,8.970954,0.071139,0.084994,-0.125493,23.7990,0.9006,-0.9447,-0.1229,3
1776680079.228361,711,1776680079.228361,1776680079.228404,1776680079.228886,1776680079.175426,18.411381,-0.050168,0.006654,0.254000,0.007000,0.000000,0.235668,-0.461767,9.502106,-0.023180,0.049025,-0.026111,23.7990,0.9006,-0.9447,-0.1229,3
1776680079.278386,712,1776680079.278386,1776680079.228404,1776680079.228886,1776680079.175426,18.423088,-0.050291,0.007704,0.234000,-0.004000,0.000000,0.235668,-0.461767,9.502106,-0.023180,0.049025,-0.026111,23.7990,0.9006,-0.9447,-0.1229,3
1776680079.328337,713,1776680079.328337,1776680079.278425,1776680079.228886,1776680079.324286,18.436478,-0.050487,0.009952,0.268000,-0.006000,0.000000,0.398364,-0.141162,10.412479,0.039700,0.002931,-0.032506,23.7990,0.9044,-0.9479,-0.1190,3
1776680079.378430,714,1776680079.378430,1776680079.378470,1776680079.228886,1776680079.324286,18.449251,-0.050310,0.009401,0.255000,0.001000,0.000000,0.197387,0.156714,8.906355,-0.058350,0.100714,0.052755,23.7990,0.9044,-0.9479,-0.1190,3
1776680079.428392,715,1776680079.428392,1776680079.378470,1776680079.228886,1776680079.324286,18.461843,-0.050341,0.010700,0.252000,-0.003000,0.000000,0.197387,0.156714,8.906355,-0.058350,0.100714,0.052755,23.7990,0.9044,-0.9479,-0.1190,3
1776680079.478365,716,1776680079.478365,1776680079.428434,1776680079.228886,1776680079.473258,18.474438,-0.050357,0.011899,0.252000,-0.003000,0.000000,-0.202172,0.260790,10.288066,-0.082330,-0.034637,0.062880,23.7990,0.9115,-0.9516,-0.1152,3
1776680079.528389,717,1776680079.528389,1776680079.528432,1776680079.228886,1776680079.473258,18.485739,-0.049972,0.009998,0.226000,0.005000,0.000000,0.748875,0.034692,10.743852,-0.001865,-0.023713,0.023980,23.7990,0.9115,-0.9516,-0.1152,3
1776680079.578360,718,1776680079.578360,1776680079.578401,1776680079.228886,1776680079.473258,18.499279,-0.049637,0.008899,0.271000,0.004000,0.000000,-0.829027,-0.137573,9.599005,-0.093254,-0.019450,0.008793,23.7990,0.9115,-0.9516,-0.1152,3
1776680079.628343,719,1776680079.628343,1776680079.578401,1776680079.228886,1776680079.622698,18.511875,-0.049625,0.009799,0.252000,-0.002000,0.000000,-0.829027,-0.137573,9.599005,-0.093254,-0.019450,0.008793,23.7990,0.9143,-0.9538,-0.1140,3
1776680079.678383,720,1776680079.678383,1776680079.628385,1776680079.228886,1776680079.622698,18.524281,-0.049153,0.007297,0.248000,0.007000,0.000000,0.308642,-0.421093,8.691023,0.070340,0.112171,-0.038101,23.7990,0.9143,-0.9538,-0.1140,3
1776680079.728325,721,1776680079.728325,1776680079.678430,1776680079.228886,1776680079.622698,18.537064,-0.048810,0.005898,0.256000,0.005000,0.000000,0.346923,-0.185424,11.582448,0.018651,-0.043696,-0.002132,23.7990,0.9143,-0.9538,-0.1140,3
1776680079.778440,722,1776680079.778440,1776680079.728368,1776680079.228886,1776680079.771165,18.548841,-0.048941,0.007201,0.235000,-0.004000,0.000000,-0.209350,-0.227294,9.640875,-0.031706,-0.014921,0.012523,23.7990,0.9161,-0.9563,-0.1132,3
1776680079.828323,723,1776680079.828323,1776680079.828363,1776680079.828761,1776680079.771165,18.562162,-0.049144,0.009346,0.267000,-0.006000,0.000000,-0.979759,-0.095703,9.409991,0.063413,-0.062081,-0.009059,23.7980,0.9161,-0.9563,-0.1132,3
1776680079.878391,724,1776680079.878391,1776680079.828363,1776680079.828761,1776680079.771165,18.574177,-0.048932,0.008846,0.240000,0.002000,0.000000,-0.979759,-0.095703,9.409991,0.063413,-0.062081,-0.009059,23.7980,0.9161,-0.9563,-0.1132,3
1776680079.928331,725,1776680079.928331,1776680079.878433,1776680079.828761,1776680079.919496,18.586962,-0.048819,0.008946,0.256000,0.000000,0.000000,0.561058,0.167480,8.896785,-0.046627,0.095918,0.017052,23.7980,0.9171,-0.9557,-0.1152,3
1776680079.978441,726,1776680079.978441,1776680079.928375,1776680079.828761,1776680079.919496,18.599991,-0.048752,0.009647,0.260000,-0.001000,0.000000,-0.601732,0.023926,9.484161,-0.083396,-0.011723,0.050091,23.7980,0.9171,-0.9557,-0.1152,3
1776680080.028362,727,1776680080.028362,1776680080.028403,1776680079.828761,1776680079.919496,18.611668,-0.048240,0.006901,0.234000,0.008000,0.000000,0.539525,-0.217724,10.790506,0.008793,-0.013322,0.070074,23.7980,0.9171,-0.9557,-0.1152,3
1776680080.078340,728,1776680080.078340,1776680080.028403,1776680079.828761,1776680080.068295,18.625208,-0.047647,0.003953,0.271000,0.010000,0.000000,0.539525,-0.217724,10.790506,0.008793,-0.013322,0.070074,23.7980,0.9138,-0.9514,-0.1155,3
1776680080.128344,729,1776680080.128344,1776680080.078380,1776680079.828761,1776680080.068295,18.637760,-0.047747,0.005103,0.251000,-0.003000,0.000000,-0.311035,-0.221313,9.655231,-0.097251,-0.040499,0.115635,23.7980,0.9138,-0.9514,-0.1155,3
1776680080.178368,730,1776680080.178368,1776680080.128385,1776680079.828761,1776680080.068295,18.650415,-0.047583,0.004252,0.253000,0.002000,0.000000,0.281127,-0.084936,8.686238,0.071406,0.115901,0.022914,23.7980,0.9138,-0.9514,-0.1155,3
1776680080.228359,731,1776680080.228359,1776680080.228408,1776680079.828761,1776680080.217187,18.663511,-0.047227,0.002453,0.262000,0.006000,0.000000,-0.145947,-0.101684,9.302326,-0.043430,0.022914,0.032239,23.7980,0.9091,-0.9497,-0.1183,3
1776680080.278327,732,1776680080.278327,1776680080.278364,1776680079.828761,1776680080.217187,18.674656,-0.047300,0.002853,0.223000,-0.002000,0.000000,0.415112,0.155517,9.325055,0.078866,0.056752,-0.012523,23.7980,0.9091,-0.9497,-0.1183,3
1776680080.328289,733,1776680080.328289,1776680080.278364,1776680079.828761,1776680080.217187,18.687496,-0.047513,0.004451,0.257000,-0.005000,0.000000,0.415112,0.155517,9.325055,0.078866,0.056752,-0.012523,23.7980,0.9091,-0.9497,-0.1183,3
1776680080.378319,734,1776680080.378319,1776680080.378363,1776680079.828761,1776680080.365702,18.699802,-0.047408,0.004201,0.246000,0.001000,0.000000,0.477318,0.159106,8.580965,-0.056752,0.091122,-0.002664,23.7980,0.9033,-0.9455,-0.1218,3
1776680080.428285,735,1776680080.428285,1776680080.378363,1776680080.428772,1776680080.365702,18.712944,-0.047653,0.006100,0.263000,-0.006000,0.000000,0.477318,0.159106,8.580965,-0.056752,0.091122,-0.002664,23.7970,0.9033,-0.9455,-0.1218,3
1776680080.478353,736,1776680080.478353,1776680080.478391,1776680080.428772,1776680080.365702,18.725712,-0.047775,0.007602,0.255000,-0.004000,0.000000,-0.153125,-0.166284,9.785625,0.034637,-0.069807,-0.056752,23.7970,0.9033,-0.9455,-0.1218,3
1776680080.528344,737,1776680080.528344,1776680080.478391,1776680080.428772,1776680080.514553,18.736458,-0.047343,0.005252,0.215000,0.007000,0.000000,-0.153125,-0.166284,9.785625,0.034637,-0.069807,-0.056752,23.7970,0.8979,-0.9401,-0.1261,3
1776680080.578320,738,1776680080.578320,1776680080.578363,1776680080.428772,1776680080.514553,18.749699,-0.047074,0.003653,0.265000,0.004000,0.000000,-0.326586,-0.312231,9.198249,-0.084195,-0.042630,0.018917,23.7970,0.8979,-0.9401,-0.1261,3
1776680080.628313,739,1776680080.628313,1776680080.628353,1776680080.428772,1776680080.514553,18.761547,-0.047031,0.003903,0.237000,0.000000,0.000000,0.558666,-0.479711,9.182697,0.059949,0.075136,-0.014121,23.7970,0.8979,-0.9401,-0.1261,3
1776680080.678316,740,1776680080.678316,1776680080.628353,1776680080.428772,1776680080.662919,18.774647,-0.047129,0.005203,0.262000,-0.003000,0.000000,0.558666,-0.479711,9.182697,0.059949,0.075136,-0.014121,23.7970,0.8904,-0.9375,-0.1306,3
1776680080.728366,741,1776680080.728366,1776680080.728405,1776680080.428772,1776680080.662919,18.787409,-0.046913,0.003902,0.255000,0.003000,0.000000,-0.315820,-0.003589,8.815437,-0.054620,0.077534,0.035703,23.7970,0.8904,-0.9375,-0.1306,3
1776680080.778278,742,1776680080.778278,1776680080.778326,1776680080.428772,1776680080.662919,18.798840,-0.047268,0.006747,0.229000,-0.008000,0.000000,-0.223706,0.308642,11.101542,0.019983,-0.028243,-0.001066,23.7970,0.8904,-0.9375,-0.1306,3
1776680080.828265,743,1776680080.828265,1776680080.828305,1776680080.428772,1776680080.812020,18.811939,-0.047629,0.009446,0.262000,-0.009000,0.000000,-0.379223,0.239257,9.960283,0.041298,-0.083929,-0.030108,23.7970,0.8825,-0.9361,-0.1365,3
1776680080.878294,744,1776680080.878294,1776680080.828305,1776680080.428772,1776680080.812020,18.823395,-0.047571,0.009646,0.229000,-0.001000,0.000000,-0.379223,0.239257,9.960283,0.041298,-0.083929,-0.030108,23.7970,0.8825,-0.9361,-0.1365,3
1776680080.928304,745,1776680080.928304,1776680080.878336,1776680080.428772,1776680080.812020,18.836496,-0.047394,0.009446,0.262000,0.001000,0.000000,0.870897,0.065796,9.072639,-0.072738,0.105777,-0.033838,23.7970,0.8825,-0.9361,-0.1365,3
1776680080.978279,746,1776680080.978279,1776680080.928347,1776680080.428772,1776680080.960104,18.849293,-0.047673,0.011695,0.256000,-0.008000,0.000000,-0.805101,0.113647,9.280792,-0.093787,-0.026111,-0.031706,23.7970,0.8746,-0.9314,-0.1448,3
1776680081.028252,747,1776680081.028252,1776680081.028290,1776680081.028795,1776680080.960104,18.860931,-0.047088,0.008946,0.233000,0.009000,0.000000,-0.087329,-0.376830,10.911331,0.004796,-0.015187,-0.120164,23.7970,0.8746,-0.9314,-0.1448,3
1776680081.078271,748,1776680081.078271,1776680081.078311,1776680081.028795,1776680080.960104,18.873983,-0.046821,0.008046,0.261000,0.003000,0.000000,0.259594,-0.638817,9.511676,-0.073804,-0.038900,-0.015454,23.7970,0.8746,-0.9314,-0.1448,3
1776680081.128237,749,1776680081.128237,1776680081.078311,1776680081.028795,1776680081.108914,18.885876,-0.046825,0.008546,0.238000,-0.002000,0.000000,0.259594,-0.638817,9.511676,-0.073804,-0.038900,-0.015454,23.7970,0.8660,-0.9246,-0.1511,3
1776680081.178317,750,1776680081.178317,1776680081.128278,1776680081.028795,1776680081.108914,18.898895,-0.046664,0.008396,0.260000,0.001000,0.000000,0.543114,-0.129199,10.200737,0.027443,0.017052,-0.035437,23.7970,0.8660,-0.9246,-0.1511,3
1776680081.228242,751,1776680081.228242,1776680081.228283,1776680081.028795,1776680081.108914,18.912224,-0.046302,0.006349,0.267000,0.005000,0.000000,0.016748,-0.248828,9.311896,-0.045561,0.077534,0.048759,23.7970,0.8660,-0.9246,-0.1511,3
1776680081.278309,752,1776680081.278309,1776680081.228283,1776680081.028795,1776680081.257966,18.923790,-0.046479,0.008151,0.231000,-0.005000,0.000000,0.016748,-0.248828,9.311896,-0.045561,0.077534,0.048759,23.7970,0.8555,-0.9193,-0.1560,3
1776680081.328243,753,1776680081.328243,1776680081.278348,1776680081.028795,1776680081.257966,18.936825,-0.046722,0.010348,0.261000,-0.007000,0.000000,-0.035889,0.252416,10.400517,0.045561,-0.017052,0.013322,23.7970,0.8555,-0.9193,-0.1560,3
1776680081.378242,754,1776680081.378242,1776680081.328283,1776680081.028795,1776680081.257966,18.948524,-0.046601,0.010298,0.234000,0.000000,0.000000,-0.471337,0.061011,9.758111,0.045828,-0.093520,0.009858,23.7970,0.8555,-0.9193,-0.1560,3
1776680081.428263,755,1776680081.428263,1776680081.378284,1776680081.028795,1776680081.406356,18.961279,-0.046470,0.010498,0.255000,0.000000,0.000000,0.794334,0.203369,8.857307,-0.069274,0.112971,0.013322,23.7970,0.8443,-0.9155,-0.1631,3
1776680081.478252,756,1776680081.478252,1776680081.478291,1776680081.028795,1776680081.406356,18.974325,-0.046433,0.011148,0.261000,-0.002000,0.000000,0.246435,-0.456982,8.600105,0.036769,-0.051156,-0.036502,23.7970,0.8443,-0.9155,-0.1631,3
1776680081.528379,757,1776680081.528379,1776680081.478291,1776680081.028795,1776680081.406356,18.985899,-0.045903,0.008541,0.231000,0.008000,0.000000,0.246435,-0.456982,8.600105,0.036769,-0.051156,-0.036502,23.7970,0.8443,-0.9155,-0.1631,3
1776680081.578310,758,1776680081.578310,1776680081.528420,1776680081.028795,1776680081.554776,18.999128,-0.045590,0.007093,0.265000,0.004000,0.000000,0.476122,-0.112451,11.308498,0.001599,-0.034371,-0.002398,23.7970,0.8333,-0.9080,-0.1709,3
1776680081.628230,759,1776680081.628230,1776680081.628270,1776680081.628751,1776680081.554776,19.011059,-0.045555,0.007293,0.239000,-0.001000,0.000000,0.732127,-0.489281,9.051105,0.074870,0.090323,-0.026378,23.7960,0.8333,-0.9080,-0.1709,3
1776680081.678285,760,1776680081.678285,1776680081.628270,1776680081.628751,1776680081.554776,19.024023,-0.045461,0.007844,0.259000,0.000000,0.000000,0.732127,-0.489281,9.051105,0.074870,0.090323,-0.026378,23.7960,0.8333,-0.9080,-0.1709,3
1776680081.728284,761,1776680081.728284,1776680081.728325,1776680081.628751,1776680081.702939,19.036821,-0.045210,0.006694,0.256000,0.003000,0.000000,0.063403,-0.318212,8.962581,-0.031973,0.088725,0.020782,23.7960,0.8215,-0.9015,-0.1807,3
1776680081.778267,762,1776680081.778267,1776680081.728325,1776680081.628751,1776680081.702939,19.048418,-0.045283,0.007893,0.232000,-0.003000,0.000000,0.063403,-0.318212,8.962581,-0.031973,0.088725,0.020782,23.7960,0.8215,-0.9015,-0.1807,3
1776680081.828262,763,1776680081.828262,1776680081.828302,1776680081.628751,1776680081.702939,19.061069,-0.045433,0.009593,0.253000,-0.005000,0.000000,-0.372045,-0.010767,10.002153,0.048226,-0.082863,0.034371,23.7960,0.8215,-0.9015,-0.1807,3
1776680081.878232,764,1776680081.878232,1776680081.828302,1776680081.628751,1776680081.853873,19.073259,-0.045166,0.008194,0.244000,0.003000,0.000000,-0.372045,-0.010767,10.002153,0.048226,-0.082863,0.034371,23.7960,0.8132,-0.8980,-0.1904,3
1776680081.928211,765,1776680081.928211,1776680081.878277,1776680081.628751,1776680081.853873,19.086653,-0.045056,0.008194,0.268000,0.000000,0.000000,0.617284,-0.138769,10.679252,-0.074603,0.110040,0.104444,23.7960,0.8132,-0.8980,-0.1904,3
1776680081.978234,766,1776680081.978234,1776680081.928252,1776680081.628751,1776680081.853873,19.099760,-0.045149,0.009295,0.262000,-0.004000,0.000000,-0.891234,0.009570,9.646856,-0.095652,-0.037035,0.119632,23.7960,0.8132,-0.8980,-0.1904,3
1776680082.028259,767,1776680082.028259,1776680081.978274,1776680081.628751,1776680082.000425,19.111361,-0.044591,0.006393,0.232000,0.009000,0.000000,0.305053,-0.144751,8.582161,0.029841,-0.014121,0.036769,23.7960,0.8048,-0.8928,-0.1985,3
1776680082.078203,768,1776680082.078203,1776680082.078243,1776680081.628751,1776680082.000425,19.124342,-0.044008,0.003147,0.260000,0.010000,0.000000,-0.178247,-0.119629,10.050005,-0.086859,-0.080731,0.067143,23.7960,0.8048,-0.8928,-0.1985,3
1776680082.128285,769,1776680082.128285,1776680082.078243,1776680081.628751,1776680082.000425,19.136362,-0.043971,0.003147,0.240000,0.000000,0.000000,-0.178247,-0.119629,10.050005,-0.086859,-0.080731,0.067143,23.7960,0.8048,-0.8928,-0.1985,3
1776680082.178229,770,1776680082.178229,1776680082.178274,1776680081.628751,1776680082.149236,19.149397,-0.044079,0.004445,0.261000,-0.003000,0.000000,-0.476122,-0.161499,10.717533,0.063146,-0.026111,-0.009592,23.7960,0.7968,-0.8869,-0.2039,3
1776680082.228156,771,1776680082.228156,1776680082.228194,1776680082.228560,1776680082.149236,19.162128,-0.043773,0.002698,0.255000,0.005000,0.000000,-0.177050,0.078955,8.793904,-0.059150,0.079666,0.004529,23.8000,0.7968,-0.8869,-0.2039,3
1776680082.278193,772,1776680082.278193,1776680082.228194,1776680082.228560,1776680082.149236,19.173687,-0.044142,0.005600,0.231000,-0.008000,0.000000,-0.177050,0.078955,8.793904,-0.059150,0.079666,0.004529,23.8000,0.7968,-0.8869,-0.2039,3
1776680082.328324,773,1776680082.328324,1776680082.328367,1776680082.228560,1776680082.297673,19.186422,-0.044372,0.007856,0.254000,-0.006000,0.000000,-0.484496,0.039477,9.724615,0.031706,-0.075935,-0.062880,23.8000,0.7883,-0.8825,-0.2122,3
1776680082.378210,774,1776680082.378210,1776680082.378250,1776680082.228560,1776680082.297673,19.197794,-0.043983,0.005461,0.228000,0.006000,0.000000,0.608910,-0.416308,8.907551,-0.074870,0.106310,-0.010658,23.8000,0.7883,-0.8825,-0.2122,3
1776680082.428225,775,1776680082.428225,1776680082.428266,1776680082.228560,1776680082.297673,19.210897,-0.043861,0.005111,0.262000,0.001000,0.000000,-0.891234,-0.016748,9.723418,-0.092188,-0.042897,0.014388,23.8000,0.7883,-0.8825,-0.2122,3
1776680082.478290,776,1776680082.478290,1776680082.428266,1776680082.228560,1776680082.446961,19.223164,-0.043949,0.006413,0.245000,-0.003000,0.000000,-0.891234,-0.016748,9.723418,-0.092188,-0.042897,0.014388,23.8000,0.7836,-0.8777,-0.2188,3
1776680082.528194,777,1776680082.528194,1776680082.478329,1776680082.228560,1776680082.446961,19.235140,-0.043772,0.005415,0.240000,0.002000,0.000000,0.418700,-0.433056,9.222175,0.019184,-0.050890,-0.004796,23.8000,0.7836,-0.8777,-0.2188,3
1776680082.578255,778,1776680082.578255,1776680082.528246,1776680082.228560,1776680082.446961,19.248253,-0.043301,0.003012,0.262000,0.008000,0.000000,0.333764,-0.139966,10.634989,0.069008,-0.024512,0.019450,23.8000,0.7836,-0.8777,-0.2188,3
1776680082.628169,779,1776680082.628169,1776680082.628210,1776680082.228560,1776680082.594904,19.259834,-0.043366,0.003561,0.232000,-0.002000,0.000000,0.851756,-0.618480,10.290459,0.063679,0.009592,-0.015720,23.8000,0.7781,-0.8749,-0.2272,3
1776680082.678243,780,1776680082.678243,1776680082.628210,1776680082.228560,1776680082.594904,19.273106,-0.043719,0.006165,0.265000,-0.008000,0.000000,0.851756,-0.618480,10.290459,0.063679,0.009592,-0.015720,23.8000,0.7781,-0.8749,-0.2272,3
1776680082.728131,781,1776680082.728131,1776680082.728175,1776680082.228560,1776680082.594904,19.285578,-0.043692,0.006813,0.250000,-0.001000,0.000000,0.120825,0.447411,8.602498,-0.082596,0.113503,-0.042630,23.8000,0.7781,-0.8749,-0.2272,3
1776680082.778245,782,1776680082.778245,1776680082.778291,1776680082.228560,1776680082.743487,19.297659,-0.044261,0.010772,0.241000,-0.013000,0.000000,-0.623265,0.072973,9.686334,-0.000533,-0.024512,-0.057551,23.8000,0.7736,-0.8762,-0.2352,3
1776680082.828889,783,1776680082.828889,1776680082.778291,1776680082.228560,1776680082.743487,19.310570,-0.044730,0.014517,0.255000,-0.012000,0.000000,-0.623265,0.072973,9.686334,-0.000533,-0.024512,-0.057551,23.8000,0.7736,-0.8762,-0.2352,3
1776680082.878170,784,1776680082.878170,1776680082.829225,1776680082.831396,1776680082.743487,19.322107,-0.044315,0.013136,0.234000,0.005000,0.000000,-0.144751,0.386401,9.927983,0.029042,-0.040765,-0.134552,23.7970,0.7736,-0.8762,-0.2352,3
1776680082.928207,785,1776680082.928207,1776680082.878211,1776680082.831396,1776680082.895115,19.335812,-0.043785,0.010534,0.274000,0.007000,0.000000,0.027515,-0.149536,11.062063,-0.073005,-0.023980,-0.064212,23.7970,0.7711,-0.8759,-0.2392,3
1776680082.978146,786,1776680082.978146,1776680082.928241,1776680082.831396,1776680082.895115,19.348894,-0.043647,0.010484,0.262000,0.000000,0.000000,-0.763231,-0.061011,9.472198,-0.076202,-0.041298,-0.026378,23.7970,0.7711,-0.8759,-0.2392,3
1776680083.028209,787,1776680083.028209,1776680083.028244,1776680082.831396,1776680082.895115,19.361206,-0.043218,0.008281,0.246000,0.006000,0.000000,-0.165088,-0.567040,10.493828,0.077268,-0.017851,-0.031173,23.7970,0.7711,-0.8759,-0.2392,3
1776680083.079863,788,1776680083.079863,1776680083.079949,1776680082.831396,1776680083.040986,19.375198,-0.042689,0.005389,0.271000,0.008000,0.000000,-0.074170,-0.296679,9.473394,-0.062081,-0.071672,0.045561,23.7970,0.7705,-0.8759,-0.2429,3
1776680083.128126,789,1776680083.128126,1776680083.079949,1776680082.831396,1776680083.040986,19.386204,-0.042629,0.005582,0.228000,0.000000,0.000000,-0.074170,-0.296679,9.473394,-0.062081,-0.071672,0.045561,23.7970,0.7705,-0.8759,-0.2429,3
1776680083.178149,790,1776680083.178149,1776680083.128165,1776680082.831396,1776680083.040986,19.399261,-0.042907,0.007533,0.261000,-0.007000,0.000000,0.453393,-0.589769,9.822710,0.071939,0.008260,-0.001066,23.7970,0.7705,-0.8759,-0.2429,3
1776680083.228229,791,1776680083.228229,1776680083.178207,1776680082.831396,1776680083.188999,19.411781,-0.042812,0.007382,0.250000,0.000000,0.000000,-0.584984,-0.008374,9.566705,0.082330,-0.017052,0.007460,23.7970,0.7711,-0.8789,-0.2427,3
1776680083.278144,792,1776680083.278144,1776680083.228279,1776680082.831396,1776680083.188999,19.423365,-0.043076,0.009778,0.232000,-0.007000,0.000000,0.120825,0.379223,8.700594,-0.079399,0.114303,0.015986,23.7970,0.7711,-0.8789,-0.2427,3
1776680083.328115,793,1776680083.328115,1776680083.278233,1776680082.831396,1776680083.188999,19.436258,-0.043050,0.010428,0.258000,-0.002000,0.000000,-0.556273,0.124414,11.016604,0.018384,-0.027443,-0.018118,23.7970,0.7711,-0.8789,-0.2427,3
1776680083.378340,794,1776680083.378340,1776680083.328157,1776680082.831396,1776680083.337589,19.447857,-0.042678,0.009122,0.231000,0.005000,0.000000,-0.388793,0.016748,9.960283,0.030641,-0.052755,-0.024512,23.7970,0.7760,-0.8854,-0.2432,3
1776680083.428131,795,1776680083.428131,1776680083.378382,1776680083.428604,1776680083.337589,19.461597,-0.042453,0.007977,0.276000,0.002000,0.000000,0.375634,-0.052637,11.644655,-0.049558,-0.047959,0.016786,23.7960,0.7760,-0.8854,-0.2432,3
1776680083.478131,796,1776680083.478131,1776680083.478166,1776680083.428604,1776680083.337589,19.473997,-0.042404,0.008427,0.248000,-0.001000,0.000000,0.811082,-0.565844,9.204230,0.078600,0.081797,-0.011723,23.7960,0.7760,-0.8854,-0.2432,3
1776680083.528092,797,1776680083.528092,1776680083.528129,1776680083.428604,1776680083.486119,19.485586,-0.042207,0.007728,0.232000,0.002000,0.000000,-0.266772,-0.302661,10.626616,0.076735,-0.042630,-0.019184,23.7960,0.7834,-0.8893,-0.2435,3
1776680083.578181,798,1776680083.578181,1776680083.528129,1776680083.428604,1776680083.486119,19.498455,-0.041857,0.005574,0.257000,0.005000,0.000000,-0.266772,-0.302661,10.626616,0.076735,-0.042630,-0.019184,23.7960,0.7834,-0.8893,-0.2435,3
1776680083.628097,799,1776680083.628097,1776680083.578240,1776680083.428604,1776680083.486119,19.509787,-0.041893,0.006672,0.227000,-0.002000,0.000000,0.083740,-0.248828,8.973347,-0.038367,0.094320,0.051423,23.7960,0.7834,-0.8893,-0.2435,3
1776680083.678153,800,1776680083.678153,1776680083.628132,1776680083.428604,1776680083.635321,19.523052,-0.042155,0.008875,0.265000,-0.007000,0.000000,0.823045,-0.193798,11.301321,0.027976,-0.049558,0.034371,23.7960,0.7930,-0.8932,-0.2437,3
1776680083.728098,801,1776680083.728098,1776680083.678207,1776680083.428604,1776680083.635321,19.535536,-0.041845,0.007276,0.250000,0.004000,0.000000,-0.312231,-0.004785,10.140923,0.042364,-0.079133,0.039433,23.7960,0.7930,-0.8932,-0.2437,3
1776680083.778153,802,1776680083.778153,1776680083.728138,1776680083.428604,1776680083.635321,19.547701,-0.042107,0.009879,0.243000,-0.007000,0.000000,0.379223,0.247631,8.932673,-0.078067,0.111905,0.107109,23.7960,0.7930,-0.8932,-0.2437,3
1776680083.828099,803,1776680083.828099,1776680083.778199,1776680083.428604,1776680083.785533,19.560789,-0.042277,0.011677,0.262000,-0.006000,0.000000,-0.881663,0.063403,9.689922,-0.033305,-0.037302,0.091122,23.7960,0.8017,-0.8980,-0.2437,3
1776680083.878176,804,1776680083.878176,1776680083.828132,1776680083.428604,1776680083.785533,19.572500,-0.041740,0.009424,0.234000,0.008000,0.000000,-0.017944,0.287109,10.145708,0.028243,-0.044495,0.048759,23.7960,0.8017,-0.8980,-0.2437,3
1776680083.928114,805,1776680083.928114,1776680083.878225,1776680083.428604,1776680083.785533,19.585581,-0.041317,0.007177,0.262000,0.006000,0.000000,0.326586,-0.452196,9.388458,-0.067942,0.069541,0.064212,23.7960,0.8017,-0.8980,-0.2437,3
1776680083.978155,806,1776680083.978155,1776680083.978232,1776680083.428604,1776680083.932284,19.597933,-0.041228,0.007227,0.247000,0.000000,0.000000,0.061011,-0.496459,9.514069,0.013588,0.029042,0.018384,23.7960,0.8078,-0.9059,-0.2430,3
1776680084.028089,807,1776680084.028089,1776680083.978232,1776680084.028635,1776680083.932284,19.609823,-0.041092,0.006877,0.238000,0.001000,0.000000,0.061011,-0.496459,9.514069,0.013588,0.029042,0.018384,23.7970,0.8078,-0.9059,-0.2430,3
1776680084.078155,808,1776680084.078155,1776680084.078203,1776680084.028635,1776680083.932284,19.622988,-0.040751,0.004924,0.263000,0.005000,0.000000,-0.123218,0.141162,9.835870,-0.058350,-0.076468,0.021582,23.7970,0.8078,-0.9059,-0.2430,3
1776680084.128154,809,1776680084.128154,1776680084.078203,1776680084.028635,1776680084.080932,19.634588,-0.040694,0.005374,0.232000,0.000000,0.000000,-0.123218,0.141162,9.835870,-0.058350,-0.076468,0.021582,23.7970,0.8133,-0.9110,-0.2421,3
1776680084.178136,810,1776680084.178136,1776680084.128196,1776680084.028635,1776680084.080932,19.647535,-0.040974,0.007624,0.259000,-0.007000,0.000000,0.783568,-0.445019,10.265337,0.065544,-0.009059,-0.057551,23.7970,0.8133,-0.9110,-0.2421,3
1776680084.228071,811,1776680084.228071,1776680084.228106,1776680084.028635,1776680084.229179,19.659870,-0.040830,0.007024,0.247000,0.001000,0.000000,0.229687,0.288305,8.731697,-0.080465,0.108441,-0.017319,23.7970,0.8204,-0.9167,-0.2408,3
1776680084.278164,812,1776680084.278164,1776680084.228106,1776680084.028635,1776680084.229179,19.671894,-0.041197,0.010180,0.240000,-0.009000,0.000000,0.229687,0.288305,8.731697,-0.080465,0.108441,-0.017319,23.7970,0.8204,-0.9167,-0.2408,3
1776680084.328095,813,1776680084.328095,1776680084.278210,1776680084.028635,1776680084.229179,19.684378,-0.041120,0.010579,0.250000,-0.001000,0.000000,-0.784764,0.038281,11.105130,0.010924,-0.019450,-0.013322,23.7970,0.8204,-0.9167,-0.2408,3
1776680084.378134,814,1776680084.378134,1776680084.378183,1776680084.028635,1776680084.379344,19.695332,-0.040653,0.008378,0.219000,0.007000,0.000000,0.452196,-0.241650,10.752225,0.066077,-0.030641,0.017585,23.7970,0.8268,-0.9239,-0.2395,3
1776680084.428043,815,1776680084.428043,1776680084.378183,1776680084.028635,1776680084.379344,19.708857,-0.040340,0.007030,0.271000,0.004000,0.000000,0.452196,-0.241650,10.752225,0.066077,-0.030641,0.017585,23.7970,0.8268,-0.9239,-0.2395,3
1776680084.478086,816,1776680084.478086,1776680084.478124,1776680084.028635,1776680084.379344,19.721617,-0.040401,0.007881,0.255000,-0.003000,0.000000,0.827830,-0.604125,10.099052,0.069807,0.021315,-0.047160,23.7970,0.8268,-0.9239,-0.2395,3
1776680084.528090,817,1776680084.528090,1776680084.528137,1776680084.028635,1776680084.526603,19.734318,-0.040351,0.008731,0.254000,-0.001000,0.000000,-0.571825,0.102881,9.553546,0.083396,-0.015187,-0.038101,23.7970,0.8351,-0.9334,-0.2379,3
1776680084.578073,818,1776680084.578073,1776680084.578146,1776680084.028635,1776680084.526603,19.746862,-0.040191,0.008381,0.251000,0.001000,0.000000,0.058618,0.445019,8.630013,-0.078600,0.109240,-0.052755,23.7970,0.8351,-0.9334,-0.2379,3
1776680084.628093,819,1776680084.628093,1776680084.628139,1776680084.628681,1776680084.526603,19.758419,-0.040695,0.012031,0.231000,-0.012000,0.000000,0.729735,0.124414,10.956790,0.018651,-0.018917,-0.077534,23.7940,0.8351,-0.9334,-0.2379,3
1776680084.678084,820,1776680084.678084,1776680084.628139,1776680084.628681,1776680084.675198,19.771626,-0.040936,0.014882,0.264000,-0.008000,0.000000,0.729735,0.124414,10.956790,0.018651,-0.018917,-0.077534,23.7940,0.8430,-0.9437,-0.2373,3
1776680084.728037,821,1776680084.728037,1776680084.728080,1776680084.628681,1776680084.675198,19.784311,-0.040747,0.014882,0.254000,0.000000,0.000000,0.136377,-0.058618,8.820222,-0.058883,0.137483,-0.073804,23.7940,0.8430,-0.9437,-0.2373,3
1776680084.778138,822,1776680084.778138,1776680084.778185,1776680084.628681,1776680084.675198,19.797285,-0.040454,0.013980,0.259000,0.002000,0.000000,-0.653173,-0.196191,9.207819,-0.073804,-0.026378,-0.039966,23.7940,0.8430,-0.9437,-0.2373,3
1776680084.828039,823,1776680084.828039,1776680084.778185,1776680084.628681,1776680084.823671,19.810261,-0.040372,0.014978,0.260000,-0.002000,0.000000,-0.653173,-0.196191,9.207819,-0.073804,-0.026378,-0.039966,23.7940,0.8514,-0.9554,-0.2345,3
1776680084.878132,824,1776680084.878132,1776680084.828072,1776680084.628681,1776680084.823671,19.822176,-0.039843,0.012524,0.238000,0.007000,0.000000,-0.212939,-0.104077,9.289166,0.053821,0.026378,-0.049558,23.7940,0.8514,-0.9554,-0.2345,3
1776680084.928021,825,1776680084.928021,1776680084.878178,1776680084.628681,1776680084.823671,19.836090,-0.039270,0.010129,0.279000,0.008000,0.000000,-0.153125,-0.477318,9.309504,-0.082596,0.079399,0.020516,23.7940,0.8514,-0.9554,-0.2345,3
1776680084.978090,826,1776680084.978090,1776680084.928064,1776680084.628681,1776680084.972410,19.848806,-0.039191,0.010379,0.254000,-0.001000,0.000000,-0.631639,-0.033496,9.512873,-0.076202,-0.054354,0.042364,23.7940,0.8599,-0.9625,-0.2277,3
1776680085.028019,827,1776680085.028019,1776680085.028054,1776680084.628681,1776680084.972410,19.860538,-0.038969,0.009630,0.235000,0.002000,0.000000,-0.068188,-0.113647,10.388555,0.084728,-0.018118,0.000266,23.7940,0.8599,-0.9625,-0.2277,3
1776680085.078136,828,1776680085.078136,1776680085.028054,1776680084.628681,1776680084.972410,19.873064,-0.038648,0.008528,0.250000,0.004000,0.000000,-0.068188,-0.113647,10.388555,0.084728,-0.018118,0.000266,23.7940,0.8599,-0.9625,-0.2277,3
1776680085.128042,829,1776680085.128042,1776680085.078207,1776680084.628681,1776680085.121069,19.884693,-0.038798,0.009875,0.233000,-0.005000,0.000000,-0.074170,0.047851,9.645660,-0.046627,-0.067409,0.023447,23.7940,0.8663,-0.9684,-0.2233,3
1776680085.178097,830,1776680085.178097,1776680085.128088,1776680084.628681,1776680085.121069,19.898407,-0.038813,0.011176,0.274000,-0.003000,0.000000,0.753661,-0.358886,10.682840,0.036769,-0.011990,-0.022914,23.7940,0.8663,-0.9684,-0.2233,3
1776680085.228007,831,1776680085.228007,1776680085.178157,1776680085.228421,1776680085.121069,19.910686,-0.038626,0.010827,0.246000,0.001000,0.000000,-0.532348,-0.093310,9.183893,0.075403,-0.017585,-0.017585,23.7940,0.8663,-0.9684,-0.2233,3
1776680085.278074,832,1776680085.278074,1776680085.228047,1776680085.228421,1776680085.271108,19.923004,-0.038743,0.012429,0.246000,-0.005000,0.000000,0.437841,0.162695,8.596517,-0.066876,0.119898,0.021315,23.7940,0.8683,-0.9702,-0.2199,3
1776680085.328050,833,1776680085.328050,1776680085.278121,1776680085.228421,1776680085.271108,19.935499,-0.038738,0.013878,0.250000,-0.003000,0.000000,-1.091014,-0.090918,9.255671,-0.077001,-0.042098,0.016519,23.7940,0.8683,-0.9702,-0.2199,3
1776680085.378051,834,1776680085.378051,1776680085.328093,1776680085.228421,1776680085.271108,19.946547,-0.038484,0.013078,0.221000,0.002000,0.000000,-0.075366,0.095703,9.916021,0.036236,-0.017319,-0.007727,23.7940,0.8683,-0.9702,-0.2199,3
1776680085.428021,835,1776680085.428021,1776680085.428077,1776680085.228421,1776680085.418195,19.959682,-0.037963,0.010680,0.263000,0.007000,0.000000,-0.679491,-0.043066,9.795196,-0.059949,-0.066610,0.052755,23.7940,0.8706,-0.9732,-0.2182,3
1776680085.478137,836,1776680085.478137,1776680085.478245,1776680085.228421,1776680085.418195,19.971710,-0.037784,0.010479,0.240000,0.001000,0.000000,0.824242,-0.217724,11.093167,0.031973,-0.038101,0.033039,23.7940,0.8706,-0.9732,-0.2182,3
1776680085.528004,837,1776680085.528004,1776680085.528072,1776680085.228421,1776680085.418195,19.984423,-0.037451,0.008734,0.255000,0.004000,0.000000,-0.717772,-0.363671,9.622931,0.098316,-0.020516,0.034104,23.7940,0.8706,-0.9732,-0.2182,3
1776680085.578091,838,1776680085.578091,1776680085.528072,1776680085.228421,1776680085.566914,19.997490,-0.036886,0.006130,0.261000,0.009000,0.000000,-0.717772,-0.363671,9.622931,0.098316,-0.020516,0.034104,23.7940,0.8688,-0.9732,-0.2166,3
1776680085.628044,839,1776680085.628044,1776680085.578140,1776680085.228421,1776680085.566914,20.009277,-0.037014,0.007278,0.236000,-0.004000,0.000000,0.250024,0.078955,9.010432,-0.067676,0.103645,0.111372,23.7940,0.8688,-0.9732,-0.2166,3
1776680085.678050,840,1776680085.678050,1776680085.628123,1776680085.228421,1776680085.566914,20.022583,-0.037217,0.009179,0.266000,-0.006000,0.000000,0.509618,-0.143554,10.849125,0.042897,-0.028243,0.085527,23.7940,0.8688,-0.9732,-0.2166,3
1776680085.727987,841,1776680085.727987,1776680085.678100,1776680085.228421,1776680085.715424,20.034916,-0.036954,0.008180,0.247000,0.003000,0.000000,-0.102881,0.203369,10.032061,0.033305,-0.069274,0.055153,23.7940,0.8645,-0.9734,-0.2176,3
1776680085.778024,842,1776680085.778024,1776680085.728036,1776680085.228421,1776680085.715424,20.046877,-0.037257,0.010782,0.239000,-0.008000,0.000000,0.261987,0.394775,8.919514,-0.074070,0.095652,0.075136,23.7940,0.8645,-0.9734,-0.2176,3
1776680085.828063,843,1776680085.828063,1776680085.828130,1776680085.829239,1776680085.715424,20.059486,-0.037171,0.011583,0.252000,-0.001000,0.000000,-0.145947,0.386401,9.662408,0.019717,0.009858,0.043430,23.7940,0.8645,-0.9734,-0.2176,3
1776680085.878052,844,1776680085.878052,1776680085.828130,1776680085.829239,1776680085.863707,20.070629,-0.036642,0.008833,0.223000,0.008000,0.000000,-0.145947,0.386401,9.662408,0.019717,0.009858,0.043430,23.7940,0.8561,-0.9729,-0.2187,3
1776680085.928051,845,1776680085.928051,1776680085.878102,1776680085.829239,1776680085.863707,20.084126,-0.036222,0.007083,0.270000,0.006000,0.000000,0.340942,-0.137573,9.963872,-0.051156,0.041831,0.022381,23.7940,0.8561,-0.9729,-0.2187,3
1776680085.978052,846,1776680085.978052,1776680085.928100,1776680085.829239,1776680085.863707,20.096376,-0.036236,0.008133,0.245000,-0.002000,0.000000,-0.606517,0.123218,9.791607,-0.061281,-0.072738,0.036502,23.7940,0.8561,-0.9729,-0.2187,3
1776680086.027991,847,1776680086.027991,1776680085.978247,1776680085.829239,1776680086.012173,20.109411,-0.036279,0.008982,0.261000,-0.003000,0.000000,0.628051,-0.515600,8.894392,0.030907,0.074603,-0.070340,23.7940,0.8471,-0.9715,-0.2200,3
1776680086.078013,848,1776680086.078013,1776680086.028035,1776680085.829239,1776680086.012173,20.122112,-0.035765,0.006681,0.254000,0.008000,0.000000,-0.655565,0.057422,9.520050,0.082863,-0.018118,-0.053022,23.7940,0.8471,-0.9715,-0.2200,3
1776680086.127971,849,1776680086.127971,1776680086.128014,1776680085.829239,1776680086.012173,20.133055,-0.035892,0.008030,0.219000,-0.004000,0.000000,0.770409,-0.484496,10.863480,0.029308,-0.018384,-0.021315,23.7940,0.8471,-0.9715,-0.2200,3
1776680086.178019,850,1776680086.178019,1776680086.178068,1776680085.829239,1776680086.161202,20.146219,-0.036086,0.009782,0.263000,-0.006000,0.000000,-0.483300,0.043066,9.307111,0.062880,-0.021848,-0.003464,23.7940,0.8394,-0.9660,-0.2187,3
1776680086.228094,851,1776680086.228094,1776680086.228142,1776680085.829239,1776680086.161202,20.158070,-0.035721,0.008381,0.237000,0.005000,0.000000,0.325390,0.308642,9.468610,-0.059949,0.065278,0.011723,23.7940,0.8394,-0.9660,-0.2187,3
1776680086.283555,852,1776680086.283555,1776680086.283597,1776680085.829239,1776680086.161202,20.172838,-0.035597,0.008381,0.266000,0.000000,0.000000,-0.867308,0.065796,9.466217,-0.078600,-0.063413,0.041032,23.7940,0.8394,-0.9660,-0.2187,3
1776680086.327991,853,1776680086.327991,1776680086.328049,1776680085.829239,1776680086.310006,20.184170,-0.035724,0.009936,0.255000,-0.005000,0.000000,-0.270361,0.221313,9.063068,0.026644,0.059150,-0.053022,23.7940,0.8327,-0.9611,-0.2157,3
1776680086.377982,854,1776680086.377982,1776680086.378035,1776680085.829239,1776680086.310006,20.195318,-0.035513,0.009286,0.223000,0.002000,0.000000,-0.303857,-0.026318,9.932769,0.083662,-0.012789,-0.045028,23.7940,0.8327,-0.9611,-0.2157,3
1776680086.427997,855,1776680086.427997,1776680086.378035,1776680086.428870,1776680086.310006,20.208672,-0.035389,0.008786,0.267000,0.000000,0.000000,-0.303857,-0.026318,9.932769,0.083662,-0.012789,-0.045028,23.7960,0.8327,-0.9611,-0.2157,3
1776680086.477982,856,1776680086.477982,1776680086.478029,1776680086.428870,1776680086.458381,20.220821,-0.035682,0.011435,0.243000,-0.008000,0.000000,0.807494,0.002393,10.869461,0.020516,-0.013588,-0.087392,23.7960,0.8240,-0.9563,-0.2163,3
1776680086.528054,857,1776680086.528054,1776680086.528101,1776680086.428870,1776680086.458381,20.233688,-0.035485,0.011235,0.257000,0.001000,0.000000,-0.904393,-0.470141,9.771270,0.086060,-0.042364,-0.164660,23.7960,0.8240,-0.9563,-0.2163,3
1776680086.578034,858,1776680086.578034,1776680086.578081,1776680086.428870,1776680086.458381,20.246628,-0.034990,0.008586,0.259000,0.007000,0.000000,0.087329,-0.257202,8.804670,-0.049291,0.132687,-0.066610,23.7960,0.8240,-0.9563,-0.2163,3
1776680086.627959,859,1776680086.627959,1776680086.628018,1776680086.428870,1776680086.606800,20.258360,-0.034939,0.009235,0.235000,-0.001000,0.000000,0.245239,-0.119629,11.495119,-0.031173,-0.058350,-0.031440,23.7960,0.8178,-0.9544,-0.2203,3
1776680086.677957,860,1776680086.677957,1776680086.628018,1776680086.428870,1776680086.606800,20.271563,-0.035217,0.011835,0.264000,-0.008000,0.000000,0.245239,-0.119629,11.495119,-0.031173,-0.058350,-0.031440,23.7960,0.8178,-0.9544,-0.2203,3
1776680086.728022,861,1776680086.728022,1776680086.728064,1776680086.428870,1776680086.606800,20.284229,-0.035067,0.011785,0.253000,0.000000,0.000000,0.258398,0.283520,9.181500,-0.082596,0.093787,0.028243,23.7960,0.8178,-0.9544,-0.2203,3
1776680086.777966,862,1776680086.777966,1776680086.778013,1776680086.428870,1776680086.755502,20.297314,-0.034913,0.012134,0.262000,0.000000,0.000000,-0.607714,-0.069385,9.357355,-0.051423,-0.064745,0.039433,23.7960,0.8141,-0.9525,-0.2239,3
1776680086.828021,863,1776680086.828021,1776680086.828063,1776680086.428870,1776680086.755502,20.310129,-0.034858,0.012385,0.256000,-0.002000,0.000000,-0.434252,0.031103,9.139630,0.052489,0.027443,0.000000,23.7960,0.8141,-0.9525,-0.2239,3
1776680086.877952,864,1776680086.877952,1776680086.828063,1776680086.428870,1776680086.755502,20.321058,-0.034373,0.010188,0.219000,0.007000,0.000000,-0.434252,0.031103,9.139630,0.052489,0.027443,0.000000,23.7960,0.8141,-0.9525,-0.2239,3
1776680086.927919,865,1776680086.927919,1776680086.877996,1776680086.428870,1776680086.904015,20.334249,-0.034188,0.009538,0.264000,0.001000,0.000000,0.242846,-0.313427,10.858695,-0.074603,0.051423,0.023980,23.7960,0.8071,-0.9474,-0.2268,3
1776680086.977950,866,1776680086.977950,1776680086.927960,1776680086.428870,1776680086.904015,20.346306,-0.034123,0.009738,0.241000,-0.001000,0.000000,-0.668724,0.108862,9.618146,-0.059683,-0.053554,0.026378,23.7960,0.8071,-0.9474,-0.2268,3
1776680087.027915,867,1776680087.027915,1776680086.977997,1776680087.028637,1776680086.904015,20.359295,-0.033747,0.008189,0.260000,0.005000,0.000000,0.697435,-0.209350,10.698393,0.066876,0.101514,-0.032772,23.7990,0.8071,-0.9474,-0.2268,3
1776680087.077993,868,1776680087.077993,1776680087.027958,1776680087.028637,1776680087.052948,20.372313,-0.033440,0.006687,0.260000,0.004000,0.000000,-0.783568,-0.385204,9.325055,0.079666,-0.018384,-0.018118,23.7990,0.8013,-0.9426,-0.2312,3
1776680087.127909,869,1776680087.127909,1776680087.127950,1776680087.028637,1776680087.052948,20.383795,-0.033663,0.008933,0.230000,-0.006000,0.000000,0.657958,0.029907,11.211599,0.011990,-0.030374,-0.003464,23.7990,0.8013,-0.9426,-0.2312,3
1776680087.177940,870,1776680087.177940,1776680087.177986,1776680087.028637,1776680087.052948,20.396755,-0.033997,0.012035,0.259000,-0.009000,0.000000,-0.215332,0.084936,9.949517,0.080731,-0.045828,-0.013588,23.7990,0.8013,-0.9426,-0.2312,3
1776680087.227960,871,1776680087.227960,1776680087.228003,1776680087.028637,1776680087.198426,20.408609,-0.033805,0.011235,0.237000,0.001000,0.000000,0.290698,0.430663,9.255671,-0.066876,0.097251,-0.013056,23.7990,0.7947,-0.9414,-0.2364,3
1776680087.277938,872,1776680087.277938,1776680087.228003,1776680087.028637,1776680087.198426,20.422148,-0.033253,0.009036,0.271000,0.008000,0.000000,0.290698,0.430663,9.255671,-0.066876,0.097251,-0.013056,23.7990,0.7947,-0.9414,-0.2364,3
1776680087.327899,873,1776680087.327899,1776680087.277981,1776680087.028637,1776680087.198426,20.435188,-0.033235,0.009586,0.261000,-0.002000,0.000000,-0.771605,-0.003589,9.504498,-0.061814,-0.050890,0.048759,23.7990,0.7947,-0.9414,-0.2364,3
1776680087.378097,874,1776680087.378097,1776680087.378144,1776680087.028637,1776680087.343889,20.446728,-0.032622,0.006273,0.230000,0.010000,0.000000,-0.305053,-0.492870,10.413676,0.094053,-0.018384,0.030108,23.7990,0.7896,-0.9414,-0.2394,3
1776680087.427888,875,1776680087.427888,1776680087.378144,1776680087.028637,1776680087.343889,20.459721,-0.032192,0.004132,0.261000,0.007000,0.000000,-0.305053,-0.492870,10.413676,0.094053,-0.018384,0.030108,23.7990,0.7896,-0.9414,-0.2394,3
1776680087.477925,876,1776680087.477925,1776680087.427933,1776680087.028637,1776680087.343889,20.472031,-0.032341,0.005332,0.246000,-0.004000,0.000000,-0.569432,-0.003589,9.242512,-0.049025,-0.056752,0.117234,23.7990,0.7896,-0.9414,-0.2394,3
1776680087.527925,877,1776680087.527925,1776680087.527965,1776680087.028637,1776680087.490181,20.485531,-0.032319,0.006182,0.270000,-0.001000,0.000000,-1.004881,0.137573,9.071443,0.089524,-0.013322,0.041831,23.7990,0.7877,-0.9457,-0.2395,3
1776680087.577928,878,1776680087.577928,1776680087.577971,1776680087.028637,1776680087.490181,20.498529,-0.032089,0.004932,0.260000,0.003000,0.000000,0.362475,0.206958,8.628817,-0.071939,0.115369,0.075136,23.7990,0.7877,-0.9457,-0.2395,3
1776680087.627898,879,1776680087.627898,1776680087.577971,1776680087.028637,1776680087.490181,20.509474,-0.032235,0.006332,0.219000,-0.004000,0.000000,0.362475,0.206958,8.628817,-0.071939,0.115369,0.075136,23.7990,0.7877,-0.9457,-0.2395,3
1776680087.677942,880,1776680087.677942,1776680087.677986,1776680087.629372,1776680087.635984,20.522036,-0.032356,0.007983,0.251000,-0.004000,0.000000,-0.187817,0.295483,9.719830,0.037035,-0.001865,0.038367,23.7960,0.7860,-0.9482,-0.2423,3
1776680087.727858,881,1776680087.727858,1776680087.727900,1776680087.629372,1776680087.635984,20.534115,-0.032259,0.007783,0.242000,0.000000,0.000000,0.307446,0.547899,9.543976,-0.066344,0.064478,0.032239,23.7960,0.7860,-0.9482,-0.2423,3
1776680087.777925,882,1776680087.777925,1776680087.777970,1776680087.629372,1776680087.635984,20.547882,-0.032002,0.006882,0.275000,0.003000,0.000000,-0.722557,0.312231,9.654034,-0.070340,0.008793,0.013588,23.7960,0.7860,-0.9482,-0.2423,3
1776680087.827969,883,1776680087.827969,1776680087.828011,1776680087.629372,1776680087.781663,20.560244,-0.032067,0.007983,0.247000,-0.003000,0.000000,-0.258398,-0.003589,8.602498,0.061281,0.093520,-0.072738,23.7960,0.7871,-0.9532,-0.2450,3
1776680087.877964,884,1776680087.877964,1776680087.878010,1776680087.629372,1776680087.781663,20.571638,-0.031526,0.004934,0.228000,0.009000,0.000000,-0.576610,-0.221313,9.537994,-0.023713,-0.021049,-0.022647,23.7960,0.7871,-0.9532,-0.2450,3
1776680087.927957,885,1776680087.927957,1776680087.878010,1776680087.629372,1776680087.927539,20.584484,-0.031213,0.003384,0.257000,0.005000,0.000000,-0.576610,-0.221313,9.537994,-0.023713,-0.021049,-0.022647,23.7960,0.7917,-0.9617,-0.2455,3
1776680087.977936,886,1776680087.977936,1776680087.977984,1776680087.629372,1776680087.927539,20.595381,-0.031376,0.004883,0.218000,-0.004000,0.000000,0.787157,-0.133984,11.639870,0.062347,-0.054620,-0.026644,23.7960,0.7917,-0.9617,-0.2455,3
1776680088.027861,887,1776680088.027861,1776680088.027901,1776680087.629372,1776680087.927539,20.608513,-0.031561,0.006381,0.263000,-0.005000,0.000000,-0.814671,-0.049048,9.537994,0.063146,-0.040232,-0.007993,23.7960,0.7917,-0.9617,-0.2455,3
1776680088.077886,888,1776680088.077886,1776680088.027901,1776680087.629372,1776680088.075992,20.621119,-0.031381,0.005881,0.252000,0.002000,0.000000,-0.814671,-0.049048,9.537994,0.063146,-0.040232,-0.007993,23.7960,0.8007,-0.9665,-0.2441,3
1776680088.127851,889,1776680088.127851,1776680088.077936,1776680087.629372,1776680088.075992,20.634012,-0.031555,0.007380,0.258000,-0.005000,0.000000,0.445019,0.517992,9.607379,-0.030641,0.063146,0.016519,23.7960,0.8007,-0.9665,-0.2441,3
1776680088.177875,890,1776680088.177875,1776680088.127895,1776680087.629372,1776680088.075992,20.646971,-0.031859,0.009881,0.259000,-0.008000,0.000000,0.069385,0.216528,10.462724,-0.079666,-0.028776,0.030641,23.7960,0.8007,-0.9665,-0.2441,3
1776680088.227894,891,1776680088.227894,1776680088.177919,1776680088.228631,1776680088.224574,20.658276,-0.031747,0.010431,0.226000,0.000000,0.000000,-0.180639,-0.154321,8.521151,0.066610,0.090856,-0.061281,23.7940,0.8107,-0.9744,-0.2426,3
1776680088.277897,892,1776680088.277897,1776680088.227937,1776680088.228631,1776680088.224574,20.671623,-0.031458,0.008981,0.267000,0.003000,0.000000,0.815868,0.584984,10.088286,-0.055686,0.031706,-0.032506,23.7940,0.8107,-0.9744,-0.2426,3
1776680088.327830,893,1776680088.327830,1776680088.277942,1776680088.228631,1776680088.224574,20.683910,-0.031747,0.011578,0.246000,-0.008000,0.000000,-0.539525,0.082544,9.337018,-0.041032,-0.046893,-0.066610,23.7940,0.8107,-0.9744,-0.2426,3
1776680088.377912,894,1776680088.377912,1776680088.327871,1776680088.228631,1776680088.373350,20.695923,-0.031158,0.008974,0.240000,0.009000,0.000000,0.260790,-0.413915,8.768782,0.075136,0.110306,-0.116434,23.7940,0.8199,-0.9829,-0.2421,3
1776680088.427877,895,1776680088.427877,1776680088.427921,1776680088.228631,1776680088.373350,20.708912,-0.030741,0.006575,0.260000,0.006000,0.000000,0.093310,-0.580199,9.637286,0.002398,-0.005062,-0.022914,23.7940,0.8199,-0.9829,-0.2421,3
1776680088.477865,896,1776680088.477865,1776680088.427921,1776680088.228631,1776680088.373350,20.720509,-0.030765,0.007625,0.232000,-0.002000,0.000000,0.093310,-0.580199,9.637286,0.002398,-0.005062,-0.022914,23.7940,0.8199,-0.9829,-0.2421,3
1776680088.527828,897,1776680088.527828,1776680088.477911,1776680088.228631,1776680088.521447,20.733551,-0.030915,0.009124,0.261000,-0.005000,0.000000,0.072973,-0.311035,10.973538,-0.051956,-0.062880,-0.017319,23.7940,0.8263,-0.9915,-0.2422,3
1776680088.577890,898,1776680088.577890,1776680088.577934,1776680088.228631,1776680088.521447,20.746515,-0.030747,0.008773,0.259000,0.001000,0.000000,0.271557,0.577806,9.131257,-0.091122,0.091122,0.030641,23.7940,0.8263,-0.9915,-0.2422,3
1776680088.627833,899,1776680088.627833,1776680088.577934,1776680088.228631,1776680088.521447,20.758802,-0.030789,0.009722,0.246000,-0.003000,0.000000,0.271557,0.577806,9.131257,-0.091122,0.091122,0.030641,23.7940,0.8263,-0.9915,-0.2422,3
1776680088.677903,900,1776680088.677903,1776680088.627876,1776680088.228631,1776680088.670794,20.771822,-0.030913,0.011224,0.260000,-0.005000,0.000000,0.443822,-0.047851,10.984305,-0.073271,-0.062613,0.047160,23.7940,0.8312,-0.9964,-0.2422,3
1776680088.727808,901,1776680088.727808,1776680088.677948,1776680088.228631,1776680088.670794,20.783098,-0.030636,0.010476,0.226000,0.003000,0.000000,-0.537133,-0.215332,8.546272,0.074337,0.070607,0.000000,23.7940,0.8312,-0.9964,-0.2422,3
1776680088.777956,902,1776680088.777956,1776680088.778003,1776680088.228631,1776680088.670794,20.796484,-0.030296,0.008971,0.267000,0.004000,0.000000,-0.610106,0.122021,9.346588,-0.047693,-0.039966,0.019184,23.7940,0.8312,-0.9964,-0.2422,3
1776680088.827816,903,1776680088.827816,1776680088.778003,1776680088.828678,1776680088.819263,20.809149,-0.030282,0.009620,0.254000,-0.002000,0.000000,-0.610106,0.122021,9.346588,-0.047693,-0.039966,0.019184,23.7940,0.8355,-1.0001,-0.2389,3
1776680088.877867,904,1776680088.877867,1776680088.877925,1776680088.828678,1776680088.819263,20.821407,-0.029763,0.007067,0.245000,0.008000,0.000000,-0.842186,-0.343334,9.511676,0.013322,-0.031173,0.018384,23.7940,0.8355,-1.0001,-0.2389,3
1776680088.927796,905,1776680088.927796,1776680088.877925,1776680088.828678,1776680088.819263,20.834436,-0.029372,0.004770,0.261000,0.006000,0.000000,-0.842186,-0.343334,9.511676,0.013322,-0.031173,0.018384,23.7940,0.8355,-1.0001,-0.2389,3
1776680088.977878,906,1776680088.977878,1776680088.927835,1776680088.828678,1776680088.968241,20.845905,-0.029417,0.005822,0.229000,-0.002000,0.000000,-0.483300,-0.287109,9.345392,-0.017585,-0.038900,0.022914,23.7940,0.8388,-1.0029,-0.2365,3
1776680089.027790,907,1776680089.027790,1776680088.977927,1776680088.828678,1776680088.968241,20.859186,-0.029839,0.008966,0.266000,-0.010000,0.000000,0.404345,0.058618,11.483156,0.051423,-0.038634,-0.021315,23.7940,0.8388,-1.0029,-0.2365,3
1776680089.077869,908,1776680089.077869,1776680089.027831,1776680088.828678,1776680088.968241,20.871555,-0.029728,0.008716,0.247000,0.000000,0.000000,-0.949852,0.026318,9.342999,0.074603,-0.061814,-0.017052,23.7940,0.8388,-1.0029,-0.2365,3
1776680089.127800,909,1776680089.127800,1776680089.127842,1776680088.828678,1776680089.117100,20.884386,-0.029416,0.007618,0.257000,0.004000,0.000000,-0.247631,-0.248828,10.052398,-0.064745,-0.027710,0.044495,23.7940,0.8415,-1.0059,-0.2352,3
1776680089.177920,910,1776680089.177920,1776680089.127842,1776680088.828678,1776680089.117100,20.897516,-0.029367,0.007868,0.262000,-0.001000,0.000000,-0.247631,-0.248828,10.052398,-0.064745,-0.027710,0.044495,23.7940,0.8415,-1.0059,-0.2352,3
1776680089.227784,911,1776680089.227784,1776680089.177968,1776680088.828678,1776680089.117100,20.909332,-0.029074,0.006621,0.237000,0.004000,0.000000,-0.156714,-0.620873,8.212508,0.094053,0.105510,0.009592,23.7940,0.8415,-1.0059,-0.2352,3
1776680089.277903,912,1776680089.277903,1776680089.277947,1776680088.828678,1776680089.266355,20.923012,-0.028783,0.005419,0.273000,0.004000,0.000000,-0.549096,-0.102881,9.225763,-0.034371,-0.040765,0.110040,23.7940,0.8431,-1.0099,-0.2318,3
1776680089.327832,913,1776680089.327832,1776680089.277947,1776680088.828678,1776680089.266355,20.935545,-0.028815,0.006018,0.251000,-0.002000,0.000000,-0.549096,-0.102881,9.225763,-0.034371,-0.040765,0.110040,23.7940,0.8431,-1.0099,-0.2318,3
1776680089.378052,914,1776680089.378052,1776680089.327874,1776680088.828678,1776680089.266355,20.947947,-0.028339,0.003607,0.247000,0.008000,0.000000,0.277539,-0.300268,8.528328,0.079399,0.122030,0.029575,23.7940,0.8431,-1.0099,-0.2318,3
1776680089.427779,915,1776680089.427779,1776680089.427820,1776680089.428234,1776680089.415333,20.960924,-0.027993,0.001568,0.261000,0.006000,0.000000,-0.244043,-0.313427,9.510480,-0.013322,-0.027177,0.073804,23.7910,0.8450,-1.0141,-0.2287,3
1776680089.477842,916,1776680089.477842,1776680089.427820,1776680089.428234,1776680089.415333,20.971989,-0.028176,0.003070,0.221000,-0.004000,0.000000,-0.244043,-0.313427,9.510480,-0.013322,-0.027177,0.073804,23.7910,0.8450,-1.0141,-0.2287,3
1776680089.527769,917,1776680089.527769,1776680089.527809,1776680089.428234,1776680089.415333,20.984821,-0.028486,0.005467,0.257000,-0.007000,0.000000,-0.617284,0.141162,9.723418,0.063413,-0.056485,0.014654,23.7910,0.8450,-1.0141,-0.2287,3
1776680089.577823,918,1776680089.577823,1776680089.577870,1776680089.428234,1776680089.563718,20.997284,-0.028368,0.004816,0.249000,0.001000,0.000000,0.431860,0.598143,9.676764,-0.074870,0.050890,0.015454,23.7910,0.8490,-1.0193,-0.2255,3
1776680089.627758,919,1776680089.627758,1776680089.627799,1776680089.428234,1776680089.563718,21.010517,-0.028305,0.005166,0.265000,0.000000,0.000000,-0.251220,0.149536,10.009332,-0.070873,-0.020516,0.000266,23.7910,0.8490,-1.0193,-0.2255,3
1776680089.677847,920,1776680089.677847,1776680089.677896,1776680089.428234,1776680089.563718,21.023241,-0.028589,0.007570,0.254000,-0.007000,0.000000,-0.076562,-0.263183,8.449373,0.075403,0.106043,-0.067143,23.7910,0.8490,-1.0193,-0.2255,3
1776680089.727808,921,1776680089.727808,1776680089.727851,1776680089.428234,1776680089.712949,21.034330,-0.028206,0.005072,0.222000,0.006000,0.000000,0.618480,0.019141,10.577567,-0.020782,-0.000533,-0.026378,23.7910,0.8498,-1.0223,-0.2223,3
1776680089.777853,922,1776680089.777853,1776680089.727851,1776680089.428234,1776680089.712949,21.047438,-0.027889,0.003571,0.262000,0.005000,0.000000,0.618480,0.019141,10.577567,-0.020782,-0.000533,-0.026378,23.7910,0.8498,-1.0223,-0.2223,3
1776680089.827762,923,1776680089.827762,1776680089.827801,1776680089.428234,1776680089.712949,21.059172,-0.028097,0.005319,0.235000,-0.005000,0.000000,0.299072,-0.429467,9.130060,0.054087,0.082064,-0.018651,23.7910,0.8498,-1.0223,-0.2223,3
1776680089.877828,924,1776680089.877828,1776680089.827801,1776680089.428234,1776680089.862258,21.072023,-0.028028,0.005369,0.257000,0.000000,0.000000,0.299072,-0.429467,9.130060,0.054087,0.082064,-0.018651,23.7910,0.8494,-1.0266,-0.2156,3
1776680089.927798,925,1776680089.927798,1776680089.877874,1776680089.428234,1776680089.862258,21.084679,-0.027660,0.003868,0.253000,0.006000,0.000000,-0.764427,0.074170,9.732989,0.056485,-0.055686,0.005329,23.7910,0.8494,-1.0266,-0.2156,3
1776680089.977880,926,1776680089.977880,1776680089.977926,1776680089.428234,1776680089.862258,21.096449,-0.027915,0.005570,0.235000,-0.006000,0.000000,-0.214135,0.021533,9.972246,-0.081264,-0.025045,0.037834,23.7910,0.8494,-1.0266,-0.2156,3
1776680090.027788,927,1776680090.027788,1776680090.027828,1776680090.028556,1776680090.011360,21.109379,-0.028342,0.008865,0.259000,-0.010000,0.000000,-0.476122,0.314623,9.900469,0.048759,-0.083129,-0.047160,23.7880,0.8471,-1.0299,-0.2102,3
1776680090.077922,928,1776680090.077922,1776680090.027828,1776680090.028556,1776680090.011360,21.121162,-0.028539,0.011020,0.235000,-0.006000,0.000000,-0.476122,0.314623,9.900469,0.048759,-0.083129,-0.047160,23.7880,0.8471,-1.0299,-0.2102,3
1776680090.127738,929,1776680090.127738,1776680090.077968,1776680090.028556,1776680090.011360,21.134560,-0.028192,0.009028,0.269000,0.004000,0.000000,0.781175,0.442626,10.335917,-0.039966,0.022914,-0.025312,23.7880,0.8471,-1.0299,-0.2102,3
1776680090.177812,930,1776680090.177812,1776680090.177859,1776680090.028556,1776680090.160395,21.147068,-0.028329,0.010778,0.250000,-0.005000,0.000000,0.360082,-0.379223,8.967365,0.064212,0.083929,-0.101780,23.7880,0.8420,-1.0295,-0.2061,3
1776680090.227842,931,1776680090.227842,1776680090.177859,1776680090.028556,1776680090.160395,21.158831,-0.027802,0.008275,0.235000,0.008000,0.000000,0.360082,-0.379223,8.967365,0.064212,0.083929,-0.101780,23.7880,0.8420,-1.0295,-0.2061,3
1776680090.277810,932,1776680090.277810,1776680090.227884,1776680090.028556,1776680090.160395,21.172009,-0.027493,0.006577,0.264000,0.004000,0.000000,-0.269165,-0.244043,10.417265,-0.015986,0.005862,-0.121230,23.7880,0.8420,-1.0295,-0.2061,3
1776680090.327729,933,1776680090.327729,1776680090.277855,1776680090.028556,1776680090.309484,21.183903,-0.027664,0.008626,0.238000,-0.005000,0.000000,0.143554,-0.765624,9.616949,0.019717,0.013322,-0.030374,23.7880,0.8343,-1.0326,-0.2047,3
1776680090.377823,934,1776680090.377823,1776680090.377872,1776680090.028556,1776680090.309484,21.196526,-0.027505,0.007975,0.252000,0.001000,0.000000,-0.385204,0.401952,9.977032,0.049558,-0.087126,-0.031173,23.7880,0.8343,-1.0326,-0.2047,3
1776680090.427725,935,1776680090.427725,1776680090.377872,1776680090.028556,1776680090.309484,21.209448,-0.027203,0.006677,0.259000,0.004000,0.000000,-0.385204,0.401952,9.977032,0.049558,-0.087126,-0.031173,23.7880,0.8343,-1.0326,-0.2047,3
1776680090.477741,936,1776680090.477741,1776680090.427766,1776680090.028556,1776680090.458810,21.220901,-0.027326,0.007978,0.229000,-0.004000,0.000000,-0.136377,-0.437841,9.615753,-0.008526,0.037302,0.040765,23.7880,0.8287,-1.0366,-0.1997,3
1776680090.527825,937,1776680090.527825,1776680090.477843,1776680090.028556,1776680090.458810,21.233976,-0.027573,0.010131,0.261000,-0.007000,0.000000,-0.046655,-0.212939,10.347880,-0.081531,-0.047693,-0.020516,23.7880,0.8287,-1.0366,-0.1997,3
1776680090.577749,938,1776680090.577749,1776680090.527865,1776680090.028556,1776680090.458810,21.245705,-0.027454,0.010431,0.235000,0.000000,0.000000,-0.488085,0.150732,9.963872,0.055952,-0.087925,-0.001865,23.7880,0.8287,-1.0366,-0.1997,3
1776680090.627736,939,1776680090.627736,1776680090.577847,1776680090.628467,1776680090.607280,21.258902,-0.026966,0.007881,0.264000,0.007000,0.000000,0.624462,0.504833,10.078716,-0.056485,0.030374,0.021315,23.7870,0.8260,-1.0436,-0.1948,3
1776680090.677734,940,1776680090.677734,1776680090.627775,1776680090.628467,1776680090.607280,21.271900,-0.026964,0.008381,0.260000,-0.002000,0.000000,-0.486889,-0.066992,9.521246,-0.078333,-0.016253,0.025845,23.7870,0.8260,-1.0436,-0.1948,3
1776680090.727769,941,1776680090.727769,1776680090.677879,1776680090.628467,1776680090.607280,21.283756,-0.026614,0.006729,0.237000,0.005000,0.000000,0.244043,-0.497655,8.819026,0.077268,0.102313,-0.022647,23.7870,0.8260,-1.0436,-0.1948,3
1776680090.777733,942,1776680090.777733,1776680090.727809,1776680090.628467,1776680090.756650,21.297045,-0.026375,0.005230,0.266000,0.003000,0.000000,0.500048,-0.197387,10.798881,-0.002132,-0.010391,0.011457,23.7870,0.8229,-1.0489,-0.1882,3
1776680090.827766,943,1776680090.827766,1776680090.777855,1776680090.628467,1776680090.756650,21.308754,-0.026414,0.006081,0.234000,-0.002000,0.000000,-0.397167,-0.461767,9.153986,-0.000533,-0.011990,0.024246,23.7870,0.8229,-1.0489,-0.1882,3
1776680090.877747,944,1776680090.877747,1776680090.827807,1776680090.628467,1776680090.756650,21.321447,-0.026386,0.006281,0.254000,-0.001000,0.000000,0.741698,-0.244043,9.406403,0.051956,0.068742,-0.012256,23.7870,0.8229,-1.0489,-0.1882,3
1776680090.927758,945,1776680090.927758,1776680090.927799,1776680090.628467,1776680090.905679,21.333952,-0.026258,0.005631,0.250000,0.001000,0.000000,0.021533,-0.503637,9.412384,-0.002132,0.060482,0.009059,23.7870,0.8200,-1.0566,-0.1776,3
1776680090.977707,946,1776680090.977707,1776680090.927799,1776680090.628467,1776680090.905679,21.346039,-0.026190,0.006280,0.242000,0.000000,0.000000,0.021533,-0.503637,9.412384,-0.002132,0.060482,0.009059,23.7870,0.8200,-1.0566,-0.1776,3
1776680091.027732,947,1776680091.027732,1776680090.977753,1776680090.628467,1776680090.905679,21.359196,-0.026257,0.007030,0.263000,-0.003000,0.000000,-0.559862,-0.604125,9.559527,-0.062347,-0.025045,0.045561,23.7870,0.8200,-1.0566,-0.1776,3
1776680091.077730,948,1776680091.077730,1776680091.027776,1776680090.628467,1776680091.055434,21.371445,-0.026071,0.006430,0.245000,0.002000,0.000000,-0.506029,0.032300,9.831084,0.062613,-0.057817,0.022115,23.7870,0.8183,-1.0626,-0.1694,3
1776680091.127783,949,1776680091.127783,1776680091.127838,1776680090.628467,1776680091.055434,21.385559,-0.025880,0.005580,0.282000,0.002000,0.000000,-0.799120,0.196191,9.180305,-0.083129,-0.020782,0.094053,23.7870,0.8183,-1.0626,-0.1694,3
1776680091.177706,950,1776680091.177706,1776680091.127838,1776680090.628467,1776680091.055434,21.398590,-0.026107,0.007327,0.261000,-0.006000,0.000000,-0.799120,0.196191,9.180305,-0.083129,-0.020782,0.094053,23.7870,0.8183,-1.0626,-0.1694,3
1776680091.227726,951,1776680091.227726,1776680091.227768,1776680090.628467,1776680091.203922,21.410343,-0.025721,0.005426,0.235000,0.006000,0.000000,0.378027,-0.281127,10.906547,0.015187,-0.010924,0.039167,23.7870,0.8183,-1.0665,-0.1584,3
1776680091.277814,952,1776680091.277814,1776680091.227768,1776680091.229378,1776680091.203922,21.423401,-0.025250,0.002324,0.261000,0.008000,0.000000,0.378027,-0.281127,10.906547,0.015187,-0.010924,0.039167,23.7870,0.8183,-1.0665,-0.1584,3
1776680091.327724,953,1776680091.327724,1776680091.327767,1776680091.229378,1776680091.203922,21.434742,-0.025323,0.003373,0.227000,-0.002000,0.000000,0.314623,-0.185424,9.449469,0.054620,0.058084,0.028509,23.7870,0.8183,-1.0665,-0.1584,3
1776680091.377694,954,1776680091.377694,1776680091.327767,1776680091.229378,1776680091.352450,21.447384,-0.025381,0.004422,0.253000,-0.002000,0.000000,0.314623,-0.185424,9.449469,0.054620,0.058084,0.028509,23.7870,0.8185,-1.0709,-0.1442,3
1776680091.427669,955,1776680091.427669,1776680091.377735,1776680091.229378,1776680091.352450,21.459877,-0.025175,0.002873,0.250000,0.003000,0.000000,-0.515600,0.192602,9.817925,0.061015,-0.070340,0.003730,23.7870,0.8185,-1.0709,-0.1442,3
1776680091.477688,956,1776680091.477688,1776680091.427710,1776680091.229378,1776680091.352450,21.471832,-0.025191,0.003573,0.239000,-0.001000,0.000000,-0.076562,-0.130395,9.335822,-0.012523,0.055952,0.010924,23.7870,0.8185,-1.0709,-0.1442,3
1776680091.527658,957,1776680091.527658,1776680091.477734,1776680091.229378,1776680091.502322,21.484673,-0.025595,0.006421,0.257000,-0.009000,0.000000,-0.490478,-0.199780,9.703082,-0.066344,-0.024246,-0.003730,23.7870,0.8160,-1.0710,-0.1305,3
1776680091.577703,958,1776680091.577703,1776680091.577747,1776680091.229378,1776680091.502322,21.496336,-0.025570,0.006471,0.233000,-0.001000,0.000000,0.565844,-0.135180,10.650541,-0.013056,0.002931,-0.023980,23.7870,0.8160,-1.0710,-0.1305,3
1776680091.627642,959,1776680091.627642,1776680091.577747,1776680091.229378,1776680091.502322,21.509768,-0.025233,0.005172,0.269000,0.005000,0.000000,0.565844,-0.135180,10.650541,-0.013056,0.002931,-0.023980,23.7870,0.8160,-1.0710,-0.1305,3
1776680091.677823,960,1776680091.677823,1776680091.627684,1776680091.229378,1776680091.651358,21.522161,-0.025270,0.005825,0.247000,-0.002000,0.000000,-0.907982,0.238061,9.177912,-0.078866,-0.022647,0.006128,23.7870,0.8126,-1.0703,-0.1180,3
1776680091.727695,961,1776680091.727695,1776680091.727740,1776680091.229378,1776680091.651358,21.533930,-0.024852,0.003531,0.236000,0.007000,0.000000,0.064599,-0.703417,10.529716,0.067143,-0.006128,0.007460,23.7870,0.8126,-1.0703,-0.1180,3
1776680091.777728,962,1776680091.777728,1776680091.727740,1776680091.229378,1776680091.651358,21.546888,-0.024706,0.002980,0.259000,0.002000,0.000000,0.064599,-0.703417,10.529716,0.067143,-0.006128,0.007460,23.7870,0.8126,-1.0703,-0.1180,3
1776680091.827700,963,1776680091.827700,1776680091.827743,1776680091.828453,1776680091.800288,21.558134,-0.025172,0.005729,0.225000,-0.010000,0.000000,0.925926,0.471337,11.394631,-0.030641,-0.033571,0.006128,23.7860,0.8075,-1.0700,-0.1091,3
1776680091.877673,964,1776680091.877673,1776680091.827743,1776680091.828453,1776680091.800288,21.571079,-0.025498,0.008677,0.259000,-0.008000,0.000000,0.925926,0.471337,11.394631,-0.030641,-0.033571,0.006128,23.7860,0.8075,-1.0700,-0.1091,3
1776680091.927688,965,1776680091.927688,1776680091.877727,1776680091.828453,1776680091.800288,21.583035,-0.025594,0.010328,0.239000,-0.004000,0.000000,-0.424682,0.330175,9.849029,0.054087,-0.072205,-0.053821,23.7860,0.8075,-1.0700,-0.1091,3
1776680091.977655,966,1776680091.977655,1776680091.977700,1776680091.828453,1776680091.948994,21.596172,-0.025259,0.008829,0.263000,0.004000,0.000000,-0.772801,0.101684,9.447077,-0.075935,-0.016786,-0.061548,23.7860,0.8057,-1.0701,-0.1007,3
1776680092.027675,967,1776680092.027675,1776680091.977700,1776680091.828453,1776680091.948994,21.609282,-0.025543,0.011680,0.262000,-0.008000,0.000000,-0.772801,0.101684,9.447077,-0.075935,-0.016786,-0.061548,23.7860,0.8057,-1.0701,-0.1007,3
1776680092.077715,968,1776680092.077715,1776680092.027717,1776680091.828453,1776680091.948994,21.621290,-0.025353,0.011280,0.240000,0.001000,0.000000,-0.300268,-0.232080,9.077424,0.097517,0.021848,-0.122562,23.7860,0.8057,-1.0701,-0.1007,3
1776680092.127669,969,1776680092.127669,1776680092.077809,1776680091.828453,1776680092.098000,21.634525,-0.024954,0.009531,0.265000,0.005000,0.000000,-0.378027,-0.360082,10.149297,-0.012789,0.009858,-0.127358,23.7860,0.8021,-1.0656,-0.0940,3
1776680092.177716,970,1776680092.177716,1776680092.127711,1776680091.828453,1776680092.098000,21.647139,-0.025034,0.011283,0.252000,-0.004000,0.000000,-0.305053,0.093310,9.332232,-0.064478,0.000000,0.002931,23.7860,0.8021,-1.0656,-0.0940,3
1776680092.227618,971,1776680092.227618,1776680092.177760,1776680091.828453,1776680092.098000,21.659210,-0.024448,0.008089,0.242000,0.009000,0.000000,0.357690,0.430663,10.752225,-0.025312,0.000799,-0.019450,23.7860,0.8021,-1.0656,-0.0940,3
1776680092.277658,972,1776680092.277658,1776680092.227657,1776680091.828453,1776680092.246858,21.672617,-0.024040,0.006337,0.268000,0.006000,0.000000,-0.180639,-0.659154,10.949613,0.058084,-0.043696,-0.031173,23.7860,0.7970,-1.0605,-0.0862,3
1776680092.327652,973,1776680092.327652,1776680092.277707,1776680091.828453,1776680092.246858,21.683666,-0.024170,0.007437,0.221000,-0.004000,0.000000,-0.166284,-0.480907,9.737774,-0.007727,0.028776,0.041032,23.7860,0.7970,-1.0605,-0.0862,3
1776680092.377629,974,1776680092.377629,1776680092.327691,1776680091.828453,1776680092.246858,21.696512,-0.024374,0.009336,0.257000,-0.006000,0.000000,0.715379,0.215332,11.373098,-0.015454,-0.051689,0.042630,23.7860,0.7970,-1.0605,-0.0862,3
1776680092.427599,975,1776680092.427599,1776680092.377674,1776680091.828453,1776680092.395361,21.708706,-0.024310,0.010036,0.244000,-0.001000,0.000000,-0.525170,0.184228,9.858599,0.056219,-0.074870,0.001599,23.7860,0.7951,-1.0588,-0.0811,3
1776680092.477829,976,1776680092.477829,1776680092.427642,1776680092.428811,1776680092.395361,21.721462,-0.024031,0.008579,0.254000,0.003000,0.000000,-0.050244,0.120825,9.558331,-0.050890,0.074870,0.025578,23.7850,0.7951,-1.0588,-0.0811,3
1776680092.527604,977,1776680092.527604,1776680092.477876,1776680092.428811,1776680092.395361,21.734453,-0.023970,0.009077,0.261000,-0.001000,0.000000,-0.512011,0.053833,9.474591,-0.077268,-0.014121,0.026111,23.7850,0.7951,-1.0588,-0.0811,3
1776680092.577617,978,1776680092.577617,1776680092.527644,1776680092.428811,1776680092.544519,21.746204,-0.023813,0.008677,0.235000,0.001000,0.000000,-0.394775,-0.178247,9.370514,0.077534,-0.001066,-0.029841,23.7850,0.7931,-1.0559,-0.0764,3
1776680092.627647,979,1776680092.627647,1776680092.577662,1776680092.428811,1776680092.544519,21.759861,-0.023594,0.007827,0.273000,0.002000,0.000000,0.281127,-0.313427,10.679252,0.007194,-0.003464,0.008260,23.7850,0.7931,-1.0559,-0.0764,3
1776680092.677613,980,1776680092.677613,1776680092.627688,1776680092.428811,1776680092.544519,21.772202,-0.023598,0.008926,0.247000,-0.002000,0.000000,-0.985740,0.185424,9.279596,-0.066876,-0.041032,0.033838,23.7850,0.7931,-1.0559,-0.0764,3
1776680092.727689,981,1776680092.727689,1776680092.677662,1776680092.428811,1776680092.692535,21.784166,-0.023140,0.006322,0.239000,0.007000,0.000000,0.880467,-0.141162,9.762897,0.034904,0.052222,0.001066,23.7850,0.7886,-1.0527,-0.0746,3
1776680092.777668,982,1776680092.777668,1776680092.727730,1776680092.428811,1776680092.692535,21.796659,-0.022862,0.004672,0.250000,0.004000,0.000000,-0.246435,-0.619677,10.609867,0.084195,-0.034371,-0.007727,23.7850,0.7886,-1.0527,-0.0746,3
1776680092.827694,983,1776680092.827694,1776680092.827735,1776680092.428811,1776680092.692535,21.808018,-0.023159,0.007074,0.227000,-0.007000,0.000000,0.657958,0.145947,12.113600,-0.040232,-0.070607,0.050091,23.7850,0.7886,-1.0527,-0.0746,3
1776680092.877664,984,1776680092.877664,1776680092.877713,1776680092.428811,1776680092.841657,21.821312,-0.023464,0.009322,0.266000,-0.008000,0.000000,-0.429467,-0.111255,9.661212,0.068742,-0.037302,0.027710,23.7850,0.7851,-1.0497,-0.0725,3
1776680092.927619,985,1776680092.927619,1776680092.927659,1776680092.428811,1776680092.841657,21.833849,-0.023198,0.008523,0.251000,0.003000,0.000000,0.318212,0.385204,9.447077,-0.070873,0.091122,0.091922,23.7850,0.7851,-1.0497,-0.0725,3
1776680092.977649,986,1776680092.977649,1776680092.927659,1776680092.428811,1776680092.841657,21.847206,-0.023034,0.007873,0.267000,0.001000,0.000000,0.318212,0.385204,9.447077,-0.070873,0.091122,0.091922,23.7850,0.7851,-1.0497,-0.0725,3
1776680093.027626,987,1776680093.027626,1776680093.027667,1776680093.028406,1776680092.990069,21.860252,-0.023131,0.009522,0.261000,-0.004000,0.000000,-0.409130,0.029907,9.541583,0.076202,-0.023180,-0.015454,23.7860,0.7818,-1.0480,-0.0741,3
1776680093.077643,988,1776680093.077643,1776680093.027667,1776680093.028406,1776680092.990069,21.872005,-0.022969,0.009272,0.235000,0.001000,0.000000,-0.409130,0.029907,9.541583,0.076202,-0.023180,-0.015454,23.7860,0.7818,-1.0480,-0.0741,3
1776680093.127668,989,1776680093.127668,1776680093.077686,1776680093.028406,1776680092.990069,21.885458,-0.022444,0.006470,0.269000,0.008000,0.000000,0.113647,-0.389989,10.660111,0.025312,-0.006128,0.017851,23.7860,0.7818,-1.0480,-0.0741,3
1776680093.177639,990,1776680093.177639,1776680093.177683,1776680093.028406,1776680093.138759,21.897551,-0.022316,0.006121,0.242000,0.001000,0.000000,0.405541,-0.204565,9.465021,0.052222,0.052755,0.026644,23.7860,0.7783,-1.0458,-0.0784,3
1776680093.227613,991,1776680093.227613,1776680093.227655,1776680093.028406,1776680093.138759,21.909542,-0.021843,0.003372,0.240000,0.008000,0.000000,-0.050244,-0.513207,10.547660,0.062347,-0.005329,0.009592,23.7860,0.7783,-1.0458,-0.0784,3
1776680093.277631,992,1776680093.277631,1776680093.277676,1776680093.028406,1776680093.138759,21.922447,-0.021749,0.002672,0.258000,0.001000,0.000000,-0.083740,-0.160302,9.281989,-0.016519,0.058084,0.025045,23.7860,0.7783,-1.0458,-0.0784,3
1776680093.327605,993,1776680093.327605,1776680093.277676,1776680093.028406,1776680093.287582,21.933493,-0.022219,0.006020,0.221000,-0.010000,0.000000,-0.083740,-0.160302,9.281989,-0.016519,0.058084,0.025045,23.7860,0.7740,-1.0459,-0.0805,3
1776680093.377621,994,1776680093.377621,1776680093.327650,1776680093.028406,1776680093.287582,21.946598,-0.022541,0.008421,0.262000,-0.008000,0.000000,0.918748,0.334960,11.560915,-0.015187,-0.050624,-0.019450,23.7860,0.7740,-1.0459,-0.0805,3
1776680093.427549,995,1776680093.427549,1776680093.377665,1776680093.028406,1776680093.287582,21.958530,-0.022440,0.008371,0.239000,0.000000,0.000000,-0.455785,0.244043,9.772467,0.047160,-0.070074,-0.055153,23.7860,0.7740,-1.0459,-0.0805,3
1776680093.477591,996,1776680093.477591,1776680093.427592,1776680093.028406,1776680093.436005,21.971540,-0.022281,0.008021,0.260000,0.001000,0.000000,0.367260,0.110058,9.284382,-0.067942,0.104178,0.000000,23.7860,0.7668,-1.0450,-0.0809,3
1776680093.527612,997,1776680093.527612,1776680093.477634,1776680093.028406,1776680093.436005,21.984297,-0.022179,0.007921,0.255000,0.000000,0.000000,-0.882860,0.208154,9.078620,-0.076735,-0.021315,0.006661,23.7860,0.7668,-1.0450,-0.0809,3
1776680093.577617,998,1776680093.577617,1776680093.527651,1776680093.028406,1776680093.436005,21.995544,-0.021640,0.005270,0.225000,0.009000,0.000000,-0.456982,-0.186621,8.999665,0.075136,0.035170,-0.018118,23.7860,0.7668,-1.0450,-0.0809,3
1776680093.627540,999,1776680093.627540,1776680093.627580,1776680093.628341,1776680093.584646,22.008923,-0.021469,0.004472,0.268000,0.002000,0.000000,-0.783568,0.282324,9.421954,-0.063146,-0.048492,0.026111,23.7850,0.7595,-1.0446,-0.0815,3
1776680093.677550,1000,1776680093.677550,1776680093.627580,1776680093.628341,1776680093.584646,22.020926,-0.021816,0.006872,0.240000,-0.008000,0.000000,-0.783568,0.282324,9.421954,-0.063146,-0.048492,0.026111,23.7850,0.7595,-1.0446,-0.0815,3
1776680093.727535,1001,1776680093.727535,1776680093.677600,1776680093.628341,1776680093.584646,22.033522,-0.021729,0.007322,0.252000,0.000000,0.000000,0.964207,0.291894,11.353957,-0.015187,-0.028243,0.000799,23.7850,0.7595,-1.0446,-0.0815,3
1776680093.777526,1002,1776680093.777526,1776680093.727592,1776680093.628341,1776680093.733504,22.045820,-0.021639,0.007322,0.246000,0.000000,0.000000,-0.649584,-0.226098,10.126567,0.090323,-0.037834,-0.052489,23.7850,0.7552,-1.0467,-0.0845,3
1776680093.827770,1003,1776680093.827770,1776680093.827805,1776680093.628341,1776680093.733504,22.057329,-0.021957,0.009884,0.229000,-0.008000,0.000000,0.546703,0.257202,11.394631,-0.068475,-0.053288,-0.055952,23.7850,0.7552,-1.0467,-0.0845,3
1776680093.877591,1004,1776680093.877591,1776680093.827805,1776680093.628341,1776680093.733504,22.070189,-0.022428,0.013920,0.258000,-0.012000,0.000000,0.546703,0.257202,11.394631,-0.068475,-0.053288,-0.055952,23.7850,0.7552,-1.0467,-0.0845,3
1776680093.927513,1005,1776680093.927513,1776680093.927557,1776680093.628341,1776680093.881919,22.082720,-0.022353,0.014419,0.251000,-0.002000,0.000000,0.052637,0.535936,9.326251,-0.093787,0.101780,-0.061548,23.7850,0.7503,-1.0465,-0.0888,3
1776680093.977606,1006,1776680093.977606,1776680093.977654,1776680093.628341,1776680093.881919,22.096386,-0.021655,0.011313,0.273000,0.010000,0.000000,-0.315820,0.082544,9.494928,-0.067676,-0.010125,0.006128,23.7850,0.7503,-1.0465,-0.0888,3
1776680094.027503,1007,1776680094.027503,1776680094.027558,1776680093.628341,1776680093.881919,22.109409,-0.021558,0.011713,0.261000,-0.001000,0.000000,-0.130395,-0.765624,8.454159,0.118299,0.077268,-0.053554,23.7850,0.7503,-1.0465,-0.0888,3
1776680094.077502,1008,1776680094.077502,1776680094.077543,1776680093.628341,1776680094.031717,22.121304,-0.021018,0.008862,0.238000,0.008000,0.000000,-0.253613,-0.634032,11.016604,0.053554,-0.039167,-0.033838,23.7850,0.7438,-1.0462,-0.0907,3
1776680094.127597,1009,1776680094.127597,1776680094.077543,1776680093.628341,1776680094.031717,22.135128,-0.020745,0.008211,0.276000,0.003000,0.000000,-0.253613,-0.634032,11.016604,0.053554,-0.039167,-0.033838,23.7850,0.7438,-1.0462,-0.0907,3
1776680094.177537,1010,1776680094.177537,1776680094.177592,1776680093.628341,1776680094.180476,22.147163,-0.020846,0.009210,0.241000,-0.004000,0.000000,0.712987,0.204565,11.187674,-0.011190,-0.042098,0.035437,23.7850,0.7369,-1.0448,-0.0937,3
1776680094.229100,1011,1776680094.229100,1776680094.229159,1776680094.230478,1776680094.180476,22.159588,-0.020526,0.007869,0.241000,0.004000,0.000000,-0.238061,-0.192602,10.579960,0.087925,-0.040499,-0.004529,23.7840,0.7369,-1.0448,-0.0937,3
1776680094.277520,1012,1776680094.277520,1776680094.229159,1776680094.230478,1776680094.180476,22.171354,-0.020385,0.007579,0.243000,0.001000,0.000000,-0.238061,-0.192602,10.579960,0.087925,-0.040499,-0.004529,23.7840,0.7369,-1.0448,-0.0937,3
1776680094.328052,1013,1776680094.328052,1776680094.328092,1776680094.230478,1776680094.327421,22.182825,-0.020500,0.008842,0.227000,-0.004000,0.000000,0.592162,0.061011,11.619534,-0.047160,-0.058084,0.009325,23.7840,0.7319,-1.0436,-0.0989,3
1776680094.377481,1014,1776680094.377481,1776680094.328092,1776680094.230478,1776680094.327421,22.196074,-0.020580,0.010572,0.268000,-0.004000,0.000000,0.592162,0.061011,11.619534,-0.047160,-0.058084,0.009325,23.7840,0.7319,-1.0436,-0.0989,3
1776680094.427579,1015,1776680094.427579,1776680094.377517,1776680094.230478,1776680094.327421,22.207994,-0.020404,0.009971,0.238000,0.001000,0.000000,-0.422289,-0.220117,9.310699,0.075669,0.000799,-0.026910,23.7840,0.7319,-1.0436,-0.0989,3
1776680094.478100,1016,1776680094.478100,1776680094.427628,1776680094.230478,1776680094.477139,22.221682,-0.019965,0.008203,0.271000,0.006000,0.000000,0.739305,0.564647,9.546369,-0.087392,0.070074,0.051956,23.7840,0.7269,-1.0417,-0.1031,3
1776680094.527477,1017,1776680094.527477,1776680094.527512,1776680094.230478,1776680094.477139,22.234276,-0.020108,0.009981,0.255000,-0.005000,0.000000,-0.090918,-0.312231,9.114509,0.082863,0.054887,-0.004529,23.7840,0.7269,-1.0417,-0.1031,3
1776680094.577490,1018,1776680094.577490,1776680094.527512,1776680094.230478,1776680094.477139,22.245775,-0.019743,0.008130,0.230000,0.005000,0.000000,-0.090918,-0.312231,9.114509,0.082863,0.054887,-0.004529,23.7840,0.7269,-1.0417,-0.1031,3
1776680094.627586,1019,1776680094.627586,1776680094.577535,1776680094.230478,1776680094.625669,22.258797,-0.019287,0.006076,0.260000,0.007000,0.000000,-0.248828,-0.624462,10.518950,0.084728,-0.031706,0.005595,23.7840,0.7220,-1.0379,-0.1042,3
1776680094.677527,1020,1776680094.677527,1776680094.627629,1776680094.230478,1776680094.625669,22.270334,-0.019417,0.007425,0.231000,-0.004000,0.000000,-0.632836,0.050244,9.457843,-0.039167,-0.051689,0.039433,23.7840,0.7220,-1.0379,-0.1042,3
1776680094.727469,1021,1776680094.727469,1776680094.727503,1776680094.230478,1776680094.625669,22.282970,-0.019373,0.007824,0.253000,-0.001000,0.000000,-0.614891,-0.252416,10.071538,0.089257,-0.059683,0.039167,23.7840,0.7220,-1.0379,-0.1042,3
1776680094.777468,1022,1776680094.777468,1776680094.727503,1776680094.230478,1776680094.774480,22.295919,-0.019271,0.007824,0.259000,0.000000,0.000000,-0.614891,-0.252416,10.071538,0.089257,-0.059683,0.039167,23.7840,0.7183,-1.0320,-0.1016,3
1776680094.827511,1023,1776680094.827511,1776680094.777517,1776680094.828274,1776680094.774480,22.307934,-0.019628,0.010677,0.240000,-0.009000,0.000000,0.354101,0.406738,9.442291,-0.073537,0.093787,0.080998,23.7840,0.7183,-1.0320,-0.1016,3
1776680094.877558,1024,1776680094.877558,1776680094.827552,1776680094.828274,1776680094.774480,22.321449,-0.019884,0.013680,0.270000,-0.008000,0.000000,0.525170,0.381615,11.727199,-0.038900,-0.073537,0.045028,23.7840,0.7183,-1.0320,-0.1016,3
1776680094.927466,1025,1776680094.927466,1776680094.877597,1776680094.828274,1776680094.924728,22.333576,-0.019668,0.012881,0.243000,0.001000,0.000000,-0.431860,0.032300,9.558331,0.073005,-0.025845,-0.033305,23.7840,0.7164,-1.0242,-0.0973,3
1776680094.977494,1026,1776680094.977494,1776680094.977545,1776680094.828274,1776680094.924728,22.346626,-0.019100,0.010530,0.261000,0.008000,0.000000,-0.912767,0.148340,9.199445,-0.079399,-0.033571,0.034104,23.7840,0.7164,-1.0242,-0.0973,3
1776680095.027457,1027,1776680095.027457,1776680095.027503,1776680094.828274,1776680094.924728,22.359318,-0.019166,0.012129,0.254000,-0.004000,0.000000,-0.410326,-0.028711,9.076227,0.075669,0.035703,-0.004529,23.7840,0.7164,-1.0242,-0.0973,3
1776680095.077539,1028,1776680095.077539,1776680095.077577,1776680094.828274,1776680095.072200,22.370781,-0.018576,0.008923,0.229000,0.009000,0.000000,-0.039477,-0.430663,10.694803,0.049291,-0.003464,0.009592,23.7840,0.7115,-1.0130,-0.0934,3
1776680095.127927,1029,1776680095.127927,1776680095.127993,1776680094.828274,1776680095.072200,22.384232,-0.018204,0.007563,0.267000,0.005000,0.000000,-0.778783,0.321801,9.384870,-0.053554,-0.047426,0.029841,23.7840,0.7115,-1.0130,-0.0934,3
1776680095.177530,1030,1776680095.177530,1776680095.177570,1776680094.828274,1776680095.072200,22.396040,-0.018462,0.009646,0.238000,-0.007000,0.000000,0.890037,0.263183,11.185281,-0.006128,-0.032506,-0.018384,23.7840,0.7115,-1.0130,-0.0934,3
1776680095.227430,1031,1776680095.227430,1776680095.227470,1776680094.828274,1776680095.220497,22.408615,-0.018391,0.009846,0.252000,-0.001000,0.000000,-0.696239,-0.273950,9.788018,0.090323,-0.034637,-0.036769,23.7840,0.7101,-1.0039,-0.0896,3
1776680095.277413,1032,1776680095.277413,1776680095.277456,1776680094.828274,1776680095.220497,22.420856,-0.017920,0.007896,0.245000,0.007000,0.000000,0.259594,0.038281,9.197053,-0.058350,0.100714,0.003197,23.7840,0.7101,-1.0039,-0.0896,3
1776680095.327439,1033,1776680095.327439,1776680095.277456,1776680094.828274,1776680095.220497,22.432062,-0.017932,0.008297,0.224000,-0.002000,0.000000,0.259594,0.038281,9.197053,-0.058350,0.100714,0.003197,23.7840,0.7101,-1.0039,-0.0896,3
1776680095.377471,1034,1776680095.377471,1776680095.377522,1776680094.828274,1776680095.368868,22.444921,-0.018125,0.010448,0.257000,-0.006000,0.000000,-0.439037,0.009570,9.339411,0.060748,0.011190,-0.015454,23.7840,0.7087,-0.9978,-0.0872,3
1776680095.427430,1035,1776680095.427430,1776680095.377522,1776680094.828274,1776680095.368868,22.456312,-0.018006,0.010698,0.228000,0.000000,0.000000,-0.439037,0.009570,9.339411,0.060748,0.011190,-0.015454,23.7840,0.7087,-0.9978,-0.0872,3
1776680095.477492,1036,1776680095.477492,1776680095.477551,1776680095.429023,1776680095.368868,22.470072,-0.017559,0.008395,0.275000,0.006000,0.000000,-0.779979,0.297875,9.527227,-0.068209,-0.055686,0.022381,23.7820,0.7087,-0.9978,-0.0872,3
