timestamp,frame,odom_time,imu_time,voltage_time,current_time,x,y,z,vx,vy,vz,ax,ay,az,gx,gy,gz,voltage,current0,current1,current2,fault_label
1776691042.422359,100,1776691042.422359,1776691042.372326,1776691042.12272,1776691042.33253,0.39657940782602696,0.12405266335643289,0.2637775484826838,0.9097222222222223,-0.06666666666666667,0.0,-0.061281386773217345,-0.24595843179045238,0.6158320767958905,0.5217391304347826,-0.08532414464498445,-0.389659562585488,1.0,0.1077702338614075,-0.7604189395592407,-0.2852653631284916,2
1776691042.472441,101,1776691042.472441,1776691042.472493,1776691042.12272,1776691042.33253,0.397153310269202,0.13016247780911785,0.14056671164378126,0.8819444444444445,0.7333333333333333,0.0,0.4865364121884414,-0.8302541351989992,0.8069622844237377,0.2591333067890315,-0.3993172531287228,-0.9407299076611434,1.0,0.1077702338614075,-0.7604189395592407,-0.2852653631284916,2
1776691042.522432,102,1776691042.522432,1776691042.472493,1776691042.12272,1776691042.48071,0.39773782047343925,0.12942353269832116,0.0810381776331455,0.8993055555555557,-0.2,0.0,0.4865364121884414,-0.8302541351989992,0.8069622844237377,0.2591333067890315,-0.3993172531287228,-0.9407299076611434,1.0,0.11488306929626038,-0.767728562077242,-0.29748603351955305,2
1776691042.572456,103,1776691042.572456,1776691042.572495,1776691042.12272,1776691042.48071,0.39830919510972285,0.12481864304445386,-0.004973939730666455,0.8784722222222223,-0.7333333333333333,0.0,-0.05571013993314193,-0.11547379110102086,0.8024797284428122,-0.08347747759508625,0.153586022262928,-0.8852461344048617,1.0,0.11488306929626038,-0.767728562077242,-0.29748603351955305,2
1776691042.672508,105,1776691042.672508,1776691042.672552,1776691042.12272,1776691042.629303,0.39948557324182793,0.10752552514666258,-0.06455538799375612,0.8750000000000001,-0.8666666666666667,0.0,-0.5060349999728346,-0.5184761540718775,0.8344300480895143,-0.24000182764045092,0.3208205771965107,-0.5838598683307539,1.0,0.12296583683586593,-0.7753654811259001,-0.29993016759776536,2
1776691042.722511,106,1776691042.722511,1776691042.672552,1776691042.72332,1776691042.629303,0.4000453470500562,0.10770575566149106,-0.0791068074185782,0.8611111111111112,0.06666666666666667,0.0,-0.5060349999728346,-0.5184761540718775,0.8344300480895143,-0.24000182764045092,0.3208205771965107,-0.5838598683307539,0.9998336314103898,0.12296583683586593,-0.7753654811259001,-0.29993016759776536,2
1776691042.772564,107,1776691042.772564,1776691042.722554,1776691042.72332,1776691042.629303,0.4006485901089354,0.10734529463183412,-0.0791068074185782,0.9270833333333335,0.0,0.0,0.13463354964797453,0.12240150427033622,0.876871661452498,0.05043634915765357,-0.06313807370591928,-0.538461902530681,0.9998336314103898,0.12296583683586593,-0.7753654811259001,-0.29993016759776536,2
1776691042.822577,108,1776691042.822577,1776691042.772607,1776691042.72332,1776691042.777779,0.4011994714536348,0.10971532590182845,-0.1373124851178665,0.8472222222222223,0.4,0.0,0.03528326972735973,-0.1293301827055244,0.7266571246091565,0.333909910380345,-0.005117399157134257,-0.5876414545144756,0.9998336314103898,0.13374286022200668,-0.7819114117390356,-0.28945530726256985,2
1776691042.872615,109,1776691042.872615,1776691042.872656,1776691042.72332,1776691042.777779,0.4017958081829714,0.1122565761609098,-0.20350821493769347,0.9166666666666667,0.4666666666666667,0.0,-0.05385357509036395,0.2586603654110488,0.7963757986782657,0.07999843345104207,-0.14675855355015563,-0.780578076265932,0.9998336314103898,0.13374286022200668,-0.7819114117390356,-0.28945530726256985,2
1776691042.922691,110,1776691042.922691,1776691042.922737,1776691042.72332,1776691042.777779,0.40239941235712084,0.11358127044489903,-0.24988755721353548,0.9270833333333335,0.33333333333333337,0.0,-0.09656465650057708,-0.020785070039691732,0.7395326836729803,-0.04521451929792497,0.10751021558404959,-0.7780554411771666,0.9998336314103898,0.13374286022200668,-0.7819114117390356,-0.28945530726256985,2
1776691042.972669,111,1776691042.972669,1776691042.922737,1776691042.72332,1776691042.925999,0.4029501131441851,0.11840243671656048,-0.37550599253909045,0.8472222222222223,0.8666666666666667,0.0,-0.09656465650057708,-0.020785070039691732,0.7395326836729803,-0.04521451929792497,0.10751021558404959,-0.7780554411771666,0.9998336314103898,0.14689082875309842,-0.7844206851407375,-0.28002793296089384,2
1776691043.022692,112,1776691043.022692,1776691043.022736,1776691042.72332,1776691042.925999,0.4035260017213463,0.11947480827978986,-0.440352408921343,0.8854166666666667,0.4,0.0,0.07799435113757286,-0.3591223416577862,0.6679065016554564,0.3165212169474488,0.6075102155840496,-0.6771737021208121,0.9998336314103898,0.14689082875309842,-0.7844206851407375,-0.28002793296089384,2
1776691043.072708,113,1776691043.072708,1776691043.022736,1776691042.72332,1776691042.925999,0.4040614002488355,0.12265587686651228,-0.5303330952191974,0.8229166666666667,0.7333333333333333,0.0,0.07799435113757286,-0.3591223416577862,0.6679065016554564,0.3165212169474488,0.6075102155840496,-0.6771737021208121,0.9998336314103898,0.14689082875309842,-0.7844206851407375,-0.28002793296089384,2
1776691043.122683,114,1776691043.122683,1776691043.122726,1776691042.72332,1776691043.075887,0.40466175438555313,0.12430498607719274,-0.6056829907135487,0.9236111111111113,0.6,0.0,0.2209839948897898,-0.08891450061004803,0.7385789296987729,-0.11130330346011501,-0.3242343115528969,-0.21563560465149298,0.9998336314103898,0.16187089125983403,-0.7869299585424395,-0.27479050279329614,2
1776691043.172774,115,1776691043.172774,1776691043.17282,1776691042.72332,1776691043.075887,0.4052403964666496,0.12166460903495571,-0.6110008730851655,0.888888888888889,0.0,0.0,-0.18013025447822537,-0.3487302892708768,0.60505480836545,-0.02956208429338851,0.5887378790013706,-0.41992645075182095,0.9998336314103898,0.16187089125983403,-0.7869299585424395,-0.27479050279329614,2
1776691043.22282,116,1776691043.22282,1776691043.17282,1776691042.72332,1776691043.223403,0.40584327841025863,0.11752831871964242,-0.5858401460433368,0.9270833333333335,-0.2,0.0,-0.18013025447822537,-0.3487302892708768,0.60505480836545,-0.02956208429338851,0.5887378790013706,-0.41992645075182095,0.9998336314103898,0.17340230628300463,-0.7884573423521711,-0.27129888268156427,2
1776691043.272783,117,1776691043.272783,1776691043.272827,1776691042.72332,1776691043.223403,0.4064452124262834,0.11396876605178023,-0.5620551895653094,0.9270833333333335,-0.13333333333333333,0.0,0.013927340944317804,0.0646650913527622,0.7385789296987729,-0.12869852418033587,-0.2423174965094086,-0.3934411487692096,0.9998336314103898,0.17340230628300463,-0.7884573423521711,-0.27129888268156427,2
1776691043.322807,118,1776691043.322807,1776691043.272827,1776691043.323335,1776691043.223403,0.4069871110286364,0.11257197956185962,-0.5792523216128265,0.8333333333333334,0.13333333333333333,0.0,0.013927340944317804,0.0646650913527622,0.7385789296987729,-0.12869852418033587,-0.2423174965094086,-0.3934411487692096,0.9997504471155846,0.17340230628300463,-0.7884573423521711,-0.27129888268156427,2
1776691043.372899,119,1776691043.372899,1776691043.322852,1776691043.323335,1776691043.371743,0.40753866946446743,0.11015689066315819,-0.5845437468582163,0.8472222222222223,0.0,0.0,-0.23119742999268086,-0.1870665956230984,0.9409632428815057,0.30261156765859676,-0.288393303188287,-0.33543474042416244,0.9997504471155846,0.1870891259834034,-0.7919485053458434,-0.2629189944134078,2
1776691043.422866,120,1776691043.422866,1776691043.372956,1776691043.323335,1776691043.371743,0.40809122096729156,0.10817435500004506,-0.5964494536603435,0.8506944444444445,0.06666666666666667,0.0,0.1634165139579991,0.11085499389951968,0.759561198230066,0.001736258428359758,0.047779471479626474,-0.6292578341308267,0.9997504471155846,0.1870891259834034,-0.7919485053458434,-0.2629189944134078,2
1776691043.472944,121,1776691043.472944,1776691043.422908,1776691043.323335,1776691043.371743,0.4086202999775522,0.10849876992673631,-0.6560573590496601,0.8125000000000001,0.4,0.0,0.04828232825028854,0.06697497258644922,0.7782546326189599,-0.005215302572403935,0.0034137343563861817,-0.6557384032145849,0.9997504471155846,0.1870891259834034,-0.7919485053458434,-0.2629189944134078,2
1776691043.572993,123,1776691043.572993,1776691043.57304,1776691043.323335,1776691043.520399,0.40974494834720027,0.10684064919031441,-0.7315130830489193,0.8784722222222223,0.26666666666666666,0.0,0.05478185751175295,0.020785070039691732,0.8070576359035633,-0.02956208429338851,-0.0017036648007480756,-0.7339211593709031,0.9997504471155846,0.20390128246578296,-0.7946759764346498,-0.2681564245810056,2
1776691043.623017,124,1776691043.623017,1776691043.57304,1776691043.323335,1776691043.520399,0.4103496810065691,0.10214564427903289,-0.6957695055163108,0.9305555555555557,-0.2,0.0,0.05478185751175295,0.020785070039691732,0.8070576359035633,-0.02956208429338851,-0.0017036648007480756,-0.7339211593709031,0.9997504471155846,0.20390128246578296,-0.7946759764346498,-0.2681564245810056,2
1776691043.673056,125,1776691043.673056,1776691043.673105,1776691043.323335,1776691043.669306,0.41091419445271876,0.09918085231010462,-0.6918009365822685,0.8680555555555556,0.0,0.0,0.16527385495664781,0.41570429659145314,0.7074868530958178,-0.46782373713308484,0.43173812238205644,-0.528371362175619,0.9997504471155846,0.22071343894816253,-0.7991490290202925,-0.2751396648044693,2
1776691043.723075,126,1776691043.723075,1776691043.723116,1776691043.323335,1776691043.669306,0.411491888606231,0.0952608386125855,-0.6746038045347514,0.888888888888889,-0.13333333333333333,0.0,-0.08820778624046396,-0.05427207369997992,0.7536480511504882,-0.03304112843743268,-0.02559980529545134,-0.6822189722983429,0.9997504471155846,0.22071343894816253,-0.7991490290202925,-0.2751396648044693,2
1776691043.77305,127,1776691043.77305,1776691043.723116,1776691043.323335,1776691043.669306,0.4120422734174338,0.09335940668114519,-0.6798952297801413,0.8472222222222223,0.13333333333333333,0.0,-0.08820778624046396,-0.05427207369997992,0.7536480511504882,-0.03304112843743268,-0.02559980529545134,-0.6822189722983429,0.9997504471155846,0.22071343894816253,-0.7991490290202925,-0.2751396648044693,2
1776691043.823187,128,1776691043.823187,1776691043.773097,1776691043.323335,1776691043.81741,0.41251993864109887,0.09317016464057529,-0.7316189115538271,0.732638888888889,0.33333333333333337,0.0,-0.006499529261464404,-0.07043834653817047,0.7291368211618418,-0.27478574179356796,-0.19283436022903402,-0.6443889117645667,0.9997504471155846,0.23547796098717536,-0.8002400174558151,-0.2835195530726257,2
1776691043.873159,129,1776691043.873159,1776691043.873208,1776691043.323335,1776691043.81741,0.4130136734942882,0.0899981075795943,-0.734264624176522,0.7604166666666667,-0.06666666666666667,0.0,-0.09563637407918808,-0.21016154689647717,0.7513590575574537,-0.0765193893069979,0.05290327539165076,-0.4842370803693554,0.9997504471155846,0.23547796098717536,-0.8002400174558151,-0.2835195530726257,2
1776691043.923127,130,1776691043.923127,1776691043.873208,1776691043.924152,1776691043.81741,0.4135254641109877,0.08670890068397481,-0.7210360610630474,0.7881944444444445,-0.06666666666666667,0.0,-0.09563637407918808,-0.21016154689647717,0.7513590575574537,-0.0765193893069979,0.05290327539165076,-0.4842370803693554,0.9996672628207794,0.23547796098717536,-0.8002400174558151,-0.2835195530726257,2
1776691043.973472,131,1776691043.973472,1776691043.92318,1776691043.924152,1776691043.965672,0.4140771579650451,0.08143715812524219,-0.681085800460354,0.84375,-0.33333333333333337,0.0,-0.03621155214874872,-0.24942277100804647,0.761087300259179,0.1408719150408282,-0.029007134896947496,-0.5006318419969047,0.9996672628207794,0.24819484858282145,-0.7975125463670085,-0.2988826815642458,2
1776691044.023257,132,1776691044.023257,1776691044.023301,1776691043.924152,1776691043.965672,0.4145691775207008,0.07890491939190224,-0.6784400878376591,0.7604166666666667,0.0,0.0,-0.08449388039903727,0.08314124542463976,0.7484977956348315,0.45565034627259254,0.41808958971140175,-0.21815823974025852,0.9996672628207794,0.24819484858282145,-0.7975125463670085,-0.2988826815642458,2
1776691044.073216,133,1776691044.073216,1776691044.073288,1776691043.924152,1776691043.965672,0.4151077358068045,0.07434508736674207,-0.6506865624255894,0.8298611111111112,-0.26666666666666666,0.0,0.0009282824213889931,-0.2009239524934748,0.7437291054891121,-0.005215302572403935,0.03924833796610604,-0.7061769062933356,0.9996672628207794,0.24819484858282145,-0.7975125463670085,-0.2988826815642458,2
1776691044.123241,134,1776691044.123241,1776691044.073288,1776691043.924152,1776691044.113836,0.4156610546795777,0.07343492326685831,-0.681138714712808,0.8506944444444445,0.26666666666666666,0.0,0.0009282824213889931,-0.2009239524934748,0.7437291054891121,-0.005215302572403935,0.03924833796610604,-0.7061769062933356,0.9996672628207794,0.262097208750943,-0.7940213833733363,-0.31005586592178774,2
1776691044.223312,136,1776691044.223312,1776691044.223398,1776691043.924152,1776691044.113836,0.41670007359077815,0.07111896115131253,-0.7433658755985926,0.8229166666666667,0.13333333333333333,0.0,0.07892263355896184,-0.3787529537135709,0.782355702955266,-0.16521869676181275,0.40102091792947087,-0.37956902223042593,0.9996672628207794,0.262097208750943,-0.7940213833733363,-0.31005586592178774,2
1776691044.273346,137,1776691044.273346,1776691044.223398,1776691043.924152,1776691044.263775,0.41725777098620265,0.06844253800610982,-0.7539487260893722,0.857638888888889,0.06666666666666667,0.0,0.07892263355896184,-0.3787529537135709,0.782355702955266,-0.16521869676181275,0.40102091792947087,-0.37956902223042593,0.9996672628207794,0.27632287962064883,-0.7907484180667685,-0.3194832402234637,2
1776691044.323476,138,1776691044.323476,1776691044.323523,1776691043.924152,1776691044.263775,0.4178637675490172,0.06363939478593121,-0.7274122284837422,0.9305555555555557,-0.2,0.0,0.051996234091715235,-0.019630612055784646,0.7636623482916898,-0.2365227834964067,-0.2849795688319008,-0.727616938098416,0.9996672628207794,0.27632287962064883,-0.7907484180667685,-0.3194832402234637,2
1776691044.373404,139,1776691044.373404,1776691044.323523,1776691043.924152,1776691044.263775,0.41845414587639546,0.060845821806089995,-0.7379950789745218,0.9097222222222223,0.06666666666666667,0.0,0.051996234091715235,-0.019630612055784646,0.7636623482916898,-0.2365227834964067,-0.2849795688319008,-0.727616938098416,0.9996672628207794,0.27632287962064883,-0.7907484180667685,-0.3194832402234637,2
1776691044.423418,140,1776691044.423418,1776691044.373443,1776691043.924152,1776691044.410958,0.4190315240540462,0.05537582568104606,-0.6863772257057439,0.888888888888889,-0.33333333333333337,0.0,-0.08077997455761056,0.47575059074271414,0.6231759744247559,-0.2782582586502875,0.5068274687127724,-0.2597746193566097,0.9996672628207794,0.2897941588533247,-0.7856207724198123,-0.31703910614525144,2
1776691044.473425,141,1776691044.473425,1776691044.473476,1776691043.924152,1776691044.410958,0.4196432081823665,0.05356450900701998,-0.7247400587348203,0.9409722222222223,0.2,0.0,-0.09192169208189066,-0.22286348051707364,0.7180734185666073,-0.15652435004536466,-0.23378636299588815,-0.39091851368044417,0.9996672628207794,0.2897941588533247,-0.7856207724198123,-0.31703910614525144,2
1776691044.623521,144,1776691044.623521,1776691044.623557,1776691044.524027,1776691044.559883,0.4213525924532957,0.04749074065730069,-0.7829986506865625,0.9236111111111113,0.06666666666666667,0.0,0.025998117045857617,0.07967690620704568,0.7183595527314013,-0.16173965261776857,0.1382274200366352,-0.7856233464434631,0.9996256706733768,0.30434314042461474,-0.7786384464324678,-0.31040502793296093,2
1776691044.673574,145,1776691044.673574,1776691044.623557,1776691044.524027,1776691044.559883,0.4219305123038518,0.04271463201434635,-0.7485514723390746,0.888888888888889,-0.2,0.0,0.025998117045857617,0.07967690620704568,0.7183595527314013,-0.16173965261776857,0.1382274200366352,-0.7856233464434631,0.9996256706733768,0.30434314042461474,-0.7786384464324678,-0.31040502793296093,2
1776691044.723796,146,1776691044.723796,1776691044.673623,1776691044.524027,1776691044.708279,0.4225196718671931,0.03938937901576116,-0.7538693547106914,0.9027777777777779,0.0,0.0,0.005571246840075412,-0.5854501613924539,0.8636146167440547,0.8486974798143639,-0.14504848399451753,-0.5523340290694647,0.9996256706733768,0.31458131264144845,-0.7723107135064369,-0.299231843575419,2
1776691044.773578,147,1776691044.773578,1776691044.723843,1776691044.524027,1776691044.708279,0.4230947479349962,0.03656877145869567,-0.7578379236447338,0.888888888888889,0.06666666666666667,0.0,0.10213590334065248,0.15588947319649724,0.7561277477031734,-0.36695756610510233,0.29693084145669746,-0.461538097469319,0.9996256706733768,0.31458131264144845,-0.7723107135064369,-0.299231843575419,2
1776691044.823668,148,1776691044.823668,1776691044.823705,1776691044.524027,1776691044.708279,0.42367989009095636,0.031414178734601554,-0.7233642881710189,0.8993055555555557,-0.26666666666666666,0.0,0.04085451656743514,-0.10969957064973976,0.8338578594852438,-0.18260739019470898,-0.3941998539715885,-0.7969728378934814,0.9996256706733768,0.31458131264144845,-0.7723107135064369,-0.299231843575419,2
1776691044.873711,149,1776691044.873711,1776691044.873757,1776691044.524027,1776691044.856488,0.42424444867651484,0.028782813218105958,-0.735296452099373,0.8680555555555556,0.06666666666666667,0.0,-0.07149482187610845,-0.09468872106132914,0.8121124602140769,-0.15130252018563603,0.11774501389831812,-0.5182855547194101,0.9996256706733768,0.32180191831016275,-0.7621645210560768,-0.2905027932960894,2
1776691044.923745,150,1776691044.923745,1776691044.92379,1776691044.524027,1776691044.856488,0.4247908612197454,0.026196505330317477,-0.7458793025901527,0.8402777777777778,0.06666666666666667,0.0,0.11699152670635929,-0.5415701400793834,0.7742489137624793,0.24173808606881064,-0.0870278094457325,-0.615385707592043,0.9996256706733768,0.32180191831016275,-0.7621645210560768,-0.2905027932960894,2
1776691044.973785,151,1776691044.973785,1776691044.973839,1776691044.524027,1776691044.856488,0.42535564550234767,0.025727905991763465,-0.8080800063497103,0.8680555555555556,0.4,0.0,0.3008356870260114,-0.06004629415126102,0.8035288338968452,-0.32347930523553714,-0.288393303188287,-0.24968407900154768,0.9996256706733768,0.32180191831016275,-0.7621645210560768,-0.2905027932960894,2
1776691045.02397,152,1776691045.02397,1776691045.024006,1776691044.524027,1776691045.005163,0.4259104991150193,0.02233957231298831,-0.7974706987327037,0.8506944444444445,0.0,0.0,-0.1485608905922923,-0.7736721802653322,0.8071530671087063,0.7634772165035932,0.30204824061383173,0.11601281669009451,0.9996256706733768,0.32675934906778753,-0.7530002181976871,-0.2884078212290503,2
1776691045.073906,153,1776691045.073906,1776691045.073952,1776691044.524027,1776691045.005163,0.42649144330596334,0.01659021888996026,-0.752546498399344,0.8958333333333334,-0.33333333333333337,0.0,-0.18013025447822537,0.13510440315680552,0.7951359105392644,-0.01913147914858064,0.09897908207052916,-0.41488118057428996,0.9996256706733768,0.32675934906778753,-0.7530002181976871,-0.2884078212290503,2
1776691045.123868,154,1776691045.123868,1776691045.123917,1776691045.124739,1776691045.005163,0.4270908495150967,0.01184114482423019,-0.730084398232664,0.9236111111111113,-0.2,0.0,-0.1392757379107902,0.28521965590202164,0.7437291054891121,-0.18260739019470898,0.03242086925333367,-0.37956902223042593,0.9995840785259744,0.32675934906778753,-0.7530002181976871,-0.2884078212290503,2
1776691045.173836,155,1776691045.173836,1776691045.123917,1776691045.124739,1776691045.153732,0.42762520983618413,0.008894375906784779,-0.7247929729872742,0.8229166666666667,0.0,0.0,-0.1392757379107902,0.28521965590202164,0.7437291054891121,-0.18260739019470898,0.03242086925333367,-0.37956902223042593,0.9995840785259744,0.3324711714624421,-0.7486362644555968,-0.2786312849162011,2
1776691045.223855,156,1776691045.223855,1776691045.223894,1776691045.124739,1776691045.153732,0.42817803217546085,0.004514774396453064,-0.7023044156943673,0.8506944444444445,-0.2,0.0,-0.06035310435182835,-0.05080869974825866,0.8460657987396543,-0.2017388693432896,0.03583460360971986,-0.4375801634743264,0.9995840785259744,0.3324711714624421,-0.7486362644555968,-0.2786312849162011,2
1776691045.273953,157,1776691045.273953,1776691045.274002,1776691045.124739,1776691045.153732,0.42873861849304706,0.0015499824275248043,-0.7049501283170622,0.8611111111111112,0.0,0.0,0.04271108141021313,0.24249409257285826,0.7706246805506182,-0.07478313087863815,0.02730347009619942,-0.5233308248969412,0.9995840785259744,0.3324711714624421,-0.7486362644555968,-0.2786312849162011,2
1776691045.323969,158,1776691045.323969,1776691045.324017,1776691045.124739,1776691045.302513,0.42929599991261014,-0.002324973641287206,-0.6877529962695452,0.857638888888889,-0.13333333333333333,0.0,0.06778091603468175,-0.04272556332916338,0.8148783706568736,-0.1408719150408282,-0.39761358832797467,-0.5737693279756918,0.9995840785259744,0.3396917771311564,-0.7426358280602225,-0.2604748603351955,2
1776691045.37406,159,1776691045.37406,1776691045.374111,1776691045.124739,1776691045.302513,0.42985130491936957,-0.005199650352801234,-0.6943672778262826,0.8541666666666667,0.0,0.0,-0.016712964364355508,0.002309881233687007,0.8256557188126318,-0.2243493926359144,0.18771055631700975,-0.5422434887144026,0.9995840785259744,0.3396917771311564,-0.7426358280602225,-0.2604748603351955,2
1776691045.423934,160,1776691045.423934,1776691045.423969,1776691045.124739,1776691045.302513,0.43042150593102496,-0.007740900611882598,-0.7022779585681405,0.8784722222222223,0.06666666666666667,0.0,-0.18848634858246774,-0.3879905481165732,0.776919393000133,0.05913069587410168,0.08532414464498445,-0.6860005584820646,0.9995840785259744,0.3396917771311564,-0.7426358280602225,-0.2604748603351955,2
1776691045.474013,161,1776691045.474013,1776691045.474062,1776691045.124739,1776691045.451262,0.4310250649657656,-0.009137687101803205,-0.7393708495383232,0.9270833333333335,0.26666666666666666,0.0,0.03156936388593303,0.035796884893975194,0.7649975879105166,-0.26956391193383944,-0.3054619749702179,-0.7604017284546611,0.9995840785259744,0.3493910981786831,-0.7358716997599826,-0.24860335195530728,2
1776691045.524027,162,1776691045.524027,1776691045.474062,1776691045.124739,1776691045.451262,0.431560237796211,-0.009867620686858493,-0.7870201338730587,0.8229166666666667,0.33333333333333337,0.0,0.03156936388593303,0.035796884893975194,0.7649975879105166,-0.26956391193383944,-0.3054619749702179,-0.7604017284546611,0.9995840785259744,0.3493910981786831,-0.7358716997599826,-0.24860335195530728,2
1776691045.57443,163,1776691045.57443,1776691045.524077,1776691045.124739,1776691045.451262,0.43212163662315517,-0.01502221341095261,-0.7470169590179115,0.857638888888889,-0.26666666666666666,0.0,0.004642188262815692,-0.3983835657693555,0.8311873802475902,0.5356553070109593,0.13993108483738328,-0.5825961843369445,0.9995840785259744,0.3493910981786831,-0.7358716997599826,-0.24860335195530728,2
1776691045.624181,164,1776691045.624181,1776691045.624262,1776691045.124739,1776691045.59929,0.4326963967150969,-0.018257351152123565,-0.7522819271370744,0.888888888888889,0.0,0.0,0.049210610671677535,0.14087765834221377,0.7522174600518358,-0.17564930190662062,0.037544673165357964,-0.6191672937757646,0.9995840785259744,0.3584437978230413,-0.7303076587388174,-0.24057262569832405,2
1776691045.674117,165,1776691045.674117,1776691045.624262,1776691045.124739,1776691045.59929,0.4332173054923692,-0.018068109111553675,-0.8077625208349869,0.8020833333333335,0.4666666666666667,0.0,0.049210610671677535,0.14087765834221377,0.7522174600518358,-0.17564930190662062,0.037544673165357964,-0.6191672937757646,0.9995840785259744,0.3584437978230413,-0.7303076587388174,-0.24057262569832405,2
1776691045.724259,166,1776691045.724259,1776691045.674169,1776691045.124739,1776691045.59929,0.43376931532228796,-0.02142940821310456,-0.8077625208349869,0.8472222222222223,0.0,0.0,-0.06963825703333046,-0.7771365194829263,0.854363290892092,0.5947794755977363,0.022186070939065165,-0.5624198365256736,0.9995840785259744,0.3584437978230413,-0.7303076587388174,-0.24057262569832405,2
1776691045.774178,167,1776691045.774178,1776691045.724355,1776691045.726218,1776691045.747258,0.43433437044134293,-0.02623255143328317,-0.7866497341058815,0.8715277777777779,-0.2,0.0,-0.06313795161599534,-0.06351063336885511,0.7975202556121241,-0.23825904192476646,-0.11433127954193192,-0.5208081898081756,0.9994593020837667,0.3654488630240328,-0.7260528038402793,-0.22206703910614528,2
1776691045.824165,168,1776691045.824165,1776691045.824202,1776691045.726218,1776691045.747258,0.4349226272165086,-0.03287404590471213,-0.7231526311612033,0.9062500000000001,-0.4666666666666667,0.0,-0.04735404582889955,-0.1997694945095677,0.7882689297601614,-0.21565504591946633,-0.4197932545121499,-0.7011363690146577,0.9994593020837667,0.3654488630240328,-0.7260528038402793,-0.22206703910614528,2
1776691045.874229,169,1776691045.874229,1776691045.824202,1776691045.726218,1776691045.747258,0.4354737793976607,-0.0358838955023475,-0.7284440564065932,0.8472222222222223,0.0,0.0,-0.04735404582889955,-0.1997694945095677,0.7882689297601614,-0.21565504591946633,-0.4197932545121499,-0.7011363690146577,0.9994593020837667,0.3654488630240328,-0.7260528038402793,-0.22206703910614528,2
1776691045.92436,170,1776691045.92436,1776691045.924409,1776691045.726218,1776691045.896589,0.4360438449910897,-0.0390199064603628,-0.73376193877821,0.8750000000000001,0.0,0.0,-0.06406701019325506,-0.0646650913527622,0.7271339617336015,-0.003479044144044177,0.12628255216672857,-0.728875889193372,0.9994593020837667,0.3718073068218558,-0.7247436177176522,-0.20600558659217877,2
1776691045.974381,171,1776691045.974381,1776691045.924409,1776691045.726218,1776691045.896589,0.43663291427561335,-0.04228207877875803,-0.7258248009101252,0.9062500000000001,0.0,0.0,-0.06406701019325506,-0.0646650913527622,0.7271339617336015,-0.003479044144044177,0.12628255216672857,-0.728875889193372,0.9994593020837667,0.3718073068218558,-0.7247436177176522,-0.20600558659217877,2
1776691046.024254,172,1776691046.024254,1776691045.974461,1776691045.726218,1776691045.896589,0.4371463750504377,-0.04239922861339653,-0.7799031669180094,0.7916666666666667,0.4,0.0,0.044568422408861844,-0.08660558464223385,0.740200303482394,-0.1721767850499011,-0.19453802502978212,-0.764188047537236,0.9994593020837667,0.3718073068218558,-0.7247436177176522,-0.20600558659217877,2
1776691046.074341,173,1776691046.074341,1776691046.074388,1776691045.726218,1776691046.044219,0.43771133989067507,-0.04572448161198173,-0.7812524803555838,0.8680555555555556,0.0,0.0,0.10027856234200379,0.05542749694975984,0.7114925719522983,-0.11304608917579943,0.03242086925333367,-0.6494341819420978,0.9994593020837667,0.3792434529582929,-0.7250709142483089,-0.17737430167597765,2
1776691046.124423,174,1776691046.124423,1776691046.12447,1776691045.726218,1776691046.044219,0.4382853326126676,-0.049103803765015455,-0.7812524803555838,0.8819444444444445,0.0,0.0,0.09006512723911268,0.14549645554371496,0.7301860063411924,-0.0817412191667265,-0.037544673165357964,-0.6191672937757646,0.9994593020837667,0.3792434529582929,-0.7250709142483089,-0.17737430167597765,2
1776691046.174381,175,1776691046.174381,1776691046.174427,1776691045.726218,1776691046.044219,0.43883973483125155,-0.05282556389622327,-0.7733153424874991,0.8541666666666667,-0.06666666666666667,0.0,-0.006499529261464404,-0.6131639098673338,0.9122555910767278,0.5582593030162595,-0.2064828928996887,-0.5359392674419156,0.9994593020837667,0.3792434529582929,-0.7250709142483089,-0.17737430167597765,2
1776691046.224454,176,1776691046.224454,1776691046.2245,1776691045.726218,1776691046.192899,0.43939774820253746,-0.05653831250168966,-0.75873746593645,0.857638888888889,-0.06666666666666667,0.0,-0.020426870205782207,0.07505810900554448,0.7677634186279958,-0.21565504591946633,0.3208205771965107,-0.3619153095079205,0.9994593020837667,0.3872184502640371,-0.727580187650011,-0.14629888268156424,2
1776691046.27446,177,1776691046.27446,1776691046.274503,1776691045.726218,1776691046.192899,0.4399641123644469,-0.05932287395578946,-0.775934597983967,0.8715277777777779,0.06666666666666667,0.0,-0.10677809160346818,0.05080869974825866,0.8138292652028407,0.07999843345104207,0.05290327539165076,-0.5825961843369445,0.9994593020837667,0.3872184502640371,-0.727580187650011,-0.14629888268156424,2
1776691046.324559,178,1776691046.324559,1776691046.324608,1776691046.325524,1776691046.192899,0.44054943507804223,-0.06365741783741405,-0.7533931264386063,0.8993055555555557,-0.13333333333333333,0.0,0.01857030536300422,-0.07274822777185748,0.7745350479272732,-0.1408719150408282,-0.2832759040311527,-0.6633015755820282,0.9994593020837667,0.3872184502640371,-0.727580187650011,-0.14629888268156424,2
1776691046.374484,179,1776691046.374484,1776691046.37453,1776691046.325524,1776691046.341984,0.4410967504094483,-0.06721697050527625,-0.7415138767627061,0.84375,-0.06666666666666667,0.0,0.08077997455761056,0.6420321163261209,0.6879351756631771,-0.333909910380345,0.41808958971140175,-0.461538097469319,0.9994593020837667,0.39465459640047423,-0.7284529783984289,-0.11766759776536313,2
1776691046.424548,180,1776691046.424548,1776691046.424593,1776691046.325524,1776691046.341984,0.4416615346920506,-0.07038001604051582,-0.7428367330740536,0.8680555555555556,0.0,0.0,0.05571013993314193,0.13856777710852675,0.7556509105787285,-0.13565008518109958,0.044365737123240295,-0.7780554411771666,0.9994593020837667,0.39465459640047423,-0.7284529783984289,-0.11766759776536313,2
1776691046.474533,181,1776691046.474533,1776691046.424593,1776691046.325524,1776691046.341984,0.4422502880007129,-0.07278609341347585,-0.7547424398761807,0.9062500000000001,0.13333333333333333,0.0,0.05571013993314193,0.13856777710852675,0.7556509105787285,-0.13565008518109958,0.044365737123240295,-0.7780554411771666,0.9994593020837667,0.39465459640047423,-0.7284529783984289,-0.11766759776536313,2
1776691046.524681,182,1776691046.524681,1776691046.474582,1776691046.325524,1776691046.489731,0.4427892525414954,-0.07268696663032018,-0.8157790300817526,0.826388888888889,0.4666666666666667,0.0,0.044568422408861844,0.06120075213516811,0.7398187381124568,-0.2104332160597377,-0.16382082057719652,-0.7742738549934449,0.9994593020837667,0.40165966160146566,-0.7299803622081606,-0.09497206703910614,2
1776691046.574597,183,1776691046.574597,1776691046.524734,1776691046.325524,1776691046.489731,0.4433543076605504,-0.07751714442772306,-0.7933169299150727,0.8715277777777779,-0.2,0.0,-0.05478185751175295,-0.943418045066333,0.8688602237395368,0.7930458280843063,-0.0921516133577568,-0.6368210064982701,0.9994593020837667,0.40165966160146566,-0.7299803622081606,-0.09497206703910614,2
1776691046.624672,184,1776691046.624672,1776691046.624721,1776691046.325524,1776691046.489731,0.44392351560521276,-0.08182465373212339,-0.7694790591845914,0.8750000000000001,-0.13333333333333333,0.0,0.015784681942966516,0.15242513397890314,0.7531712140260433,-0.12695573846465147,0.08873787900137062,-0.7894049326271848,0.9994593020837667,0.40165966160146566,-0.7299803622081606,-0.09497206703910614,2
1776691046.674698,185,1776691046.674698,1776691046.674744,1776691046.325524,1776691046.638295,0.44443611873127026,-0.083455739891321,-0.8038997804058523,0.7881944444444445,0.2,0.0,-0.028783740465895324,-0.4884525243633106,0.9611826198488773,0.26434860936143545,-0.23378636299588815,-0.749052237004643,0.9994593020837667,0.40791033516542735,-0.7334715252018329,-0.08310055865921788,2
1776691046.724662,186,1776691046.724662,1776691046.72471,1776691046.325524,1776691046.638295,0.444988534815868,-0.08590687489298814,-0.8171018863931001,0.8506944444444445,0.13333333333333333,0.0,-0.03064030530867331,0.009237594403002362,0.8528373483136141,-0.12174043589224755,0.08020674548785017,-0.6607836733921159,0.9994593020837667,0.40791033516542735,-0.7334715252018329,-0.08310055865921788,2
1776691046.774723,187,1776691046.774723,1776691046.72471,1776691046.325524,1776691046.638295,0.44551959996011486,-0.08737575358884013,-0.854194777363283,0.8159722222222222,0.26666666666666666,0.0,-0.03064030530867331,0.009237594403002362,0.8528373483136141,-0.12174043589224755,0.08020674548785017,-0.6607836733921159,0.9994593020837667,0.40791033516542735,-0.7334715252018329,-0.08310055865921788,2
1776691046.824732,188,1776691046.824732,1776691046.77477,1776691046.325524,1776691046.786596,0.4461040198855346,-0.09069199506168389,-0.8713919094107999,0.8993055555555557,0.06666666666666667,0.0,0.30640693386608675,-0.08891450061004803,0.78702904162116,-0.012173390860492288,0.010241203069158543,-0.5813372332419884,0.9994593020837667,0.4144843194309732,-0.7380536766310277,-0.0782122905027933,2
1776691046.874769,189,1776691046.874769,1776691046.874815,1776691046.325524,1776691046.786596,0.4466659603853841,-0.09528787318980977,-0.8449083260576237,0.8645833333333334,-0.13333333333333333,0.0,-0.038068893147397434,0.44572792630002006,0.6323318690715756,-0.27478574179356796,0.6279862169674767,-0.3417389616966496,0.9994593020837667,0.4144843194309732,-0.7380536766310277,-0.0782122905027933,2
1776691046.924831,190,1776691046.924831,1776691046.924882,1776691046.925696,1776691046.786596,0.4472327308019725,-0.09980264758626282,-0.831679762944149,0.8715277777777779,-0.13333333333333333,0.0,-0.03435498730597073,0.1327945219231185,0.7897948723386393,-0.23825904192476646,0.17406202364635506,-0.5510703450756553,0.999417709936364,0.4144843194309732,-0.7380536766310277,-0.0782122905027933,2
1776691046.974798,191,1776691046.974798,1776691046.974844,1776691046.925696,1776691046.934925,0.4478166993333045,-0.10301976227595094,-0.8422361563087019,0.8993055555555557,0.06666666666666667,0.0,-0.05013889309306653,-0.3360273903844075,0.734191725197673,-0.09391461002721878,-0.3310553755107792,-0.4211854018467771,0.999417709936364,0.4211660739303804,-0.744054113026402,-0.07402234636871509,2
1776691047.024827,192,1776691047.024827,1776691047.024874,1776691046.925696,1776691046.934925,0.44833124345393943,-0.10674152240715876,-0.8303304495065748,0.7916666666666667,-0.06666666666666667,0.0,-0.21634180662697408,-0.4503467235015213,0.9139723163401743,0.41043582697466763,-0.3822549861016819,-0.22320350991778953,0.999417709936364,0.4211660739303804,-0.744054113026402,-0.07402234636871509,2
1776691047.074961,193,1776691047.074961,1776691047.024874,1776691046.925696,1776691046.934925,0.4488781525306665,-0.11288738296280944,-0.7746381987988465,0.8402777777777778,-0.4,0.0,-0.21634180662697408,-0.4503467235015213,0.9139723163401743,0.41043582697466763,-0.3822549861016819,-0.22320350991778953,0.999417709936364,0.4211660739303804,-0.744054113026402,-0.07402234636871509,2
1776691047.124952,194,1776691047.124952,1776691047.124998,1776691046.925696,1776691047.083375,0.4494508362098046,-0.11803296416116213,-0.74156679101516,0.8819444444444445,-0.26666666666666666,0.0,0.04828232825028854,0.17090032278490788,0.8085836582073586,0.02956208429338851,-0.005117399157134257,-0.3404800106016934,0.999417709936364,0.43043431404246146,-0.7525638228234781,-0.0670391061452514,2
1776691047.174923,195,1776691047.174923,1776691047.124998,1776691046.925696,1776691047.083375,0.44997169984766805,-0.12095269850138327,-0.74156679101516,0.8020833333333335,0.0,0.0,0.04828232825028854,0.17090032278490788,0.8085836582073586,0.02956208429338851,-0.005117399157134257,-0.3404800106016934,0.999417709936364,0.43043431404246146,-0.7525638228234781,-0.0670391061452514,2
1776691047.224933,196,1776691047.224933,1776691047.224983,1776691046.925696,1776691047.083375,0.45054262308986387,-0.12369220232677595,-0.7468582162605498,0.8784722222222223,0.06666666666666667,0.0,0.020426870205782207,-0.07390268575576457,0.6719122205119369,-0.07304034516295373,0.6638208205771965,-0.4804554941856337,0.999417709936364,0.43043431404246146,-0.7525638228234781,-0.0670391061452514,2
1776691047.275022,197,1776691047.275022,1776691047.275068,1776691046.925696,1776691047.231994,0.4511207234980551,-0.12695437464517118,-0.7468582162605498,0.888888888888889,0.0,0.0,0.03713983457013771,0.036951342877882286,0.8462565814246229,0.001736258428359758,-0.1365173504809971,-0.6481704979482883,0.999417709936364,0.43927147321909693,-0.7593279511237181,-0.057262569832402244,2
1776691047.325052,198,1776691047.325052,1776691047.325097,1776691046.925696,1776691047.231994,0.451748793231761,-0.1309464805486217,-0.7296346270868058,0.9652777777777779,-0.06666666666666667,0.0,-0.020426870205782207,0.03926122411156929,0.7475440416606242,-0.07304034516295373,-0.29351710710031126,-0.7326622082759469,0.999417709936364,0.43927147321909693,-0.7593279511237181,-0.057262569832402244,2
1776691047.374934,199,1776691047.374934,1776691047.374983,1776691046.925696,1776691047.231994,0.45230928927052955,-0.13358685759085873,-0.7415138767627061,0.8645833333333334,0.06666666666666667,0.0,0.08449388039903727,-0.147806336777402,0.565379105445263,-0.02956208429338851,0.8754275173889096,-0.6960910988371268,0.999417709936364,0.43927147321909693,-0.7593279511237181,-0.057262569832402244,2
1776691047.425017,200,1776691047.425017,1776691047.425068,1776691046.925696,1776691047.379752,0.45288549382355214,-0.1372635600933594,-0.7335502817683944,0.8854166666666667,-0.06666666666666667,0.0,0.06870919845607075,-0.15704393118040433,0.7143538338749207,-0.0208677375769404,0.1382274200366352,-0.6948274148433173,0.999417709936364,0.44584545748464277,-0.762273619899629,-0.04678770949720671,2
1776691047.475134,201,1776691047.475134,1776691047.475216,1776691046.925696,1776691047.379752,0.4534802958129904,-0.14010219070190774,-0.7415138767627061,0.9131944444444445,0.06666666666666667,0.0,0.006499529261464404,-0.002309881233687007,0.7039580510890997,-0.09739365417126296,-0.1518759527072899,-0.6796963372095775,0.999417709936364,0.44584545748464277,-0.762273619899629,-0.04678770949720671,2
1776691047.525015,202,1776691047.525015,1776691047.525069,1776691047.526559,1776691047.528453,0.45399127392033195,-0.14250826807486777,-0.7547159827499538,0.7881944444444445,0.06666666666666667,0.0,-0.1634165139579991,-0.024249409257285824,0.982164968105488,-0.09217182431153437,-0.3481240472927101,-0.5573745663481425,0.9994593020837667,0.45252721198405005,-0.7663102771110627,-0.04399441340782123,2
1776691047.581538,203,1776691047.581538,1776691047.581588,1776691047.526559,1776691047.528453,0.45463058336682305,-0.14768088385044473,-0.7263274863084372,0.8715277777777779,-0.2,0.0,0.06406701019325506,-0.10623523143214567,0.7365759905452152,-0.024346781720984575,0.076793011131464,-0.6544747192207755,0.9994593020837667,0.45252721198405005,-0.7663102771110627,-0.04399441340782123,2
1776691047.625078,204,1776691047.625078,1776691047.625114,1776691047.526559,1776691047.528453,0.45511050556092686,-0.15109625210644415,-0.7078604122020267,0.8472222222222223,-0.13333333333333333,0.0,0.03528326972735973,0.02193952802359882,0.7611826517390045,0.005215302572403935,0.0750829415758259,-0.5775556470582667,0.9994593020837667,0.45252721198405005,-0.7663102771110627,-0.04399441340782123,2
1776691047.675615,205,1776691047.675615,1776691047.675665,1776691047.526559,1776691047.528453,0.4556623348332106,-0.15404302102388956,-0.7078604122020267,0.8402777777777778,0.0,0.0,-0.1309188676506771,-0.3903004293502602,0.9580353034867787,0.09565086845557855,-0.5597243393495331,-0.5838598683307539,0.9994593020837667,0.45252721198405005,-0.7663102771110627,-0.04399441340782123,2
1776691047.725079,206,1776691047.725079,1776691047.675665,1776691047.526559,1776691047.677738,0.45620689666068137,-0.15740432012544045,-0.6908484800380983,0.8472222222222223,-0.06666666666666667,0.0,-0.1309188676506771,-0.3903004293502602,0.9580353034867787,0.09565086845557855,-0.5597243393495331,-0.5838598683307539,0.9994593020837667,0.4589934260157345,-0.772419812349989,-0.04399441340782123,2
1776691047.775301,207,1776691047.775301,1776691047.725119,1776691047.526559,1776691047.677738,0.4567438750674778,-0.1611080572051654,-0.6749212900494749,0.8229166666666667,-0.13333333333333333,0.0,0.03249764630732202,-0.10508077344823859,0.6448259424907798,-0.001736258428359758,0.6228688178103424,-0.5598972014369081,0.9994593020837667,0.4589934260157345,-0.772419812349989,-0.04399441340782123,2
1776691047.828911,208,1776691047.828911,1776691047.775337,1776691047.526559,1776691047.677738,0.457360614809581,-0.16521731294325442,-0.6635711828981137,0.8854166666666667,-0.13333333333333333,0.0,-0.004642188262815692,-0.08314124542463976,0.8572245528147142,0.055651651730057504,-0.011944867869906619,-0.5687240577981608,0.9994593020837667,0.4589934260157345,-0.772419812349989,-0.04399441340782123,2
1776691047.875162,209,1776691047.875162,1776691047.828951,1776691047.526559,1776691047.837274,0.45782604725346787,-0.16754228658454165,-0.6513215334550362,0.7743055555555556,0.0,0.0,0.11142027986628386,-0.024249409257285824,0.7543156709599016,0.003479044144044177,-0.20819296245532684,-0.538461902530681,0.9994593020837667,0.4663218019183102,-0.7786384464324678,-0.048882681564245814,2
1776691047.925192,210,1776691047.925192,1776691047.925226,1776691047.526559,1776691047.837274,0.4583880328927261,-0.17211113013544324,-0.6155779559224277,0.8645833333333334,-0.26666666666666666,0.0,-0.016712964364355508,0.16281718636581258,0.8003814378094288,-0.09391461002721878,-0.12628255216672857,-0.5018907930918608,0.9994593020837667,0.4663218019183102,-0.7786384464324678,-0.048882681564245814,2
1776691047.975614,211,1776691047.975614,1776691047.925226,1776691047.526559,1776691047.97425,0.45895227550242307,-0.1747334841261974,-0.6155779559224277,0.8611111111111112,0.0,0.0,-0.016712964364355508,0.16281718636581258,0.8003814378094288,-0.09391461002721878,-0.12628255216672857,-0.5018907930918608,0.9994593020837667,0.47138700290979635,-0.7838751909229763,-0.05551675977653632,2
1776691048.025241,212,1776691048.025241,1776691047.975653,1776691047.526559,1776691047.97425,0.4594565729772659,-0.17394046986095216,-0.665476095986454,0.7812500000000001,0.4666666666666667,0.0,0.006499529261464404,-0.11200945188342677,0.6940391054277235,0.06956782830623422,0.08873787900137062,-0.5838598683307539,0.9994593020837667,0.47138700290979635,-0.7838751909229763,-0.05551675977653632,2
1776691048.075294,213,1776691048.075294,1776691048.02528,1776691047.526559,1776691047.97425,0.4600210412840067,-0.17813082933071397,-0.6496018202502845,0.8680555555555556,-0.2,0.0,0.26833804071868933,-0.4653585383558047,0.8783022525511502,0.0208677375769404,-0.6058001460284115,-0.5662061556082485,0.9994593020837667,0.47138700290979635,-0.7838751909229763,-0.05551675977653632,2
1776691048.12535,214,1776691048.12535,1776691048.075645,1776691048.126126,1776691048.122856,0.46058108592868763,-0.1822310735430616,-0.619123210836839,0.8611111111111112,-0.2,0.0,-0.06313795161599534,0.36835993606078854,0.8722936742664293,-0.03826295829716128,-0.1979517593861683,-0.49558657181937366,0.9995008942311692,0.47580558249811405,-0.7845297839842897,-0.06494413407821228,2
1776691048.175487,215,1776691048.175487,1776691048.125403,1776691048.126126,1776691048.122856,0.46119425965749755,-0.18509673872883417,-0.6125089292801017,0.9409722222222223,0.0,0.0,-0.21169884220828766,-0.03810580086178937,0.8644730192384366,0.06782504259054979,-0.12798621696747667,-0.6607836733921159,0.9995008942311692,0.47580558249811405,-0.7845297839842897,-0.06494413407821228,2
1776691048.225438,216,1776691048.225438,1776691048.225483,1776691048.126126,1776691048.122856,0.46175331123518537,-0.1872324703295515,-0.6349710294467815,0.8611111111111112,0.06666666666666667,0.0,0.03156936388593303,-0.009237594403002362,0.6022889776479707,-0.01043713243213253,0.7798621696747665,-0.5762919630644573,0.9995008942311692,0.47580558249811405,-0.7845297839842897,-0.06494413407821228,2
1776691048.275426,217,1776691048.275426,1776691048.225483,1776691048.126126,1776691048.269542,0.46231051209711327,-0.1898998819490128,-0.6243881789560018,0.857638888888889,0.0,0.0,0.03156936388593303,-0.009237594403002362,0.6022889776479707,-0.01043713243213253,0.7798621696747665,-0.5762919630644573,0.9995008942311692,0.48313395840068973,-0.7864935631682304,-0.07506983240223464,2
1776691048.32548,218,1776691048.32548,1776691048.325519,1776691048.126126,1776691048.269542,0.4629067585476323,-0.1936126305544792,-0.6084874460936053,0.9166666666666667,-0.13333333333333333,0.0,-0.00928515268150211,-0.1651270675994996,0.6972818529949653,0.06956782830623422,0.09726901251489106,-0.6633015755820282,0.9995008942311692,0.48313395840068973,-0.7864935631682304,-0.07506983240223464,2
1776691048.375482,219,1776691048.375482,1776691048.325519,1776691048.126126,1776691048.269542,0.4634097921190294,-0.19727131000549705,-0.5859988888006985,0.7743055555555556,-0.2,0.0,-0.00928515268150211,-0.1651270675994996,0.6972818529949653,0.06956782830623422,0.09726901251489106,-0.6633015755820282,0.9995008942311692,0.48313395840068973,-0.7864935631682304,-0.07506983240223464,2
1776691048.425507,220,1776691048.425507,1776691048.375526,1776691048.126126,1776691048.417767,0.463974125007544,-0.20021807892294247,-0.5648331878191392,0.8680555555555556,-0.06666666666666667,0.0,-0.05942404577456864,0.24942277100804647,0.8531234824784081,-0.18260739019470898,0.04948954103526458,-0.5359392674419156,0.9995008942311692,0.4886302403276216,-0.7867117608553349,-0.07751396648044694,2
1776691048.475497,221,1776691048.475497,1776691048.42555,1776691048.126126,1776691048.417767,0.46454712466254344,-0.20266020239886814,-0.5714474693758764,0.8819444444444445,0.0,0.0,-0.02971202288728432,0.29676713153871104,0.9176919010318608,-0.05391539330169774,-0.29863450625744553,-0.6040362161420247,0.9995008942311692,0.4886302403276216,-0.7867117608553349,-0.07751396648044694,2
1776691048.525647,222,1776691048.525647,1776691048.525695,1776691048.126126,1776691048.417767,0.4650497519792615,-0.20347123971559625,-0.5886975156758474,0.7708333333333334,0.2,0.0,0.2562672646171495,-0.48152481119399526,0.8992846805330785,-0.09565086845557855,-0.5904415438021188,-0.7225716679208849,0.9995008942311692,0.4886302403276216,-0.7867117608553349,-0.07751396648044694,2
1776691048.579469,223,1776691048.579469,1776691048.579511,1776691048.126126,1776691048.566753,0.4656521373893741,-0.20567005199650354,-0.5943857978146414,0.8611111111111112,0.06666666666666667,0.0,0.02506983462446863,0.09584317904523622,0.8815450798437096,-0.027825825865028752,-0.2133103616124611,-0.5674651067032047,0.9995008942311692,0.49337213061752344,-0.7872572550730963,-0.08275139664804469,2
1776691048.625603,224,1776691048.625603,1776691048.579511,1776691048.126126,1776691048.566753,0.46613345890515,-0.20449855365011851,-0.6639680397915179,0.8020833333333335,0.5333333333333333,0.0,0.02506983462446863,0.09584317904523622,0.8815450798437096,-0.027825825865028752,-0.2133103616124611,-0.5674651067032047,0.9995008942311692,0.49337213061752344,-0.7872572550730963,-0.08275139664804469,2
1776691048.67561,225,1776691048.67561,1776691048.675671,1776691048.126126,1776691048.566753,0.4667290282645374,-0.2074813686705296,-0.6639680397915179,0.9166666666666667,0.0,0.0,0.3760444147435465,-0.08314124542463976,0.7455412619577013,-0.06434599844650561,-0.3993172531287228,-0.14753865595138366,0.9995008942311692,0.49337213061752344,-0.7872572550730963,-0.08275139664804469,2
1776691048.725662,226,1776691048.725662,1776691048.675671,1776691048.726676,1776691048.714508,0.46731173289242367,-0.21176184339770565,-0.6361351430007672,0.8958333333333334,-0.2,0.0,0.3760444147435465,-0.08314124542463976,0.7455412619577013,-0.06434599844650561,-0.3993172531287228,-0.14753865595138366,0.9995008942311692,0.5011315874555449,-0.7912939122845297,-0.08205307262569833,2
1776691048.775647,227,1776691048.775647,1776691048.725706,1776691048.726676,1776691048.714508,0.46791154535623597,-0.21598824897043317,-0.6070587612773501,0.9236111111111113,-0.2,0.0,-0.1587743256951834,0.18360322167137716,0.7011921406463028,0.006958088288088354,0.6518759527072899,-0.2269850961015112,0.9995008942311692,0.5011315874555449,-0.7912939122845297,-0.08205307262569833,2
1776691048.825815,228,1776691048.825815,1776691048.775688,1776691048.726676,1776691048.714508,0.4685160071791522,-0.21921437518586273,-0.595100140222769,0.9270833333333335,-0.06666666666666667,0.0,-0.27483756998015374,-0.3787529537135709,0.6728659744861444,0.08695652173913043,-0.04095840752174414,-0.5195445058143662,0.9995008942311692,0.5011315874555449,-0.7912939122845297,-0.08205307262569833,2
1776691048.875827,229,1776691048.875827,1776691048.825852,1776691048.726676,1776691048.860472,0.4690235546914268,-0.22239544377258513,-0.5818715771092944,0.7812500000000001,-0.13333333333333333,0.0,-0.14763260817090332,-0.207852630928663,0.7267524760889821,0.03478391415311711,0.13139995132386284,-0.4716286378243811,0.9995008942311692,0.5081366526565363,-0.7946759764346498,-0.07087988826815643,2
1776691048.926639,230,1776691048.926639,1776691048.875888,1776691048.726676,1776691048.860472,0.46959217582377505,-0.2267209761284683,-0.5321321798026298,0.8611111111111112,-0.26666666666666666,0.0,-0.1411330789094389,0.21247142813016417,0.7898903035437824,-0.17043399933421668,0.23037262863950198,-0.19798189192898757,0.9995008942311692,0.5081366526565363,-0.7946759764346498,-0.07087988826815643,2
1776691048.975768,231,1776691048.975768,1776691048.926676,1776691048.726676,1776691048.860472,0.47016179002311637,-0.2307761627121088,-0.4996163716697093,0.8923611111111112,-0.26666666666666666,0.0,-0.12349105596782368,0.27136229903164527,0.905960878627213,-0.07478313087863815,-0.18771055631700975,-0.3833553413130008,0.9995008942311692,0.5081366526565363,-0.7946759764346498,-0.07087988826815643,2
1776691049.025865,232,1776691049.025865,1776691049.025907,1776691048.726676,1776691049.008663,0.4706910495910122,-0.23096540475267868,-0.568563642617139,0.8125000000000001,0.26666666666666666,0.0,0.18477244274104104,-0.5727482277718575,0.9070099840812458,-0.07478313087863815,-0.539248337966106,-0.7086995413821011,0.9995008942311692,0.5106153680353487,-0.7987126336460834,-0.05446927374301676,2
1776691049.075846,233,1776691049.075846,1776691049.075894,1776691048.726676,1776691049.008663,0.4712505074233789,-0.2329209058385675,-0.5738286107363019,0.8611111111111112,0.06666666666666667,0.0,-0.1634165139579991,0.31177798112712163,0.8266093930615215,-0.13043478260869565,-0.06826187761794357,-0.6330394203145485,0.9995008942311692,0.5106153680353487,-0.7987126336460834,-0.05446927374301676,2
1776691049.125878,234,1776691049.125878,1776691049.125957,1776691048.726676,1776691049.008663,0.4718104166498334,-0.2353450062630104,-0.5923750562213933,0.8611111111111112,0.0,0.0,-0.1290623028078991,-0.11893813031861496,0.8438721566264454,-0.008694346716448111,0.005117399157134257,-0.8965956258548798,0.9995008942311692,0.5106153680353487,-0.7987126336460834,-0.05446927374301676,2
1776691049.17585,235,1776691049.17585,1776691049.125957,1776691048.726676,1776691049.151562,0.4724170903037797,-0.23805747551117878,-0.5725322115511814,0.9340277777777779,0.0,0.0,-0.1290623028078991,-0.11893813031861496,0.8438721566264454,-0.008694346716448111,0.005117399157134257,-0.8965956258548798,0.9995008942311692,0.5150339476236664,-0.8043857735108008,-0.04085195530726257,2
1776691049.225877,236,1776691049.225877,1776691049.175896,1776691048.726676,1776691049.151562,0.47299744768240964,-0.23921095080608099,-0.600338651215705,0.8923611111111112,0.2,0.0,0.06499529261464404,0.08083136419095276,0.7457319649173524,0.06956782830623422,-0.4692827955474144,-0.8600245164160597,0.9995008942311692,0.5150339476236664,-0.8043857735108008,-0.04085195530726257,2
1776691049.27592,237,1776691049.27592,1776691049.225926,1776691048.726676,1776691049.151562,0.47358010717088717,-0.241851327848318,-0.6082757890837898,0.8958333333333334,0.0,0.0,-0.06778091603468175,-0.23672083738745,0.6150691055066515,-0.11999765017656312,0.885662315703178,-0.8221944558822833,0.9995008942311692,0.5150339476236664,-0.8043857735108008,-0.04085195530726257,2
1776691049.325928,238,1776691049.325928,1776691049.325982,1776691049.327607,1776691049.297329,0.4741760376455447,-0.24323009128675577,-0.6254729211313067,0.9166666666666667,0.2,0.0,-0.005571246840075412,-0.26674350183014406,0.6922270286844517,0.039999216725521036,0.05802067454878502,-0.7717512199046794,0.9995424863785718,0.5151417178575277,-0.8087497272528911,-0.040502793296089384,2
1776691049.37594,239,1776691049.37594,1776691049.325982,1776691049.327607,1776691049.297329,0.474686067825302,-0.24609575647252838,-0.6241500648199593,0.7847222222222223,-0.06666666666666667,0.0,-0.005571246840075412,-0.26674350183014406,0.6922270286844517,0.039999216725521036,0.05802067454878502,-0.7717512199046794,0.9995424863785718,0.5151417178575277,-0.8087497272528911,-0.040502793296089384,2
1776691049.426174,240,1776691049.426174,1776691049.375981,1776691049.327607,1776691049.297329,0.4752498139015025,-0.25100703800160407,-0.5803370637881313,0.8645833333333334,-0.33333333333333337,0.0,-0.11420590328632158,0.08198582217485983,0.7132092972157447,-0.19478078105520125,0.5221860709390652,-0.6532157681258194,0.9995424863785718,0.5151417178575277,-0.8087497272528911,-0.040502793296089384,2
1776691049.476,241,1776691049.476,1776691049.47605,1776691049.327607,1776691049.442552,0.4758190669855736,-0.2535032306319783,-0.5697806704235786,0.8784722222222223,0.0,0.0,0.11234933844354358,-0.08083136419095276,0.699284632697888,0.10087269831530714,0.1706482892899689,-0.8171491857047523,0.9995424863785718,0.5151417178575277,-0.8127863844643247,-0.03561452513966481,2
1776691049.525997,242,1776691049.525997,1776691049.47605,1776691049.327607,1776691049.442552,0.47636561494703056,-0.25134947597977814,-0.659734899595206,0.8402777777777778,0.6666666666666667,0.0,0.11234933844354358,-0.08083136419095276,0.699284632697888,0.10087269831530714,0.1706482892899689,-0.8171491857047523,0.9995424863785718,0.5151417178575277,-0.8127863844643247,-0.03561452513966481,2
1776691049.576188,243,1776691049.576188,1776691049.526041,1776691049.327607,1776691049.442552,0.4769249825005797,-0.2541340374338779,-0.6490991348519725,0.857638888888889,0.0,0.0,0.15134651401233,-0.3267897959814051,0.8081068210829138,0.05043634915765357,-0.5068274687127724,-0.8701150567711218,0.9995424863785718,0.5151417178575277,-0.8127863844643247,-0.03561452513966481,2
1776691049.626099,244,1776691049.626099,1776691049.62615,1776691049.327607,1776691049.58844,0.4774767666334547,-0.25728807144337607,-0.6425113104214621,0.8506944444444445,-0.06666666666666667,0.0,-0.11327762086493258,-0.3187066595623098,0.8129708627084588,0.02956208429338851,0.029007134896947496,-0.8663287376885469,0.9995424863785718,0.5150339476236664,-0.8203142046694305,-0.030027932960893854,2
1776691049.676151,245,1776691049.676151,1776691049.676198,1776691049.327607,1776691049.58844,0.47808411737853246,-0.2620371455091062,-0.6080641320739741,0.9340277777777779,-0.26666666666666666,0.0,0.03528326972735973,0.06351063336885511,0.7725321087737153,-0.006958088288088354,-0.43515185673844264,-0.7187900817371632,0.9995424863785718,0.5150339476236664,-0.8203142046694305,-0.030027932960893854,2
1776691049.726104,246,1776691049.726104,1776691049.726144,1776691049.327607,1776691049.58844,0.47861847769961996,-0.2640377042237021,-0.6093869883853217,0.8229166666666667,0.06666666666666667,0.0,0.04549670483025084,0.0011544579839070873,0.6831664057921399,-0.05043634915765357,0.6416347496381314,-0.37956902223042593,0.9995424863785718,0.5150339476236664,-0.8203142046694305,-0.030027932960893854,2
1776691049.77617,247,1776691049.77617,1776691049.776218,1776691049.327607,1776691049.733175,0.4791989253570675,-0.2680568447043769,-0.5921898563378046,0.8923611111111112,-0.2,0.0,0.07242310429749745,-0.4953812027984988,0.7532665655058687,0.16869774090585693,0.10238641167202532,-0.6469115468533322,0.9995424863785718,0.5140640155189137,-0.8275147283438795,-0.01361731843575419,2
1776691049.826169,248,1776691049.826169,1776691049.826214,1776691049.327607,1776691049.733175,0.47978989049675963,-0.27250853842064,-0.5551498796200758,0.9097222222222223,-0.26666666666666666,0.0,0.03713983457013771,-0.26443458586232993,0.6788745527708654,0.11478234760415919,0.1706482892899689,-0.6040362161420247,0.9995424863785718,0.5140640155189137,-0.8275147283438795,-0.01361731843575419,2
1776691049.876275,249,1776691049.876275,1776691049.87633,1776691049.327607,1776691049.875708,0.48028967403072487,-0.27459921239265017,-0.5498319972484589,0.7673611111111112,0.0,0.0,-0.17734463105818765,0.4607387758884307,0.8638053994290231,-0.1791283460506648,0.17235195409071696,-0.3820916573191914,0.9995424863785718,0.5129863131802996,-0.8347152520183286,0.0031424581005586594,2
1776691049.92621,250,1776691049.92621,1776691049.926252,1776691049.929135,1776691049.875708,0.48085066660299003,-0.2782759148951509,-0.5326613223271689,0.8645833333333334,-0.2,0.0,-0.119777150126397,0.3879905481165732,0.8796375718952948,-0.02608956743666899,-0.1825931571598755,-0.4337938443917515,0.9994593020837667,0.5129863131802996,-0.8347152520183286,0.0031424581005586594,2
1776691049.97627,251,1776691049.97627,1776691049.926252,1776691049.929135,1776691049.875708,0.4814062424462021,-0.2818625021402374,-0.49292271873429117,0.8541666666666667,-0.2,0.0,-0.119777150126397,0.3879905481165732,0.8796375718952948,-0.02608956743666899,-0.1825931571598755,-0.4337938443917515,0.9994593020837667,0.5129863131802996,-0.8347152520183286,0.0031424581005586594,2
1776691050.026454,252,1776691050.026454,1776691049.97632,1776691049.929135,1776691050.018131,0.4819726968869291,-0.281258729915562,-0.5540122231923169,0.8680555555555556,0.4,0.0,-0.012999058522928809,-0.1039263154643315,0.7159752076585415,0.13043478260869565,0.18600689151626168,-0.6557384032145849,0.9994593020837667,0.51147752990624,-0.8401701941959415,0.025837988826815643,2
1776691050.076323,253,1776691050.076323,1776691050.076367,1776691049.929135,1776691050.018131,0.4825533702414204,-0.28368283034000485,-0.5606000476228272,0.8958333333333334,0.0,0.0,0.004642188262815692,-0.17090032278490788,0.7809251118566137,0.21391226020378193,0.3191105076408726,-0.563683520519483,0.9994593020837667,0.51147752990624,-0.8401701941959415,0.025837988826815643,2
1776691050.126378,254,1776691050.126378,1776691050.076367,1776691049.929135,1776691050.018131,0.4831091717816764,-0.28513368598437405,-0.5658914728682171,0.8541666666666667,0.13333333333333333,0.0,0.004642188262815692,-0.17090032278490788,0.7809251118566137,0.21391226020378193,0.3191105076408726,-0.563683520519483,0.9994593020837667,0.51147752990624,-0.8401701941959415,0.025837988826815643,2
1776691050.176366,255,1776691050.176366,1776691050.126419,1776691049.929135,1776691050.161087,0.48371137663415387,-0.28905369968189315,-0.551340053443395,0.9270833333333335,-0.2,0.0,0.09377903308053938,-0.22170902253316654,0.7584168210215253,-0.055651651730057504,0.20477922809894067,-0.7427480157321558,0.9994593020837667,0.5112619894385171,-0.8469343224961815,0.045740223463687155,2
1776691050.226393,256,1776691050.226393,1776691050.176409,1776691049.929135,1776691050.161087,0.4842372056069827,-0.29304580558534365,-0.5116543641029712,0.8090277777777779,-0.26666666666666666,0.0,-0.023212493625819914,0.024249409257285824,0.7701477637008556,0.055651651730057504,-0.43173812238205644,-0.6847416073871085,0.9994593020837667,0.5112619894385171,-0.8469343224961815,0.045740223463687155,2
1776691050.276487,257,1776691050.276487,1776691050.226445,1776691049.929135,1776691050.161087,0.48478438552016245,-0.29516351413457814,-0.5116543641029712,0.8402777777777778,0.0,0.0,-0.31197740455029144,-0.06928388855426337,0.9051978276126563,-0.19825982519924545,-0.023889735739813237,-0.27742833207911516,0.9994593020837667,0.5112619894385171,-0.8469343224961815,0.045740223463687155,2
1776691050.326443,258,1776691050.326443,1776691050.326488,1776691049.929135,1776691050.304395,0.48534998231212273,-0.30004776108642955,-0.4667037066433844,0.8715277777777779,-0.4,0.0,0.1309188676506771,0.04041568209547638,0.7387697123837416,0.07999843345104207,0.15017228790654183,-0.18285081429524772,0.9994593020837667,0.5094298954628732,-0.853043857735108,0.06843575418994413,2
1776691050.376483,259,1776691050.376483,1776691050.326488,1776691049.929135,1776691050.304395,0.485851345725395,-0.30136344384467734,-0.5183480170383893,0.7708333333333334,0.06666666666666667,0.0,0.1309188676506771,0.04041568209547638,0.7387697123837416,0.07999843345104207,0.15017228790654183,-0.18285081429524772,0.9994593020837667,0.5094298954628732,-0.853043857735108,0.06843575418994413,2
1776691050.426549,260,1776691050.426549,1776691050.376533,1776691049.929135,1776691050.304395,0.4864072375444686,-0.3035352215483603,-0.5130301346667725,0.8541666666666667,0.0,0.0,0.271123664138727,0.6939952740582866,0.875822555998465,-0.7495675672147412,-0.2406138317086605,-0.25094776299535704,0.9994593020837667,0.5094298954628732,-0.853043857735108,0.06843575418994413,2
1776691050.476531,261,1776691050.476531,1776691050.426592,1776691049.929135,1776691050.447222,0.4869600147443365,-0.30432823581360563,-0.5474243987618066,0.8506944444444445,0.2,0.0,0.119777150126397,-0.12009258830252204,0.77005241222103,0.262605823645751,0.3430002433806858,-0.07692380506136204,0.9994593020837667,0.5046880051729713,-0.8579533056949596,0.08589385474860335,2
1776691050.526545,262,1776691050.526545,1776691050.526587,1776691049.929135,1776691050.447222,0.4875538236667817,-0.30497706566698807,-0.5738815249887558,0.9131944444444445,0.26666666666666666,0.0,0.1634165139579991,0.024249409257285824,0.773104456828621,0.12174043589224755,-0.37030371347688523,-0.08827329651138026,0.9994593020837667,0.5046880051729713,-0.8579533056949596,0.08589385474860335,2
1776691050.576612,263,1776691050.576612,1776691050.576656,1776691050.528179,1776691050.447222,0.4881662300256424,-0.3067253016608242,-0.600391565468159,0.9409722222222223,0.13333333333333333,0.0,-0.15413213743236773,-0.44226358708242597,0.6360514537632622,0.31304217280340463,0.5597243393495331,-0.53341663235315,0.999417709936364,0.5046880051729713,-0.8579533056949596,0.08589385474860335,2
1776691050.626639,264,1776691050.626639,1776691050.576656,1776691050.528179,1776691050.590766,0.4887553444495748,-0.3102938658544278,-0.5871365452284574,0.9062500000000001,-0.13333333333333333,0.0,-0.15413213743236773,-0.44226358708242597,0.6360514537632622,0.31304217280340463,0.5597243393495331,-0.53341663235315,0.999417709936364,0.5016704386248518,-0.8659175212742745,0.10405027932960895,2
1776691050.676631,265,1776691050.676631,1776691050.626679,1776691050.528179,1776691050.590766,0.4893711362640938,-0.3139255107282214,-0.5699394131809403,0.9479166666666669,-0.13333333333333333,0.0,-0.09842122134335507,-0.12471138550402323,0.7266571246091565,-0.013916176576176708,0.09385527815850488,-0.6267351990420613,0.999417709936364,0.5016704386248518,-0.8659175212742745,0.10405027932960895,2
1776691050.726632,266,1776691050.726632,1776691050.676683,1776691050.528179,1776691050.590766,0.48993068437527804,-0.31723274067532375,-0.5408365743312962,0.8611111111111112,-0.13333333333333333,0.0,-0.10306418576204147,-0.019630612055784646,0.7509775719128344,0.15999686690208414,-0.25426876913420526,-0.34552528077922445,0.999417709936364,0.5016704386248518,-0.8659175212742745,0.10405027932960895,2
1776691050.776685,267,1776691050.776685,1776691050.776728,1776691050.528179,1776691050.732768,0.49050196873274404,-0.321369030990637,-0.49451014630790807,0.8784722222222223,-0.26666666666666666,0.0,-0.0176412467857445,-0.19284081607437953,0.7259894250744257,0.11304608917579943,0.11945508345395622,-0.6431252277707573,0.999417709936364,0.5007005065200992,-0.8734453414793804,0.1340782122905028,2
1776691050.826685,268,1776691050.826685,1776691050.776728,1776691050.528179,1776691050.732768,0.49108625323993754,-0.32535212536834607,-0.4720215890150012,0.8993055555555557,-0.26666666666666666,0.0,-0.0176412467857445,-0.19284081607437953,0.7259894250744257,0.11304608917579943,0.11945508345395622,-0.6431252277707573,0.999417709936364,0.5007005065200992,-0.8734453414793804,0.1340782122905028,2
1776691050.876946,269,1776691050.876946,1776691050.82673,1776691050.528179,1776691050.876068,0.49159434242511746,-0.32761401832944337,-0.4853030663809298,0.7777777777777779,-0.06666666666666667,0.0,-0.061281386773217345,-0.21939914129947952,0.7040534025689251,0.26434860936143545,0.1228688178103424,-0.6796963372095775,0.999417709936364,0.4981140209074254,-0.8803185686231726,0.15677374301675978,2
1776691050.926795,270,1776691050.926795,1776691050.877017,1776691050.528179,1776691050.876068,0.4921680643106574,-0.329713703827195,-0.47606952932772445,0.8854166666666667,0.0,0.0,0.14206136133082792,0.883371750915072,0.8004768690145719,-0.937390259981854,0.029007134896947496,-0.5750330119695012,0.999417709936364,0.4981140209074254,-0.8803185686231726,0.15677374301675978,2
1776691050.976778,271,1776691050.976778,1776691050.926836,1776691050.528179,1776691050.876068,0.4927432757966869,-0.3322369310347935,-0.47210096039368205,0.8854166666666667,-0.06666666666666667,0.0,0.006499529261464404,0.04272556332916338,0.7283738498726029,0.04869356344196915,0.211606696811713,-0.5535929801644209,0.999417709936364,0.4981140209074254,-0.8803185686231726,0.15677374301675978,2
1776691051.026925,272,1776691051.026925,1776691050.976822,1776691050.528179,1776691051.018855,0.49330268848964487,-0.32970469230145355,-0.5517104532105723,0.857638888888889,0.6666666666666667,0.0,0.06963825703333046,-0.1304846406894315,0.7117787061170924,0.04521451929792497,0.06484814326155738,-0.7377027455546248,0.999417709936364,0.49735962927039556,-0.8843552258346061,0.16829608938547486,2
1776691051.076825,273,1776691051.076825,1776691051.026971,1776691050.528179,1776691051.018855,0.49386345536486614,-0.3315971127071525,-0.5635897028864726,0.8645833333333334,0.06666666666666667,0.0,-0.006499529261464404,-0.0646650913527622,0.7553647764139345,0.15652435004536466,-0.481227663417321,-0.752838556087218,0.999417709936364,0.49735962927039556,-0.8843552258346061,0.16829608938547486,2
1776691051.126896,274,1776691051.126896,1776691051.126939,1776691051.127796,1776691051.018855,0.49443740294745,-0.3344898124701493,-0.5582982776410826,0.8819444444444445,-0.06666666666666667,0.0,-0.02135592878304193,-0.2505772289919535,0.7383881470138045,0.06260974001814586,0.1843032267155136,-0.8360665824210671,0.999417709936364,0.49735962927039556,-0.8843552258346061,0.16829608938547486,2
1776691051.176883,275,1776691051.176883,1776691051.126939,1776691051.127796,1776691051.162677,0.49502827780832465,-0.33832872243599565,-0.5199354446120062,0.9097222222222223,-0.2,0.0,-0.02135592878304193,-0.2505772289919535,0.7383881470138045,0.06260974001814586,0.1843032267155136,-0.8360665824210671,0.999417709936364,0.5015626683909904,-0.8880645865153829,0.17493016759776536,2
1776691051.27697,277,1776691051.27697,1776691051.277013,1776691051.127796,1776691051.162677,0.4960333970235345,-0.34167199848606367,-0.5569489642035083,0.8645833333333334,-0.33333333333333337,0.0,0.012070776101539817,-0.14434199755980787,0.7929422684260556,0.20521791348733381,-0.08362047984423636,0.09331856668891128,0.999417709936364,0.5015626683909904,-0.8880645865153829,0.17493016759776536,2
1776691051.326984,278,1776691051.326984,1776691051.32703,1776691051.127796,1776691051.305164,0.4965971882391437,-0.34855680415251106,-0.4616768526602641,0.8680555555555556,-0.6666666666666667,0.0,-0.005571246840075412,0.18244779842159722,0.7222699201080566,0.043478260869565216,0.10238641167202532,0.1702376388514201,0.999417709936364,0.5031792218989115,-0.8898101680122191,0.1784217877094972,2
1776691051.377031,279,1776691051.377031,1776691051.377079,1776691051.127796,1776691051.305164,0.49715082308777847,-0.34822337770007844,-0.5662883297616214,0.8506944444444445,0.33333333333333337,0.0,-0.12070543254778597,0.3429560688195956,0.8890796007069084,-0.5060866954302462,-0.40102091792947087,-0.17528290902895113,0.999417709936364,0.5031792218989115,-0.8898101680122191,0.1784217877094972,2
1776691051.426996,280,1776691051.426996,1776691051.377079,1776691051.127796,1776691051.305164,0.49771226705413135,-0.3506294550730384,-0.5266290975474244,0.8645833333333334,0.0,0.0,-0.12070543254778597,0.3429560688195956,0.8890796007069084,-0.5060866954302462,-0.40102091792947087,-0.17528290902895113,0.999417709936364,0.5031792218989115,-0.8898101680122191,0.1784217877094972,2
1776691051.477038,281,1776691051.477038,1776691051.427042,1776691051.127796,1776691051.447791,0.49826996444955585,-0.354198019266642,-0.4961769452602059,0.857638888888889,-0.2,0.0,0.006499529261464404,-0.17090032278490788,0.7371482588748031,0.29217443522646425,0.3873723852588162,-0.24842512790659152,0.999417709936364,0.5059812479793081,-0.8931922321623391,0.18470670391061453,2
1776691051.527049,282,1776691051.527049,1776691051.477098,1776691051.127796,1776691051.447791,0.498868197034061,-0.3555317250763727,-0.5186655025531127,0.920138888888889,0.13333333333333333,0.0,0.02971202288728432,0.004618797201501181,0.7545063739195526,-0.08869278016749019,0.10238641167202532,-0.6267351990420613,0.999417709936364,0.5059812479793081,-0.8931922321623391,0.18470670391061453,2
1776691051.577098,283,1776691051.577098,1776691051.527089,1776691051.127796,1776691051.447791,0.4994307694856333,-0.3559282322089953,-0.52527978410985,0.8645833333333334,0.26666666666666666,0.0,0.09006512723911268,-0.04388002131307047,0.7316165974398446,0.27652200022192774,-0.24914496522218094,-0.5258487270868534,0.999417709936364,0.5059812479793081,-0.8931922321623391,0.18470670391061453,2
1776691051.62713,284,1776691051.62713,1776691051.627179,1776691051.127796,1776691051.590083,0.5000042656741294,-0.35685641936036194,-0.5597005053311109,0.8819444444444445,0.2,0.0,0.04363936383160212,-0.40646670218845077,0.7784453355786108,0.14435095918487234,-0.011944867869906619,-0.5952093597807722,0.999417709936364,0.5102920573337644,-0.8985380754963997,0.18051675977653633,2
1776691051.677134,285,1776691051.677134,1776691051.677178,1776691051.127796,1776691051.590083,0.5006092240305421,-0.3594066811451847,-0.5702833558218907,0.9305555555555557,0.0,0.0,0.05478185751175295,-0.29792158952261816,0.726466341924188,0.26608486778979523,-0.15870342142006225,-0.7780554411771666,0.999417709936364,0.5102920573337644,-0.8985380754963997,0.18051675977653633,2
1776691051.727201,286,1776691051.727201,1776691051.677178,1776691051.127796,1776691051.590083,0.501133021729976,-0.3652731844028513,-0.5424504590311401,0.8055555555555557,-0.5333333333333333,0.0,0.05478185751175295,-0.29792158952261816,0.726466341924188,0.26608486778979523,-0.15870342142006225,-0.7780554411771666,0.999417709936364,0.5102920573337644,-0.8985380754963997,0.18051675977653633,2
1776691051.777316,287,1776691051.777316,1776691051.727241,1776691051.728795,1776691051.733103,0.5017141916179638,-0.3685533797727293,-0.513294705929042,0.8923611111111112,-0.13333333333333333,0.0,0.04363936383160212,0.8464204080371898,0.8616118370411319,-0.7495675672147412,-0.06826187761794357,-0.5233308248969412,0.999417709936364,0.5169738118331717,-0.9019201396465197,0.1672486033519553,2
1776691051.827454,288,1776691051.827454,1776691051.77756,1776691051.728795,1776691051.733103,0.502293510790192,-0.37034667339527255,-0.4947218033177237,0.888888888888889,0.06666666666666667,0.0,0.03621155214874872,0.01154747563668937,0.8182164697039407,0.11826139174820335,-0.11604134909757004,-0.5157629196306446,0.999417709936364,0.5169738118331717,-0.9019201396465197,0.1672486033519553,2
1776691051.927381,290,1776691051.927381,1776691051.927422,1776691051.728795,1776691051.876734,0.5033849365549811,-0.37160828699907184,-0.556552107310104,0.8645833333333334,-0.06666666666666667,0.0,-0.02506983462446863,-0.1339489799070256,0.7175965017168449,0.2956534793705084,0.23378636299588815,-0.6418662766758011,0.999417709936364,0.5190214462765385,-0.9022474361771765,0.15223463687150837,2
1776691051.977293,291,1776691051.977293,1776691051.927422,1776691051.728795,1776691051.876734,0.5039280539213711,-0.37433877929872306,-0.5380585760774665,0.8368055555555556,-0.06666666666666667,0.0,-0.02506983462446863,-0.1339489799070256,0.7175965017168449,0.2956534793705084,0.23378636299588815,-0.6418662766758011,0.999417709936364,0.5190214462765385,-0.9022474361771765,0.15223463687150837,2
1776691052.027312,292,1776691052.027312,1776691051.977342,1776691051.728795,1776691052.018546,0.5045352241088138,-0.3777090899260154,-0.5301214382093817,0.9340277777777779,-0.13333333333333333,0.0,-0.03064030530867331,0.026559290490972835,0.8529327795187571,-0.1808711317663492,-0.12457248261109047,-0.7187900817371632,0.999417709936364,0.5180515141717859,-0.9006109535238926,0.13477653631284917,2
1776691052.077323,293,1776691052.077323,1776691052.027399,1776691051.728795,1776691052.018546,0.5050996021367371,-0.37906081878722886,-0.5301214382093817,0.8680555555555556,0.13333333333333333,0.0,0.008356870260113117,-0.14087765834221377,0.7554601278937599,0.1408719150408282,-0.3771311821896576,-0.7200490328321193,0.999417709936364,0.5180515141717859,-0.9006109535238926,0.13477653631284917,2
1776691052.127393,294,1776691052.127393,1776691052.077363,1776691051.728795,1776691052.018546,0.5056798692365495,-0.38048463985437375,-0.5499642828795936,0.8923611111111112,0.13333333333333333,0.0,0.11327762086493258,-0.37759849572966375,0.604291837076211,0.30434782608695654,0.824234311552897,-0.5788145981532229,0.999417709936364,0.5180515141717859,-0.9006109535238926,0.13477653631284917,2
1776691052.177379,295,1776691052.177379,1776691052.127434,1776691051.728795,1776691052.161615,0.5062916887830962,-0.3839270426875975,-0.5287985818980343,0.9409722222222223,-0.13333333333333333,0.0,0.18105853689961435,-0.18591213763919134,0.7108249521428849,0.06260974001814586,0.1331036161246109,-0.7099632253759105,0.999417709936364,0.5148184071559436,-0.8998472616190268,0.11452513966480449,2
1776691052.227465,296,1776691052.227465,1776691052.177421,1776691051.728795,1776691052.161615,0.5068137711849966,-0.3864592814209374,-0.4956742598618939,0.8020833333333335,-0.06666666666666667,0.0,-0.007427811682853398,-0.07967690620704568,0.7417262460608716,0.22956469520831838,-0.24914496522218094,-0.7578790933658957,0.999417709936364,0.5148184071559436,-0.8998472616190268,0.11452513966480449,2
1776691052.277455,297,1776691052.277455,1776691052.277498,1776691051.728795,1776691052.161615,0.5073596871947307,-0.3880453099514279,-0.5234277852739636,0.8402777777777778,0.06666666666666667,0.0,0.2915505343445092,-0.4076211601723579,0.7902717891884019,0.15999686690208414,-0.06996554241869164,-0.5901640896032411,0.999417709936364,0.5148184071559436,-0.8998472616190268,0.11452513966480449,2
1776691052.327505,298,1776691052.327505,1776691052.327544,1776691052.328578,1776691052.304336,0.5079042941616102,-0.38884733574241453,-0.5578749636214515,0.8368055555555556,0.2,0.0,0.3082634987088647,-0.2956117082889311,0.755078721974458,0.04869356344196915,0.020476001383427058,-0.3190399787966131,0.999417709936364,0.5132018536480225,-0.9011564477416539,0.09567039106145252,2
1776691052.377491,299,1776691052.377491,1776691052.327544,1776691052.328578,1776691052.304336,0.5084776549318799,-0.3876578143445467,-0.6147313278831653,0.8819444444444445,0.5333333333333333,0.0,0.3082634987088647,-0.2956117082889311,0.755078721974458,0.04869356344196915,0.020476001383427058,-0.3190399787966131,0.999417709936364,0.5132018536480225,-0.9011564477416539,0.09567039106145252,2
1776691052.427667,300,1776691052.427667,1776691052.377534,1776691052.328578,1776691052.304336,0.5090753909828886,-0.3908839405599762,-0.6147313278831653,0.9166666666666667,-0.06666666666666667,0.0,-0.12256277354643469,-0.05311761571607283,0.9412493770462996,-0.15999686690208414,-0.4283243880256703,-0.037830060533776334,0.999417709936364,0.5132018536480225,-0.9011564477416539,0.09567039106145252,2
1776691052.477548,301,1776691052.477548,1776691052.427706,1776691052.328578,1776691052.447166,0.5096380988526872,-0.39393884778631866,-0.5843850041008546,0.8680555555555556,-0.06666666666666667,0.0,-0.09377903308053938,-0.43995370584873894,0.6187886901983383,0.2973897377988681,0.6416347496381314,-0.4451433358417697,0.999417709936364,0.5148184071559436,-0.9024656338642811,0.0694832402234637,2
1776691052.527557,302,1776691052.527557,1776691052.5276,1776691052.328578,1776691052.447166,0.510229334828832,-0.3965521902513315,-0.5923221419689394,0.9097222222222223,0.0,0.0,-0.10492075060481947,-0.015011814854283463,0.7319027316046387,0.21391226020378193,-0.2662136370041118,-0.5485477099868898,0.999417709936364,0.5148184071559436,-0.9024656338642811,0.0694832402234637,2
1776691052.577588,303,1776691052.577588,1776691052.5276,1776691052.328578,1776691052.447166,0.5107983170764505,-0.39909344051041284,-0.5936449982802868,0.8750000000000001,0.0,0.0,-0.16991604321946352,-0.6258658434879304,0.6558893450860145,0.2904316495107798,0.6023864116720253,-0.7061769062933356,0.999417709936364,0.5148184071559436,-0.9024656338642811,0.0694832402234637,2
1776691052.627644,304,1776691052.627644,1776691052.577629,1776691052.328578,1776691052.590153,0.5113583617211314,-0.40340996134055457,-0.5512606820647141,0.8611111111111112,-0.26666666666666666,0.0,-0.16991604321946352,-0.6258658434879304,0.6558893450860145,0.2904316495107798,0.6023864116720253,-0.7061769062933356,0.999417709936364,0.516003879728419,-0.902029238490072,0.040502793296089384,2
1776691052.677752,305,1776691052.677752,1776691052.627687,1776691052.328578,1776691052.590153,0.5119460768233918,-0.4081139777775775,-0.5168135037172262,0.9027777777777779,-0.33333333333333337,0.0,0.06870919845607075,-0.1027718574804244,0.7622316774677197,0.09912991259962273,0.04266207232249222,-0.6532157681258194,0.999417709936364,0.516003879728419,-0.902029238490072,0.040502793296089384,2
1776691052.727733,306,1776691052.727733,1776691052.727772,1776691052.328578,1776691052.590153,0.5124671210188904,-0.41014157106939775,-0.5207556155250417,0.8020833333333335,0.0,0.0,0.03621155214874872,0.7621247046286429,0.8168812300851138,-0.9321749574094501,-0.10068274687127725,-0.6431252277707573,0.999417709936364,0.516003879728419,-0.902029238490072,0.040502793296089384,2
1776691052.777677,307,1776691052.777677,1776691052.727772,1776691052.328578,1776691052.731944,0.5130374123093634,-0.4128360172660833,-0.4996163716697093,0.8784722222222223,-0.06666666666666667,0.0,0.03621155214874872,0.7621247046286429,0.8168812300851138,-0.9321749574094501,-0.10068274687127725,-0.6431252277707573,0.999417709936364,0.5164349606638647,-0.8977743835915339,0.0006983240223463687,2
1776691052.82789,308,1776691052.82789,1776691052.777718,1776691052.328578,1776691052.731944,0.5136265718727046,-0.41551244041128604,-0.4942984892980925,0.9027777777777779,-0.06666666666666667,0.0,-0.04363936383160212,0.0969976370291433,0.8092512780167722,-0.006958088288088354,-0.03242086925333367,-0.6330394203145485,0.999417709936364,0.5164349606638647,-0.8977743835915339,0.0006983240223463687,2
1776691052.877765,309,1776691052.877765,1776691052.827928,1776691052.328578,1776691052.877359,0.5141628280489606,-0.4116645189196983,-0.5972431674471519,0.826388888888889,0.8666666666666667,0.0,-0.19312931300115416,-0.2009239524934748,0.7547925080843465,-0.008694346716448111,0.06313807370591928,-0.8852461344048617,0.999417709936364,0.5162194201961419,-0.8965742963124591,-0.04120111731843575,2
1776691052.927782,310,1776691052.927782,1776691052.877812,1776691052.928823,1776691052.877359,0.5147226469965975,-0.4137371698402257,-0.6144402994946689,0.8611111111111112,0.06666666666666667,0.0,-0.007427811682853398,-0.3394917296020016,0.9330471566483699,-0.4069567828306234,-0.48805513213009344,-0.8146265506159868,0.9992929334941564,0.5162194201961419,-0.8965742963124591,-0.04120111731843575,2
1776691052.977806,311,1776691052.977806,1776691052.927822,1776691052.928823,1776691052.877359,0.5152937056570197,-0.4168371346952752,-0.6038574490038893,0.8784722222222223,-0.06666666666666667,0.0,0.044568422408861844,-0.5739036510216373,0.6877443929782086,0.3947833919701311,0.5614344089051713,-0.7629243635434267,0.9992929334941564,0.5162194201961419,-0.8965742963124591,-0.04120111731843575,2
1776691053.027846,312,1776691053.027846,1776691053.027887,1776691052.928823,1776691053.023028,0.515889681271086,-0.4195496039434437,-0.5945709976982301,0.9166666666666667,0.0,0.0,0.015784681942966516,-0.07390268575576457,0.7497376837738329,0.13043478260869565,-0.2730347009619942,-0.6847416073871085,0.9992929334941564,0.5134173941157453,-0.8963560986253546,-0.0715782122905028,2
1776691053.079408,313,1776691053.079408,1776691053.079453,1776691052.928823,1776691053.023028,0.5164413751251434,-0.42202777352233506,-0.5932216842606557,0.8229166666666667,0.0,0.0,-0.16620213737803682,-0.48383372716180945,0.667048178886392,0.19478078105520125,0.6825931571598756,-0.508195014364348,0.9992929334941564,0.5134173941157453,-0.8963560986253546,-0.0715782122905028,2
1776691053.127874,314,1776691053.127874,1776691053.079453,1776691052.928823,1776691053.023028,0.5169903154752654,-0.4244879200497436,-0.5829563192845993,0.8715277777777779,0.0,0.0,-0.16620213737803682,-0.48383372716180945,0.667048178886392,0.19478078105520125,0.6825931571598756,-0.508195014364348,0.9992929334941564,0.5134173941157453,-0.8963560986253546,-0.0715782122905028,2
1776691053.177882,315,1776691053.177882,1776691053.127915,1776691052.928823,1776691053.169049,0.517579204202154,-0.42797538051167444,-0.5657591872370824,0.9062500000000001,-0.13333333333333333,0.0,-0.012999058522928809,-0.11893813031861496,0.7706246805506182,0.08347747759508625,-0.010241203069158543,-0.5825961843369445,0.9992929334941564,0.5100765168660416,-0.8960288020946978,-0.10195530726256984,2
1776691053.227926,316,1776691053.227926,1776691053.227963,1776691052.928823,1776691053.169049,0.5180983074030753,-0.43335526137930414,-0.5366298912612112,0.7986111111111112,-0.4666666666666667,0.0,0.1411330789094389,0.35219366322259804,0.9155936901237951,-0.6173899988903612,-0.4078483866422432,-0.7843643953485071,0.9992929334941564,0.5100765168660416,-0.8960288020946978,-0.10195530726256984,2
1776691053.278052,317,1776691053.278052,1776691053.278096,1776691052.928823,1776691053.169049,0.5186568624472665,-0.43741945948868605,-0.4941926607931847,0.857638888888889,-0.26666666666666666,0.0,0.038068893147397434,-0.005773255185408269,0.8382450639863439,-0.015652435004536464,-0.1689446244892208,-0.667087894664603,0.9992929334941564,0.5100765168660416,-0.8960288020946978,-0.10195530726256984,2
1776691053.328037,318,1776691053.328037,1776691053.328077,1776691052.928823,1776691053.314552,0.5192230911909496,-0.4395371680379205,-0.5021297986612694,0.8715277777777779,0.0,0.0,-0.044568422408861844,-0.10854511266583267,0.804291805186084,-0.07999843345104207,-0.020476001383427058,-0.7667106826260016,0.9992929334941564,0.501993749326436,-0.8955924067204888,-0.1295391061452514,2
1776691053.428039,320,1776691053.428039,1776691053.428071,1776691052.928823,1776691053.314552,0.5203318053492998,-0.4366985374293722,-0.6462417652194619,0.8750000000000001,0.0,0.0,-0.07428044529614615,-0.5,0.6648544570478655,0.3286946078079411,0.5887378790013706,-0.7200490328321193,0.9992929334941564,0.501993749326436,-0.8955924067204888,-0.1295391061452514,2
1776691053.478054,321,1776691053.478054,1776691053.478096,1776691052.928823,1776691053.459671,0.5208891416294541,-0.44032117077742433,-0.6383046273513772,0.857638888888889,-0.13333333333333333,0.0,-0.00928515268150211,-0.008083136419095275,0.7945636422096765,-0.09739365417126296,-0.06996554241869164,-0.8650697865935907,0.9992929334941564,0.4936954413191077,-0.8927558367881301,-0.160963687150838,2
1776691053.52814,322,1776691053.52814,1776691053.528179,1776691053.528898,1776691053.459671,0.5214811449755483,-0.44452054177292755,-0.5998624229436199,0.9097222222222223,-0.2,0.0,0.09842122134335507,-0.13625886114071262,0.7451596965877644,0.2191275627761858,-0.2662136370041118,-0.7654469986321922,0.9992929334941564,0.4936954413191077,-0.8927558367881301,-0.160963687150838,2
1776691053.578156,323,1776691053.578156,1776691053.578212,1776691053.528898,1776691053.459671,0.522027331821735,-0.446998711351819,-0.5972167103209249,0.8402777777777778,0.0,0.0,-0.18013025447822537,-0.20900708891257008,0.7492607669240704,-0.04695730501360939,0.6040964812276635,-0.5296350461694284,0.9992929334941564,0.4936954413191077,-0.8927558367881301,-0.160963687150838,2
1776691053.628155,324,1776691053.628155,1776691053.628198,1776691053.528898,1776691053.608417,0.5226071926668684,-0.4505132063909741,-0.577373865650713,0.8923611111111112,-0.13333333333333333,0.0,0.049210610671677535,0.14318753957590077,0.8177396325794959,0.06086695430246144,-0.1365173504809971,-0.4489296549243446,0.9992929334941564,0.48873801056148297,-0.8898101680122191,-0.1906424581005587,2
1776691053.67818,325,1776691053.67818,1776691053.628198,1776691053.528898,1776691053.608417,0.5231713449977478,-0.45522623435373843,-0.5297245813159775,0.8680555555555556,-0.33333333333333337,0.0,0.049210610671677535,0.14318753957590077,0.8177396325794959,0.06086695430246144,-0.1365173504809971,-0.4489296549243446,0.9992929334941564,0.48873801056148297,-0.8898101680122191,-0.1906424581005587,2
1776691053.728204,326,1776691053.728204,1776691053.678224,1776691053.528898,1776691053.608417,0.5236747396844151,-0.457686380881147,-0.52840172500463,0.7743055555555556,-0.06666666666666667,0.0,-0.1504174554350703,-0.22401890376685354,0.6961373163357893,0.0765193893069979,0.20819296245532684,-0.5876414545144756,0.9992929334941564,0.48873801056148297,-0.8898101680122191,-0.1906424581005587,2
1776691053.77822,327,1776691053.77822,1776691053.728247,1776691053.528898,1776691053.756825,0.5242254404714793,-0.46033576944912546,-0.5138503055798079,0.8472222222222223,-0.06666666666666667,0.0,-0.04178279898882414,-0.03464242691006811,0.9573676836773652,-0.2243493926359144,-0.5511932058360126,-0.5107176494531136,0.9992929334941564,0.48302618816682835,-0.8861008073314424,-0.20949720670391062,2
1776691053.828237,328,1776691053.828237,1776691053.828279,1776691053.528898,1776691053.756825,0.5247829573092687,-0.46339968820120936,-0.48739317935285875,0.857638888888889,-0.13333333333333333,0.0,0.023212493625819914,0.11778270706883505,0.8226036742050409,-0.2730429560778836,-0.037544673165357964,-1.0,0.9992929334941564,0.48302618816682835,-0.8861008073314424,-0.20949720670391062,2
1776691053.87827,329,1776691053.87827,1776691053.828279,1776691053.528898,1776691053.756825,0.5253789780627439,-0.4646883363822329,-0.5085588803344181,0.9166666666666667,0.13333333333333333,0.0,0.023212493625819914,0.11778270706883505,0.8226036742050409,-0.2730429560778836,-0.037544673165357964,-1.0,0.9992929334941564,0.48302618816682835,-0.8861008073314424,-0.20949720670391062,2
1776691053.928304,330,1776691053.928304,1776691053.878314,1776691053.528898,1776691053.904984,0.5259663320497341,-0.4660400652434464,-0.525782469508162,0.9027777777777779,0.13333333333333333,0.0,0.3890434732664753,-0.41801417782514017,0.8447304793955098,0.17043399933421668,-0.5665518080623054,-0.9180309247611069,0.9992929334941564,0.4760211229658368,-0.8807549639973816,-0.2252094972067039,2
1776691053.978321,331,1776691053.978321,1776691053.978379,1776691053.528898,1776691053.904984,0.5265442519002902,-0.46742784020762557,-0.5548853083578061,0.888888888888889,0.13333333333333333,0.0,-0.1272049618092504,-0.04965327649847874,0.7855984505225078,-0.14782347604159188,0.17406202364635506,-0.9546020341999272,0.9992929334941564,0.4760211229658368,-0.8807549639973816,-0.2252094972067039,2
1776691054.028353,332,1776691054.028353,1776691054.028389,1776691053.528898,1776691053.904984,0.5271428456000655,-0.46813073921545656,-0.5853374606450248,0.920138888888889,0.26666666666666666,0.0,-0.010213435102891103,-0.20900708891257008,0.7358130192559762,0.26434860936143545,-0.044365737123240295,-0.88146454822114,0.9992929334941564,0.4760211229658368,-0.8807549639973816,-0.2252094972067039,2
1776691054.078367,333,1776691054.078367,1776691054.028389,1776691053.528898,1776691054.053415,0.5277026194082937,-0.4701583325072768,-0.5879831732677198,0.8611111111111112,0.06666666666666667,0.0,-0.010213435102891103,-0.20900708891257008,0.7358130192559762,0.26434860936143545,-0.044365737123240295,-0.88146454822114,0.9992929334941564,0.47332686711930166,-0.8751909229762165,-0.24511173184357543,2
1776691054.128388,334,1776691054.128388,1776691054.078409,1776691053.528898,1776691054.053415,0.5282488513938892,-0.4730330092187908,-0.5879831732677198,0.8402777777777778,-0.06666666666666667,0.0,-0.31197740455029144,-0.6408776583422137,0.7648068052255481,0.10608800088771107,0.5494895410352646,-0.9243398789324473,0.9992929334941564,0.47332686711930166,-0.8751909229762165,-0.24511173184357543,2
1776691054.178447,335,1776691054.178447,1776691054.128431,1776691054.129477,1776691054.053415,0.5287977014651937,-0.47366381602069046,-0.6171124692435908,0.84375,0.26666666666666666,0.0,0.2618385114572249,-0.15242513397890314,0.8297567891489378,0.1408719150408282,-0.14164115439302138,-0.7894049326271848,0.9992929334941564,0.47332686711930166,-0.8751909229762165,-0.24511173184357543,2
1776691054.228421,336,1776691054.228421,1776691054.178496,1776691054.129477,1776691054.201524,0.5293551280241655,-0.4758085591471492,-0.629018176045718,0.857638888888889,0.06666666666666667,0.0,0.2674097582973003,-0.3949192265517614,0.7499284664588014,0.19304452262684152,0.0307172044525856,-0.32786683515786585,0.9992929334941564,0.47311132665157885,-0.8690813877372899,-0.2566340782122905,2
1776691054.278469,337,1776691054.278469,1776691054.278511,1776691054.129477,1776691054.201524,0.5299577842707307,-0.4813776820553488,-0.5853110035187978,0.9270833333333335,-0.4,0.0,-0.1327762086493258,0.23787529537135707,0.7962803674731227,0.16347591104612835,-0.02559980529545134,-0.42370803693554265,0.9992929334941564,0.47311132665157885,-0.8690813877372899,-0.2566340782122905,2
1776691054.328495,338,1776691054.328495,1776691054.278511,1776691054.129477,1776691054.201524,0.5305309644833653,-0.4861628022240445,-0.531047437627325,0.8819444444444445,-0.33333333333333337,0.0,-0.1327762086493258,0.23787529537135707,0.7962803674731227,0.16347591104612835,-0.02559980529545134,-0.42370803693554265,0.9992929334941564,0.47311132665157885,-0.8690813877372899,-0.2566340782122905,2
1776691054.378549,339,1776691054.378549,1776691054.328538,1776691054.129477,1776691054.351816,0.5310981862940415,-0.4861808252755274,-0.580046035399635,0.8715277777777779,0.33333333333333337,0.0,-0.2284125827285139,-0.09237883982764213,0.7710061661952377,-0.06086695430246144,0.14504848399451753,-0.6002498970594499,0.9992929334941564,0.4720336243129648,-0.8600261837224525,-0.26117318435754194,2
1776691054.428525,340,1776691054.428525,1776691054.37861,1776691054.129477,1776691054.351816,0.5316622032066946,-0.4872982544674639,-0.5840146043336774,0.8680555555555556,0.2,0.0,0.1318479262279368,-0.36605102009297436,0.8596088978875741,-0.012173390860492288,-0.5699655424186917,-0.6027725321482155,0.9992929334941564,0.4720336243129648,-0.8600261837224525,-0.26117318435754194,2
1776691054.478621,341,1776691054.478621,1776691054.428562,1776691054.129477,1776691054.351816,0.5322205776932507,-0.48975840099487244,-0.580046035399635,0.857638888888889,0.0,0.0,-0.20241368952678557,-0.6420321163261209,0.7197902235553713,0.2313074809240028,0.41808958971140175,-0.5674651067032047,0.9992929334941564,0.4720336243129648,-0.8600261837224525,-0.26117318435754194,2
1776691054.528643,342,1776691054.528643,1776691054.528686,1776691054.129477,1776691054.497952,0.5328073900073357,-0.49322783840532036,-0.5667910151599334,0.9027777777777779,-0.13333333333333333,0.0,0.09006512723911268,-0.147806336777402,0.7415354633759031,0.27478574179356796,-0.0870278094457325,-0.6494341819420978,0.9992929334941564,0.4684772065955383,-0.8500981889591971,-0.263268156424581,2
1776691054.578629,343,1776691054.578629,1776691054.528686,1776691054.129477,1776691054.497952,0.5333442329959057,-0.49552577746938337,-0.5522660528613382,0.826388888888889,0.0,0.0,0.09006512723911268,-0.147806336777402,0.7415354633759031,0.27478574179356796,-0.0870278094457325,-0.6494341819420978,0.9992929334941564,0.4684772065955383,-0.8500981889591971,-0.263268156424581,2
1776691054.62865,344,1776691054.62865,1776691054.628689,1776691054.129477,1776691054.497952,0.5339041422223603,-0.49785976263641196,-0.5575574781067281,0.8611111111111112,0.0,0.0,-0.03992545799017542,0.05658195493366693,0.8522651597093437,0.02956208429338851,-0.09897908207052916,-0.65195208413201,0.9992929334941564,0.4684772065955383,-0.8500981889591971,-0.263268156424581,2
1776691054.67873,345,1776691054.67873,1776691054.628689,1776691054.129477,1776691054.646725,0.5344804370542005,-0.5002838630608548,-0.5482710268010689,0.8854166666666667,0.0,0.0,-0.03992545799017542,0.05658195493366693,0.8522651597093437,0.02956208429338851,-0.09897908207052916,-0.65195208413201,0.9992929334941564,0.4620109925638539,-0.843770456033166,-0.25314245810055863,2
1776691054.728701,346,1776691054.728701,1776691054.728744,1776691054.729466,1776691054.646725,0.5349991791398514,-0.5019780299002424,-0.5866074027039183,0.7986111111111112,0.06666666666666667,0.0,0.003713905841426699,-0.3602767996416933,0.9222698882179293,-0.3965196503984909,-0.46757913074666635,-0.8638061025997814,0.9991681570519486,0.4620109925638539,-0.843770456033166,-0.25314245810055863,2
1776691054.778739,347,1776691054.778739,1776691054.778793,1776691054.729466,1776691054.646725,0.5355611647791096,-0.5067271039659725,-0.548218112548615,0.8645833333333334,-0.33333333333333337,0.0,0.08727950381907497,0.06004629415126102,0.8093467092219152,0.001736258428359758,-0.011944867869906619,-0.6456478628595229,0.9991681570519486,0.4620109925638539,-0.843770456033166,-0.25314245810055863,2
1776691054.828758,348,1776691054.828758,1776691054.828799,1776691054.729466,1776691054.794625,0.5361256330858505,-0.50861051284593,-0.5521866814826574,0.8680555555555556,0.06666666666666667,0.0,-0.03435498730597073,-0.234410956153763,0.7999999521648093,-0.09912991259962273,-0.018772336582678982,-0.7969728378934814,0.9991681570519486,0.45920896648345727,-0.8408247872572552,-0.2440642458100559,2
1776691054.878876,349,1776691054.878876,1776691054.828799,1776691054.729466,1776691054.794625,0.5366757470606007,-0.5059340897007272,-0.6503161626584121,0.84375,0.7333333333333333,0.0,-0.03435498730597073,-0.234410956153763,0.7999999521648093,-0.09912991259962273,-0.018772336582678982,-0.7969728378934814,0.9991681570519486,0.45920896648345727,-0.8408247872572552,-0.2440642458100559,2
1776691054.928935,350,1776691054.928935,1776691054.878917,1776691054.729466,1776691054.794625,0.5372403959249767,-0.5091512043904154,-0.6264782919279308,0.8680555555555556,-0.06666666666666667,0.0,0.21819837146975207,-0.4942267448145917,0.8506437859257229,-0.02956208429338851,-0.4470967246083492,-0.7036590041034233,0.9991681570519486,0.45920896648345727,-0.8408247872572552,-0.2440642458100559,2
1776691054.978871,351,1776691054.978871,1776691054.928977,1776691054.729466,1776691054.943915,0.5378036003282719,-0.5131703448710901,-0.5908140857740033,0.8680555555555556,-0.2,0.0,-0.2479111705129071,-0.5334870036602881,0.7629947284822763,0.10608800088771107,0.46416539639028015,-0.6456478628595229,0.9991681570519486,0.45651471063692206,-0.8383155138555531,-0.23079608938547488,2
1776691055.028872,352,1776691055.028872,1776691055.028921,1776691054.729466,1776691054.943915,0.5384103642610356,-0.5176761077418017,-0.5617112469243591,0.9340277777777779,-0.26666666666666666,0.0,0.03713983457013771,-0.1674369488331866,0.7316165974398446,0.2852163469383759,-0.0597243393495331,-0.8612882004098691,0.9991681570519486,0.45651471063692206,-0.8383155138555531,-0.23079608938547488,2
1776691055.078882,353,1776691055.078882,1776691055.028921,1776691054.729466,1776691054.943915,0.5389361932338644,-0.5203525308870045,-0.5405455459427998,0.8090277777777779,-0.06666666666666667,0.0,0.03713983457013771,-0.1674369488331866,0.7316165974398446,0.2852163469383759,-0.0597243393495331,-0.8612882004098691,0.9991681570519486,0.45651471063692206,-0.8383155138555531,-0.23079608938547488,2
1776691055.128923,354,1776691055.128923,1776691055.078919,1776691054.729466,1776691055.09166,0.5394871197179726,-0.5235065648965026,-0.518030531523666,0.8472222222222223,-0.13333333333333333,0.0,-0.17455900763814994,-0.18475767965528425,0.8026704314024632,-0.37738817124991025,0.2747447705176323,-0.7440116997259651,0.9991681570519486,0.4561913999353379,-0.8320968797730744,-0.2143854748603352,2
1776691055.178948,355,1776691055.178948,1776691055.128965,1776691054.729466,1776691055.09166,0.5400761438630876,-0.5280573853959214,-0.47170410350027786,0.9062500000000001,-0.33333333333333337,0.0,0.06035310435182835,-0.05889183616735394,0.8191702236781483,0.03304112843743268,-0.11433127954193192,-0.6431252277707573,0.9991681570519486,0.4561913999353379,-0.8320968797730744,-0.2143854748603352,2
1776691055.229051,356,1776691055.229051,1776691055.179008,1776691054.729466,1776691055.09166,0.540632848191519,-0.5250745703755103,-0.5631663888668413,0.8541666666666667,0.7333333333333333,0.0,0.07242310429749745,-0.2771365194829264,0.717215095797543,0.3095631286593605,0.06313807370591928,-0.692309512653405,0.9991681570519486,0.4561913999353379,-0.8320968797730744,-0.2143854748603352,2
1776691055.279022,357,1776691055.279022,1776691055.229091,1776691054.729466,1776691055.23952,0.5412079242593222,-0.527516693851436,-0.5631663888668413,0.8854166666666667,0.0,0.0,0.05292451651310423,-0.19168635809047244,0.8597996805725425,-0.2347799977807223,-0.4505104589647354,-0.6897868775646396,0.9991681570519486,0.4560836297014765,-0.8211869954178487,-0.19832402234636873,2
1776691055.329066,358,1776691055.329066,1776691055.329106,1776691055.329692,1776691055.23952,0.5417747849547282,-0.5299317827501374,-0.5578749636214515,0.8715277777777779,0.0,0.0,0.08727950381907497,-0.11893813031861496,0.7155936422886046,-0.03826295829716128,0.1484622183509037,-0.8486750249660414,0.9991681570519486,0.4560836297014765,-0.8211869954178487,-0.19832402234636873,2
1776691055.379046,359,1776691055.379046,1776691055.329106,1776691055.329692,1776691055.23952,0.5423276524334136,-0.5300038749560688,-0.5988570521469958,0.8506944444444445,0.33333333333333337,0.0,0.08727950381907497,-0.11893813031861496,0.7155936422886046,-0.03826295829716128,0.1484622183509037,-0.8486750249660414,0.9991681570519486,0.4560836297014765,-0.8211869954178487,-0.19832402234636873,2
1776691055.429063,360,1776691055.429063,1776691055.379088,1776691055.329692,1776691055.387863,0.5429009229248658,-0.5330497706566699,-0.5750456385427416,0.8819444444444445,-0.06666666666666667,0.0,0.42525502541522403,-0.6905309348406925,0.8317596485771781,0.16869774090585693,-0.49317253128722766,-0.6771737021208121,0.9991681570519486,0.45554477853216946,-0.8136591752127428,-0.1745810055865922,2
1776691055.479068,361,1776691055.479068,1776691055.429104,1776691055.329692,1776691055.387863,0.5434763601079392,-0.5355459632870442,-0.5710770696086992,0.8854166666666667,0.0,0.0,-0.18477244274104104,-0.5115474756366893,0.8006676516995405,0.003479044144044177,0.404434652285857,-0.5258487270868534,0.9991681570519486,0.45554477853216946,-0.8136591752127428,-0.1745810055865922,2
1776691055.529114,362,1776691055.529114,1776691055.47912,1776691055.329692,1776691055.387863,0.5440610960092204,-0.5403220719299985,-0.5247241844590841,0.8993055555555557,-0.33333333333333337,0.0,-0.03992545799017542,0.02309495127337874,0.7865522044967151,-0.012173390860492288,0.14334481919376946,-0.5977319948695375,0.9991681570519486,0.45554477853216946,-0.8136591752127428,-0.1745810055865922,2
1776691055.579138,363,1776691055.579138,1776691055.579177,1776691055.329692,1776691055.537151,0.5445891368130792,-0.5446656273373646,-0.4810699261846179,0.8125000000000001,-0.33333333333333337,0.0,-0.271123664138727,0.1027718574804244,0.832331916906766,-0.5495649562998114,0.16553089013283462,-0.6973500499320829,0.9991681570519486,0.45823903437870467,-0.8026401920139647,-0.14455307262569833,2
1776691055.629274,364,1776691055.629274,1776691055.629316,1776691055.329692,1776691055.537151,0.5451389799513767,-0.5466571745262191,-0.4770749001243485,0.84375,0.0,0.0,0.06499529261464404,0.0658195493366693,0.7896041693789883,0.09739365417126296,0.029007134896947496,-0.6771737021208121,0.9991681570519486,0.45823903437870467,-0.8026401920139647,-0.14455307262569833,2
1776691055.679194,365,1776691055.679194,1776691055.629316,1776691055.329692,1776691055.537151,0.5457133789280483,-0.5500815543079599,-0.4519935444612006,0.8854166666666667,-0.2,0.0,0.06499529261464404,0.0658195493366693,0.7896041693789883,0.09739365417126296,0.029007134896947496,-0.6771737021208121,0.9991681570519486,0.45823903437870467,-0.8026401920139647,-0.14455307262569833,2
1776691055.729224,366,1776691055.729224,1776691055.679235,1776691055.329692,1776691055.684396,0.546260152586549,-0.5469815894529103,-0.5697806704235786,0.8402777777777778,0.7333333333333333,0.0,0.061281386773217345,-0.26097024664473584,0.7697663577815538,0.28348008851001616,-0.008531133513520438,-0.6796963372095775,0.9991681570519486,0.46556741028128035,-0.7945668775910975,-0.11487430167597765,2
1776691055.779254,367,1776691055.779254,1776691055.729278,1776691055.329692,1776691055.684396,0.546822183365216,-0.5512079950256378,-0.5234542424001906,0.8645833333333334,-0.26666666666666666,0.0,0.17270166663950123,-0.5635106333688551,0.9072961182460398,0.039999216725521036,-0.5870278094457325,-0.6935684637483612,0.9991681570519486,0.46556741028128035,-0.7945668775910975,-0.11487430167597765,2
1776691055.829249,368,1776691055.829249,1776691055.829286,1776691055.329692,1776691055.684396,0.5473951830202155,-0.5543710405608774,-0.5062571103526735,0.8819444444444445,-0.13333333333333333,0.0,0.002785623420037706,0.07390268575576457,0.7463042332469403,-0.16521869676181275,0.20819296245532684,-0.6305167852257829,0.9991681570519486,0.46556741028128035,-0.7945668775910975,-0.11487430167597765,2
1776691055.879318,369,1776691055.879318,1776691055.879404,1776691055.329692,1776691055.832635,0.5479492241235292,-0.5519739747136588,-0.5963436251554357,0.8506944444444445,0.6666666666666667,0.0,0.1634165139579991,-0.5404156820954763,0.8695279232742678,0.08695652173913043,-0.4863450625744553,-0.605295167236981,0.9991681570519486,0.46858497682939976,-0.784638882827842,-0.08903631284916201,2
1776691055.929313,370,1776691055.929313,1776691055.929354,1776691055.930031,1776691055.832635,0.5484770392303442,-0.555704746370608,-0.5526893668809694,0.8125000000000001,-0.2,0.0,-0.20148540710539653,-0.3452659500532827,0.9049116934478624,-0.12174043589224755,0.0460758066788784,-0.394704832763019,0.9992097491993512,0.46858497682939976,-0.784638882827842,-0.08903631284916201,2
1776691055.979602,371,1776691055.979602,1776691055.979675,1776691055.930031,1776691055.832635,0.5489970903588498,-0.5546954554875686,-0.6112389872212081,0.795138888888889,0.4666666666666667,0.0,0.44011142493680155,-0.09584317904523622,0.7720552716492705,-0.10434521517202665,-0.0153586022262928,-0.2332893173739984,0.9992097491993512,0.46858497682939976,-0.784638882827842,-0.08903631284916201,2
1776691056.029366,372,1776691056.029366,1776691056.029404,1776691055.930031,1776691055.981185,0.5495719858690179,-0.5573448440555471,-0.6059740191020452,0.888888888888889,0.0,0.0,0.2971217811845846,-0.15935381241409136,0.7642346166212777,0.2434808717844951,-0.008531133513520438,0.010090540355062072,0.9992097491993512,0.4737579480547473,-0.7741653938468253,-0.07472067039106145,2
1776691056.079446,373,1776691056.079446,1776691056.029404,1776691055.930031,1776691055.981185,0.5501457077545577,-0.5626796672944696,-0.5503082255205439,0.8819444444444445,-0.4,0.0,0.2971217811845846,-0.15935381241409136,0.7642346166212777,0.2434808717844951,-0.008531133513520438,0.010090540355062072,0.9992097491993512,0.4737579480547473,-0.7741653938468253,-0.07472067039106145,2
1776691056.129416,374,1776691056.129416,1776691056.079487,1776691055.930031,1776691056.129649,0.5507385687494186,-0.567392695257234,-0.5027118554382624,0.9131944444444445,-0.33333333333333337,0.0,-0.1216344911250457,0.8706698172944756,0.7802574920472003,-0.9860838234238233,0.24573123086579476,-0.22193982592398015,0.9992097491993512,0.4796853109171247,-0.7658738817368536,-0.05900837988826815,2
1776691056.17945,375,1776691056.17945,1776691056.129457,1776691055.930031,1776691056.129649,0.5513231692324734,-0.5723219998377925,-0.44977114585813693,0.8993055555555557,-0.4,0.0,-0.05571013993314193,0.19514973204219369,0.7362898563804212,0.3426107843841178,0.2815722392304047,-0.32282629787918804,0.9992097491993512,0.4796853109171247,-0.7658738817368536,-0.05900837988826815,2
1776691056.229468,376,1776691056.229468,1776691056.179492,1776691055.930031,1776691056.129649,0.5518922417589095,-0.5724481611981724,-0.5252004127311692,0.8750000000000001,0.26666666666666666,0.0,-0.08635122139768599,-0.203232868461289,0.7481163897155296,0.2608695652173913,-0.11092394994043579,-0.3417389616966496,0.9992097491993512,0.4796853109171247,-0.7658738817368536,-0.05900837988826815,2
1776691056.279655,377,1776691056.279655,1776691056.229509,1776691055.930031,1776691056.278344,0.5524674983843477,-0.5751786534978237,-0.5013096277482341,0.8819444444444445,-0.06666666666666667,0.0,-0.18848634858246774,0.16281718636581258,0.878016198111674,-0.16521869676181275,-0.4573379276775078,-0.3266078840629097,0.9992097491993512,0.4862592951826706,-0.7594370499672705,-0.04120111731843575,2
1776691056.329519,378,1776691056.329519,1776691056.329577,1776691055.930031,1776691056.278344,0.5530434772403264,-0.5782605953013905,-0.47228616027727066,0.888888888888889,-0.13333333333333333,0.0,0.1587743256951834,0.07621256698945157,0.7419170287458402,-0.027825825865028752,0.3617725799633648,-0.5409845376194465,0.9992097491993512,0.4862592951826706,-0.7594370499672705,-0.04120111731843575,2
1776691056.379554,379,1776691056.379554,1776691056.379594,1776691055.930031,1776691056.278344,0.553567771473257,-0.5760707945462246,-0.5556790221446147,0.8055555555555557,0.6,0.0,-0.05013889309306653,0.2840651979181146,0.9064377954769754,-0.262605823645751,-0.18088949235912744,-0.5977319948695375,0.9992097491993512,0.4862592951826706,-0.7594370499672705,-0.04120111731843575,2
1776691056.429644,380,1776691056.429644,1776691056.429717,1776691055.930031,1776691056.426122,0.5540851593766447,-0.5804954536852635,-0.5092996798687727,0.795138888888889,-0.33333333333333337,0.0,-0.32033427481040455,0.07505810900554448,0.9977110064069656,-0.2991325235145526,-0.16553089013283462,-0.6191672937757646,0.9992097491993512,0.49154003664187956,-0.7549639973816277,-0.016410614525139665,2
1776691056.480365,381,1776691056.480365,1776691056.429717,1776691055.930031,1776691056.426122,0.5546438046996535,-0.5817300327118384,-0.5200412731169141,0.8472222222222223,0.13333333333333333,0.0,-0.32033427481040455,0.07505810900554448,0.9977110064069656,-0.2991325235145526,-0.16553089013283462,-0.6191672937757646,0.9992097491993512,0.49154003664187956,-0.7549639973816277,-0.016410614525139665,2
1776691056.52968,382,1776691056.52968,1776691056.529751,1776691056.532736,1776691056.426122,0.5552289468556136,-0.5858032423469617,-0.4939280895309152,0.9131944444444445,-0.26666666666666666,0.0,0.11884886770500801,-0.17090032278490788,0.7793990895528182,0.3321736519519852,-0.1228688178103424,-0.7982365218872908,0.9990849727571435,0.49154003664187956,-0.7549639973816277,-0.016410614525139665,2
1776691056.579634,383,1776691056.579634,1776691056.529751,1776691056.532736,1776691056.574238,0.5557812275219851,-0.5887590227901487,-0.47278884567558277,0.8506944444444445,-0.13333333333333333,0.0,0.11884886770500801,-0.17090032278490788,0.7793990895528182,0.3321736519519852,-0.1228688178103424,-0.7982365218872908,0.9990849727571435,0.5002694255846536,-0.7540912066332097,-0.002094972067039106,2
1776691056.630701,384,1776691056.630701,1776691056.579684,1776691056.532736,1776691056.574238,0.5563643384045504,-0.5908406852364174,-0.4687409053628595,0.8784722222222223,0.0,0.0,-0.013927340944317804,-0.06928388855426337,0.8733428594457798,-0.6052166080298689,0.034130938808971785,-0.6393436415870357,0.9990849727571435,0.5002694255846536,-0.7540912066332097,-0.002094972067039106,2
1776691056.679747,385,1776691056.679747,1776691056.630756,1776691056.532736,1776691056.574238,0.5569353519255636,-0.5933008317638259,-0.462258909437257,0.8958333333333334,-0.06666666666666667,0.0,0.0176412467857445,-0.3637411388592874,0.7306628434656371,0.30434782608695654,0.2713310361612461,-0.605295167236981,0.9990849727571435,0.5002694255846536,-0.7540912066332097,-0.002094972067039106,2
1776691056.731604,386,1776691056.731604,1776691056.679811,1776691056.532736,1776691056.718969,0.5575207197785678,-0.593003451414359,-0.5514458819483028,0.8680555555555556,0.33333333333333337,0.0,-0.07613778629479487,-0.24595843179045238,0.7959942333083287,0.23304373935236253,-0.056317009748036946,-0.6506931330370538,0.9990849727571435,0.5086755038258433,-0.7502727471088807,0.004539106145251397,2
1776691056.78124,387,1776691056.78124,1776691056.731651,1776691056.532736,1776691056.718969,0.5580939902700199,-0.5971847993583793,-0.502844141069397,0.888888888888889,-0.26666666666666666,0.0,-0.08170825697899955,0.24942277100804647,0.8063900958194673,-0.5356553070109593,-0.16553089013283462,-0.5573745663481425,0.9990849727571435,0.5086755038258433,-0.7502727471088807,0.004539106145251397,2
1776691056.831117,388,1776691056.831117,1776691056.831171,1776691056.532736,1776691056.718969,0.5586700594048162,-0.6011678937360885,-0.4672328491679234,0.888888888888889,-0.26666666666666666,0.0,0.05571013993314193,-0.04388002131307047,0.7164520447829865,-0.02956208429338851,0.1979517593861683,-0.8095812804384558,0.9990849727571435,0.5086755038258433,-0.7502727471088807,0.004539106145251397,2
1776691056.87979,389,1776691056.87979,1776691056.879833,1776691056.532736,1776691056.866774,0.5592085725515109,-0.5991132658670439,-0.5431912585654947,0.8506944444444445,0.6,0.0,0.05478185751175295,-0.26789892507992397,0.8941344250174219,0.07826217502268233,-0.43686192629408077,-0.7692285848159139,0.9990849727571435,0.5204224593167367,-0.7437268164957451,-0.0024441340782122905,2
1776691056.932171,390,1776691056.932171,1776691056.932214,1776691056.532736,1776691056.866774,0.5597734922523396,-0.6019068388468852,-0.5348837209302326,0.8298611111111112,-0.06666666666666667,0.0,-0.19684321884258085,-0.3025403867241193,0.9449689617379864,-0.37391565439319074,-0.16553089013283462,-0.7654469986321922,0.9990849727571435,0.5204224593167367,-0.7437268164957451,-0.0024441340782122905,2
1776691056.979891,391,1776691056.979891,1776691056.932214,1776691056.532736,1776691056.866774,0.5603010816621107,-0.6048986653930377,-0.5071037383919359,0.8506944444444445,-0.13333333333333333,0.0,-0.19684321884258085,-0.3025403867241193,0.9449689617379864,-0.37391565439319074,-0.16553089013283462,-0.7654469986321922,0.9990849727571435,0.5204224593167367,-0.7437268164957451,-0.0024441340782122905,2
1776691057.031779,392,1776691057.031779,1776691057.031819,1776691056.532736,1776691057.01151,0.5609236895273548,-0.6105488920329102,-0.4522052014710162,0.9236111111111113,-0.4666666666666667,0.0,-0.07242310429749745,-0.2286377009683547,0.7792083865931674,0.3634785219610582,-0.134813685680249,-0.7301395731871814,0.9990849727571435,0.5277508352193124,-0.7331442286711761,0.0024441340782122905,2
1776691057.079897,393,1776691057.079897,1776691057.031819,1776691056.532736,1776691057.01151,0.5614492025243222,-0.6123421856554533,-0.4445590919914279,0.8402777777777778,0.0,0.0,-0.07242310429749745,-0.2286377009683547,0.7792083865931674,0.3634785219610582,-0.134813685680249,-0.7301395731871814,0.9990849727571435,0.5277508352193124,-0.7331442286711761,0.0024441340782122905,2
1776691057.129882,394,1776691057.129882,1776691057.12992,1776691057.131278,1776691057.01151,0.5620132194369754,-0.6137840297740811,-0.45514194248220763,0.8680555555555556,0.06666666666666667,0.0,0.03621155214874872,-0.34411052680350274,0.7626132428376569,0.35826321938865424,0.20306915854330254,-0.5838598683307539,0.999126564904546,0.5277508352193124,-0.7331442286711761,0.0024441340782122905,2
1776691057.179947,395,1776691057.179947,1776691057.17999,1776691057.131278,1776691057.157468,0.5625916358210279,-0.6162261532500067,-0.4498505172368178,0.888888888888889,-0.06666666666666667,0.0,0.003713905841426699,-0.2898384531035228,0.8333810223607989,0.2434808717844951,-0.1331036161246109,-0.6557384032145849,0.999126564904546,0.5366957646298093,-0.7256164084660703,0.017108938547486033,2
1776691057.23145,396,1776691057.23145,1776691057.17999,1776691057.131278,1776691057.157468,0.5631588576317041,-0.6172264326073047,-0.4811757546895256,0.8472222222222223,0.13333333333333333,0.0,0.003713905841426699,-0.2898384531035228,0.8333810223607989,0.2434808717844951,-0.1331036161246109,-0.6557384032145849,0.999126564904546,0.5366957646298093,-0.7256164084660703,0.017108938547486033,2
1776691057.280012,397,1776691057.280012,1776691057.280056,1776691057.131278,1776691057.157468,0.5637241384478029,-0.6214618497057737,-0.4310659576156838,0.8958333333333334,-0.33333333333333337,0.0,-0.1355618320693635,-0.2517316869758606,0.6556985624010458,0.49043426042570964,0.43173812238205644,-0.4451433358417697,0.999126564904546,0.5366957646298093,-0.7256164084660703,0.017108938547486033,2
1776691057.329988,398,1776691057.329988,1776691057.330048,1776691057.131278,1776691057.302151,0.5642677072082806,-0.6232281087510927,-0.4403259517951161,0.8368055555555556,0.0,0.0,0.1272049618092504,-0.3879905481165732,0.7632808626470703,0.13739287089678398,-0.044365737123240295,-0.4375801634743264,0.999126564904546,0.5455329238064447,-0.7220161466288458,0.028631284916201122,2
1776691057.380047,399,1776691057.380047,1776691057.38009,1776691057.131278,1776691057.302151,0.5648101926229477,-0.6223269561769503,-0.48667883694473113,0.8333333333333334,0.4,0.0,0.1309188676506771,-0.48152481119399526,0.8880304952528756,0.37565191282155047,-0.4914688664864796,-0.4274896231192643,0.999126564904546,0.5455329238064447,-0.7220161466288458,0.028631284916201122,2
1776691057.430613,400,1776691057.430613,1776691057.430679,1776691057.131278,1776691057.302151,0.5653530842922938,-0.6270580071911975,-0.44254835039817975,0.826388888888889,-0.4,0.0,-0.18013025447822537,-0.04041568209547638,0.9133046965307606,-0.4504350437001886,-0.2252552294823677,-0.605295167236981,0.999126564904546,0.5455329238064447,-0.7220161466288458,0.028631284916201122,2
1776691057.480086,401,1776691057.480086,1776691057.430679,1776691057.131278,1776691057.44783,0.5659000385084296,-0.6302210527264371,-0.41244014075191154,0.8506944444444445,-0.2,0.0,-0.18013025447822537,-0.04041568209547638,0.9133046965307606,-0.4504350437001886,-0.2252552294823677,-0.605295167236981,0.999126564904546,0.5549089341523872,-0.7184158847916212,0.03945530726256983,2
1776691057.530179,402,1776691057.530179,1776691057.530253,1776691057.131278,1776691057.44783,0.5665057642347916,-0.6348169308545629,-0.3514564647987936,0.9305555555555557,-0.4,0.0,0.07335216287475715,-0.1997694945095677,0.7934191055505005,0.3078268702310007,-0.18771055631700975,-0.5989909459644938,0.999126564904546,0.5549089341523872,-0.7184158847916212,0.03945530726256983,2
1776691057.58014,403,1776691057.58014,1776691057.580185,1776691057.131278,1776691057.44783,0.5670899133237587,-0.6350151844208743,-0.3950842659470329,0.8993055555555557,0.2,0.0,-0.04549670483025084,0.12702126673771022,0.7773008786447525,-0.737394176354249,0.08532414464498445,-0.5472887588919337,0.999126564904546,0.5549089341523872,-0.7184158847916212,0.03945530726256983,2
1776691057.630304,404,1776691057.630304,1776691057.630366,1776691057.131278,1776691057.592953,0.5676581733408367,-0.6362497634474493,-0.3831521020186788,0.8715277777777779,0.06666666666666667,0.0,-0.05106795167032624,-0.44803684226783425,0.6605626837519085,0.5130447837183345,0.4692827955474144,-0.5157629196306446,0.999126564904546,0.5640694040306068,-0.7118699541784856,0.04120111731843575,2
1776691057.680207,405,1776691057.680207,1776691057.630366,1776691057.131278,1776691057.592953,0.5682415550598546,-0.6383945065739081,-0.3831521020186788,0.8993055555555557,-0.06666666666666667,0.0,-0.05106795167032624,-0.44803684226783425,0.6605626837519085,0.5130447837183345,0.4692827955474144,-0.5157629196306446,0.999126564904546,0.5640694040306068,-0.7118699541784856,0.04120111731843575,2
1776691057.730187,406,1776691057.730187,1776691057.730225,1776691057.730639,1776691057.592953,0.5688056622513253,-0.6382232875848209,-0.43471704103500286,0.8680555555555556,0.26666666666666666,0.0,0.05385357509036395,0.26674350183014406,0.7524081630114867,-0.5443496537274074,-0.0597243393495331,-0.6494341819420978,0.9990849727571435,0.5640694040306068,-0.7118699541784856,0.04120111731843575,2
1776691057.780299,407,1776691057.780299,1776691057.730225,1776691057.730639,1776691057.738289,0.5693642624349253,-0.6396020510232587,-0.43603989734635024,0.857638888888889,0.06666666666666667,0.0,0.05385357509036395,0.26674350183014406,0.7524081630114867,-0.5443496537274074,-0.0597243393495331,-0.6494341819420978,0.9990849727571435,0.5738764953119948,-0.7101243726816496,0.040153631284916204,2
1776691057.830395,408,1776691057.830395,1776691057.780341,1776691057.730639,1776691057.738289,0.5699137444579527,-0.6382503221620452,-0.4983199724845888,0.84375,0.4666666666666667,0.0,0.238626017831405,-0.6766745432361889,0.6418693290883322,0.542606868011723,0.5477794714796266,-0.461538097469319,0.9990849727571435,0.5738764953119948,-0.7101243726816496,0.040153631284916204,2
1776691057.880344,409,1776691057.880344,1776691057.880389,1776691057.730639,1776691057.738289,0.5704890462227998,-0.638160206904631,-0.5221049289626162,0.8854166666666667,0.33333333333333337,0.0,-0.2544106997743715,-0.3371828136341874,0.894229856222565,0.2243493926359144,-0.2423174965094086,-0.15637024521148957,0.9990849727571435,0.5738764953119948,-0.7101243726816496,0.040153631284916204,2
1776691057.930299,410,1776691057.930299,1776691057.880389,1776691057.730639,1776691057.884022,0.5710435387202012,-0.6416927249952689,-0.49302854723919887,0.8541666666666667,-0.2,0.0,-0.2544106997743715,-0.3371828136341874,0.894229856222565,0.2243493926359144,-0.2423174965094086,-0.15637024521148957,0.9990849727571435,0.5814204116822934,-0.7101243726816496,0.04783519553072626,2
1776691057.980445,411,1776691057.980445,1776691057.932781,1776691057.730639,1776691057.884022,0.5716024097402539,-0.6451351278284927,-0.49834642961081566,0.857638888888889,-0.2,0.0,-0.31940599238901557,0.11778270706883505,0.8906056230107038,-0.7721715632200413,-0.15870342142006225,-0.5926867246920067,0.9990849727571435,0.5814204116822934,-0.7101243726816496,0.04783519553072626,2
1776691058.030373,412,1776691058.030373,1776691057.980487,1776691057.730639,1776691058.029781,0.5721880935691194,-0.6495868215447557,-0.4415429796015557,0.9027777777777779,-0.33333333333333337,0.0,-0.06406701019325506,0.351039205238691,0.8531234824784081,-0.1495662617572763,-0.013654937425544727,-0.43631647948051705,0.9990849727571435,0.5888565578187305,-0.7109971634300676,0.06668994413407821,2
1776691058.080417,413,1776691058.080417,1776691058.030421,1776691057.730639,1776691058.029781,0.5727640272856893,-0.6515062765276789,-0.47596370082281664,0.8854166666666667,0.0,0.0,-0.05478185751175295,-0.12355692752011614,0.7960896645134717,0.31304217280340463,-0.11604134909757004,-0.33165315424044073,0.9990849727571435,0.5888565578187305,-0.7109971634300676,0.06668994413407821,2
1776691058.130437,414,1776691058.130437,1776691058.080462,1776691057.730639,1776691058.029781,0.5733417665786102,-0.655381232596491,-0.4309601291107761,0.888888888888889,-0.26666666666666666,0.0,0.07242310429749745,0.1997694945095677,0.7932284025908496,-0.7582619139311892,0.10751021558404959,-0.3341757893292063,0.9990849727571435,0.5888565578187305,-0.7109971634300676,0.06668994413407821,2
1776691058.180477,415,1776691058.180477,1776691058.130495,1776691057.730639,1776691058.174925,0.5739288497291478,-0.6586434049148862,-0.39918512051221,0.9027777777777779,-0.2,0.0,-0.023212493625819914,-0.2840651979181146,0.6536003514929801,0.4399979112680561,0.6092138803847976,-0.4136174965804806,0.9990849727571435,0.5924129755361569,-0.7142701287366353,0.09636871508379888,2
1776691058.230511,416,1776691058.230511,1776691058.230584,1776691057.730639,1776691058.174925,0.5744618107285632,-0.6597968802097883,-0.46802656295473194,0.8194444444444444,0.06666666666666667,0.0,0.02135592878304193,0.4330259926794236,0.7929422684260556,-0.4747818254211732,-0.09556534771414299,-0.5107176494531136,0.9990849727571435,0.5924129755361569,-0.7142701287366353,0.09636871508379888,2
1776691058.280521,417,1776691058.280521,1776691058.230584,1776691057.730639,1776691058.174925,0.5750101642663711,-0.663536663392479,-0.4045030028838268,0.84375,-0.26666666666666666,0.0,0.02135592878304193,0.4330259926794236,0.7929422684260556,-0.4747818254211732,-0.09556534771414299,-0.5107176494531136,0.9990849727571435,0.5924129755361569,-0.7142701287366353,0.09636871508379888,2
1776691058.330536,418,1776691058.330536,1776691058.330595,1776691058.333103,1776691058.32019,0.5755925077789872,-0.6657625102506105,-0.39656586501574204,0.8958333333333334,-0.06666666666666667,0.0,0.012999058522928809,0.09122438184373503,0.7639484824564837,-0.13565008518109958,0.07849667593221207,-0.6179083426808086,0.9990849727571435,0.592951826705464,-0.7175430940432032,0.12150837988826815,2
1776691058.380561,419,1776691058.380561,1776691058.330595,1776691058.333103,1776691058.32019,0.5761459620699868,-0.6638160206904632,-0.4720215890150012,0.8506944444444445,0.5333333333333333,0.0,0.012999058522928809,0.09122438184373503,0.7639484824564837,-0.13565008518109958,0.07849667593221207,-0.6179083426808086,0.9990849727571435,0.592951826705464,-0.7175430940432032,0.12150837988826815,2
1776691058.430627,420,1776691058.430627,1776691058.380604,1776691058.333103,1776691058.32019,0.5766814960157024,-0.6657264641476448,-0.462735137709342,0.8229166666666667,0.0,0.0,0.08913684481772369,-0.677829001220096,0.8719122683471274,0.2991325235145526,-0.29693084145669746,-0.7250943030096504,0.9990849727571435,0.592951826705464,-0.7175430940432032,0.12150837988826815,2
1776691058.480626,421,1776691058.480626,1776691058.480669,1776691058.333103,1776691058.465974,0.577227502304254,-0.6689796249402986,-0.44950657459586746,0.8402777777777778,-0.2,0.0,-0.02785545804450633,0.24595843179045238,0.8580829553090963,-0.09565086845557855,-0.09726901251489106,-0.6166446586869991,0.9990849727571435,0.59111973272982,-0.7221252454723981,0.14001396648044692,2
1776691058.530637,422,1776691058.530637,1776691058.530698,1776691058.333103,1776691058.465974,0.5778141340607038,-0.673224053564509,-0.4005608910760114,0.9027777777777779,-0.33333333333333337,0.0,-0.08449388039903727,-0.28868399511961573,0.8177396325794959,0.2608695652173913,-0.2013654937425545,-0.6885231935708301,0.9990849727571435,0.59111973272982,-0.7221252454723981,0.14001396648044692,2
1776691058.580702,423,1776691058.580702,1776691058.580745,1776691058.333103,1776691058.465974,0.5783950782516478,-0.6727284196487308,-0.4482366325369738,0.8923611111111112,0.33333333333333337,0.0,0.038068893147397434,-0.04272556332916338,0.7744396167221302,-0.7234779997780721,0.02730347009619942,-0.5346803163469593,0.9990849727571435,0.59111973272982,-0.7221252454723981,0.14001396648044692,2
1776691058.630649,424,1776691058.630649,1776691058.580745,1776691058.333103,1776691058.610863,0.5789698834829984,-0.6746658976831368,-0.4403259517951161,0.8854166666666667,0.0,0.0,0.038068893147397434,-0.04272556332916338,0.7744396167221302,-0.7234779997780721,0.02730347009619942,-0.5346803163469593,0.9990849727571435,0.5874555447785322,-0.722998036220816,0.14420391061452514,2
1776691058.680853,425,1776691058.680853,1776691058.630687,1776691058.333103,1776691058.610863,0.5795498797463581,-0.6770539520046139,-0.41109082731433716,0.888888888888889,-0.06666666666666667,0.0,-0.04178279898882414,-0.3868360901326661,0.6428230830625395,0.5721754795924362,0.5784966759322121,-0.4501886060193007,0.9990849727571435,0.5874555447785322,-0.722998036220816,0.14420391061452514,2
1776691058.730858,426,1776691058.730858,1776691058.680911,1776691058.333103,1776691058.610863,0.5800985943994362,-0.6755940848345033,-0.4878429504987169,0.84375,0.4666666666666667,0.0,-0.15506041985375674,-0.265589043846237,0.8252741534426946,0.20000261091492988,-0.2627999026477257,-0.7225716679208849,0.9990849727571435,0.5874555447785322,-0.722998036220816,0.14420391061452514,2
1776691058.780767,427,1776691058.780767,1776691058.780809,1776691058.333103,1776691058.756784,0.5806432916451333,-0.6807486775585975,-0.41786385162843614,0.8402777777777778,-0.4666666666666667,0.0,-0.1253483969664724,-0.18013888245378307,0.7010013579613343,0.20869695763137797,0.3959035187723366,-0.4880186665530771,0.9990849727571435,0.581312641448432,-0.7208160593497709,0.15363128491620112,2
1776691058.830761,428,1776691058.830761,1776691058.780809,1776691058.333103,1776691058.756784,0.5811984160942576,-0.6834070776523173,-0.38346958753340216,0.8541666666666667,-0.13333333333333333,0.0,-0.1253483969664724,-0.18013888245378307,0.7010013579613343,0.20869695763137797,0.3959035187723366,-0.4880186665530771,0.9990849727571435,0.581312641448432,-0.7208160593497709,0.15363128491620112,2
1776691058.880864,429,1776691058.880864,1776691058.830801,1776691058.333103,1776691058.756784,0.5817413980424212,-0.6813614613090142,-0.464322565282959,0.8333333333333334,0.5333333333333333,0.0,0.01857030536300422,0.2274822777185748,0.8137338339976977,-0.16869774090585693,-0.05460694019239884,-0.528371362175619,0.9990849727571435,0.581312641448432,-0.7208160593497709,0.15363128491620112,2
1776691058.930877,430,1776691058.930877,1776691058.930919,1776691058.931423,1776691058.902005,0.5822739076477489,-0.6854797285728447,-0.415350424636876,0.8194444444444444,-0.33333333333333337,0.0,-0.06499529261464404,-0.07852148295726576,0.8863137699894292,-0.5234753888631424,-0.04948954103526458,-0.4981092069081392,0.9990849727571435,0.5750619678844703,-0.7209251581933233,0.1696927374301676,2
1776691058.984051,431,1776691058.984051,1776691058.984097,1776691058.931423,1776691058.902005,0.5828618033076444,-0.6882823130784274,-0.3900309548376856,0.8506944444444445,-0.13333333333333333,0.0,0.051996234091715235,0.3591223416577862,0.8573199840198573,-0.06956782830623422,-0.1672345549335827,-0.4905413016418426,0.9990849727571435,0.5750619678844703,-0.7209251581933233,0.1696927374301676,2
1776691059.030885,432,1776691059.030885,1776691059.030926,1776691058.931423,1776691058.902005,0.5834237889469026,-0.6933107444421416,-0.3317988200121703,0.9236111111111113,-0.5333333333333333,0.0,-0.04642498725163983,-0.14318753957590077,0.8618978914806084,0.23825904192476646,-0.24402756606504672,-0.6065588512307903,0.9990849727571435,0.5750619678844703,-0.7209251581933233,0.1696927374301676,2
1776691059.080905,433,1776691059.080905,1776691059.080949,1776691058.931423,1776691059.047836,0.5839972851353986,-0.6943020122736981,-0.3529645209937297,0.8819444444444445,0.06666666666666667,0.0,-0.00928515268150211,-0.041570140079383464,0.738197364328836,-0.7043465206294915,0.1331036161246109,-0.5245897759918973,0.9990849727571435,0.5684879836189245,-0.7211433558804278,0.19308659217877097,2
1776691059.133317,434,1776691059.133317,1776691059.133361,1776691058.931423,1776691059.047836,0.5845888370874049,-0.6939866088727482,-0.3807180464057994,0.8680555555555556,0.26666666666666666,0.0,-0.07520872771753515,-0.5554274969497598,0.6680019328605994,0.6260843456068093,0.4505104589647354,-0.3619153095079205,0.9990849727571435,0.5684879836189245,-0.7211433558804278,0.19308659217877097,2
1776691059.18096,435,1776691059.18096,1776691059.181,1776691058.931423,1776691059.047836,0.5851435552818504,-0.6964377438744155,-0.35928777416197055,0.8958333333333334,-0.13333333333333333,0.0,-0.15598870227514572,-0.29792158952261816,0.7422031629106343,0.2800010443659719,-0.0034137343563861817,-0.5157629196306446,0.9990849727571435,0.5684879836189245,-0.7211433558804278,0.19308659217877097,2
1776691059.230998,436,1776691059.230998,1776691059.23104,1776691058.931423,1776691059.192942,0.5856834677502172,-0.6956447296091701,-0.3937084953832315,0.8298611111111112,0.33333333333333337,0.0,-0.12441933838921268,-0.3625866808753803,0.9191224921305132,0.2243493926359144,-0.3873723852588162,-0.38840061149053184,0.9990849727571435,0.5635305528612998,-0.7253982107789658,0.2056564245810056,2
1776691059.280988,437,1776691059.280988,1776691059.23104,1776691058.931423,1776691059.192942,0.5862088001895495,-0.7021600627202191,-0.3011085535889092,0.8090277777777779,-0.7333333333333333,0.0,-0.12441933838921268,-0.3625866808753803,0.9191224921305132,0.2243493926359144,-0.3873723852588162,-0.38840061149053184,0.9990849727571435,0.5635305528612998,-0.7253982107789658,0.2056564245810056,2
1776691059.331028,438,1776691059.331028,1776691059.331075,1776691058.931423,1776691059.192942,0.5867756608849555,-0.7034487109012427,-0.2971399846548668,0.8715277777777779,0.0,0.0,0.1086354326021169,0.4584298599206165,0.8348116134594513,-0.20695417191569354,-0.044365737123240295,-0.5674651067032047,0.9990849727571435,0.5635305528612998,-0.7253982107789658,0.2056564245810056,2
1776691059.381113,439,1776691059.381113,1776691059.381155,1776691058.931423,1776691059.338181,0.5873478028911882,-0.702475466121169,-0.34883720930232565,0.8784722222222223,0.33333333333333337,0.0,0.1290623028078991,-0.7806008587005204,0.8226036742050409,0.5321762628669151,-0.24402756606504672,-0.6469115468533322,0.9990849727571435,0.5566332578941696,-0.7277983853371155,0.2119413407821229,2
1776691059.431047,440,1776691059.431047,1776691059.381155,1776691058.931423,1776691059.338181,0.587915701792996,-0.7048725319683875,-0.3316400772548086,0.8750000000000001,-0.13333333333333333,0.0,0.1290623028078991,-0.7806008587005204,0.8226036742050409,0.5321762628669151,-0.24402756606504672,-0.6469115468533322,0.9990849727571435,0.5566332578941696,-0.7277983853371155,0.2119413407821229,2
1776691059.48122,441,1776691059.48122,1776691059.431092,1776691058.931423,1776691059.338181,0.5884749790677277,-0.7076300588452631,-0.2944942720321719,0.857638888888889,-0.2,0.0,0.05106795167032624,-0.13625886114071262,0.794182156565057,-0.6156537404620014,-0.0870278094457325,-0.6267351990420613,0.9990849727571435,0.5566332578941696,-0.7277983853371155,0.2119413407821229,2
1776691059.531183,442,1776691059.531183,1776691059.481263,1776691058.931423,1776691059.484176,0.5890612045694985,-0.7107300237003127,-0.2653914331825277,0.9027777777777779,-0.26666666666666666,0.0,-0.04178279898882414,0.4930713215648118,0.8762994728482276,-0.0904355658831746,-0.18600689151626168,-0.5863825034195195,0.9990849727571435,0.5473650177820887,-0.726380100370936,0.20635474860335196,2
1776691059.581176,443,1776691059.581176,1776691059.531224,1776691059.53232,1776691059.484176,0.5896251763427428,-0.7082608656471627,-0.3248935100669365,0.8680555555555556,0.5333333333333333,0.0,-0.09192169208189066,-0.1697458648010008,0.8121124602140769,0.3217365195198527,-0.44880679416398733,-0.7843643953485071,0.999126564904546,0.5473650177820887,-0.726380100370936,0.20635474860335196,2
1776691059.631202,444,1776691059.631202,1776691059.581216,1776691059.53232,1776691059.629602,0.5901743423899087,-0.707350701547279,-0.37124639521655156,0.84375,0.33333333333333337,0.0,0.09842122134335507,-0.27136229903164527,0.7733905112680973,-0.5617383471603036,0.029007134896947496,-0.7717512199046794,0.999126564904546,0.5398211014117901,-0.7282347807113244,0.18854748603351956,2
1776691059.681224,445,1776691059.681224,1776691059.681267,1776691059.53232,1776691059.629602,0.5907320397853333,-0.7084591192134742,-0.3990263777548483,0.857638888888889,0.06666666666666667,0.0,0.18941540715972746,-0.2933027923211169,0.7920839456569911,0.2260856510642742,-0.03924833796610604,-0.05800640834504726,0.999126564904546,0.5398211014117901,-0.7282347807113244,0.18854748603351956,2
1776691059.731298,446,1776691059.731298,1776691059.681267,1776691059.53232,1776691059.629602,0.591290278853663,-0.7092431219529778,-0.40698997274916004,0.857638888888889,0.13333333333333333,0.0,0.18941540715972746,-0.2933027923211169,0.7920839456569911,0.2260856510642742,-0.03924833796610604,-0.05800640834504726,0.999126564904546,0.5398211014117901,-0.7282347807113244,0.18854748603351956,2
1776691059.781273,447,1776691059.781273,1776691059.731422,1776691059.53232,1776691059.774715,0.5918562367608936,-0.7141273689048293,-0.3633357144746938,0.8715277777777779,-0.4666666666666667,0.0,-0.19777150126396986,-0.22055456454925945,0.8883166294176695,0.24869617435689903,-0.18600689151626168,0.050443235977603924,0.999126564904546,0.5333548873801056,-0.7295439668339515,0.17946927374301677,2
1776691059.831382,448,1776691059.831382,1776691059.781325,1776691059.53232,1776691059.774715,0.5924301843434774,-0.7166055384837207,-0.33949784374421255,0.8819444444444445,-0.13333333333333333,0.0,-0.26833804071868933,0.07390268575576457,0.8198378434875617,0.2608695652173913,0.2286689638387539,-0.5170218707256007,0.999126564904546,0.5333548873801056,-0.7295439668339515,0.17946927374301677,2
1776691059.881299,449,1776691059.881299,1776691059.831426,1776691059.53232,1776691059.774715,0.592985037956149,-0.7157764781155097,-0.3910363256343096,0.8541666666666667,0.33333333333333337,0.0,-0.11791980912774828,0.38914597136635315,0.8730567252809859,-0.16173965261776857,-0.008531133513520438,-0.44262070075300425,0.999126564904546,0.5333548873801056,-0.7295439668339515,0.17946927374301677,2
1776691059.931402,450,1776691059.931402,1776691059.881346,1776691059.53232,1776691059.920314,0.5935615133456242,-0.7197325379159946,-0.3525941212265524,0.8854166666666667,-0.33333333333333337,0.0,-0.07242310429749745,-0.4376447898809248,0.8797329233751202,0.39999869454253506,-0.1843032267155136,-0.37956902223042593,0.999126564904546,0.5246254984373316,-0.7300894610517129,0.16689944134078213,2
1776691059.981397,451,1776691059.981397,1776691059.931445,1776691059.53232,1776691059.920314,0.5941277872287162,-0.7230487793888384,-0.3063206074556182,0.8715277777777779,-0.26666666666666666,0.0,-0.20055712468400758,-0.18475767965528425,0.8196471405279108,-0.613910954746317,-0.10921388038479768,-0.3984864189467407,0.999126564904546,0.5246254984373316,-0.7300894610517129,0.16689944134078213,2
1776691060.031413,452,1776691060.031413,1776691059.981437,1776691059.53232,1776691059.920314,0.594707964049711,-0.724382485198569,-0.3063206074556182,0.8923611111111112,0.0,0.0,-0.03621155214874872,0.30715918392562047,0.8811635144737726,-0.04521451929792497,-0.17747575800274124,-0.4110948614917151,0.999126564904546,0.5246254984373316,-0.7300894610517129,0.16689944134078213,2
1776691060.081456,453,1776691060.081456,1776691060.031457,1776691059.53232,1776691060.065527,0.5952819567717036,-0.7216519928989177,-0.3791306188321825,0.8819444444444445,0.6,0.0,-0.12441933838921268,-0.39261031058394724,0.7905579233531959,0.46956652284876926,-0.22696529903800583,-0.6897868775646396,0.999126564904546,0.5137407048173295,-0.7308531529565787,0.1456005586592179,2
1776691060.13154,454,1776691060.13154,1776691060.081497,1776691060.132337,1776691060.065527,0.5958561300513312,-0.7233011021095982,-0.36852131121517584,0.8819444444444445,0.0,0.0,-0.02506983462446863,-0.07043834653817047,0.826514041581696,-0.7095683504892202,-0.11092394994043579,-0.7553611911759833,0.9992097491993512,0.5137407048173295,-0.7308531529565787,0.1456005586592179,2
1776691060.181468,455,1776691060.181468,1776691060.131583,1776691060.132337,1776691060.065527,0.5964509320407694,-0.7263019401814922,-0.3460856681747229,0.9166666666666667,-0.2,0.0,-0.023212493625819914,-0.27482663824923936,0.6545541054671875,0.5200028720064228,0.6040964812276635,-0.605295167236981,0.9992097491993512,0.5137407048173295,-0.7308531529565787,0.1456005586592179,2
1776691060.231546,456,1776691060.231546,1776691060.181514,1776691060.132337,1776691060.211257,0.5969867819623464,-0.7254458452360569,-0.3871471280789481,0.8229166666666667,0.33333333333333337,0.0,-0.10306418576204147,-0.3337184744165933,0.827372444076078,0.19652356677088567,-0.15870342142006225,-0.831021312243536,0.9992097491993512,0.503286992132773,-0.7323805367663103,0.1253491620111732,2
1776691060.281526,457,1776691060.281526,1776691060.231587,1776691060.132337,1776691060.211257,0.5975257916425378,-0.7288161558633492,-0.3461650395534037,0.8298611111111112,-0.26666666666666666,0.0,-0.10306418576204147,0.14549645554371496,0.8339532109650694,-0.2730429560778836,-0.1518759527072899,-0.6418662766758011,0.9992097491993512,0.503286992132773,-0.7323805367663103,0.1253491620111732,2
1776691060.331559,458,1776691060.331559,1776691060.281571,1776691060.132337,1776691060.211257,0.5980925620591262,-0.7312042101848264,-0.3249728814456174,0.8715277777777779,-0.13333333333333333,0.0,-0.17177338421811225,-0.2875285718698358,0.7174057987571939,0.25043243278525873,0.3617725799633648,-0.5359392674419156,0.9992097491993512,0.503286992132773,-0.7323805367663103,0.1253491620111732,2
1776691060.381581,459,1776691060.381581,1776691060.381623,1776691060.132337,1776691060.356469,0.5986187972866341,-0.7297894006434229,-0.37262216578035295,0.8090277777777779,0.4,0.0,0.015784681942966516,-0.3452659500532827,0.8359561501186273,0.14435095918487234,-0.17747575800274124,-0.6216899288645302,0.9992097491993512,0.4971440888026727,-0.7332533275147284,0.09462290502793295,2
1776691060.431656,460,1776691060.431656,1776691060.381623,1776691060.132337,1776691060.356469,0.5991566333421973,-0.7322044895421245,-0.36465857078604125,0.826388888888889,-0.13333333333333333,0.0,0.015784681942966516,-0.3452659500532827,0.8359561501186273,0.14435095918487234,-0.17747575800274124,-0.6216899288645302,0.9992097491993512,0.4971440888026727,-0.7332533275147284,0.09462290502793295,2
1776691060.481625,461,1776691060.481625,1776691060.431698,1776691060.132337,1776691060.356469,0.5997159557563376,-0.734196036730979,-0.34881075217609864,0.8611111111111112,-0.06666666666666667,0.0,-0.10584980918207919,-0.17667454323618897,0.8335717253204499,-0.5321762628669151,-0.16040708622081035,-0.6431252277707573,0.9992097491993512,0.4971440888026727,-0.7332533275147284,0.09462290502793295,2
1776691060.531668,462,1776691060.531668,1776691060.53171,1776691060.132337,1776691060.50197,0.6003144140378868,-0.7371247825969415,-0.31703574357753267,0.920138888888889,-0.2,0.0,-0.17455900763814994,-0.31408786236080866,0.8260371247319336,0.2608695652173913,-0.22355156468161963,-0.7780554411771666,0.9992097491993512,0.4914322664080181,-0.7365262928212961,0.06529329608938549,2
1776691060.581736,463,1776691060.581736,1776691060.581778,1776691060.132337,1776691060.50197,0.6009042958317684,-0.7371788517513901,-0.34881075217609864,0.9062500000000001,0.2,0.0,0.1504174554350703,0.08660558464223385,0.7080591214254057,-0.791303042368622,0.13139995132386284,-0.6847416073871085,0.9992097491993512,0.4914322664080181,-0.7365262928212961,0.06529329608938549,2
1776691060.631692,464,1776691060.631692,1776691060.581778,1776691060.132337,1776691060.50197,0.6014679516291512,-0.739116329785796,-0.31973437045268144,0.8680555555555556,-0.06666666666666667,0.0,0.1504174554350703,0.08660558464223385,0.7080591214254057,-0.791303042368622,0.13139995132386284,-0.6847416073871085,0.9992097491993512,0.4914322664080181,-0.7365262928212961,0.06529329608938549,2
1776691060.681735,465,1776691060.681735,1776691060.631739,1776691060.132337,1776691060.647637,0.6020484444260076,-0.7405131162757166,-0.3250522528242982,0.8923611111111112,0.0,0.0,-0.1216344911250457,-0.4260973142442354,0.6536003514929801,0.4017414802582195,0.5290071348969475,-0.5662061556082485,0.9992097491993512,0.48582821424722494,-0.7394719615972071,0.0446927374301676,2
1776691060.73186,466,1776691060.73186,1776691060.7319,1776691060.732609,1776691060.647637,0.602562266316102,-0.737710531770134,-0.4006402624546922,0.7881944444444445,0.6,0.0,0.15784604327379442,-0.08083136419095276,0.8677157668056784,0.13912912932514376,-0.4505104589647354,-0.4211854018467771,0.9992097491993512,0.48582821424722494,-0.7394719615972071,0.0446927374301676,2
1776691060.781759,467,1776691060.781759,1776691060.7319,1776691060.732609,1776691060.647637,0.6030889529376976,-0.7433517468842651,-0.2963462708680583,0.8125000000000001,-0.6,0.0,0.15784604327379442,-0.08083136419095276,0.8677157668056784,0.13912912932514376,-0.4505104589647354,-0.4211854018467771,0.9992097491993512,0.48582821424722494,-0.7394719615972071,0.0446927374301676,2
1776691060.831843,468,1776691060.831843,1776691060.781803,1776691060.732609,1776691060.793841,0.603649494115875,-0.7459560778235363,-0.2764505119453925,0.8611111111111112,-0.2,0.0,0.08635122139768599,-0.21016154689647717,0.7225559745475328,0.33913174024007364,0.24573123086579476,-0.25598830027403485,0.9992097491993512,0.48216402629593713,-0.7439450141828496,0.02548882681564246,2
1776691060.881842,469,1776691060.881842,1776691060.881883,1776691060.732609,1776691060.793841,0.6041957261014704,-0.745289224918671,-0.31084477604042654,0.8402777777777778,0.26666666666666666,0.0,0.26833804071868933,-0.7736721802653322,0.8082975240425646,0.4782608695652174,-0.1689446244892208,-0.36948321477421703,0.9992097491993512,0.48216402629593713,-0.7439450141828496,0.02548882681564246,2
1776691060.931896,470,1776691060.931896,1776691060.931939,1776691060.732609,1776691060.793841,0.6047786564264006,-0.7462084005442962,-0.31748551472339076,0.8958333333333334,0.06666666666666667,0.0,0.03899717556878643,-0.01732073082209764,0.7308536261506058,-0.4608721761323212,0.09385527815850488,-0.3139994415179353,0.9992097491993512,0.48216402629593713,-0.7439450141828496,0.02548882681564246,2
1776691060.981933,471,1776691060.981933,1776691060.931939,1776691060.732609,1776691060.938074,0.6053658749951645,-0.7480647748470294,-0.29232478768156206,0.9027777777777779,-0.06666666666666667,0.0,0.03899717556878643,-0.01732073082209764,0.7308536261506058,-0.4608721761323212,0.09385527815850488,-0.3139994415179353,0.9992097491993512,0.48000862161870894,-0.747436177176522,0.0024441340782122905,2
1776691061.031909,472,1776691061.031909,1776691060.981973,1776691060.732609,1776691060.938074,0.605961218657508,-0.7520839153277041,-0.23943699235389057,0.9166666666666667,-0.4,0.0,-0.1383474554894012,0.05427207369997992,0.7381020128490104,0.262605823645751,0.11433127954193192,-0.2749056969903496,0.9992097491993512,0.48000862161870894,-0.747436177176522,0.0024441340782122905,2
1776691061.081993,473,1776691061.081993,1776691061.031951,1776691060.732609,1776691060.938074,0.6065603991695974,-0.7504528291685065,-0.2990713548694341,0.920138888888889,0.4,0.0,-0.09099340966050168,-0.31293340437690154,0.7525035942166298,0.42782452040756386,-0.076793011131464,-0.5825961843369445,0.9992097491993512,0.48000862161870894,-0.747436177176522,0.0024441340782122905,2
1776691061.13193,474,1776691061.13193,1776691061.131967,1776691060.732609,1776691061.086853,0.6071171937768464,-0.7508132901981635,-0.32021059872476654,0.857638888888889,0.13333333333333333,0.0,-0.11884886770500801,-0.2413396345889512,0.7190271725408147,0.3321736519519852,0.3959035187723366,-0.6002498970594499,0.9992097491993512,0.478715378812372,-0.7506000436395374,-0.019553072625698324,2
1776691061.18203,475,1776691061.18203,1776691061.182071,1776691060.732609,1776691061.086853,0.6076960615549868,-0.7526606529751553,-0.3056327221737175,0.888888888888889,-0.06666666666666667,0.0,-0.03992545799017542,-0.21016154689647717,0.7272293929387446,0.13043478260869565,0.006827468712772363,-0.8398481686047887,0.9992097491993512,0.478715378812372,-0.7506000436395374,-0.019553072625698324,2
1776691061.232015,476,1776691061.232015,1776691061.232057,1776691060.732609,1776691061.086853,0.6082399011519172,-0.7521199614306698,-0.34661481069926187,0.8368055555555556,0.26666666666666666,0.0,0.05478185751175295,-0.1651270675994996,0.8525512141488202,0.24869617435689903,-0.1979517593861683,-0.7730149038984888,0.9992097491993512,0.478715378812372,-0.7506000436395374,-0.019553072625698324,2
1776691061.282034,477,1776691061.282034,1776691061.282073,1776691060.732609,1776691061.236465,0.608786042858695,-0.7562472402202417,-0.2870598195623992,0.8402777777777778,-0.4,0.0,-0.2581246056157982,0.09122438184373503,0.8412017571141093,-0.02956208429338851,-0.02730347009619942,-0.8915503556773489,0.9992097491993512,0.4756978122642527,-0.7544185031638665,-0.03491620111731844,2
1776691061.332049,478,1776691061.332049,1776691061.332093,1776691061.33342,1776691061.236465,0.6093391360344245,-0.757445773143851,-0.2857369632510517,0.8506944444444445,0.0,0.0,0.06499529261464404,0.34411052680350274,0.8172627157297333,-0.10087269831530714,-0.0307172044525856,-0.7263532541046065,0.9992097491993512,0.4756978122642527,-0.7544185031638665,-0.03491620111731844,2
1776691061.38216,479,1776691061.38216,1776691061.332093,1776691061.33342,1776691061.236465,0.6098550794767313,-0.754039416413593,-0.37323067968357276,0.7916666666666667,0.6666666666666667,0.0,0.06499529261464404,0.34411052680350274,0.8172627157297333,-0.10087269831530714,-0.0307172044525856,-0.7263532541046065,0.9992097491993512,0.4756978122642527,-0.7544185031638665,-0.03491620111731844,2
1776691061.432152,480,1776691061.432152,1776691061.432193,1776691061.33342,1776691061.383656,0.6104282145499572,-0.7556614910470492,-0.3639971426303675,0.8819444444444445,0.0,0.0,-0.010213435102891103,0.10969957064973976,0.7868383386615091,-0.4886980019973499,-0.1365173504809971,-0.5321576812581938,0.9992097491993512,0.4735424075870245,-0.7551821950687323,-0.04155027932960894,2
1776691061.482134,481,1776691061.482134,1776691061.432193,1776691061.33342,1776691061.383656,0.6109652380961624,-0.7557786408816877,-0.40497923115591183,0.826388888888889,0.2,0.0,-0.010213435102891103,0.10969957064973976,0.7868383386615091,-0.4886980019973499,-0.1365173504809971,-0.5321576812581938,0.9992097491993512,0.4735424075870245,-0.7551821950687323,-0.04155027932960894,2
1776691061.532165,482,1776691061.532165,1776691061.482174,1776691061.33342,1776691061.532046,0.6115479427240487,-0.756211194117276,-0.41159351271264916,0.8958333333333334,0.2,0.0,0.2971217811845846,-0.05427207369997992,0.755078721974458,0.17564930190662062,-0.006827468712772363,-0.08196907523889307,0.9992097491993512,0.4709559219743507,-0.7571459742526729,-0.04434357541899441,2
1776691061.582193,483,1776691061.582193,1776691061.582235,1776691061.33342,1776691061.532046,0.6121327237647387,-0.7589236633654444,-0.39307352435378473,0.8993055555555557,-0.13333333333333333,0.0,0.02506983462446863,0.5866055846422338,0.63900806716571,-0.8330450448098273,0.3174068428401245,-0.580073549248179,0.9992097491993512,0.4709559219743507,-0.7571459742526729,-0.04434357541899441,2
1776691061.632216,484,1776691061.632216,1776691061.632256,1776691061.33342,1776691061.532046,0.6127171888295672,-0.7642674981301084,-0.3110035187977882,0.8993055555555557,-0.5333333333333333,0.0,-0.12813402038651012,0.23094661693616889,0.7747258306122418,0.1843501759103934,0.3156967732844864,-0.3720058498629826,0.9992097491993512,0.4709559219743507,-0.7571459742526729,-0.04434357541899441,2
1776691061.682259,485,1776691061.682259,1776691061.632256,1776691061.33342,1776691061.680957,0.6133132998618599,-0.7683767538681974,-0.2540942402836204,0.9166666666666667,-0.4,0.0,-0.12813402038651012,0.23094661693616889,0.7747258306122418,0.1843501759103934,0.3156967732844864,-0.3720058498629826,0.9992097491993512,0.46783058519236986,-0.7591097534366136,-0.03875698324022347,2
1776691061.732248,486,1776691061.732248,1776691061.682312,1776691061.33342,1776691061.680957,0.6138706361420142,-0.7707918427668988,-0.2607085218403577,0.857638888888889,-0.2,0.0,0.008356870260113117,-0.2297921589522618,0.7043395367337191,0.21739130434782608,0.0460758066788784,-0.45271124110806626,0.9992097491993512,0.46783058519236986,-0.7591097534366136,-0.03875698324022347,2
1776691061.782282,487,1776691061.782282,1776691061.732285,1776691061.33342,1776691061.680957,0.6144350593093463,-0.7746127296812624,-0.20377278619996297,0.8680555555555556,-0.4,0.0,-0.07242310429749745,0.11200945188342677,0.8376728753820736,0.09912991259962273,-0.05460694019239884,-0.3430026456904589,0.9992097491993512,0.46783058519236986,-0.7591097534366136,-0.03875698324022347,2
1776691061.832304,488,1776691061.832304,1776691061.782323,1776691061.33342,1776691061.829144,0.6149904545949233,-0.7772621182492407,-0.16805566579358153,0.8541666666666667,-0.26666666666666666,0.0,-0.2989783460273626,0.30023147075630513,0.8978540894344261,-0.37043661024914654,-0.19112429067339592,-0.32156261388537866,0.9992097491993512,0.46502855911197327,-0.7606371372463453,-0.020600558659217876,2
1776691061.882824,489,1776691061.882824,1776691061.832345,1776691061.33342,1776691061.829144,0.6154991305924173,-0.7729005397903919,-0.261608064132074,0.7743055555555556,0.7333333333333333,0.0,-0.06220966919460634,0.21824468331557242,0.7840724282187124,0.08347747759508625,0.0034137343563861817,-0.44766597093053523,0.9992097491993512,0.46502855911197327,-0.7606371372463453,-0.020600558659217876,2
1776691061.932336,490,1776691061.932336,1776691061.932376,1776691061.932995,1776691061.829144,0.6160668940759988,-0.7722426984112679,-0.3008968965790936,0.8819444444444445,0.26666666666666666,0.0,0.05106795167032624,0.11778270706883505,0.804577939350878,-0.563481132875988,-0.2286689638387539,-0.831021312243536,0.9992513413467538,0.46502855911197327,-0.7606371372463453,-0.020600558659217876,2
1776691061.982383,491,1776691061.982383,1776691061.982425,1776691061.932995,1776691061.977223,0.6166293762487536,-0.7730627472537376,-0.3234119109982274,0.8645833333333334,0.06666666666666667,0.0,0.2209839948897898,0.16050827039799842,0.7706246805506182,0.20521791348733381,0.0614344089051712,-0.9974773649112345,0.9992513413467538,0.4587778855480117,-0.7610735326205542,-0.003491620111731844,2
1776691062.032408,492,1776691062.032408,1776691062.032449,1776691061.932995,1776691061.977223,0.6172186260909124,-0.7758563202335789,-0.29430907214858326,0.9062500000000001,-0.2,0.0,-0.0018573409986487128,-0.17782900122009607,0.7307581949454626,0.22260660692023002,-0.26450356744847375,-0.7856233464434631,0.9992513413467538,0.4587778855480117,-0.7610735326205542,-0.003491620111731844,2
1776691062.082432,493,1776691062.082432,1776691062.032449,1776691061.932995,1776691061.977223,0.6177785804567757,-0.776649334498824,-0.2996004973939731,0.8611111111111112,0.06666666666666667,0.0,-0.0018573409986487128,-0.17782900122009607,0.7307581949454626,0.22260660692023002,-0.26450356744847375,-0.7856233464434631,0.9992513413467538,0.4587778855480117,-0.7610735326205542,-0.003491620111731844,2
1776691062.132465,494,1776691062.132465,1776691062.082473,1776691061.932995,1776691062.122627,0.618354423894528,-0.7788481467797314,-0.2731169140407969,0.8854166666666667,-0.13333333333333333,0.0,0.007427811682853398,-0.07505810900554448,0.7049117253379894,-0.6382577364673016,0.20477922809894067,-0.7477932859096869,0.9992513413467538,0.45285052268563425,-0.7572550730962253,0.017807262569832404,2
1776691062.182496,495,1776691062.182496,1776691062.182539,1776691061.932995,1776691062.122627,0.6189347812731579,-0.7800466797033406,-0.2731169140407969,0.8923611111111112,0.0,0.0,-0.004642188262815692,-0.4826792691779024,0.7460180990821463,0.1843501759103934,0.10751021558404959,-0.8083223293434996,0.9992513413467538,0.45285052268563425,-0.7572550730962253,0.017807262569832404,2
1776691062.232556,496,1776691062.232556,1776691062.182539,1776691061.932995,1776691062.122627,0.6194545615652108,-0.7797673224053564,-0.3009233537053206,0.7986111111111112,0.2,0.0,-0.004642188262815692,-0.4826792691779024,0.7460180990821463,0.1843501759103934,0.10751021558404959,-0.8083223293434996,0.9992513413467538,0.45285052268563425,-0.7572550730962253,0.017807262569832404,2
1776691062.382581,499,1776691062.382581,1776691062.332596,1776691061.932995,1776691062.268293,0.6209172138277719,-0.7837684398345484,-0.20305844379183535,0.8368055555555556,0.06666666666666667,0.0,1.0,-0.7748266382492394,0.8145922364920796,0.737394176354249,0.5290071348969475,0.8133675995210307,0.9992513413467538,0.4508028882422675,-0.7528911193541349,0.04958100558659218,2
1776691062.482628,501,1776691062.482628,1776691062.482678,1776691061.932995,1776691062.413687,0.6219399374124042,-0.786931485369788,-0.17392914781596425,0.7881944444444445,-0.6666666666666667,0.0,-0.6063135623148384,-0.6639726096155925,0.7509775719128344,0.5408706095833633,-0.06313807370591928,0.4060543242130372,0.9992513413467538,0.45155727987929734,-0.7516910320750599,0.07646648044692737,2
1776691062.532654,502,1776691062.532654,1776691062.482678,1776691062.534034,1776691062.413687,0.6224932111457686,-0.7867602663807008,-0.19644416223509803,0.8506944444444445,0.13333333333333333,0.0,-0.6063135623148384,-0.6639726096155925,0.7509775719128344,0.5408706095833633,-0.06313807370591928,0.4060543242130372,0.9992929334941564,0.45155727987929734,-0.7516910320750599,0.07646648044692737,2
1776691062.582728,503,1776691062.582728,1776691062.58277,1776691062.534034,1776691062.559603,0.6229702895571196,-0.7825068262307491,-0.29182210228325,0.732638888888889,0.7333333333333333,0.0,0.37233050890211977,-0.22286348051707364,0.8206961662566261,0.1495662617572763,-0.06826187761794357,0.4552338761968318,0.9992929334941564,0.448539713331178,-0.7485271656120446,0.11243016759776536,2
1776691062.632767,504,1776691062.632767,1776691062.63281,1776691062.534034,1776691062.559603,0.6235329071481007,-0.7801367949607547,-0.3619864010371194,0.8645833333333334,0.5333333333333333,0.0,-0.392757379107902,-0.3013859287402122,0.754411022439727,-0.47130278127712905,-0.4112621209986294,0.6645652595758377,0.9992929334941564,0.448539713331178,-0.7485271656120446,0.11243016759776536,2
1776691062.682781,505,1776691062.682781,1776691062.63281,1776691062.534034,1776691062.559603,0.624074760611045,-0.780713532608206,-0.3844749583300262,0.8333333333333334,0.13333333333333333,0.0,-0.392757379107902,-0.3013859287402122,0.754411022439727,-0.47130278127712905,-0.4112621209986294,0.6645652595758377,0.9992929334941564,0.448539713331178,-0.7485271656120446,0.11243016759776536,2
1776691062.732798,506,1776691062.732798,1776691062.682823,1776691062.534034,1776691062.705222,0.6246546214561784,-0.7860032982184213,-0.31039500489456834,0.8923611111111112,-0.5333333333333333,0.0,0.18570072516243002,0.24480397380654526,0.7901764377085764,0.11478234760415919,0.3361791794228035,0.8259760420660051,0.9992929334941564,0.4478930919280095,-0.7447087060877154,0.14141061452513967,2
1776691062.782856,507,1776691062.782856,1776691062.732861,1776691062.534034,1776691062.705222,0.6252398538909562,-0.7869224738440466,-0.31568643013995823,0.8993055555555557,0.06666666666666667,0.0,-0.06313795161599534,0.0658195493366693,0.7766332588353391,0.25565426264498736,-0.017062267027040875,0.6027725321482155,0.9992929334941564,0.4478930919280095,-0.7447087060877154,0.14141061452513967,2
1776691062.83291,508,1776691062.83291,1776691062.782899,1776691062.534034,1776691062.705222,0.6257884782652168,-0.7936450720471483,-0.2203349472180332,0.84375,-0.8,0.0,-0.16713119595529655,0.2517316869758606,0.726466341924188,-0.6434795663270302,0.2286689638387539,0.6027725321482155,0.9992929334941564,0.4478930919280095,-0.7447087060877154,0.14141061452513967,2
1776691062.882876,509,1776691062.882876,1776691062.832952,1776691062.534034,1776691062.850845,0.6263860337585903,-0.797790373888203,-0.15292218959176657,0.920138888888889,-0.4666666666666667,0.0,-0.20519931294682323,0.16050827039799842,0.8326179713462425,0.2313074809240028,-0.04266207232249222,0.528371362175619,0.9992929334941564,0.449078564500485,-0.7413266419375955,0.1627094972067039,2
1776691062.932838,510,1776691062.932838,1776691062.882918,1776691062.534034,1776691062.850845,0.626913894004814,-0.7947895358163091,-0.23620922295420274,0.8125000000000001,0.5333333333333333,0.0,-0.08820778624046396,-0.323325456763811,0.7256080191551236,0.34782608695652173,-0.03924833796610604,0.27364201299654023,0.9992929334941564,0.449078564500485,-0.7413266419375955,0.1627094972067039,2
1776691062.982884,511,1776691062.982884,1776691062.932904,1776691062.534034,1776691062.850845,0.6274265422702803,-0.7988627454514324,-0.1819191999365029,0.7881944444444445,-0.4666666666666667,0.0,0.3899717556878643,-0.07852148295726576,0.8258464217722825,0.12695573846465147,-0.1058001460284115,0.19798189192898757,0.9992929334941564,0.449078564500485,-0.7413266419375955,0.1627094972067039,2
1776691063.032918,512,1776691063.032918,1776691062.982922,1776691062.534034,1776691062.996183,0.6279798611430535,-0.7991691373266407,-0.18324205624785037,0.8506944444444445,0.06666666666666667,0.0,-0.13463354964797453,0.3394917296020016,0.9106342172931069,-0.30086878194291233,-0.17235195409071696,0.43631647948051705,0.9992929334941564,0.45144950964543595,-0.7375081824132665,0.18819832402234637,2
1776691063.082941,513,1776691063.082941,1776691063.082982,1776691062.534034,1776691062.996183,0.6285489336694896,-0.7990609990177437,-0.17795063100246053,0.8750000000000001,0.13333333333333333,0.0,0.30640693386608675,-0.36605102009297436,0.8536003196028531,0.6747844363361031,-0.4163795201557636,0.461538097469319,0.9992929334941564,0.45144950964543595,-0.7375081824132665,0.18819832402234637,2
1776691063.132965,514,1776691063.132965,1776691063.082982,1776691063.133477,1776691062.996183,0.6291361973776622,-0.7953392388865359,-0.25999417943223013,0.9027777777777779,0.6666666666666667,0.0,0.30640693386608675,-0.36605102009297436,0.8536003196028531,0.6747844363361031,-0.4163795201557636,0.461538097469319,0.9992513413467538,0.45144950964543595,-0.7375081824132665,0.18819832402234637,2
1776691063.182988,515,1776691063.182988,1776691063.133002,1776691063.133477,1776691063.141408,0.6297209784183522,-0.7964837026556967,-0.2586713231208826,0.8993055555555557,0.0,0.0,-0.1429896437522169,-0.018476154071877558,0.743442971324318,-0.6260843456068093,0.05460694019239884,0.6418662766758011,0.9992513413467538,0.45134173941157457,-0.7337988217324897,0.21124301675977653,2
1776691063.233008,516,1776691063.233008,1776691063.183036,1776691063.133477,1776691063.141408,0.6303304507156425,-0.8003766817759914,-0.21898563378045877,0.9375000000000001,-0.4,0.0,0.007427811682853398,0.04272556332916338,0.7202669809544986,0.2973897377988681,0.5221860709390652,0.6267351990420613,0.9992513413467538,0.45134173941157457,-0.7337988217324897,0.21124301675977653,2
1776691063.283029,517,1776691063.283029,1776691063.233051,1776691063.133477,1776691063.141408,0.6309153671745588,-0.7977363047337546,-0.29309204434214353,0.8993055555555557,0.5333333333333333,0.0,-0.15413213743236773,-0.10623523143214567,0.7337148083479105,0.26434860936143545,-0.0307172044525856,0.5409845376194465,0.9992513413467538,0.45134173941157457,-0.7337988217324897,0.21124301675977653,2
1776691063.333037,518,1776691063.333037,1776691063.283072,1776691063.133477,1776691063.287212,0.631450359447369,-0.7989258261316223,-0.2944149006534911,0.8229166666666667,0.0,0.0,-0.21169884220828766,0.14434199755980787,0.743442971324318,-0.6765206947644629,0.18600689151626168,0.5031544770856702,0.9992513413467538,0.4506951180084061,-0.7308531529565787,0.22555865921787713,2
1776691063.383076,519,1776691063.383076,1776691063.333096,1776691063.133477,1776691063.287212,0.6320194771132138,-0.8001874397354216,-0.2957377569648385,0.8750000000000001,0.0,0.0,-0.15506041985375674,-0.2020784104773819,0.7717691374844764,0.38434625953799856,0.2747447705176323,0.43127120930298596,0.9992513413467538,0.4506951180084061,-0.7308531529565787,0.22555865921787713,2
1776691063.433177,520,1776691063.433177,1776691063.433228,1776691063.133477,1776691063.432901,0.6325511290697748,-0.7968621867368365,-0.3832050162711327,0.8159722222222222,0.6666666666666667,0.0,0.16155994911522112,-0.5704393118040433,0.8346208307744828,0.5913069587410168,-0.13993108483738328,0.508195014364348,0.9992513413467538,0.451988360814743,-0.7272528911193541,0.22905027932960897,2
1776691063.483196,521,1776691063.483196,1776691063.483237,1776691063.133477,1776691063.432901,0.6330882428947976,-0.8015662031738594,-0.31968145620022753,0.826388888888889,-0.4666666666666667,0.0,-0.09656465650057708,0.797921589522618,0.8935622364131516,-0.31304217280340463,-0.3344691098671654,0.21311296956272746,0.9992513413467538,0.451988360814743,-0.7272528911193541,0.22905027932960897,2
1776691063.533167,522,1776691063.533167,1776691063.483237,1776691063.133477,1776691063.432901,0.6336542910808456,-0.8042876839477692,-0.2906050744768104,0.8715277777777779,-0.2,0.0,-0.09656465650057708,0.797921589522618,0.8935622364131516,-0.31304217280340463,-0.3344691098671654,0.21311296956272746,0.9992513413467538,0.451988360814743,-0.7272528911193541,0.22905027932960897,2
1776691063.583183,523,1776691063.583183,1776691063.583225,1776691063.133477,1776691063.577598,0.634245617335808,-0.80783822508989,-0.2456015027647697,0.9097222222222223,-0.33333333333333337,0.0,0.04085451656743514,-0.23672083738745,0.8206961662566261,0.6052166080298689,-0.3344691098671654,0.1614107824901674,0.9992513413467538,0.4538204547903869,-0.7252891119354135,0.22730446927374304,2
1776691063.633221,524,1776691063.633221,1776691063.583225,1776691063.133477,1776691063.577598,0.6348351831538283,-0.8080274671304598,-0.2681165171839035,0.9062500000000001,0.13333333333333333,0.0,0.04085451656743514,-0.23672083738745,0.8206961662566261,0.6052166080298689,-0.3344691098671654,0.1614107824901674,0.9992513413467538,0.4538204547903869,-0.7252891119354135,0.22730446927374304,2
1776691063.683373,525,1776691063.683373,1776691063.683417,1776691063.133477,1776691063.577598,0.6354233947895852,-0.8092169885283278,-0.2654708045612086,0.9027777777777779,0.0,0.0,0.11699152670635929,-0.413395380623639,0.7339055113075613,0.39999869454253506,0.4470967246083492,-0.14753865595138366,0.9992513413467538,0.4538204547903869,-0.7252891119354135,0.22730446927374304,2
1776691063.733286,526,1776691063.733286,1776691063.683417,1776691063.734483,1776691063.72318,0.6360094848731296,-0.8103884868747128,-0.2615022356271662,0.9027777777777779,0.0,0.0,0.11699152670635929,-0.413395380623639,0.7339055113075613,0.39999869454253506,0.4470967246083492,-0.14753865595138366,0.9992097491993512,0.45586808923375366,-0.7243072223434432,0.2143854748603352,2
1776691063.783372,527,1776691063.783372,1776691063.733362,1776691063.734483,1776691063.72318,0.6365766164049883,-0.8088024583442223,-0.31843797126756096,0.8715277777777779,0.4,0.0,-0.21077055978689865,-0.35681342568997204,0.7393419009880119,0.3513051311005659,-0.017062267027040875,0.020176347811270926,0.9992097491993512,0.45586808923375366,-0.7243072223434432,0.2143854748603352,2
1776691063.83333,528,1776691063.83333,1776691063.783414,1776691063.734483,1776691063.72318,0.6370999175709257,-0.814119258531662,-0.23774373627536577,0.8055555555555557,-0.6,0.0,-0.002785623420037706,0.534642426910068,0.7291368211618418,-0.8626071291032159,0.39248978441595045,0.21185401846777133,0.9992097491993512,0.45586808923375366,-0.7243072223434432,0.2143854748603352,2
1776691063.883324,529,1776691063.883324,1776691063.83338,1776691063.734483,1776691063.868941,0.6376618580707751,-0.8151195378889601,-0.24171230520940817,0.8645833333333334,0.0,0.0,0.049210610671677535,0.3152423203447157,0.8338578594852438,-0.01043713243213253,0.07166920721943972,-0.04161637961635122,0.9992097491993512,0.45996335812048716,-0.7245254200305478,0.19587988826815642,2
1776691063.933474,530,1776691063.933474,1776691063.933536,1776691063.734483,1776691063.868941,0.6381873259283337,-0.8097576800728131,-0.3598169166865095,0.8055555555555557,0.9333333333333333,0.0,0.18477244274104104,-0.7505772289919536,0.8501668690759604,0.640000522182986,-0.1843032267155136,0.1803281792064822,0.9992097491993512,0.45996335812048716,-0.7245254200305478,0.19587988826815642,2
1776691063.983477,531,1776691063.983477,1776691063.933536,1776691063.734483,1776691063.868941,0.6387401482676105,-0.813055898494174,-0.32936476439929097,0.8506944444444445,-0.26666666666666666,0.0,0.18477244274104104,-0.7505772289919536,0.8501668690759604,0.640000522182986,-0.1843032267155136,0.1803281792064822,0.9992097491993512,0.45996335812048716,-0.7245254200305478,0.19587988826815642,2
1776691064.033413,532,1776691064.033413,1776691064.033456,1776691063.734483,1776691064.014072,0.6393101687216308,-0.8171741657580045,-0.2778527396354208,0.8784722222222223,-0.4,0.0,0.12999058522928808,0.14896079476130908,0.7956127476637093,0.1252194800362917,0.11945508345395622,-0.11601281669009451,0.9992097491993512,0.4640586270072206,-0.7232162339079207,0.16934357541899442,2
1776691064.083451,533,1776691064.083451,1776691064.033456,1776691063.734483,1776691064.014072,0.639895085180547,-0.8202020384071227,-0.2354948805460751,0.8993055555555557,-0.26666666666666666,0.0,0.12999058522928808,0.14896079476130908,0.7956127476637093,0.1252194800362917,0.11945508345395622,-0.11601281669009451,0.9992097491993512,0.4640586270072206,-0.7232162339079207,0.16934357541899442,2
1776691064.133533,534,1776691064.133533,1776691064.083494,1776691063.734483,1776691064.014072,0.6404852829502902,-0.8176427650965584,-0.3083578061750933,0.9062500000000001,0.5333333333333333,0.0,-0.011141717524280097,-0.3452659500532827,0.8564615815254752,0.5165238278623786,-0.3191105076408726,0.011349491450018222,0.9992097491993512,0.4640586270072206,-0.7232162339079207,0.16934357541899442,2
1776691064.18353,535,1776691064.18353,1776691064.183571,1776691063.734483,1776691064.160241,0.6410607201333635,-0.8189854824320306,-0.30174352461835596,0.8854166666666667,0.0,0.0,0.1327762086493258,-0.17321020401859488,0.7414401118960776,0.4521713021285484,0.36689638387538914,-0.15510656121768024,0.9992097491993512,0.4709559219743507,-0.7271437922758018,0.15083798882681565,2
1776691064.233566,536,1776691064.233566,1776691064.23361,1776691063.734483,1776691064.160241,0.641656876305065,-0.8212383638673865,-0.28057782363679656,0.9166666666666667,-0.13333333333333333,0.0,-0.305477875288827,-0.40877658342213774,0.7368622044353267,0.3095631286593605,-0.02730347009619942,-0.26481515663528754,0.9992097491993512,0.4709559219743507,-0.7271437922758018,0.15083798882681565,2
1776691064.283591,537,1776691064.283591,1776691064.23361,1776691063.734483,1776691064.160241,0.6422259939709097,-0.8210941794555237,-0.3110035187977882,0.8750000000000001,0.2,0.0,-0.305477875288827,-0.40877658342213774,0.7368622044353267,0.3095631286593605,-0.02730347009619942,-0.26481515663528754,0.9992097491993512,0.4709559219743507,-0.7271437922758018,0.15083798882681565,2
1776691064.333683,538,1776691064.333683,1776691064.333752,1776691063.734483,1776691064.305802,0.6427909136717384,-0.8278348007101083,-0.2076355266290976,0.8680555555555556,-0.8,0.0,-0.1151349618635813,0.2413396345889512,0.8019074601132243,0.09565086845557855,0.1365173504809971,-0.04665691689502904,0.9992097491993512,0.4767755146028667,-0.7321623390792058,0.12150837988826815,2
1776691064.383648,539,1776691064.383648,1776691064.333752,1776691064.336976,1776691064.305802,0.6433818336720218,-0.8287629878614747,-0.2129269518744874,0.9097222222222223,0.0,0.0,-0.1151349618635813,0.2413396345889512,0.8019074601132243,0.09565086845557855,0.1365173504809971,-0.04665691689502904,0.9992097491993512,0.4767755146028667,-0.7321623390792058,0.12150837988826815,2
1776691064.433681,540,1776691064.433681,1776691064.383691,1776691064.336976,1776691064.305802,0.6438879367232158,-0.8232659571592066,-0.33470910389713476,0.7777777777777779,0.9333333333333333,0.0,-0.37047316790347107,-0.4561199786869295,0.7017644089758908,0.25739052107334714,0.153586022262928,-0.0630516785225783,0.9992097491993512,0.4767755146028667,-0.7321623390792058,0.12150837988826815,2
1776691064.483685,541,1776691064.483685,1776691064.433726,1776691064.336976,1776691064.452157,0.6444363805398412,-0.8246537321233858,-0.3333862475857872,0.84375,0.0,0.0,0.39832862594797736,-0.7875295371357087,0.8542679394122665,0.4156511295470715,-0.08020674548785017,0.10718596032884181,0.9992097491993512,0.4778532169414808,-0.7348898101680122,0.09427374301675978,2
1776691064.533767,542,1776691064.533767,1776691064.483727,1776691064.336976,1776691064.452157,0.6449811680643558,-0.8260234840360822,-0.3386776728311771,0.8368055555555556,0.0,0.0,-0.17455900763814994,0.5404156820954763,0.9064377954769754,-0.5321762628669151,-0.3771311821896576,0.4161401316692461,0.9992097491993512,0.4778532169414808,-0.7348898101680122,0.09427374301675978,2
1776691064.583806,543,1776691064.583806,1776691064.583849,1776691064.336976,1776691064.452157,0.6455614351641682,-0.8306644197929152,-0.27912268169431437,0.8923611111111112,-0.4666666666666667,0.0,-0.010213435102891103,-0.05080869974825866,0.7993323323553959,0.6191327846060456,-0.3208205771965107,0.32156261388537866,0.9992097491993512,0.4778532169414808,-0.7348898101680122,0.09427374301675978,2
1776691064.633734,544,1776691064.633734,1776691064.633776,1776691064.336976,1776691064.597276,0.6461542058802116,-0.830556281484018,-0.3055268936688097,0.9131944444444445,0.2,0.0,-0.119777150126397,0.4745961327588071,0.7292322523669847,-0.7965248722283506,0.2901033727439251,0.32156261388537866,0.9992097491993512,0.4796853109171247,-0.7367444905084006,0.058310055865921785,2
1776691064.68379,545,1776691064.68379,1776691064.683836,1776691064.336976,1776691064.597276,0.6467211117150262,-0.8354765745388352,-0.24195041934545072,0.8715277777777779,-0.5333333333333333,0.0,-0.049210610671677535,-0.3060047259417134,0.7109203833480281,0.6243480871784495,0.4573379276775078,-0.1412344346788965,0.9992097491993512,0.4796853109171247,-0.7367444905084006,0.058310055865921785,2
1776691064.73377,546,1776691064.73377,1776691064.683836,1776691064.336976,1776691064.597276,0.6473322541704413,-0.8397390262145285,-0.16924623647379422,0.9409722222222223,-0.4666666666666667,0.0,-0.049210610671677535,-0.3060047259417134,0.7109203833480281,0.6243480871784495,0.4573379276775078,-0.1412344346788965,0.9992097491993512,0.4796853109171247,-0.7367444905084006,0.058310055865921785,2
1776691064.783794,547,1776691064.783794,1776691064.783838,1776691064.336976,1776691064.742071,0.6479036288067248,-0.8395678072254413,-0.20895838294044503,0.8784722222222223,0.13333333333333333,0.0,-0.06870919845607075,0.4076211601723579,0.7074868530958178,-0.7008674764854473,0.5836140750893463,0.09710015287263296,0.9992097491993512,0.4825951072313827,-0.7413266419375955,0.016410614525139665,2
1776691064.833822,548,1776691064.833822,1776691064.833865,1776691064.336976,1776691064.742071,0.648400207442667,-0.8448665843613983,-0.1268883773844485,0.763888888888889,-0.6666666666666667,0.0,-0.024140776047208906,0.47690504872662126,0.8940390735375964,-0.42260921783515987,-0.153586022262928,0.19798189192898757,0.9992097491993512,0.4825951072313827,-0.7413266419375955,0.016410614525139665,2
1776691064.883859,549,1776691064.883859,1776691064.833865,1776691064.336976,1776691064.742071,0.6489603423661654,-0.8449476880930711,-0.13217980262983833,0.8611111111111112,0.06666666666666667,0.0,-0.024140776047208906,0.47690504872662126,0.8940390735375964,-0.42260921783515987,-0.153586022262928,0.19798189192898757,0.9992097491993512,0.4825951072313827,-0.7413266419375955,0.016410614525139665,2
1776691064.933897,550,1776691064.933897,1776691064.883903,1776691064.934695,1776691064.890529,0.6494957408936547,-0.8414241815281746,-0.22353625949149405,0.8229166666666667,0.6,0.0,-0.21355618320693637,-0.4076211601723579,0.7506914377480404,0.1808711317663492,-0.16040708622081035,0.06431062961753443,0.9991681570519486,0.48712145705356186,-0.7460178922103425,-0.012918994413407821,2
1776691064.983948,551,1776691064.983948,1776691064.983989,1776691064.934695,1776691064.890529,0.6500810184678412,-0.8388018275374204,-0.29237770193401597,0.8993055555555557,0.5333333333333333,0.0,-0.11327762086493258,0.08545016139245394,0.8250833707577261,-0.5043504370018864,-0.556310604993147,0.27995096716788065,0.9991681570519486,0.48712145705356186,-0.7460178922103425,-0.012918994413407821,2
1776691065.033921,552,1776691065.033921,1776691064.983989,1776691064.934695,1776691064.890529,0.6506540181228407,-0.8391622885670773,-0.30957483398153296,0.8819444444444445,0.13333333333333333,0.0,-0.11327762086493258,0.08545016139245394,0.8250833707577261,-0.5043504370018864,-0.556310604993147,0.27995096716788065,0.9991681570519486,0.48712145705356186,-0.7460178922103425,-0.012918994413407821,2
1776691065.08399,553,1776691065.08399,1776691065.033963,1776691064.934695,1776691065.039138,0.6512347366167408,-0.8418747578152458,-0.2804190808794349,0.8923611111111112,-0.2,0.0,0.2432682060942207,-0.35681342568997204,0.7113972204724729,0.4799971279935772,0.5614344089051713,0.021435298906227074,0.9991681570519486,0.49046233430326547,-0.7490726598298059,-0.040502793296089384,2
1776691065.134006,554,1776691065.134006,1776691065.084032,1776691064.934695,1776691065.039138,0.6518240767377171,-0.8404148906451351,-0.32806836521417043,0.9062500000000001,0.4,0.0,0.02971202288728432,-0.02193952802359882,0.8793514377305008,0.35652043367296987,-0.3378828442235516,0.14753865595138366,0.9991681570519486,0.49046233430326547,-0.7490726598298059,-0.040502793296089384,2
1776691065.184043,555,1776691065.184043,1776691065.184085,1776691064.934695,1776691065.039138,0.6523594301257977,-0.840838432354982,-0.3558748048786941,0.8229166666666667,0.13333333333333333,0.0,-0.024140776047208906,-0.706697207678883,0.7320934345642894,0.640000522182986,0.44880679416398733,0.35182950205171165,0.9991681570519486,0.49046233430326547,-0.7490726598298059,-0.040502793296089384,2
1776691065.234026,556,1776691065.234026,1776691065.184085,1776691064.934695,1776691065.187488,0.6529278707005108,-0.8428209680180951,-0.35058337963330427,0.8750000000000001,-0.06666666666666667,0.0,-0.024140776047208906,-0.706697207678883,0.7320934345642894,0.640000522182986,0.44880679416398733,0.35182950205171165,0.9991681570519486,0.4926177389804936,-0.7530002181976871,-0.07227653631284917,2
1776691065.28404,557,1776691065.28404,1776691065.284081,1776691064.934695,1776691065.187488,0.6534742832437413,-0.8424605069884382,-0.38497764372833826,0.8402777777777778,0.26666666666666666,0.0,0.19127197200250542,0.6812933404376902,0.7069146644915474,-0.6643473039039705,0.48975879693084146,0.3619153095079205,0.9991681570519486,0.4926177389804936,-0.7530002181976871,-0.07227653631284917,2
1776691065.3841,559,1776691065.3841,1776691065.384142,1776691064.934695,1776691065.337311,0.6545832230991355,-0.8548513548828952,-0.19983067439214752,0.8750000000000001,-0.33333333333333337,0.0,-0.16063166669383214,-0.10854511266583267,0.771959920169445,0.013916176576176708,-0.14334481919376946,-0.12988494322887825,0.9991681570519486,0.49735962927039556,-0.7615099279947632,-0.10160614525139665,2
1776691065.434227,560,1776691065.434227,1776691065.434269,1776691064.934695,1776691065.337311,0.6551308544064031,-0.8543196748641513,-0.23562716617720986,0.8402777777777778,0.2,0.0,0.16620213737803682,0.025403867241192916,0.8510252715703424,0.5078229538586059,-0.33959291377918965,0.11475386559513837,0.9991681570519486,0.49735962927039556,-0.7615099279947632,-0.10160614525139665,2
1776691065.484186,561,1776691065.484186,1776691065.484241,1776691064.934695,1776691065.484418,0.6557082325840538,-0.8526525426019879,-0.29510278593539174,0.888888888888889,0.4,0.0,-0.32126255723179353,-0.26674350183014406,0.8080113898777707,-0.42956730612324817,-0.5784966759322121,0.1374528484951748,0.9991681570519486,0.5028559111973273,-0.767728562077242,-0.11906424581005587,2
1776691065.534313,562,1776691065.534313,1776691065.484241,1776691064.934695,1776691065.484418,0.6562807357055568,-0.8530220151573863,-0.30042066830700853,0.8784722222222223,0.13333333333333333,0.0,-0.32126255723179353,-0.26674350183014406,0.8080113898777707,-0.42956730612324817,-0.5784966759322121,0.1374528484951748,0.9991681570519486,0.5028559111973273,-0.767728562077242,-0.11906424581005587,2
1776691065.584232,563,1776691065.584232,1776691065.584272,1776691065.538182,1776691065.484418,0.6568754925555862,-0.8566176139282142,-0.27266714289493876,0.9166666666666667,-0.33333333333333337,0.0,-0.2776231934001914,0.14434199755980787,0.8076299839584689,0.4208664321194754,-0.23037262863950198,0.02648056908375811,0.9991681570519486,0.5028559111973273,-0.767728562077242,-0.11906424581005587,2
1776691065.634263,564,1776691065.634263,1776691065.584272,1776691065.538182,1776691065.633412,0.657444610221431,-0.8559868071263146,-0.30179643887080987,0.8750000000000001,0.26666666666666666,0.0,-0.2776231934001914,0.14434199755980787,0.8076299839584689,0.4208664321194754,-0.23037262863950198,0.02648056908375811,0.9991681570519486,0.5100765168660416,-0.7770019637791841,-0.13058659217877097,2
1776691065.684296,565,1776691065.684296,1776691065.68434,1776691065.538182,1776691065.633412,0.6579572133474885,-0.8589606106209843,-0.2620842924041591,0.7881944444444445,-0.26666666666666666,0.0,0.31569208654758885,-0.797921589522618,0.7234143770419149,0.6121746963179572,0.39248978441595045,-0.14249811867270584,0.9991681570519486,0.5100765168660416,-0.7770019637791841,-0.13058659217877097,2
1776691065.734376,566,1776691065.734376,1776691065.68434,1776691065.538182,1776691065.633412,0.6585335984581462,-0.8600960628644035,-0.27002143027224385,0.8854166666666667,0.0,0.0,0.31569208654758885,-0.797921589522618,0.7234143770419149,0.6121746963179572,0.39248978441595045,-0.14249811867270584,0.9991681570519486,0.5100765168660416,-0.7770019637791841,-0.13058659217877097,2
1776691065.784286,567,1776691065.784286,1776691065.784328,1776691065.538182,1776691065.781671,0.6590587503398433,-0.8566716830826627,-0.35058337963330427,0.8090277777777779,0.6666666666666667,0.0,0.31847693381175585,0.3371828136341874,0.7144491853547462,-0.47130278127712905,0.5119448678699067,0.2547293491790787,0.9991681570519486,0.5141717857527751,-0.7836569932358718,-0.13791899441340782,2
1776691065.83431,568,1776691065.83431,1776691065.784328,1776691065.538182,1776691065.781671,0.6596140553466028,-0.8603934432138706,-0.30161123898722125,0.8541666666666667,-0.33333333333333337,0.0,0.31847693381175585,0.3371828136341874,0.7144491853547462,-0.47130278127712905,0.5119448678699067,0.2547293491790787,0.9991681570519486,0.5141717857527751,-0.7836569932358718,-0.13791899441340782,2
1776691065.884418,569,1776691065.884418,1776691065.834352,1776691065.538182,1776691065.781671,0.6601838501035792,-0.8643945606430625,-0.25655475302272673,0.8750000000000001,-0.4,0.0,-0.17270166663950123,0.28637411388592876,0.8228898083698348,-0.5582593030162595,-0.4215033240677879,0.1967229408340314,0.9991681570519486,0.5141717857527751,-0.7836569932358718,-0.13791899441340782,2
1776691065.934388,570,1776691065.934388,1776691065.884497,1776691065.538182,1776691065.929951,0.6607117554892117,-0.8622678405680867,-0.3041246659787814,0.8125000000000001,0.4666666666666667,0.0,-0.038068893147397434,0.24249409257285826,0.7899856550236077,-0.12174043589224755,-0.1843032267155136,-0.13619389740021864,0.9991681570519486,0.5192369867442612,-0.7883482435086189,-0.13233240223463688,2
1776691065.984426,571,1776691065.984426,1776691065.934439,1776691065.538182,1776691065.929951,0.661314998548091,-0.860041993709955,-0.3848982723496574,0.9270833333333335,0.5333333333333333,0.0,0.20705665394547196,-0.17090032278490788,0.8699093291935697,0.391304347826087,-0.2815722392304047,-0.050443235977603924,0.9991681570519486,0.5192369867442612,-0.7883482435086189,-0.13233240223463688,2
1776691066.034413,572,1776691066.034413,1776691066.034456,1776691065.538182,1776691065.929951,0.6618834391228041,-0.8630518433075904,-0.3505040082546234,0.8750000000000001,-0.2,0.0,0.41318502546955493,-0.5519631577321658,0.7420123802256657,0.6695626064763744,0.48805513213009344,-0.16267446648397677,0.9991681570519486,0.5192369867442612,-0.7883482435086189,-0.13233240223463688,2
1776691066.084498,573,1776691066.084498,1776691066.084543,1776691065.538182,1776691066.078575,0.6624913315407873,-0.8678189404248033,-0.2975103844220441,0.9340277777777779,-0.4666666666666667,0.0,-0.3686166030606931,0.3475748660210969,0.77682396179499,0.3965196503984909,-0.17917942280348934,-0.19420030574526592,0.9991681570519486,0.5261342817113913,-0.793039493781366,-0.12639664804469275,2
1776691066.134537,574,1776691066.134537,1776691066.084543,1776691066.135504,1776691066.078575,0.6630740813080823,-0.8682244590831674,-0.31735322909225605,0.8958333333333334,0.13333333333333333,0.0,-0.3686166030606931,0.3475748660210969,0.77682396179499,0.3965196503984909,-0.17917942280348934,-0.19420030574526592,0.9990849727571435,0.5261342817113913,-0.793039493781366,-0.12639664804469275,2
1776691066.184498,575,1776691066.184498,1776691066.134599,1776691066.135504,1776691066.078575,0.6636174243715162,-0.8717750002252882,-0.2592004656454216,0.8368055555555556,-0.33333333333333337,0.0,0.21727008904836306,0.5727482277718575,0.7032904312796863,-0.7547828697871451,0.6552896870636761,0.08448697742880536,0.9990849727571435,0.5261342817113913,-0.793039493781366,-0.12639664804469275,2
1776691066.234533,576,1776691066.234533,1776691066.18454,1776691066.135504,1776691066.227051,0.6642226535643815,-0.8738566626715569,-0.25655475302272673,0.9305555555555557,-0.13333333333333333,0.0,0.40761377862947956,-0.7194001065653524,0.7135908625856818,0.6086956521739131,0.45392419332112166,-0.3165173437078476,0.9990849727571435,0.5324927255092143,-0.8005673139864717,-0.11941340782122906,2
1776691066.284549,577,1776691066.284549,1776691066.234575,1776691066.135504,1776691066.227051,0.664755614563797,-0.8726401066964649,-0.2988861549858455,0.8194444444444444,0.33333333333333337,0.0,-0.40575643763083086,-0.4330259926794236,0.727038610253776,0.29217443522646425,-0.153586022262928,-0.11853545177886003,0.9990849727571435,0.5324927255092143,-0.8005673139864717,-0.11941340782122906,2
1776691066.336217,578,1776691066.336217,1776691066.284602,1776691066.135504,1776691066.227051,0.6653246419508242,-0.8739197433517468,-0.2920602164192926,0.8472222222222223,0.0,0.0,0.15413213743236773,0.1997694945095677,0.7101573323334714,-0.5773907821648401,0.6569933518644242,0.32913051915167524,0.9990849727571435,0.5324927255092143,-0.8005673139864717,-0.11941340782122906,2
1776691066.384637,579,1776691066.384637,1776691066.336265,1776691066.135504,1776691066.375445,0.6658709642152372,-0.8760014057980157,-0.2869275339312644,0.8680555555555556,-0.13333333333333333,0.0,-0.5598885750631986,0.14087765834221377,0.8062946646143243,-0.6156537404620014,-0.3174068428401245,0.5195445058143662,0.9990849727571435,0.5363724539282251,-0.8052585642592188,-0.12325418994413408,2
1776691066.434633,580,1776691066.434633,1776691066.384679,1776691066.135504,1776691066.375445,0.6664081231796687,-0.8753615874703746,-0.31073894753551873,0.826388888888889,0.26666666666666666,0.0,-0.18477244274104104,0.07967690620704568,0.7670958785438999,0.07130408673459397,-0.11604134909757004,0.34552528077922445,0.9990849727571435,0.5363724539282251,-0.8052585642592188,-0.12325418994413408,2
1776691066.484693,581,1776691066.484693,1776691066.484735,1776691066.135504,1776691066.375445,0.6670026091932455,-0.8731447521379846,-0.38492472947588435,0.9131944444444445,0.5333333333333333,0.0,-0.271123664138727,-0.07852148295726576,0.7670004473387569,-0.40522052440226364,-0.5494895410352646,0.16393341757893293,0.9990849727571435,0.5363724539282251,-0.8052585642592188,-0.12325418994413408,2
1776691066.534804,582,1776691066.534804,1776691066.484735,1776691066.135504,1776691066.524057,0.667565542760088,-0.8770377312582793,-0.3451332116305527,0.8645833333333334,-0.33333333333333337,0.0,-0.271123664138727,-0.07852148295726576,0.7670004473387569,-0.40522052440226364,-0.5494895410352646,0.16393341757893293,0.9990849727571435,0.5393900204763444,-0.810822605280384,-0.13058659217877097,2
1776691066.584757,583,1776691066.584757,1776691066.53488,1776691066.135504,1776691066.524057,0.6681695983283252,-0.8822103470338563,-0.2684869169510808,0.9305555555555557,-0.5333333333333333,0.0,0.25348164119711175,-0.42725177222814253,0.7165473962628119,0.7217417413497125,0.404434652285857,-0.12484440595020042,0.9990849727571435,0.5393900204763444,-0.810822605280384,-0.13058659217877097,2
1776691066.634789,584,1776691066.634789,1776691066.63483,1776691066.135504,1776691066.524057,0.6687522578168028,-0.8824897043318405,-0.30687620710638414,0.8958333333333334,0.13333333333333333,0.0,-0.007427811682853398,0.39607368453566855,0.7007153035218578,-0.6034803496015091,0.7167240959688473,-0.18410976539020382,0.9990849727571435,0.5393900204763444,-0.810822605280384,-0.13058659217877097,2
1776691066.684816,585,1776691066.684816,1776691066.684859,1776691066.135504,1776691066.672545,0.669269149186694,-0.8868422712649479,-0.2353890520411673,0.795138888888889,-0.4666666666666667,0.0,0.4986071882899812,-0.678984424469876,0.7693847924116166,0.4191301736911157,0.20989662725607494,-0.06935589979506548,0.9990849727571435,0.5443474512339692,-0.8147501636482654,-0.14350558659217877,2
1776691066.73505,586,1776691066.73505,1776691066.735104,1776691066.735653,1776691066.672545,0.6698451280426727,-0.8878695851994701,-0.2353890520411673,0.8819444444444445,0.0,0.0,-0.272051946560116,-0.23902975335526416,0.7422031629106343,0.19825982519924545,-0.2593861682913395,0.07566012106755267,0.9988770120201306,0.5443474512339692,-0.8147501636482654,-0.14350558659217877,2
1776691066.784857,587,1776691066.784857,1776691066.784899,1776691066.735653,1776691066.672545,0.6703691514391504,-0.8847606088186791,-0.3289679075058867,0.8090277777777779,0.6,0.0,0.35747410938054225,0.1870665956230984,0.7104434664982655,-0.34782608695652173,0.5273034700961995,-0.02774425307756748,0.9988770120201306,0.5443474512339692,-0.8147501636482654,-0.14350558659217877,2
1776691066.834835,588,1776691066.834835,1776691066.834876,1776691066.735653,1776691066.820794,0.6709556477773739,-0.8862114644630482,-0.32235362594914946,0.9027777777777779,0.0,0.0,-0.4753946946641613,-0.08314124542463976,0.7914162461222601,-0.5339125212952749,-0.5017036648007481,0.17780554411771665,0.9988770120201306,0.5501670438624852,-0.8185686231725944,-0.15537709497206703,2
1776691066.884863,589,1776691066.884863,1776691066.834876,1776691066.735653,1776691066.820794,0.6715336127673387,-0.8898701439140662,-0.29190147366193087,0.888888888888889,-0.33333333333333337,0.0,-0.4753946946641613,-0.08314124542463976,0.7914162461222601,-0.5339125212952749,-0.5017036648007481,0.17780554411771665,0.9988770120201306,0.5501670438624852,-0.8185686231725944,-0.15537709497206703,2
1776691066.934948,590,1776691066.934948,1776691066.93501,1776691066.735653,1776691066.820794,0.6720717196593546,-0.8897079364507204,-0.31177077545836973,0.826388888888889,0.2,0.0,0.1383474554894012,-0.2286377009683547,0.8817357828033605,0.2852163469383759,-0.23549643255152627,0.10970859541760733,0.9988770120201306,0.5501670438624852,-0.8185686231725944,-0.15537709497206703,2
1776691066.984964,591,1776691066.984964,1776691066.985006,1776691066.735653,1776691066.969092,0.6726476985153333,-0.8861033261541512,-0.4070428870016139,0.8854166666666667,0.7333333333333333,0.0,-0.44011142493680155,-0.3787529537135709,0.7893180352141943,-0.49217704614139407,-0.6245724826110906,0.23203036627904225,0.9988770120201306,0.5576031899989223,-0.822168885009819,-0.16131284916201116,2
1776691067.035012,592,1776691067.035012,1776691067.035054,1776691066.735653,1776691066.969092,0.6731830970428225,-0.887292847552019,-0.436198640103712,0.8229166666666667,0.06666666666666667,0.0,0.07985169213622156,-0.6801388824537831,0.748974712484594,0.6521739130434783,0.4129657857993774,0.2660788406290969,0.9988770120201306,0.5576031899989223,-0.822168885009819,-0.16131284916201116,2
1776691067.084985,593,1776691067.084985,1776691067.085028,1776691066.735653,1776691066.969092,0.6737737462066534,-0.8923933711216646,-0.3621451437944811,0.9097222222222223,-0.4666666666666667,0.0,-0.06963825703333046,0.4353349086472378,0.7570815016773808,0.2782582586502875,-0.1228688178103424,0.017653712722505405,0.9988770120201306,0.5576031899989223,-0.822168885009819,-0.16131284916201116,2
1776691067.135018,594,1776691067.135018,1776691067.085028,1776691066.735653,1776691067.118039,0.6743450305641194,-0.8939523650749308,-0.3621451437944811,0.8784722222222223,0.0,0.0,-0.06963825703333046,0.4353349086472378,0.7570815016773808,0.2782582586502875,-0.1228688178103424,0.017653712722505405,0.9988770120201306,0.5652548766030823,-0.8210778965742964,-0.16620111731843576,2
1776691067.185024,595,1776691067.185024,1776691067.185068,1776691066.735653,1776691067.118039,0.6748818284132807,-0.9017293117897791,-0.25099875651506737,0.826388888888889,-0.9333333333333333,0.0,0.44475361319961726,-0.27829097746683346,0.8481640096477201,0.35304138952892566,0.056317009748036946,-0.3757874360467042,0.9988770120201306,0.5652548766030823,-0.8210778965742964,-0.16620111731843576,2
1776691067.235018,596,1776691067.235018,1776691067.235058,1776691066.735653,1776691067.118039,0.6754616892584141,-0.9037298705043751,-0.2152816361086859,0.8923611111111112,-0.13333333333333333,0.0,-0.1587743256951834,-0.05658195493366693,0.783214105449648,0.1321710410370554,-0.2474413004214329,-0.3127357575241259,0.9988770120201306,0.5652548766030823,-0.8210778965742964,-0.16620111731843576,2
1776691067.285089,597,1776691067.285089,1776691067.235058,1776691066.735653,1776691067.26631,0.675983907078541,-0.9018734962016419,-0.28153028018096676,0.8020833333333335,0.4,0.0,-0.1587743256951834,-0.05658195493366693,0.783214105449648,0.1321710410370554,-0.2474413004214329,-0.3127357575241259,0.9988770120201306,0.572583252505658,-0.8186777220161466,-0.17108938547486036,2
1776691067.335117,598,1776691067.335117,1776691067.285131,1776691067.335745,1776691067.26631,0.676575504169956,-0.9031260982796998,-0.27491599862422944,0.9097222222222223,0.0,0.0,0.5979574682105959,0.11893813031861496,0.7423938658702852,-0.30261156765859676,0.4300344575813083,-0.037830060533776334,0.9988354198727281,0.572583252505658,-0.8186777220161466,-0.17108938547486036,2
1776691067.385078,599,1776691067.385078,1776691067.335195,1776691067.335745,1776691067.26631,0.6771347814446876,-0.9047391613874145,-0.25771886657671245,0.8611111111111112,-0.06666666666666667,0.0,-0.6508819847237002,-0.20900708891257008,0.7556509105787285,-0.4434769554121003,-0.537544673165358,-0.04161637961635122,0.9988354198727281,0.572583252505658,-0.8186777220161466,-0.17108938547486036,2
1776691067.435169,600,1776691067.435169,1776691067.385117,1776691067.335745,1776691067.415866,0.6776706765056735,-0.9044237579864647,-0.2988067836071646,0.8229166666666667,0.2,0.0,0.07149482187610845,0.23210204018594882,0.7888411183644318,0.013916176576176708,0.10068274687127725,-0.21437665355653684,0.9988354198727281,0.580558249811402,-0.8186777220161466,-0.164804469273743,2
1776691067.485142,601,1776691067.485142,1776691067.485182,1776691067.335745,1776691067.415866,0.6782415094690518,-0.9030089484450613,-0.33582030319866657,0.8784722222222223,0.4,0.0,-0.39461472010655074,-0.05773641291757402,0.7616594888634495,-0.3982624361141753,-0.5170622670270408,0.03530742544501081,0.9988354198727281,0.580558249811402,-0.8186777220161466,-0.164804469273743,2
1776691067.536374,602,1776691067.536374,1776691067.536415,1776691067.335745,1776691067.415866,0.6787663453748876,-0.9057304292189711,-0.3127761462549938,0.7881944444444445,-0.2,0.0,0.6480963613036624,-0.4191686358090473,0.8106818691154245,0.3947833919701311,0.08532414464498445,-0.04665691689502904,0.9988354198727281,0.580558249811402,-0.8186777220161466,-0.164804469273743,2
1776691067.5852,603,1776691067.5852,1776691067.585243,1776691067.335745,1776691067.563838,0.6793459353835682,-0.9075327343672558,-0.3037542662116041,0.9131944444444445,-0.06666666666666667,0.0,-0.5970284096333363,-0.11778270706883505,0.7317119489196701,0.35304138952892566,-0.047779471479626474,0.10844964432265118,0.9988354198727281,0.5860545317383339,-0.8143137682740562,-0.1630586592178771,2
1776691067.635273,604,1776691067.635273,1776691067.635333,1776691067.335745,1776691067.563838,0.6799109905026233,-0.9074786652128072,-0.32097785538534807,0.8680555555555556,0.2,0.0,0.457752671722546,0.3787529537135709,0.6960419648559638,-0.4834761721376213,0.7389101669079124,0.17276027394018562,0.9988354198727281,0.5860545317383339,-0.8143137682740562,-0.1630586592178771,2
1776691067.685296,605,1776691067.685296,1776691067.685338,1776691067.335745,1776691067.563838,0.6804796567743803,-0.9142643440960989,-0.23626213720665665,0.8750000000000001,-0.8,0.0,0.2674097582973003,0.25750590742714174,0.886218338784286,0.06782504259054979,-0.034130938808971785,0.06809694870010932,0.9988354198727281,0.5860545317383339,-0.8143137682740562,-0.1630586592178771,2
1776691067.735743,606,1776691067.735743,1776691067.73579,1776691067.335745,1776691067.711943,0.6810716149810656,-0.9175895970946841,-0.1842209699182475,0.9027777777777779,-0.33333333333333337,0.0,-0.12349105596782368,0.1281757247216173,0.7914162461222601,0.03304112843743268,-0.1706482892899689,-0.02774425307756748,0.9988354198727281,0.5916585838991272,-0.812459087933668,-0.16166201117318438,2
1776691067.785401,607,1776691067.785401,1776691067.73579,1776691067.335745,1776691067.711943,0.6815917563883888,-0.9156250844830539,-0.2341455671085007,0.8055555555555557,0.4,0.0,-0.12349105596782368,0.1281757247216173,0.7914162461222601,0.03304112843743268,-0.1706482892899689,-0.02774425307756748,0.9988354198727281,0.5916585838991272,-0.812459087933668,-0.16166201117318438,2
1776691067.835311,608,1776691067.835311,1776691067.785444,1776691067.335745,1776691067.711943,0.6821955862595821,-0.9144445746109273,-0.28695399105749136,0.9305555555555557,0.33333333333333337,0.0,0.4735373536655126,0.2517316869758606,0.7284692810777459,-0.42782452040756386,0.6757656884471032,0.12105808686762555,0.9988354198727281,0.5916585838991272,-0.812459087933668,-0.16166201117318438,2
1776691067.88534,609,1776691067.88534,1776691067.835403,1776691067.335745,1776691067.860508,0.6827578427352929,-0.9165622831601619,-0.25782469508162026,0.8645833333333334,-0.13333333333333333,0.0,-0.7660169465872815,-0.005773255185408269,0.7494515496090389,-0.4817399137092615,-0.402730987485109,0.16267446648397677,0.9988354198727281,0.5952150016165536,-0.8086406284093388,-0.1675977653631285,2
1776691067.935527,610,1776691067.935527,1776691067.9356,1776691067.936682,1776691067.860508,0.6833196026775072,-0.9172111130135443,-0.28703336243617217,0.8611111111111112,0.06666666666666667,0.0,-0.6406685496208091,-0.11547379110102086,0.7760609905057511,0.4765246111368576,-0.1484622183509037,-0.25094776299535704,0.9986690512831178,0.5952150016165536,-0.8086406284093388,-0.1675977653631285,2
1776691067.985546,611,1776691067.985546,1776691067.9356,1776691067.936682,1776691067.860508,0.6839134567393612,-0.9180401733817554,-0.294970500304257,0.9131944444444445,0.06666666666666667,0.0,-0.6406685496208091,-0.11547379110102086,0.7760609905057511,0.4765246111368576,-0.1484622183509037,-0.25094776299535704,0.9986690512831178,0.5952150016165536,-0.8086406284093388,-0.1675977653631285,2
1776691068.035486,612,1776691068.035486,1776691067.985588,1776691067.936682,1776691068.008973,0.6844544074141299,-0.9201488704052484,-0.26856628832976165,0.8333333333333334,-0.13333333333333333,0.0,-0.34447505085761343,-0.013856391604503544,0.7597519809150345,-0.35304138952892566,-0.5802067454878502,-0.08953224760633641,0.9986690512831178,0.6001724323741783,-0.8049312677285622,-0.1738826815642458,2
1776691068.085459,613,1776691068.085459,1776691068.035543,1776691067.936682,1776691068.008973,0.68507236592027,-0.9232037776315908,-0.23814059316877004,0.9513888888888891,-0.26666666666666666,0.0,0.5654598219032739,-0.5866055846422338,0.7744396167221302,0.4834761721376213,0.2064828928996887,-0.37831007113546977,0.9986690512831178,0.6001724323741783,-0.8049312677285622,-0.1738826815642458,2
1776691068.135533,614,1776691068.135533,1776691068.085501,1776691067.936682,1776691068.008973,0.6856171985841935,-0.9214735646892376,-0.2765563404503003,0.8368055555555556,0.4,0.0,-0.5645307633260143,-0.12240150427033622,0.7787314697434048,0.49739234871379806,-0.11604134909757004,-0.09079593160014578,0.9986690512831178,0.6001724323741783,-0.8049312677285622,-0.1738826815642458,2
1776691068.185537,615,1776691068.185537,1776691068.135607,1776691067.936682,1776691068.157455,0.6861587812106851,-0.9253034631293424,-0.23687065110987643,0.8333333333333334,-0.4,0.0,0.3101208397075135,-0.11431836785124094,0.7219837859432625,-0.4486987852718288,0.7474413004214329,0.3139994415179353,0.9986690512831178,0.6068541868735856,-0.8029674885446214,-0.18016759776536315,2
1776691068.23558,616,1776691068.23558,1776691068.235624,1776691067.936682,1776691068.157455,0.6867347149272549,-0.9272409411637484,-0.22628780061909676,0.8854166666666667,-0.13333333333333333,0.0,-0.1327762086493258,0.02309495127337874,0.7648068052255481,0.2243493926359144,0.005117399157134257,0.21437665355653684,0.9986690512831178,0.6068541868735856,-0.8029674885446214,-0.18016759776536315,2
1776691068.285667,617,1776691068.285667,1776691068.28571,1776691067.936682,1776691068.157455,0.6872458284528229,-0.9245014373383558,-0.2898907320686827,0.7847222222222223,0.5333333333333333,0.0,0.3890434732664753,0.3036948447080264,0.7479256070305611,-0.2800010443659719,0.3156967732844864,0.2572519842678442,0.9986690512831178,0.6068541868735856,-0.8029674885446214,-0.18016759776536315,2
1776691068.335583,618,1776691068.335583,1776691068.28571,1776691067.936682,1776691068.306097,0.6878564743747414,-0.924483414286873,-0.33611133158716305,0.9409722222222223,0.2,0.0,0.3890434732664753,0.3036948447080264,0.7479256070305611,-0.2800010443659719,0.3156967732844864,0.2572519842678442,0.9986690512831178,0.6089018213169523,-0.8004582151429195,-0.18715083798882684,2
1776691068.38565,619,1776691068.38565,1776691068.335636,1776691067.936682,1776691068.306097,0.6884324983701288,-0.9295569032792942,-0.25266555546736513,0.8854166666666667,-0.5333333333333333,0.0,-0.39925690836936645,0.12355692752011614,0.7514544090372792,-0.3634785219610582,-0.5460758066788785,0.21059033447396194,0.9986690512831178,0.6089018213169523,-0.8004582151429195,-0.18715083798882684,2
1776691068.435672,620,1776691068.435672,1776691068.385691,1776691067.936682,1776691068.306097,0.6889901506261445,-0.9306202633167822,-0.257956980712755,0.857638888888889,0.0,0.0,0.2701946055614673,0.5092375944030023,0.756032396223348,0.20000261091492988,0.39248978441595045,-0.15384761012272408,0.9986690512831178,0.6089018213169523,-0.8004582151429195,-0.18715083798882684,2
1776691068.485708,621,1776691068.485708,1776691068.485749,1776691067.936682,1776691068.454539,0.6895752025032872,-0.9295028341248457,-0.3042834087361431,0.8993055555555557,0.33333333333333337,0.0,-0.21819837146975207,-0.1316400639392114,0.7653791532804536,-0.2991325235145526,-0.47098646034816255,-0.1803281792064822,0.9986690512831178,0.6119193878650717,-0.7982762382718743,-0.18854748603351956,2
1776691068.5358,622,1776691068.5358,1776691068.535848,1776691068.536314,1776691068.454539,0.6900861806106288,-0.9315844965711144,-0.27777336825674,0.7847222222222223,-0.13333333333333333,0.0,0.4735373536655126,-0.2355663794035429,0.8280400638854915,0.15304530590132046,-0.011944867869906619,-0.03530742544501081,0.9986690512831178,0.6119193878650717,-0.7982762382718743,-0.18854748603351956,2
1776691068.585727,623,1776691068.585727,1776691068.585768,1776691068.536314,1776691068.454539,0.6906675310562518,-0.9337022051203488,-0.2566605815276345,0.8958333333333334,-0.13333333333333333,0.0,-0.5524607633803451,-0.24364855055676532,0.7416308945810463,0.49564956299811364,-0.19965542418691637,0.04917955198379455,0.9986690512831178,0.6119193878650717,-0.7982762382718743,-0.18854748603351956,2
1776691068.635724,624,1776691068.635724,1776691068.585768,1776691068.536314,1776691068.603057,0.6912452703491728,-0.9339184817381432,-0.2765034261978464,0.888888888888889,0.13333333333333333,0.0,-0.5524607633803451,-0.24364855055676532,0.7416308945810463,0.49564956299811364,-0.19965542418691637,0.04917955198379455,0.9986690512831178,0.6166612781549736,-0.7983853371154266,-0.1875,2
1776691068.68575,625,1776691068.68575,1776691068.635769,1776691068.536314,1776691068.603057,0.6918231901997288,-0.9378294839099207,-0.2248591158028415,0.888888888888889,-0.4,0.0,0.3788300381635842,0.29792158952261816,0.6936576197831041,-0.3686938245334621,0.7457312308657947,0.010090540355062072,0.9986690512831178,0.6166612781549736,-0.7983853371154266,-0.1875,2
1776691068.737139,626,1776691068.737139,1776691068.685793,1776691068.536314,1776691068.603057,0.6924262075615643,-0.9407041606214348,-0.1922374791650131,0.9027777777777779,-0.26666666666666666,0.0,0.12349105596782368,0.28521965590202164,0.9241773961663443,-0.13391382675273983,-0.2013654937425545,0.31778102770165695,0.9986690512831178,0.6166612781549736,-0.7983853371154266,-0.1875,2
1776691068.785844,627,1776691068.785844,1776691068.785885,1776691068.536314,1776691068.751636,0.692938539851169,-0.9392533049770657,-0.22059951848030268,0.8090277777777779,0.33333333333333337,0.0,0.47632297708555027,0.3602767996416933,0.7369575559151521,-0.4730455669928134,0.6262761474118386,0.0327847903562453,0.9986690512831178,0.6245285052268564,-0.7982762382718743,-0.174231843575419,2
1776691068.835867,628,1776691068.835867,1776691068.835911,1776691068.536314,1776691068.751636,0.6935212444790554,-0.9370635042218998,-0.2907373601079451,0.8958333333333334,0.4666666666666667,0.0,-0.5942435623691692,-0.1039263154643315,0.7685264696425522,-0.4747818254211732,-0.481227663417321,0.22193982592398015,0.9986690512831178,0.6245285052268564,-0.7982762382718743,-0.174231843575419,2
1776691068.885891,629,1776691068.885891,1776691068.835911,1776691068.536314,1776691068.751636,0.6940721258237548,-0.9391722012453929,-0.28544593486255526,0.8472222222222223,-0.13333333333333333,0.0,-0.5942435623691692,-0.1039263154643315,0.7685264696425522,-0.4747818254211732,-0.481227663417321,0.22193982592398015,0.9986690512831178,0.6245285052268564,-0.7982762382718743,-0.174231843575419,2
1776691068.936603,630,1776691068.936603,1776691068.885935,1776691068.536314,1776691068.900197,0.6946421011383662,-0.9404067802719679,-0.272032171865492,0.8645833333333334,0.0,0.0,-0.03621155214874872,0.31408786236080866,0.731425814754876,0.13739287089678398,0.44368299025196306,0.23203036627904225,0.9986690512831178,0.6305636383230951,-0.7984944359589788,-0.1627094972067039,2
1776691068.985893,631,1776691068.985893,1776691068.985935,1776691068.536314,1776691068.900197,0.6952116701982988,-0.9411277023312817,-0.29420324364367545,0.888888888888889,0.06666666666666667,0.0,-0.1374183969121415,-0.1685914068170937,0.790081086228751,-0.2347799977807223,-0.4129657857993774,-0.21437665355653684,0.9986690512831178,0.6305636383230951,-0.7984944359589788,-0.1627094972067039,2
1776691069.035919,632,1776691069.035919,1776691068.985935,1776691068.536314,1776691068.900197,0.6957374991711276,-0.9472555398354495,-0.1962589623515094,0.8090277777777779,-0.7333333333333333,0.0,-0.1374183969121415,-0.1685914068170937,0.790081086228751,-0.2347799977807223,-0.4129657857993774,-0.21437665355653684,0.9986690512831178,0.6305636383230951,-0.7984944359589788,-0.1627094972067039,2
1776691069.086002,633,1776691069.086002,1776691069.035965,1776691068.536314,1776691069.04849,0.6963455270073371,-0.9504095738449477,-0.1445617377040506,0.9340277777777779,-0.33333333333333337,0.0,0.6118848091549137,0.06120075213516811,0.8986170607236651,0.11478234760415919,-0.1382274200366352,-0.3089541713404043,0.9986690512831178,0.6351977583791357,-0.7984944359589788,-0.1428072625698324,2
1776691069.135998,634,1776691069.135998,1776691069.13606,1776691069.136576,1776691069.04849,0.696905165397339,-0.9510223575953645,-0.1511760192607879,0.8611111111111112,0.0,0.0,0.6815222900323735,0.28637411388592876,0.7349546964869118,-0.41043582697466763,0.5853241446449844,-0.006304221272487186,0.9987106434305204,0.6351977583791357,-0.7984944359589788,-0.1428072625698324,2
1776691069.186039,635,1776691069.186039,1776691069.186079,1776691069.136576,1776691069.04849,0.697478887282879,-0.9525813515486307,-0.1220467232849168,0.8819444444444445,-0.13333333333333333,0.0,-0.21169884220828766,0.4734416747749,0.8870767412786681,-0.35826321938865424,-0.20477922809894067,-0.07818275615631817,0.9987106434305204,0.6351977583791357,-0.7984944359589788,-0.1428072625698324,2
1776691069.236021,636,1776691069.236021,1776691069.186079,1776691069.136576,1776691069.197009,0.6980406472250933,-0.9539961610900342,-0.10487604836362674,0.8645833333333334,-0.13333333333333333,0.0,-0.21169884220828766,0.4734416747749,0.8870767412786681,-0.35826321938865424,-0.20477922809894067,-0.07818275615631817,0.9987106434305204,0.6373531630563639,-0.7978398428976653,-0.13233240223463688,2
1776691069.286032,637,1776691069.286032,1776691069.236064,1776691069.136576,1776691069.197009,0.6985620976752709,-0.952608386125855,-0.14720745032674554,0.8020833333333335,0.26666666666666666,0.0,0.21355618320693637,0.024249409257285824,0.7647114537457226,0.25043243278525873,0.2286689638387539,-0.2597746193566097,0.9987106434305204,0.6373531630563639,-0.7978398428976653,-0.13233240223463688,2
1776691069.336166,638,1776691069.336166,1776691069.336254,1776691069.136576,1776691069.197009,0.6991437640967553,-0.9500941704439979,-0.20025398841177874,0.8923611111111112,0.4666666666666667,0.0,-0.4828225063470147,0.06812943057035631,0.7640438339363091,-0.4191301736911157,-0.4163795201557636,-0.05422482216132559,0.9987106434305204,0.6373531630563639,-0.7978398428976653,-0.13233240223463688,2
1776691069.386111,639,1776691069.386111,1776691069.386152,1776691069.136576,1776691069.345069,0.6996668395656488,-0.9513287494705729,-0.1976082757890838,0.8055555555555557,-0.06666666666666667,0.0,0.0176412467857445,-0.27829097746683346,0.6799236582248982,0.37391565439319074,0.7474413004214329,-0.01513107763373989,0.9987106434305204,0.6373531630563639,-0.7981671394283221,-0.125,2
1776691069.436111,640,1776691069.436111,1776691069.436154,1776691069.136576,1776691069.345069,0.7002559088501724,-0.9522118789932323,-0.19628541947773634,0.9062500000000001,0.0,0.0,-0.6610954198265913,-0.15357959196281024,0.727038610253776,0.46782373713308484,-0.11092394994043579,0.05422482216132559,0.9987106434305204,0.6373531630563639,-0.7981671394283221,-0.125,2
1776691069.486151,641,1776691069.486151,1776691069.486193,1776691069.136576,1776691069.345069,0.70083193284556,-0.9512566572646415,-0.22276900283091253,0.8854166666666667,0.26666666666666666,0.0,-0.1569169846965347,-0.2020784104773819,0.7750118850517181,-0.2278284367799586,-0.2064828928996887,0.15384761012272408,0.9987106434305204,0.6373531630563639,-0.7981671394283221,-0.125,2
1776691069.536427,642,1776691069.536427,1776691069.53648,1776691069.136576,1776691069.49453,0.7013899913562547,-0.9562760771026143,-0.1496150488133979,0.8541666666666667,-0.6,0.0,0.17455900763814994,0.3060047259417134,0.9127324282011727,-0.16521869676181275,-0.16211715577644845,0.0630516785225783,0.9987106434305204,0.6372453928225025,-0.8029674885446214,-0.11312849162011174,2
1776691069.586202,643,1776691069.586202,1776691069.53648,1776691069.136576,1776691069.49453,0.7019763522762518,-0.9582856473429517,-0.11537952747572561,0.9062500000000001,-0.2,0.0,0.17455900763814994,0.3060047259417134,0.9127324282011727,-0.16521869676181275,-0.16211715577644845,0.0630516785225783,0.9987106434305204,0.6372453928225025,-0.8029674885446214,-0.11312849162011174,2
1776691069.636219,644,1776691069.636219,1776691069.63626,1776691069.136576,1776691069.49453,0.7025249766505124,-0.9578621056331047,-0.14448236632536973,0.84375,0.13333333333333333,0.0,0.5998140330533739,0.2875285718698358,0.7278015815430149,-0.4852189578533057,0.749144965222181,0.23203036627904225,0.9987106434305204,0.6372453928225025,-0.8029674885446214,-0.11312849162011174,2
1776691069.686236,645,1776691069.686236,1776691069.686278,1776691069.136576,1776691069.64244,0.7031345392266203,-0.959421099586371,-0.11537952747572561,0.9375000000000001,-0.13333333333333333,0.0,-0.21355618320693637,0.4006934470030425,0.8609442172317184,-0.2904316495107798,-0.3310553755107792,0.1614107824901674,0.9987106434305204,0.6342278262743831,-0.8038402792930396,-0.11208100558659218,2
1776691069.736348,646,1776691069.736348,1776691069.736418,1776691069.736956,1776691069.64244,0.7037022124313842,-0.9617280501761754,-0.0756144667566209,0.8715277777777779,-0.26666666666666666,0.0,0.3370472391747601,0.04618893728088464,0.7380065816438675,0.293910693654824,0.402730987485109,-0.24337985772906048,0.9986274591357153,0.6342278262743831,-0.8038402792930396,-0.11208100558659218,2
1776691069.786357,647,1776691069.786357,1776691069.786399,1776691069.736956,1776691069.64244,0.7042304789322869,-0.9593219728032153,-0.13911156970129904,0.8125000000000001,0.4,0.0,0.42618408399248375,-0.21247142813016417,0.815259856301493,-0.28869539108242004,0.2474413004214329,-0.050443235977603924,0.9986274591357153,0.6342278262743831,-0.8038402792930396,-0.11208100558659218,2
1776691069.836381,648,1776691069.836381,1776691069.836425,1776691069.736956,1776691069.791035,0.7048243781335496,-0.95859203921816,-0.1603037278090854,0.9131944444444445,0.2,0.0,-0.23769695925414527,0.04272556332916338,0.7706246805506182,-0.3269583493795813,-0.5324208692533337,-0.10340437414512015,0.9986274591357153,0.6323957322987391,-0.8076587388173685,-0.11033519553072627,2
1776691069.886398,649,1776691069.886398,1776691069.886442,1776691069.736956,1776691069.791035,0.705363974626055,-0.9601510331714262,-0.13646585707860415,0.8298611111111112,-0.13333333333333333,0.0,0.09563637407918808,-0.18591213763919134,0.7025274599904473,0.3721728686775063,0.7150140264132092,-0.3619153095079205,0.9986274591357153,0.6323957322987391,-0.8076587388173685,-0.11033519553072627,2
1776691069.936422,650,1776691069.936422,1776691069.886442,1776691069.736956,1776691069.791035,0.7059465889751237,-0.9589434887220755,-0.17617800354525492,0.8958333333333334,0.26666666666666666,0.0,0.09563637407918808,-0.18591213763919134,0.7025274599904473,0.3721728686775063,0.7150140264132092,-0.3619153095079205,0.9986274591357153,0.6323957322987391,-0.8076587388173685,-0.11033519553072627,2
1776691069.986548,651,1776691069.986548,1776691069.986591,1776691069.736956,1776691069.942095,0.7064987342232688,-0.9560688120105615,-0.234515966875678,0.8472222222222223,0.5333333333333333,0.0,-0.2859792875044338,-0.2274822777185748,0.7480209585103866,-0.1913017369111571,-0.3412965785799378,0.3404800106016934,0.9986274591357153,0.6343355965082444,-0.813331878682086,-0.1138268156424581,2
1776691070.036475,652,1776691070.036475,1776691069.986591,1776691069.736956,1776691069.942095,0.7069921982400055,-0.9587362236300228,-0.20546604227848772,0.7604166666666667,-0.26666666666666666,0.0,-0.2859792875044338,-0.2274822777185748,0.7480209585103866,-0.1913017369111571,-0.3412965785799378,0.3404800106016934,0.9986274591357153,0.6343355965082444,-0.813331878682086,-0.1138268156424581,2
1776691070.086465,653,1776691070.086465,1776691070.036519,1776691069.736956,1776691069.942095,0.707583298797924,-0.9619082806910039,-0.16578035293806387,0.9097222222222223,-0.33333333333333337,0.0,0.2869083460816935,0.0658195493366693,0.9334286422929894,-0.21739130434782608,-0.3873723852588162,0.5182855547194101,0.9986274591357153,0.6343355965082444,-0.813331878682086,-0.1138268156424581,2
1776691070.136478,654,1776691070.136478,1776691070.136517,1776691069.736956,1776691070.088096,0.7081319231721847,-0.9625931566473519,-0.16313464031536895,0.84375,0.0,0.0,0.5487460813830477,0.3695153593105685,0.7476394728657672,-0.2904316495107798,0.3156967732844864,0.17780554411771665,0.9986274591357153,0.6344433667421059,-0.8183504254854899,-0.11138268156424581,2
1776691070.186554,655,1776691070.186554,1776691070.136517,1776691069.736956,1776691070.088096,0.7087557949408744,-0.963359136335373,-0.16712966637563828,0.9583333333333335,0.0,0.0,0.5487460813830477,0.3695153593105685,0.7476394728657672,-0.2904316495107798,0.3156967732844864,0.17780554411771665,0.9986274591357153,0.6344433667421059,-0.8183504254854899,-0.11138268156424581,2
1776691070.236609,656,1776691070.236609,1776691070.236663,1776691069.736956,1776691070.236912,0.7093340307672918,-0.9681532680298102,-0.08500674656718789,0.888888888888889,-0.6,0.0,0.3101208397075135,0.07852148295726576,0.7113017892673299,0.42260921783515987,0.6569933518644242,-0.2030271621065186,0.9986274591357153,0.6348744476775514,-0.8248963560986253,-0.10439944134078212,2
1776691070.286536,657,1776691070.286536,1776691070.236663,1776691069.736956,1776691070.236912,0.7098614847588367,-0.9666843893339582,-0.11805169722464746,0.8125000000000001,0.26666666666666666,0.0,0.3101208397075135,0.07852148295726576,0.7113017892673299,0.42260921783515987,0.6569933518644242,-0.2030271621065186,0.9986274591357153,0.6348744476775514,-0.8248963560986253,-0.10439944134078212,2
1776691070.336577,658,1776691070.336577,1776691070.33663,1776691070.337113,1776691070.236912,0.710444369944358,-0.9636024475303914,-0.18689313966716936,0.8958333333333334,0.5333333333333333,0.0,-0.07613778629479487,-0.01732073082209764,0.7507868689531835,-0.26608486778979523,-0.3481240472927101,-0.21437665355653684,0.9985026826935075,0.6348744476775514,-0.8248963560986253,-0.10439944134078212,2
1776691070.386628,659,1776691070.386628,1776691070.33663,1776691070.337113,1776691070.385159,0.7109706503112746,-0.9661436977894727,-0.14980024869698655,0.8090277777777779,-0.26666666666666666,0.0,-0.07613778629479487,-0.01732073082209764,0.7507868689531835,-0.26608486778979523,-0.3481240472927101,-0.21437665355653684,0.9985026826935075,0.6357366095484427,-0.8302421994326861,-0.11138268156424581,2
1776691070.436727,660,1776691070.436727,1776691070.436771,1776691070.337113,1776691070.385159,0.7115540320302925,-0.9681622795555516,-0.11270735772680372,0.8958333333333334,-0.2,0.0,-0.5283192111772655,-0.3637411388592874,0.7521220288466927,0.542606868011723,-0.36006891516261674,0.018917396716314774,0.9985026826935075,0.6357366095484427,-0.8302421994326861,-0.11138268156424581,2
1776691070.486696,661,1776691070.486696,1776691070.486738,1776691070.337113,1776691070.385159,0.7121225628838233,-0.9659454442231614,-0.1721829774849856,0.8750000000000001,0.4,0.0,0.05013889309306653,0.27251772228142523,0.7738674281178598,-0.13391382675273983,-0.056317009748036946,-0.008826856361252702,0.9985026826935075,0.6357366095484427,-0.8302421994326861,-0.11138268156424581,2
1776691070.537189,662,1776691070.537189,1776691070.486738,1776691070.337113,1776691070.534154,0.7126736247861577,-0.9689282592435726,-0.12680900600576767,0.8402777777777778,-0.33333333333333337,0.0,0.05013889309306653,0.27251772228142523,0.7738674281178598,-0.13391382675273983,-0.056317009748036946,-0.008826856361252702,0.9985026826935075,0.6395085677335921,-0.8372245254200306,-0.10614525139664804,2
1776691070.586687,663,1776691070.586687,1776691070.58673,1776691070.337113,1776691070.534154,0.7132683364967785,-0.9721814200362264,-0.07569383813530174,0.9236111111111113,-0.4,0.0,-0.6583097964065536,-0.030022664442694094,0.7712923003600316,0.40522052440226364,-0.6058001460284115,-0.016394761627549256,0.9985026826935075,0.6395085677335921,-0.8372245254200306,-0.10614525139664804,2
1776691070.636775,664,1776691070.636775,1776691070.636818,1776691070.337113,1776691070.534154,0.713822197042457,-0.9729473997242473,-0.061115961584252726,0.8506944444444445,-0.06666666666666667,0.0,0.5877440331077048,0.5808313641909528,0.7476394728657672,-0.568696435448392,0.6109239499404358,0.05296113816751622,0.9985026826935075,0.6395085677335921,-0.8372245254200306,-0.10614525139664804,2
1776691070.68678,665,1776691070.68678,1776691070.686828,1776691070.337113,1776691070.682093,0.7143955578127267,-0.9700546999612505,-0.12990448977432073,0.8819444444444445,0.4666666666666667,0.0,-0.033425928728711016,-0.02886820645878701,0.8488316294571335,-0.30434782608695654,-0.46416539639028015,0.39091851368044417,0.9985026826935075,0.6432805259187413,-0.8406065895701506,-0.10684357541899442,2
1776691070.736796,666,1776691070.736796,1776691070.736846,1776691070.337113,1776691070.682093,0.7149622379504975,-0.9724157197055034,-0.1060930761700664,0.8715277777777779,-0.26666666666666666,0.0,0.028783740465895324,0.08198582217485983,0.6799236582248982,0.3513051311005659,0.7218414951259815,0.31147680642916975,0.9985026826935075,0.6432805259187413,-0.8406065895701506,-0.10684357541899442,2
1776691070.786792,667,1776691070.786792,1776691070.736846,1776691070.337113,1776691070.682093,0.7154858099528876,-0.9710279447413241,-0.13519591501971057,0.8055555555555557,0.26666666666666666,0.0,0.028783740465895324,0.08198582217485983,0.6799236582248982,0.3513051311005659,0.7218414951259815,0.31147680642916975,0.9985026826935075,0.6432805259187413,-0.8406065895701506,-0.10684357541899442,2
1776691070.836823,668,1776691070.836823,1776691070.836863,1776691070.337113,1776691070.830498,0.7160684694413652,-0.971172129153187,-0.16033018493531234,0.8958333333333334,0.06666666666666667,0.0,-0.16155994911522112,-0.031178087692474016,0.7702431949059987,-0.20521791348733381,-0.30204824061383173,-0.13871179959013097,0.9985026826935075,0.6451126198943852,-0.8445341479380319,-0.10928770949720672,2
1776691070.886903,669,1776691070.886903,1776691070.886945,1776691070.337113,1776691070.830498,0.7165882948728268,-0.9749659814903261,-0.09675371061195334,0.7986111111111112,-0.4666666666666667,0.0,0.5051067175514456,0.26443458586232993,0.721030031969055,0.3930406062544467,0.6433448191937694,-0.37326480095793874,0.9985026826935075,0.6451126198943852,-0.8445341479380319,-0.10928770949720672,2
1776691070.936882,670,1776691070.936882,1776691070.886945,1776691070.937528,1776691070.830498,0.7171951942238168,-0.9758581225387271,-0.08484800380982618,0.9340277777777779,-0.06666666666666667,0.0,0.5051067175514456,0.26443458586232993,0.721030031969055,0.3930406062544467,0.6433448191937694,-0.37326480095793874,0.9983363141038972,0.6451126198943852,-0.8445341479380319,-0.10928770949720672,2
1776691070.986859,671,1776691070.986859,1776691070.987561,1776691070.937528,1776691070.978992,0.7177681938788163,-0.975326442519983,-0.10598724766515862,0.8819444444444445,0.13333333333333333,0.0,0.1216344911250457,0.38106283494725784,0.773009025623478,-0.15478156432968024,0.06484814326155738,-0.050443235977603924,0.9983363141038972,0.6470524841038906,-0.8504254854898537,-0.10858938547486034,2
1776691071.036886,672,1776691071.036886,1776691070.987561,1776691070.937528,1776691070.978992,0.7183258912742408,-0.978922041290811,-0.04775511283964336,0.857638888888889,-0.4666666666666667,0.0,0.1216344911250457,0.38106283494725784,0.773009025623478,-0.15478156432968024,0.06484814326155738,-0.050443235977603924,0.9983363141038972,0.6470524841038906,-0.8504254854898537,-0.10858938547486034,2
1776691071.086983,673,1776691071.086983,1776691071.087025,1776691070.937528,1776691070.978992,0.7189047590523813,-0.981841775631032,0.0052649681191628975,0.888888888888889,-0.4,0.0,-0.4837507887684036,-0.1616627283819055,0.7762517731907196,0.3513051311005659,-0.5938552781585049,-0.16645605266769845,0.9983363141038972,0.6470524841038906,-0.8504254854898537,-0.10858938547486034,2
1776691071.136966,674,1776691071.136966,1776691071.13701,1776691070.937528,1776691071.12752,0.7194349665478612,-0.980922600005407,-0.01722358917374395,0.8159722222222222,0.13333333333333333,0.0,0.4428970483568393,0.5831412454246397,0.7545063739195526,-0.5182600862907384,0.5494895410352646,-0.050443235977603924,0.9983363141038972,0.6535186981355751,-0.8590442941304822,-0.11452513966480449,2
1776691071.187029,675,1776691071.187029,1776691071.13701,1776691070.937528,1776691071.12752,0.7200406019954056,-0.9778406582018401,-0.07815435087440803,0.9305555555555557,0.4666666666666667,0.0,0.4428970483568393,0.5831412454246397,0.7545063739195526,-0.5182600862907384,0.5494895410352646,-0.050443235977603924,0.9983363141038972,0.6535186981355751,-0.8590442941304822,-0.11452513966480449,2
1776691071.237019,676,1776691071.237019,1776691071.237063,1776691070.937528,1776691071.12752,0.7205956813051212,-0.9790662257026738,-0.056988649892848645,0.8541666666666667,-0.13333333333333333,0.0,0.10584980918207919,-0.45496552070302243,0.6695278754390772,0.4817399137092615,0.7593861682913395,-0.021435298906227074,0.9983363141038972,0.6535186981355751,-0.8590442941304822,-0.11452513966480449,2
1776691071.287044,677,1776691071.287044,1776691071.287088,1776691070.937528,1776691071.275735,0.7211263853340978,-0.9761464913624526,-0.12448077889779613,0.8159722222222222,0.4666666666666667,0.0,0.3416902035934465,-0.1339489799070256,0.8865999041542232,0.02956208429338851,-0.010241203069158543,0.11349491450018222,0.9983363141038972,0.6584761288931997,-0.8640628409338862,-0.13093575418994413,2
1776691071.337124,678,1776691071.337124,1776691071.337166,1776691070.937528,1776691071.275735,0.7217118886053282,-0.9748848777586533,-0.1616001269942059,0.8993055555555557,0.26666666666666666,0.0,-0.1374183969121415,-0.16281718636581258,0.762040974508069,-0.1582606084737244,-0.17406202364635506,0.05422482216132559,0.9983363141038972,0.6584761288931997,-0.8640628409338862,-0.13093575418994413,2
1776691071.387136,679,1776691071.387136,1776691071.337166,1776691070.937528,1776691071.275735,0.7222557733416672,-0.979156340960088,-0.09410799798925841,0.8368055555555556,-0.5333333333333333,0.0,-0.1374183969121415,-0.16281718636581258,0.762040974508069,-0.1582606084737244,-0.17406202364635506,0.05422482216132559,0.9983363141038972,0.6584761288931997,-0.8640628409338862,-0.13093575418994413,2
1776691071.437104,680,1776691071.437104,1776691071.437137,1776691070.937528,1776691071.424343,0.7228557663631147,-0.980030458957006,-0.08087943487578379,0.9236111111111113,-0.06666666666666667,0.0,-0.846796921144892,-0.12355692752011614,0.7478301758254181,0.3982624361141753,-0.5443657371232403,0.03404847435005466,0.9983363141038972,0.6640801810539929,-0.8673358062404539,-0.14664804469273746,2
1776691071.487137,681,1776691071.487137,1776691071.437137,1776691070.937528,1776691071.424343,0.7234091303752967,-0.9781110039740828,-0.1285551763367463,0.8506944444444445,0.33333333333333337,0.0,-0.846796921144892,-0.12355692752011614,0.7478301758254181,0.3982624361141753,-0.5443657371232403,0.03404847435005466,0.9983363141038972,0.6640801810539929,-0.8673358062404539,-0.14664804469273746,2
1776691071.537162,682,1776691071.537162,1776691071.537203,1776691071.537666,1776691071.424343,0.7239645256608737,-0.9813551532409952,-0.06632801545096173,0.8541666666666667,-0.4,0.0,-0.19312931300115416,0.18591213763919134,0.8335717253204499,-0.2956534793705084,-0.35835884560697867,0.245902492817826,0.9980867612194818,0.6640801810539929,-0.8673358062404539,-0.14664804469273746,2
1776691071.587169,683,1776691071.587169,1776691071.537203,1776691071.537666,1776691071.572185,0.7245333724902658,-0.9834458272130056,-0.03193375135592772,0.8750000000000001,-0.26666666666666666,0.0,-0.19312931300115416,0.18591213763919134,0.8335717253204499,-0.2956534793705084,-0.35835884560697867,0.245902492817826,0.9980867612194818,0.6700075439163704,-0.8725725507309622,-0.1721368715083799,2
1776691071.637181,684,1776691071.637181,1776691071.637219,1776691071.537666,1776691071.572185,0.7250865559448127,-0.9835810000991267,-0.03722517660131757,0.8506944444444445,0.0,0.0,0.3546892621163753,0.354503544456285,0.8071530671087063,-0.35652043367296987,0.2781585048740185,0.02774425307756748,0.9980867612194818,0.6700075439163704,-0.8725725507309622,-0.1721368715083799,2
1776691071.687337,685,1776691071.687337,1776691071.637219,1776691071.537666,1776691071.572185,0.725709118670648,-0.9833016428011427,-0.04254305897293437,0.9548611111111113,0.06666666666666667,0.0,0.3546892621163753,0.354503544456285,0.8071530671087063,-0.35652043367296987,0.2781585048740185,0.02774425307756748,0.9980867612194818,0.6700075439163704,-0.8725725507309622,-0.1721368715083799,2
1776691071.737363,686,1776691071.737363,1776691071.687423,1776691071.537666,1776691071.72024,0.7262781009182665,-0.985734754751327,-0.00018519988358864462,0.8750000000000001,-0.33333333333333337,0.0,-0.1151349618635813,0.1039263154643315,0.7711969488802061,-0.47130278127712905,-0.15699335186442415,-0.10970859541760733,0.9980867612194818,0.6776592305205303,-0.8746454287584552,-0.200768156424581,2
1776691071.787271,687,1776691071.787271,1776691071.737406,1776691071.537666,1776691071.72024,0.7267917873901346,-0.9807964386450271,-0.10185993597375455,0.7916666666666667,0.7333333333333333,0.0,0.1309188676506771,-0.36835993606078854,0.6964234505005833,0.46434469298904063,0.7440275660650467,-0.3102131224353605,0.9980867612194818,0.6776592305205303,-0.8746454287584552,-0.200768156424581,2
1776691071.837303,688,1776691071.837303,1776691071.78732,1776691071.537666,1776691071.72024,0.7273609501953883,-0.9780749578711171,-0.1600920707992698,0.8750000000000001,0.4666666666666667,0.0,-0.44475361319961726,-0.3741341565120697,0.8359561501186273,-0.26608486778979523,0.11433127954193192,-0.002522635088765518,0.9980867612194818,0.6776592305205303,-0.8746454287584552,-0.200768156424581,2
1776691071.887412,689,1776691071.887412,1776691071.837345,1776691071.537666,1776691071.868859,0.7278404209954045,-0.9795528480927106,-0.14022276900283093,0.7361111111111112,-0.13333333333333333,0.0,-0.2701946055614673,-0.2598157886608287,0.7367667732301836,-0.1791283460506648,-0.2713310361612461,0.21563560465149298,0.9980867612194818,0.685526457592413,-0.8762819114117391,-0.2293994413407821,2
1776691071.937417,690,1776691071.937417,1776691071.937461,1776691071.537666,1776691071.868859,0.7284294902799281,-0.9824365363299661,-0.09392279810566978,0.9062500000000001,-0.33333333333333337,0.0,-0.4809659415042367,-0.04272556332916338,0.7633762141268957,0.36521478038941796,-0.5307172044525856,0.1815871303014383,0.9980867612194818,0.685526457592413,-0.8762819114117391,-0.2293994413407821,2
1776691071.987454,691,1776691071.987454,1776691071.937461,1776691071.537666,1776691071.868859,0.7289986079457729,-0.9828330434625886,-0.09392279810566978,0.8750000000000001,0.0,0.0,-0.4809659415042367,-0.04272556332916338,0.7633762141268957,0.36521478038941796,-0.5307172044525856,0.1815871303014383,0.9980867612194818,0.685526457592413,-0.8762819114117391,-0.2293994413407821,2
1776691072.037414,692,1776691072.037414,1776691072.037459,1776691071.537666,1776691072.017487,0.7295962085785551,-0.9859600428948625,-0.043680715400693175,0.920138888888889,-0.4,0.0,-0.46332391856262145,0.09006895859395513,0.815832124631081,-0.36695756610510233,-0.22184149512598153,0.13997548358394032,0.9980867612194818,0.6940403060674643,-0.875409120663321,-0.24755586592178774,2
1776691072.087477,693,1776691072.087477,1776691072.087523,1776691071.537666,1776691072.017487,0.7301791389034852,-0.9915652119060279,0.05434293727015371,0.8958333333333334,-0.8,0.0,0.390900814265124,-0.203232868461289,0.7773963098498956,0.4191301736911157,-0.6262761474118386,-0.27238306190158407,0.9980867612194818,0.6940403060674643,-0.875409120663321,-0.24755586592178774,2
1776691072.137466,694,1776691072.137466,1776691072.13751,1776691072.137984,1776691072.017487,0.7307230236398243,-0.9926916526237057,0.08871074423896078,0.8368055555555556,-0.2,0.0,0.25719554703853853,0.5669749725864492,0.7794944410326438,-0.3965196503984909,0.1979517593861683,-0.21311296956272746,0.9980451690720792,0.6940403060674643,-0.875409120663321,-0.24755586592178774,2
1776691072.187893,695,1776691072.187893,1776691072.13751,1776691072.137984,1776691072.165603,0.7313193152297522,-0.9882039128044768,0.007328623964864937,0.9097222222222223,0.6,0.0,0.25719554703853853,0.5669749725864492,0.7794944410326438,-0.3965196503984909,0.1979517593861683,-0.21311296956272746,0.9980451690720792,0.6982433451880591,-0.8721361553567533,-0.272695530726257,2
1776691072.237514,696,1776691072.237514,1776691072.187937,1776691072.137984,1776691072.165603,0.7318703319926779,-0.9872847371788518,-0.009736222451517318,0.8541666666666667,0.13333333333333333,0.0,-0.09377903308053938,0.0623552101190752,0.748402444155006,-0.46434469298904063,-0.11433127954193192,-0.1046680581389295,0.9980451690720792,0.6982433451880591,-0.8721361553567533,-0.272695530726257,2
1776691072.287528,697,1776691072.287528,1776691072.23755,1776691072.137984,1776691072.165603,0.7324234251684073,-0.9850679018464616,-0.06397333121676324,0.8506944444444445,0.33333333333333337,0.0,0.23026914757129188,-0.6951506973080666,0.6973772044747907,0.5373915654393191,0.6416347496381314,-0.006304221272487186,0.9980451690720792,0.6982433451880591,-0.8721361553567533,-0.272695530726257,2
1776691072.337557,698,1776691072.337557,1776691072.3376,1776691072.137984,1776691072.314689,0.7329902858638133,-0.9826347898962774,-0.11559118448554118,0.8715277777777779,0.4,0.0,0.03156936388593303,-0.2736721802653323,0.7726275399788585,-0.11478234760415919,-0.11433127954193192,0.08827329651138026,0.9980451690720792,0.7014764522039013,-0.867772201614663,-0.2950418994413408,2
1776691072.387621,699,1776691072.387621,1776691072.388695,1776691072.137984,1776691072.314689,0.7335074029307483,-0.9866989880056591,-0.05206762441463609,0.795138888888889,-0.5333333333333333,0.0,0.08913684481772369,0.3314085931829063,0.7752980192165122,0.2434808717844951,0.3907861196152023,0.055483773256281746,0.9980451690720792,0.7014764522039013,-0.867772201614663,-0.2950418994413408,2
1776691072.437611,700,1776691072.437611,1776691072.437651,1776691072.137984,1776691072.314689,0.7341034236842235,-0.9873838639620074,-0.042807630235203856,0.9166666666666667,-0.06666666666666667,0.0,-0.6388112086221605,0.05773641291757402,0.7697663577815538,0.3895680893977272,-0.6006827468712772,-0.04287533071130736,0.9980451690720792,0.7014764522039013,-0.867772201614663,-0.2950418994413408,2
1776691072.487621,701,1776691072.487621,1776691072.487663,1776691072.137984,1776691072.463097,0.7346655447417081,-0.9862123656156223,-0.06794190015080562,0.8645833333333334,0.2,0.0,0.5199631170730231,0.6247113855040232,0.7790176039081987,-0.052172607586013324,0.10068274687127725,-0.018917396716314774,0.9980451690720792,0.7069727341308332,-0.8613353698450796,-0.3198324022346369,2
1776691072.537669,702,1776691072.537669,1776691072.537713,1776691072.137984,1776691072.463097,0.7351987314381674,-0.986482711387865,-0.06661904383945816,0.8194444444444444,0.0,0.0,-0.08449388039903727,-0.03348700366028819,0.839103466480726,-0.30608408451531627,-0.4573379276775078,0.3493068669629461,0.9980451690720792,0.7069727341308332,-0.8613353698450796,-0.3198324022346369,2
1776691072.587716,703,1776691072.587716,1776691072.587796,1776691072.137984,1776691072.463097,0.7357477169276981,-0.989014950121205,-0.028203296557927884,0.84375,-0.33333333333333337,0.0,-0.00928515268150211,0.0,0.815736693425938,0.38782530368204277,-0.48464139777370724,0.06431062961753443,0.9980451690720792,0.7069727341308332,-0.8613353698450796,-0.3198324022346369,2
1776691072.637737,704,1776691072.637737,1776691072.637773,1776691072.137984,1776691072.611512,0.7362580179439081,-0.9882219358559597,-0.04807259835436675,0.7847222222222223,0.13333333333333333,0.0,0.6555241729865159,0.3695153593105685,0.8931806710432145,-0.1495662617572763,-0.20477922809894067,-0.021435298906227074,0.9980451690720792,0.7113913137191509,-0.8560986253545713,-0.33170391061452514,2
1776691072.687797,705,1776691072.687797,1776691072.687843,1776691072.137984,1776691072.611512,0.736881664015554,-0.9884472239994955,-0.057332592533798986,0.9583333333333335,0.0,0.0,-0.1494891730136813,0.01732073082209764,0.7462088817671148,-0.49912860714215773,-0.16040708622081035,-0.11475386559513837,0.9980451690720792,0.7113913137191509,-0.8560986253545713,-0.33170391061452514,2
1776691072.737808,706,1776691072.737808,1776691072.737852,1776691072.73829,1776691072.611512,0.7374370141617221,-0.9918445692040119,0.003518797788184248,0.8541666666666667,-0.4666666666666667,0.0,0.49582156486994344,-0.3371828136341874,0.7196947923502282,0.39999869454253506,0.6006827468712772,-0.3720058498629826,0.997961984777274,0.7113913137191509,-0.8560986253545713,-0.33170391061452514,2
1776691072.787831,707,1776691072.787831,1776691072.787912,1776691072.73829,1776691072.760094,0.7380172812615345,-0.9900242410042445,-0.03219832261819721,0.8923611111111112,0.26666666666666666,0.0,-0.7660169465872815,-0.13625886114071262,0.8749641535040831,0.20695417191569354,-0.0750829415758259,-0.1815871303014383,0.997961984777274,0.7160254337751913,-0.8496617935849881,-0.3460195530726257,2
1776691072.837816,708,1776691072.837816,1776691072.787912,1776691072.73829,1776691072.760094,0.7385882045037303,-0.9874559561679388,-0.08378971876074821,0.8784722222222223,0.4,0.0,-0.7660169465872815,-0.13625886114071262,0.8749641535040831,0.20695417191569354,-0.0750829415758259,-0.1815871303014383,0.997961984777274,0.7160254337751913,-0.8496617935849881,-0.3460195530726257,2
1776691072.887942,709,1776691072.887942,1776691072.887986,1776691072.73829,1776691072.760094,0.7391063146376585,-0.9900422640557274,-0.03471174960975739,0.795138888888889,-0.33333333333333337,0.0,-0.020426870205782207,0.20438829171106887,0.7993323323553959,0.22956469520831838,0.35835884560697867,-0.20554979719528416,0.997961984777274,0.7160254337751913,-0.8496617935849881,-0.3460195530726257,2
1776691072.937847,710,1776691072.937847,1776691072.937889,1776691072.73829,1776691072.908559,0.7396965124074016,-0.991547188854545,-0.005661825012567135,0.9097222222222223,-0.2,0.0,-0.543175610698843,-0.06120075213516811,0.7716737860046511,0.3721728686775063,-0.5938552781585049,-0.1803281792064822,0.997961984777274,0.7199051621942021,-0.8438795548767183,-0.3634776536312849,2
1776691072.98793,711,1776691072.98793,1776691072.987972,1776691072.73829,1776691072.908559,0.7402436020417639,-0.9915742234317693,-0.005661825012567135,0.8402777777777778,0.0,0.0,0.5246053053358388,0.591224381843735,0.773104456828621,-0.11651860603251893,0.19283436022903402,-0.025221617988801962,0.997961984777274,0.7199051621942021,-0.8438795548767183,-0.3634776536312849,2
1776691073.037922,712,1776691073.037922,1776691073.037967,1776691072.73829,1776691072.908559,0.7408077543726433,-0.9911506817219223,-0.01756753181469429,0.8680555555555556,0.06666666666666667,0.0,-0.3379755215961491,-0.1639726096155925,0.7826419168453775,-0.40522052440226364,-0.23549643255152627,0.10592700923388566,0.997961984777274,0.7199051621942021,-0.8438795548767183,-0.3634776536312849,2
1776691073.08794,713,1776691073.08794,1776691073.037967,1776691072.73829,1776691073.058018,0.7413790387301094,-0.9921239265019961,0.002275312855517634,0.8784722222222223,-0.13333333333333333,0.0,-0.3379755215961491,-0.1639726096155925,0.7826419168453775,-0.40522052440226364,-0.23549643255152627,0.10592700923388566,0.997961984777274,0.7264791464597479,-0.8375518219506874,-0.37465083798882687,2
1776691073.138008,714,1776691073.138008,1776691073.138051,1776691072.73829,1776691073.058018,0.7419078469039173,-0.9921149149762546,-0.0030161123898722123,0.8125000000000001,0.0,0.0,0.5571029516431608,0.2956117082889311,0.8372913100121365,-0.2313074809240028,0.1843032267155136,0.11853545177886003,0.997961984777274,0.7264791464597479,-0.8375518219506874,-0.37465083798882687,2
1776691073.18799,715,1776691073.18799,1776691073.138051,1776691072.73829,1776691073.058018,0.742530545047979,-0.9916823617406664,-0.010953250257956982,0.9583333333333335,0.06666666666666667,0.0,0.5571029516431608,0.2956117082889311,0.8372913100121365,-0.2313074809240028,0.1843032267155136,0.11853545177886003,0.997961984777274,0.7264791464597479,-0.8375518219506874,-0.37465083798882687,2
1776691073.238066,716,1776691073.238066,1776691073.188032,1776691072.73829,1776691073.207174,0.7430933883360039,-0.9935297245176581,0.02613964071222584,0.8645833333333334,-0.26666666666666666,0.0,-0.25069601777707406,0.006928678435188188,0.7279923642279834,-0.40522052440226364,-0.16382082057719652,0.008826856361252702,0.997961984777274,0.7297122534755901,-0.8319877809295221,-0.39839385474860334,2
1776691073.288086,717,1776691073.288086,1776691073.238109,1776691072.73829,1776691073.207174,0.7436397557398258,-0.988014670763907,-0.07577320951398259,0.8402777777777778,0.8,0.0,0.8356544274647412,-0.38221729293116496,0.720457763639467,0.37738817124991025,0.6279862169674767,-0.174023957933995,0.997961984777274,0.7297122534755901,-0.8319877809295221,-0.39839385474860334,2
1776691073.338114,718,1776691073.338114,1776691073.338157,1776691073.338586,1776691073.207174,0.7442201131184557,-0.9851850516811002,-0.13929676958488768,0.8923611111111112,0.4666666666666667,0.0,0.02971202288728432,-0.24364855055676532,0.7664281790091689,-0.11304608917579943,-0.2627999026477257,0.20933138337900578,0.9977124318928586,0.7297122534755901,-0.8319877809295221,-0.39839385474860334,2
1776691073.388092,719,1776691073.388092,1776691073.338157,1776691073.338586,1776691073.35593,0.744743414284393,-0.9893393650478962,-0.06259756065296188,0.8055555555555557,-0.5333333333333333,0.0,0.02971202288728432,-0.24364855055676532,0.7664281790091689,-0.11304608917579943,-0.2627999026477257,0.20933138337900578,0.9977124318928586,0.7312210367496498,-0.8276238271874319,-0.42213687150837986,2
1776691073.438121,720,1776691073.438121,1776691073.438166,1776691073.338586,1776691073.35593,0.7453417822871246,-0.9932323441681911,0.011535307034949866,0.920138888888889,-0.5333333333333333,0.0,-0.7019499363940265,0.08314124542463976,0.7604196007244479,0.3634785219610582,-0.5989726773156392,-0.11853545177886003,0.9977124318928586,0.7312210367496498,-0.8276238271874319,-0.42213687150837986,2
1776691073.488186,721,1776691073.488186,1776691073.438166,1776691073.338586,1776691073.35593,0.7459045352963318,-0.9931872865394841,0.014181019657644789,0.8645833333333334,0.0,0.0,-0.7019499363940265,0.08314124542463976,0.7604196007244479,0.3634785219610582,-0.5989726773156392,-0.11853545177886003,0.9977124318928586,0.7312210367496498,-0.8276238271874319,-0.42213687150837986,2
1776691073.538176,722,1776691073.538176,1776691073.488225,1776691073.338586,1776691073.505799,0.7464732015680888,-0.9953770872946499,0.05516310818318915,0.8750000000000001,-0.33333333333333337,0.0,0.6007430916306337,0.4896079476130905,0.7815927316660272,-0.1495662617572763,0.36860004867613716,-0.08448697742880536,0.9977124318928586,0.7352085354025218,-0.8250054549421776,-0.4312150837988827,2
1776691073.588248,723,1776691073.588248,1776691073.538218,1776691073.338586,1776691073.505799,0.7470518436491854,-0.9969360812479161,0.0909331428420245,0.888888888888889,-0.26666666666666666,0.0,-0.29526444018593595,0.20900708891257008,0.804577939350878,-0.4069567828306234,-0.20819296245532684,-0.15006129104014918,0.9977124318928586,0.7352085354025218,-0.8250054549421776,-0.4312150837988827,2
1776691073.638192,724,1776691073.638192,1776691073.638233,1776691073.338586,1776691073.505799,0.747568057927945,-0.9965846317440006,0.08037674947747175,0.795138888888889,0.0,0.0,0.4215411195737973,0.3360273903844075,0.7874105272657795,-0.46434469298904063,0.33959291377918965,0.021435298906227074,0.9977124318928586,0.7352085354025218,-0.8250054549421776,-0.4312150837988827,2
1776691073.688244,725,1776691073.688244,1776691073.688287,1776691073.338586,1776691073.653243,0.748157668885374,-0.9921689841307032,0.0048945683519856075,0.9062500000000001,0.6,0.0,-0.40111424936801515,-0.08545016139245394,0.7529804313410747,-0.30434782608695654,-0.18600689151626168,0.3984864189467407,0.9977124318928586,0.7383338721845027,-0.823914466506655,-0.42912011173184356,2
1776691073.73827,726,1776691073.73827,1776691073.738312,1776691073.338586,1776691073.653243,0.7487064286778609,-0.9917003847921493,0.014154562531417838,0.84375,0.06666666666666667,0.0,0.5088206233928723,-0.6454964555437149,0.6921315974793086,0.4486987852718288,0.5819104102885984,0.43631647948051705,0.9977124318928586,0.7383338721845027,-0.823914466506655,-0.42912011173184356,2
1776691073.788341,727,1776691073.788341,1776691073.738312,1776691073.338586,1776691073.653243,0.7492737407673546,-0.9902855752507458,-0.015001190570680214,0.8715277777777779,0.2,0.0,0.5088206233928723,-0.6454964555437149,0.6921315974793086,0.4486987852718288,0.5819104102885984,0.43631647948051705,0.9977124318928586,0.7383338721845027,-0.823914466506655,-0.42912011173184356,2
1776691073.838347,728,1776691073.838347,1776691073.838388,1776691073.338586,1776691073.804289,0.7498629003306958,-0.9898980796438646,-0.03219832261819721,0.9062500000000001,0.06666666666666667,0.0,-0.05942404577456864,-0.17898345920400316,0.7677634186279958,-0.08522026331077068,0.07337927677507781,0.03404847435005466,0.9977124318928586,0.7423213708373747,-0.8250054549421776,-0.41794692737430167,2
1776691073.888362,729,1776691073.888362,1776691073.838388,1776691073.338586,1776691073.804289,0.7503911668315986,-0.9963323090232407,0.08823451596687568,0.8125000000000001,-0.9333333333333333,0.0,-0.05942404577456864,-0.17898345920400316,0.7677634186279958,-0.08522026331077068,0.07337927677507781,0.03404847435005466,0.9977124318928586,0.7423213708373747,-0.8250054549421776,-0.41794692737430167,2
1776691073.938438,730,1776691073.938438,1776691073.938481,1776691073.938944,1776691073.804289,0.7509948161451568,-1.0,0.17302960552424795,0.9270833333333335,-0.6,0.0,-0.40482815520944176,0.17667454323618897,0.7803528435270256,0.4852189578533057,-0.6655308901328346,-0.27112411080662796,0.997587655450651,0.7423213708373747,-0.8250054549421776,-0.41794692737430167,2
1776691073.988447,731,1776691073.988447,1776691073.938481,1776691073.938944,1776691073.955706,0.7515455620716298,-0.9983779253665438,0.15051459110511417,0.8472222222222223,0.13333333333333333,0.0,-0.40482815520944176,0.17667454323618897,0.7803528435270256,0.4852189578533057,-0.6655308901328346,-0.27112411080662796,0.997587655450651,0.7428602220066818,-0.8265328387519093,-0.40991620111731847,2
1776691074.038493,732,1776691074.038493,1776691074.038533,1776691073.938944,1776691073.955706,0.7521215409276085,-0.9954672025520641,0.10418816308172606,0.8854166666666667,0.33333333333333337,0.0,-0.3871869084236973,-0.3371828136341874,0.7554601278937599,-0.46434469298904063,-0.12628255216672857,-0.06431062961753443,0.997587655450651,0.7428602220066818,-0.8265328387519093,-0.40991620111731847,2
1776691074.088574,733,1776691074.088574,1776691074.038533,1776691073.938944,1776691073.955706,0.7527025302579613,-0.996359343600465,0.1346667724951716,0.8923611111111112,-0.2,0.0,-0.3871869084236973,-0.3371828136341874,0.7554601278937599,-0.46434469298904063,-0.12628255216672857,-0.06431062961753443,0.997587655450651,0.7428602220066818,-0.8265328387519093,-0.40991620111731847,2
1776691074.138524,734,1776691074.138524,1776691074.088617,1776691073.938944,1776691074.100127,0.7532255605874462,-0.994484946246249,0.08839325872423738,0.8055555555555557,0.2,0.0,0.08820778624046396,-0.7170902253316654,0.6685741214648698,0.32347930523553714,-0.36860004867613716,0.12358072195639107,0.997587655450651,0.7442612350468801,-0.8312240890246564,-0.39734636871508383,2
1776691074.188481,735,1776691074.188481,1776691074.188522,1776691073.938944,1776691074.100127,0.7538230709414109,-0.9909344051041282,0.02759478265470805,0.920138888888889,0.4666666666666667,0.0,-0.10306418576204147,-0.08891450061004803,0.7360038019409447,-0.4034777386865792,-0.20477922809894067,0.28373255335160236,0.997587655450651,0.7442612350468801,-0.8312240890246564,-0.39734636871508383,2
1776691074.238507,736,1776691074.238507,1776691074.188522,1776691073.938944,1776691074.100127,0.7543808134762441,-0.9926195604177743,0.06730692912135884,0.857638888888889,-0.26666666666666666,0.0,-0.10306418576204147,-0.08891450061004803,0.7360038019409447,-0.4034777386865792,-0.20477922809894067,0.28373255335160236,0.997587655450651,0.7442612350468801,-0.8312240890246564,-0.39734636871508383,2
1776691074.288581,737,1776691074.288581,1776691074.238548,1776691073.938944,1776691074.249123,0.7549277676923799,-0.9896367453973632,0.009021880043389687,0.8402777777777778,0.4,0.0,0.7910860050558794,-0.20438829171106887,0.732188786044115,0.33565269609602943,0.556310604993147,-0.002522635088765518,0.997587655450651,0.7455544778532169,-0.83864281038621,-0.3840782122905028,2
1776691074.338602,738,1776691074.338602,1776691074.338645,1776691073.938944,1776691074.249123,0.7554899790286822,-0.9868882300462292,-0.043918829536735725,0.8645833333333334,0.4,0.0,0.19591416026532113,-0.3060047259417134,0.7694802236167598,-0.04695730501360939,-0.16211715577644845,-0.02648056908375811,0.997587655450651,0.7455544778532169,-0.83864281038621,-0.3840782122905028,2
1776691074.388638,739,1776691074.388638,1776691074.388679,1776691073.938944,1776691074.249123,0.755971119986823,-0.987951590083717,-0.01743524618355954,0.7395833333333334,-0.13333333333333333,0.0,0.09006512723911268,0.07274822777185748,0.7744396167221302,0.36695756610510233,0.3822549861016819,0.4779328590968682,0.997587655450651,0.7455544778532169,-0.83864281038621,-0.3840782122905028,2
1776691074.438609,740,1776691074.438609,1776691074.438651,1776691073.938944,1776691074.398673,0.7565552690757901,-0.9911777162991466,0.034129692832764506,0.8993055555555557,-0.4666666666666667,0.0,-0.239554300252794,-0.04041568209547638,0.7936098882354691,0.4156511295470715,-0.481227663417321,0.07440116997259652,0.997587655450651,0.7472788015949995,-0.8460615317477634,-0.3571927374301676,2
1776691074.48867,741,1776691074.48867,1776691074.488712,1776691073.938944,1776691074.398673,0.7571112060342724,-0.9923942722742388,0.06061327618594069,0.8541666666666667,-0.2,0.0,0.6545958905651269,0.5727482277718575,0.7208392492840865,-0.25739052107334714,0.7030691585433025,-0.14627970485642752,0.997587655450651,0.7472788015949995,-0.8460615317477634,-0.3571927374301676,2
1776691074.538698,742,1776691074.538698,1776691074.538741,1776691074.539165,1776691074.398673,0.7577186921975766,-0.9925654912633258,0.07119612667672037,0.9340277777777779,-0.06666666666666667,0.0,-0.663881043246629,-0.006928678435188188,0.7625178913578313,-0.44521974112778473,-0.07849667593221207,-0.08827329651138026,0.9975460633032485,0.7472788015949995,-0.8460615317477634,-0.3571927374301676,2
1776691074.588685,743,1776691074.588685,1776691074.538741,1776691074.539165,1776691074.546023,0.758307580924465,-0.9940523930106607,0.1082361033944493,0.9062500000000001,-0.26666666666666666,0.0,-0.663881043246629,-0.006928678435188188,0.7625178913578313,-0.44521974112778473,-0.07849667593221207,-0.08827329651138026,0.9975460633032485,0.7491108955706435,-0.8543530438577351,-0.3264664804469274,2
1776691074.638717,744,1776691074.638717,1776691074.588727,1776691074.539165,1776691074.546023,0.7588473128351968,-0.9904567942398327,0.049977511442707095,0.8298611111111112,0.4666666666666667,0.0,0.38068737916223294,-0.38221729293116496,0.7158797764533985,0.33565269609602943,-0.19453802502978212,-0.29255940971285505,0.9975460633032485,0.7491108955706435,-0.8543530438577351,-0.3264664804469274,2
1776691074.68879,745,1776691074.68879,1776691074.688833,1776691074.539165,1776691074.546023,0.7594417537093648,-0.9888707657093423,0.020848215466835993,0.9131944444444445,0.2,0.0,-0.10770637402485718,-0.23094661693616889,0.7563185303881419,-0.4417406969837405,-0.2474413004214329,0.012608442544974372,0.9975460633032485,0.7491108955706435,-0.8543530438577351,-0.3264664804469274,2
1776691074.738755,746,1776691074.738755,1776691074.688833,1776691074.539165,1776691074.694498,0.7599830203599949,-0.9919436959871677,0.08561526047040771,0.8333333333333334,-0.4666666666666667,0.0,-0.10770637402485718,-0.23094661693616889,0.7563185303881419,-0.4417406969837405,-0.2474413004214329,0.012608442544974372,0.9975460633032485,0.7482487336997522,-0.8667903120226925,-0.3083100558659218,2
1776691074.788784,747,1776691074.788784,1776691074.738797,1776691074.539165,1776691074.694498,0.7605294780426343,-0.9884292009480126,0.018096674339233274,0.8402777777777778,0.4666666666666667,0.0,0.8124419338389213,-0.17667454323618897,0.7627085943174823,0.25565426264498736,0.481227663417321,-0.1815871303014383,0.9975460633032485,0.7482487336997522,-0.8667903120226925,-0.3083100558659218,2
1776691074.838824,748,1776691074.838824,1776691074.788827,1776691074.539165,1776691074.694498,0.7610829323336339,-0.985203074732583,-0.045453342857898774,0.8506944444444445,0.4666666666666667,0.0,-0.6230265266791939,0.07159376978795039,0.7799713578824061,0.09391461002721878,-0.10921388038479768,-0.10718596032884181,0.9975460633032485,0.7482487336997522,-0.8667903120226925,-0.3083100558659218,2
1776691074.888891,749,1776691074.888891,1776691074.888933,1776691074.539165,1776691074.843238,0.7615823547523289,-0.9885283277311682,0.018149588591687173,0.7673611111111112,-0.4666666666666667,0.0,0.02135592878304193,-0.15357959196281024,0.8093467092219152,-0.001736258428359758,0.11945508345395622,0.15888814740140186,0.9975460633032485,0.7476021122965837,-0.8795548767183069,-0.30446927374301674,2
1776691074.93888,750,1776691074.93888,1776691074.888933,1776691074.539165,1776691074.843238,0.7621554898255548,-0.9925024105831358,0.09352594121226553,0.8819444444444445,-0.6,0.0,0.02135592878304193,-0.15357959196281024,0.8093467092219152,-0.001736258428359758,0.11945508345395622,0.15888814740140186,0.9975460633032485,0.7476021122965837,-0.8795548767183069,-0.30446927374301674,2
1776691074.988929,751,1776691074.988929,1776691074.988976,1776691074.539165,1776691074.843238,0.7627066871461157,-0.9921149149762546,0.09088022858957061,0.8472222222222223,0.0,0.0,0.5487460813830477,0.5508086997482587,0.8024797284428122,-0.20347512777164936,0.7815722392304046,-0.037830060533776334,0.9975460633032485,0.7476021122965837,-0.8795548767183069,-0.30446927374301674,2
1776691075.038927,752,1776691075.038927,1776691075.038985,1776691074.539165,1776691074.991863,0.7633408958394149,-0.9898800565923817,0.05119453924914676,0.9756944444444446,0.26666666666666666,0.0,-0.8560812976705234,-0.009237594403002362,0.7263709904443626,-0.3513051311005659,-0.13993108483738328,-0.05170218707256007,0.9975460633032485,0.7456622480870784,-0.8905738599170849,-0.30307262569832405,2
1776691075.088975,753,1776691075.088975,1776691075.089018,1776691074.539165,1776691074.991863,0.7639259928559664,-0.9901053447359173,0.06709527211154324,0.8993055555555557,-0.06666666666666667,0.0,0.7650878880100217,-0.44919226551761415,0.7649975879105166,0.38434625953799856,-0.24914496522218094,-0.13619389740021864,0.9975460633032485,0.7456622480870784,-0.8905738599170849,-0.30307262569832405,2
1776691075.138973,754,1776691075.138973,1776691075.139022,1776691075.139565,1776691075.140156,0.7644833742755295,-0.9880236822896485,0.03137815170516179,0.857638888888889,0.26666666666666666,0.0,0.19962884226261854,0.12702126673771022,0.7718645686896195,-0.3286946078079411,0.40102091792947087,0.14249811867270584,0.9974628790084432,0.7428602220066818,-0.9030111280820423,-0.30446927374301674,2
1776691075.189091,755,1776691075.189091,1776691075.189132,1776691075.139565,1776691075.140156,0.7650896868142055,-0.9869693337779019,0.010159536471148504,0.9305555555555557,0.13333333333333333,0.0,-0.15784604327379442,-0.14896079476130908,0.7066285303267534,-0.3634785219610582,-0.1228688178103424,0.2938230937066644,0.9974628790084432,0.7428602220066818,-0.9030111280820423,-0.30446927374301674,2
1776691075.23901,756,1776691075.23901,1776691075.239054,1776691075.139565,1776691075.140156,0.7656394848130942,-0.9891771575845507,0.0603487049236712,0.8472222222222223,-0.33333333333333337,0.0,0.8300831806246658,-0.15473404994671733,0.7227467572325015,0.3286946078079411,0.6450484839945175,-0.06431062961753443,0.9974628790084432,0.7428602220066818,-0.9030111280820423,-0.30446927374301674,2
1776691075.289056,757,1776691075.289056,1776691075.239054,1776691075.139565,1776691075.288303,0.7661974079055627,-0.9862213771413638,0.0007672566605815276,0.857638888888889,0.4,0.0,0.8300831806246658,-0.15473404994671733,0.7227467572325015,0.3286946078079411,0.6450484839945175,-0.06431062961753443,0.9974628790084432,0.7371483996120273,-0.9115208378791185,-0.31005586592178774,2
1776691075.339039,758,1776691075.339039,1776691075.339082,1776691075.139565,1776691075.288303,0.7667637269280634,-0.9853202245672216,-0.02172130063232532,0.8715277777777779,0.13333333333333333,0.0,0.38254394400501085,-0.3360273903844075,0.7903672203935449,-0.03130487000907293,0.05460694019239884,-0.15132497503395856,0.9974628790084432,0.7371483996120273,-0.9115208378791185,-0.31005586592178774,2
1776691075.389078,759,1776691075.389078,1776691075.389119,1776691075.139565,1776691075.288303,0.7672742085019084,-0.9903576674566771,0.07757229409741515,0.7847222222222223,-0.7333333333333333,0.0,0.02135592878304193,0.10739065468192559,0.8376728753820736,0.16869774090585693,0.1058001460284115,-0.2307714151840861,0.9974628790084432,0.7371483996120273,-0.9115208378791185,-0.31005586592178774,2
1776691075.439112,760,1776691075.439112,1776691075.389119,1776691075.139565,1776691075.437052,0.7678682882608062,-0.9940704160621435,0.14773659285128452,0.9131944444444445,-0.6,0.0,0.02135592878304193,0.10739065468192559,0.8376728753820736,0.16869774090585693,0.1058001460284115,-0.2307714151840861,0.9974628790084432,0.7325142795559867,-0.9173030765873882,-0.30935754189944137,2
1776691075.489177,761,1776691075.489177,1776691075.439155,1776691075.139565,1776691075.437052,0.7684060340375518,-0.9912137624021122,0.10270656401301692,0.826388888888889,0.33333333333333337,0.0,-0.46518125956127016,0.06120075213516811,0.7987601437511256,0.4121720854030273,-0.576793011131464,-0.16393341757893293,0.9974628790084432,0.7325142795559867,-0.9173030765873882,-0.30935754189944137,2
1776691075.53915,762,1776691075.53915,1776691075.539199,1776691075.139565,1776691075.437052,0.7690059367801816,-0.9853472591444458,-0.0017461703309786494,0.9236111111111113,0.8,0.0,-0.5199631170730231,-0.5866055846422338,0.7064377476417849,-0.25565426264498736,-0.21501402641320916,0.4123585454855244,0.9974628790084432,0.7325142795559867,-0.9173030765873882,-0.30935754189944137,2
1776691075.589183,763,1776691075.589183,1776691075.589225,1776691075.139565,1776691075.585546,0.7695841726065992,-0.9871585758184719,0.02473741302219753,0.888888888888889,-0.26666666666666666,0.0,0.44011142493680155,-0.7378752953713571,0.6647591852933576,0.3286946078079411,0.6433448191937694,0.27995096716788065,0.9974628790084432,0.7265869166936093,-0.9195941523019856,-0.30761173184357543,2
1776691075.639207,764,1776691075.639207,1776691075.63925,1776691075.139565,1776691075.585546,0.7701193454370445,-0.986608872748245,0.011482392782495965,0.8229166666666667,0.06666666666666667,0.0,0.30640693386608675,0.2020784104773819,0.8575107667048258,0.043478260869565216,0.0614344089051712,0.20176347811270925,0.9974628790084432,0.7265869166936093,-0.9195941523019856,-0.30761173184357543,2
1776691075.68928,765,1776691075.68928,1776691075.689323,1776691075.139565,1776691075.585546,0.7707229044717853,-0.9856536510196542,-0.005741196391247982,0.9270833333333335,0.13333333333333333,0.0,-0.09749293892196607,-0.08429570340854685,0.7539341853152821,-0.35652043367296987,-0.1382274200366352,0.07818275615631817,0.9974628790084432,0.7265869166936093,-0.9195941523019856,-0.30761173184357543,2
1776691075.739243,766,1776691075.739243,1776691075.739288,1776691075.739813,1776691075.733674,0.7712686399238841,-0.9897268606547774,0.07490012434849327,0.8402777777777778,-0.6,0.0,0.6685232315094447,0.02309495127337874,0.7903672203935449,0.2869591326540603,0.35835884560697867,-0.13240757831764377,0.9973796947136381,0.7161332040090527,-0.9198123499890901,-0.30412011173184356,2
1776691075.789367,767,1776691075.789367,1776691075.78941,1776691075.739813,1776691075.733674,0.7718139239818953,-0.9867079995314006,0.025822155197502448,0.8368055555555556,0.4,0.0,-0.5673163867460519,0.40993104140604486,0.7896041693789883,0.1843501759103934,-0.6604070862208103,-0.28373255335160236,0.9973796947136381,0.7161332040090527,-0.9198123499890901,-0.30412011173184356,2
1776691075.839296,768,1776691075.839296,1776691075.78941,1776691075.739813,1776691075.733674,0.7723706283103269,-0.9856987086483612,-0.003227769399687806,0.857638888888889,0.13333333333333333,0.0,-0.5673163867460519,0.40993104140604486,0.7896041693789883,0.1843501759103934,-0.6604070862208103,-0.28373255335160236,0.9973796947136381,0.7161332040090527,-0.9198123499890901,-0.30412011173184356,2
1776691075.889326,769,1776691075.889326,1776691075.889369,1776691075.739813,1776691075.882343,0.7728990753688646,-0.9875190368481288,0.0430986586237003,0.8125000000000001,-0.26666666666666666,0.0,-0.18755806616107876,-0.5069286784351882,0.7675727156683448,0.03652017258147686,-0.2406138317086605,0.061792727427622145,0.9973796947136381,0.7088048281064769,-0.9199214488326424,-0.3083100558659218,2
1776691075.939429,770,1776691075.939429,1776691075.939473,1776691075.739813,1776691075.882343,0.7734826376455177,-0.9895826762429146,0.09215017064846417,0.8958333333333334,-0.33333333333333337,0.0,-0.3370472391747601,0.11200945188342677,0.7963757986782657,0.33738895452438916,-0.4215033240677879,0.1412344346788965,0.9973796947136381,0.7088048281064769,-0.9199214488326424,-0.3083100558659218,2
1776691075.989367,771,1776691075.989367,1776691075.939473,1776691075.739813,1776691075.882343,0.7740281474005727,-0.9896547684488461,0.09347302695981163,0.8402777777777778,-0.06666666666666667,0.0,-0.3370472391747601,0.11200945188342677,0.7963757986782657,0.33738895452438916,-0.4215033240677879,0.1412344346788965,0.9973796947136381,0.7088048281064769,-0.9199214488326424,-0.3083100558659218,2
1776691076.039449,772,1776691076.039449,1776691075.98941,1776691075.739813,1776691076.030814,0.7746587900805788,-0.9869513107264191,0.04973939730666455,0.9687500000000001,0.33333333333333337,0.0,0.3147630279703291,0.4953812027984988,0.779113035113342,-0.06608878416219004,0.3873723852588162,-0.15510656121768024,0.9973796947136381,0.6987821963573662,-0.9181758673358063,-0.3079608938547486,2
1776691076.089435,773,1776691076.089435,1776691076.089478,1776691075.739813,1776691076.030814,0.7752589636596613,-0.9885283277311682,0.07884223615630871,0.9236111111111113,-0.26666666666666666,0.0,0.6100274681562651,-0.3267897959814051,0.7423938658702852,0.5617383471603036,-0.11604134909757004,-0.02900320417252363,0.9973796947136381,0.6987821963573662,-0.9181758673358063,-0.3079608938547486,2
1776691076.139501,774,1776691076.139501,1776691076.139542,1776691075.739813,1776691076.030814,0.7758284875801852,-0.9872937487045932,0.07220149747334445,0.8750000000000001,0.13333333333333333,0.0,0.20891399494412066,0.2586603654110488,0.7301860063411924,-0.4191301736911157,0.5938552781585049,0.021435298906227074,0.9973796947136381,0.6987821963573662,-0.9181758673358063,-0.3079608938547486,2
1776691076.189618,775,1776691076.189618,1776691076.189661,1776691075.739813,1776691076.179335,0.7764143971060945,-0.9824545593814489,-0.016615075270524117,0.8993055555555557,0.6666666666666667,0.0,-0.2321264885699406,-0.3314085931829063,0.7346685623221179,-0.3321736519519852,-0.19453802502978212,0.2030271621065186,0.9973796947136381,0.6891906455437008,-0.9147938031856863,-0.29993016759776536,2
1776691076.239521,776,1776691076.239521,1776691076.239587,1776691075.739813,1776691076.179335,0.7769347642104614,-0.9834187926357812,0.03222477974442416,0.8020833333333335,-0.13333333333333333,0.0,0.3528319211177266,-0.4030023629708567,0.7225559745475328,0.41043582697466763,0.5614344089051713,0.4552338761968318,0.9973796947136381,0.6891906455437008,-0.9147938031856863,-0.29993016759776536,2
1776691076.289516,777,1776691076.289516,1776691076.289558,1776691075.739813,1776691076.179335,0.7775102465329436,-0.9819318908884463,0.00047622827208508616,0.8854166666666667,0.2,0.0,-0.40575643763083086,-0.012701933620596458,0.8589413578034781,0.2730429560778836,-0.06996554241869164,0.03152583926128915,0.9973796947136381,0.6891906455437008,-0.9147938031856863,-0.29993016759776536,2
1776691076.339566,778,1776691076.339566,1776691076.339609,1776691076.34009,1776691076.328531,0.7780705620140771,-0.9805711505014914,-0.028653067703786016,0.8611111111111112,0.2,0.0,0.06592357503603304,-0.2528871102256406,0.760991869054036,0.01043713243213253,0.2866896383875389,-0.22193982592398015,0.9973381025662355,0.6838021338506305,-0.9093388610080734,-0.28945530726256985,2
1776691076.389608,779,1776691076.389608,1776691076.389648,1776691076.34009,1776691076.328531,0.7786059154021576,-0.9833917580585569,0.025636955313913804,0.8229166666666667,-0.4,0.0,-0.34447505085761343,-0.24711288977435944,0.7474486901807986,-0.28869539108242004,-0.16553089013283462,-0.16267446648397677,0.9973381025662355,0.6838021338506305,-0.9093388610080734,-0.28945530726256985,2
1776691076.439645,780,1776691076.439645,1776691076.389648,1776691076.34009,1776691076.328531,0.7792022069920854,-0.9868882300462292,0.10506124824721538,0.9166666666666667,-0.5333333333333333,0.0,-0.34447505085761343,-0.24711288977435944,0.7474486901807986,-0.28869539108242004,-0.16553089013283462,-0.16267446648397677,0.9973381025662355,0.6838021338506305,-0.9093388610080734,-0.28945530726256985,2
1776691076.489608,781,1776691076.489608,1776691076.43969,1776691076.34009,1776691076.476475,0.7797638315160734,-0.9877893826203715,0.11696695504934254,0.8645833333333334,-0.2,0.0,-0.43825408393815285,0.15242513397890314,0.7573676358421747,0.38261000110963883,-0.211606696811713,-0.21437665355653684,0.9973381025662355,0.6801379458993426,-0.9007200523674449,-0.2880586592178771,2
1776691076.53979,782,1776691076.53979,1776691076.539849,1776691076.34009,1776691076.476475,0.7803844081079225,-0.9854373744018601,0.08908114400613806,0.9513888888888891,0.26666666666666666,0.0,-0.7873720992144527,0.02886820645878701,0.7394372524678373,-0.34956234538488146,-0.10068274687127725,0.05296113816751622,0.9973381025662355,0.6801379458993426,-0.9007200523674449,-0.2880586592178771,2
1776691076.589833,783,1776691076.589833,1776691076.539849,1776691076.34009,1776691076.476475,0.7809446333102386,-0.9864106191819337,0.1168875836706617,0.8611111111111112,-0.2,0.0,-0.7873720992144527,0.02886820645878701,0.7394372524678373,-0.34956234538488146,-0.10068274687127725,0.05296113816751622,0.9973381025662355,0.6801379458993426,-0.9007200523674449,-0.2880586592178771,2
1776691076.639668,784,1776691076.639668,1776691076.639709,1776691076.34009,1776691076.624929,0.7814642330446564,-0.9823644441240347,0.0430457443712464,0.8020833333333335,0.5333333333333333,0.0,0.01857030536300422,-0.21362588611407127,0.8117310542947749,-0.11130330346011501,0.20477922809894067,-0.08196907523889307,0.9973381025662355,0.6793835542623128,-0.8911193541348462,-0.28980446927374304,2
1776691076.690714,785,1776691076.690714,1776691076.690796,1776691076.34009,1776691076.624929,0.7820609760286719,-0.9803278393064729,0.017382331931105645,0.8993055555555557,0.26666666666666666,0.0,0.12256277354643469,-0.3787529537135709,0.7846446965483003,-0.38608904525368304,-0.22696529903800583,0.1702376388514201,0.9973381025662355,0.6793835542623128,-0.8911193541348462,-0.28980446927374304,2
1776691076.739745,786,1776691076.739745,1776691076.690796,1776691076.34009,1776691076.624929,0.782545683000106,-0.9842388414782507,0.08744080218006721,0.7604166666666667,-0.6,0.0,0.12256277354643469,-0.3787529537135709,0.7846446965483003,-0.38608904525368304,-0.22696529903800583,0.1702376388514201,0.9973381025662355,0.6793835542623128,-0.8911193541348462,-0.28980446927374304,2
1776691076.789775,787,1776691076.789775,1776691076.789821,1776691076.34009,1776691076.773638,0.7830966997630316,-0.9843289567356649,0.0980236526708469,0.8472222222222223,-0.06666666666666667,0.0,-0.4466109541982659,0.37990741169747794,0.7725321087737153,0.26608486778979523,-0.36860004867613716,0.0,0.9973381025662355,0.6799224054316199,-0.8828278420248746,-0.30412011173184356,2
1776691076.840028,788,1776691076.840028,1776691076.789821,1776691076.34009,1776691076.773638,0.783654442297865,-0.9830132739774171,0.0873878879276133,0.8541666666666667,0.13333333333333333,0.0,-0.4466109541982659,0.37990741169747794,0.7725321087737153,0.26608486778979523,-0.36860004867613716,0.0,0.9973381025662355,0.6799224054316199,-0.8828278420248746,-0.30412011173184356,2
1776691076.889848,789,1776691076.889848,1776691076.889906,1776691076.34009,1776691076.773638,0.784264185431608,-0.982157179031982,0.06630155832473478,0.9409722222222223,0.06666666666666667,0.0,-0.7372332061213862,-0.09122438184373503,0.914735287629413,-0.4747818254211732,-0.2815722392304047,-0.12105808686762555,0.9973381025662355,0.6799224054316199,-0.8828278420248746,-0.30412011173184356,2
1776691076.939827,790,1776691076.939827,1776691076.889906,1776691076.940328,1776691076.921929,0.7848643590106905,-0.9841126801178708,0.11654364102971136,0.9236111111111113,-0.33333333333333337,0.0,-0.7372332061213862,-0.09122438184373503,0.914735287629413,-0.4747818254211732,-0.2815722392304047,-0.12105808686762555,0.9972133261240278,0.6788447030930058,-0.8727907484180668,-0.31005586592178774,2
1776691076.989848,791,1776691076.989848,1776691076.939868,1776691076.940328,1776691076.921929,0.7854197542962674,-0.9831664699150213,0.10463793422758422,0.8541666666666667,0.06666666666666667,0.0,-0.5663881043246629,-0.34180161083568855,0.7221744889029134,0.6017375638858247,0.023889735739813237,-0.16267446648397677,0.9972133261240278,0.6788447030930058,-0.8727907484180668,-0.31005586592178774,2
1776691077.039879,792,1776691077.039879,1776691077.039919,1776691076.940328,1776691076.921929,0.7860385253117654,-0.9817786949508421,0.0821229198084504,0.9513888888888891,0.13333333333333333,0.0,-0.8885789439778455,0.05311761571607283,0.710061980853646,-0.27652200022192774,-0.023889735739813237,0.245902492817826,0.9972133261240278,0.6788447030930058,-0.8727907484180668,-0.31005586592178774,2
1776691077.089958,793,1776691077.089958,1776691077.090003,1776691076.940328,1776691077.070863,0.7866036707096381,-0.9827879858338816,0.12056512421620766,0.8680555555555556,-0.2,0.0,0.9628593892739915,0.1697458648010008,0.7241773483311538,0.6886940856249552,0.1365173504809971,-0.14249811867270584,0.9972133261240278,0.6792757840284513,-0.8631900501854681,-0.30377094972067037,2
1776691077.139998,794,1776691077.139998,1776691077.140042,1776691076.940328,1776691077.070863,0.7871343747386147,-0.9777956005731331,0.026562954731857026,0.8159722222222222,0.6666666666666667,0.0,-0.2562672646171495,-0.49191686358090475,0.8688602237395368,0.32347930523553714,-0.17747575800274124,-0.09331856668891128,0.9972133261240278,0.6792757840284513,-0.8631900501854681,-0.30377094972067037,2
1776691077.18994,795,1776691077.18994,1776691077.190008,1776691076.940328,1776691077.070863,0.7877092251093739,-0.9776784507384946,0.022594385797814646,0.8854166666666667,0.0,0.0,0.3686166030606931,-0.3949192265517614,0.7250357508255357,-0.37043661024914654,-0.08532414464498445,-0.1261033570451566,0.9972133261240278,0.6792757840284513,-0.8631900501854681,-0.30377094972067037,2
1776691077.239991,796,1776691077.239991,1776691077.240037,1776691076.940328,1776691077.218613,0.7882040433083738,-0.9821031098775334,0.1152736989708178,0.7604166666666667,-0.6666666666666667,0.0,0.6843079134524112,0.43995370584873894,0.9124463737616965,-0.20869695763137797,-0.16553089013283462,-0.1286259921339221,0.9972133261240278,0.6813234184718181,-0.8588260964433777,-0.30446927374301674,2
1776691077.289986,797,1776691077.289986,1776691077.240037,1776691076.940328,1776691077.218613,0.7887636816983757,-0.9811659112004254,0.09148874249279045,0.8611111111111112,0.06666666666666667,0.0,0.6843079134524112,0.43995370584873894,0.9124463737616965,-0.20869695763137797,-0.16553089013283462,-0.1286259921339221,0.9972133261240278,0.6813234184718181,-0.8588260964433777,-0.30446927374301674,2
1776691077.340081,798,1776691077.340081,1776691077.290028,1776691076.940328,1776691077.218613,0.7893063476706779,-0.9780839693968586,0.045082943090721486,0.8333333333333334,0.4,0.0,-0.5208913994944121,0.2736721802653323,0.8561754473606813,0.49217704614139407,-0.269627371360498,-0.06809694870010932,0.9972133261240278,0.6813234184718181,-0.8588260964433777,-0.30446927374301674,2
1776691077.390084,799,1776691077.390084,1776691077.34012,1776691076.940328,1776691077.367519,0.7898794827439037,-0.971577647811551,-0.0779162367383655,0.8819444444444445,0.9333333333333333,0.0,0.17455900763814994,-0.5461899025467575,0.7690986582468227,0.001736258428359758,0.2474413004214329,0.14249811867270584,0.9972133261240278,0.6852031468908288,-0.8533711542657648,-0.2932960893854749,2
1776691077.440196,800,1776691077.440196,1776691077.390138,1776691076.940328,1776691077.367519,0.7904652568515868,-0.9750831313249646,-0.03285975077387095,0.8993055555555557,-0.4666666666666667,0.0,-0.42525502541522403,-0.3452659500532827,0.7206485463244355,-0.17739208762230504,-0.1672345549335827,0.5447661238031681,0.9972133261240278,0.6852031468908288,-0.8533711542657648,-0.2932960893854749,2
1776691077.491944,801,1776691077.491944,1776691077.492002,1776691076.940328,1776691077.367519,0.7910398815253022,-0.9775613009038561,0.02055718707833955,0.8541666666666667,-0.33333333333333337,0.0,0.13649011449075252,-0.02193952802359882,0.8600858147373366,0.16173965261776857,0.013654937425544727,0.16393341757893293,0.9972133261240278,0.6852031468908288,-0.8533711542657648,-0.2932960893854749,2
1776691077.540173,802,1776691077.540173,1776691077.540217,1776691077.54062,1776691077.515598,0.7916341869812439,-0.9774711856464418,0.016720903775431912,0.9479166666666669,0.0,0.0,-0.6230265266791939,0.4110854993899519,0.7418215975406971,-0.28348008851001616,-0.17917942280348934,-0.002522635088765518,0.9971717339766253,0.6922082120918203,-0.8506436831769583,-0.28317039106145253,2
1776691077.59019,803,1776691077.59019,1776691077.590245,1776691077.54062,1776691077.515598,0.7921940962076984,-0.9832565851724355,0.131835859988888,0.8611111111111112,-0.8666666666666667,0.0,0.8421539567262056,0.6293301827055244,0.8919408626295307,-0.11478234760415919,-0.018772336582678982,-0.27868728317407127,0.9971717339766253,0.6922082120918203,-0.8506436831769583,-0.28317039106145253,2
1776691077.640194,804,1776691077.640194,1776691077.640245,1776691077.54062,1776691077.515598,0.7927266960918435,-0.9795708711441934,0.07230732597825225,0.8194444444444444,0.4666666666666667,0.0,-0.32219161580905326,-0.5427255633291633,0.854172587932441,0.31130591437504485,-0.3481240472927101,-0.27995096716788065,0.9971717339766253,0.6922082120918203,-0.8506436831769583,-0.28317039106145253,2
1776691077.691905,805,1776691077.691905,1776691077.640245,1776691077.54062,1776691077.665454,0.7933031714813188,-0.9773900819147691,0.02441992750747414,0.857638888888889,0.26666666666666666,0.0,-0.32219161580905326,-0.5427255633291633,0.854172587932441,0.31130591437504485,-0.3481240472927101,-0.27995096716788065,0.9971717339766253,0.7014764522039013,-0.8473707178703905,-0.2681564245810056,2
1776691077.740217,806,1776691077.740217,1776691077.740252,1776691077.54062,1776691077.665454,0.7938091842536951,-0.9794717443610378,0.08066777786596821,0.8055555555555557,-0.33333333333333337,0.0,0.32311989823044224,0.3337184744165933,0.9263710382795531,-0.5304334771512307,-0.2849795688319008,0.05800640834504726,0.9971717339766253,0.7014764522039013,-0.8473707178703905,-0.2681564245810056,2
1776691077.790263,807,1776691077.790263,1776691077.790307,1776691077.54062,1776691077.665454,0.7943897221899602,-0.9804720237183358,0.13098923194962564,0.8923611111111112,-0.2,0.0,-0.3416902035934465,-0.09237883982764213,0.7402956549622193,0.5373915654393191,-0.017062267027040875,0.09583646887882359,0.9971717339766253,0.7014764522039013,-0.8473707178703905,-0.2681564245810056,2
1776691077.840288,808,1776691077.840288,1776691077.840332,1776691077.54062,1776691077.813376,0.7949339229021607,-0.9790391911254495,0.10715136121914438,0.8368055555555556,0.13333333333333333,0.0,0.24698211193564737,-0.1870665956230984,0.7837862940539184,-0.15652435004536466,0.4197932545121499,-0.16519710157274228,0.9971717339766253,0.710098070912814,-0.8436613571896138,-0.24162011173184358,2
1776691077.890288,809,1776691077.890288,1776691077.840332,1776691077.54062,1776691077.813376,0.7955454716122548,-0.9744883706260307,0.034394264095033995,0.9409722222222223,0.6,0.0,0.24698211193564737,-0.1870665956230984,0.7837862940539184,-0.15652435004536466,0.4197932545121499,-0.16519710157274228,0.9971717339766253,0.710098070912814,-0.8436613571896138,-0.24162011173184358,2
1776691077.940412,810,1776691077.940412,1776691077.890336,1776691077.54062,1776691077.813376,0.7961518744297483,-0.9761374798367112,0.058258591951742204,0.9305555555555557,-0.26666666666666666,0.0,-0.727948053439884,0.06351063336885511,0.8226036742050409,-0.5373915654393191,-0.3088757093266041,0.2030271621065186,0.9971717339766253,0.710098070912814,-0.8436613571896138,-0.24162011173184358,2
1776691077.990376,811,1776691077.990376,1776691077.940457,1776691077.54062,1776691077.96072,0.7967201795862351,-0.9758851571159514,0.0754557239992592,0.8750000000000001,0.0,0.0,-0.35004629769768886,-0.6050807734482386,0.6938483227427549,0.8643499148189004,0.2406138317086605,-0.04539796580007289,0.9971717339766253,0.7225994180407371,-0.8419157756927778,-0.22590782122905026,2
1776691078.040483,812,1776691078.040483,1776691077.990419,1776691077.54062,1776691077.96072,0.7973036515840706,-0.9714875325541368,-0.009392279810566976,0.8958333333333334,0.6,0.0,0.04085451656743514,-0.1651270675994996,0.7699570607412046,-0.4069567828306234,0.4982899304443619,0.0,0.9971717339766253,0.7225994180407371,-0.8419157756927778,-0.22590782122905026,2
1776691078.090482,813,1776691078.090482,1776691078.040525,1776691077.54062,1776691077.96072,0.797833949358368,-0.9715235786571025,0.048813397888721334,0.8159722222222222,0.0,0.0,-0.6453107378836248,-0.3337184744165933,0.7008106550016834,-0.25739052107334714,0.0307172044525856,0.1853734493840132,0.9971717339766253,0.7225994180407371,-0.8419157756927778,-0.22590782122905026,2
1776691078.140409,814,1776691078.140409,1776691078.140447,1776691078.140805,1776691078.108945,0.7983771118641669,-0.9672791500328921,-0.023864327856708206,0.8368055555555556,0.6,0.0,-0.271123664138727,-0.5415701400793834,0.8560800958808559,0.46956652284876926,-0.20306915854330254,-0.020176347811270926,0.99708854968182,0.7331609009591551,-0.8389701069168667,-0.2126396648044693,2
1776691078.190454,815,1776691078.190454,1776691078.140447,1776691078.140805,1776691078.108945,0.7989440628383905,-0.9673782768160477,-0.023864327856708206,0.8715277777777779,0.0,0.0,-0.271123664138727,-0.5415701400793834,0.8560800958808559,0.46956652284876926,-0.20306915854330254,-0.020176347811270926,0.99708854968182,0.7331609009591551,-0.8389701069168667,-0.2126396648044693,2
1776691078.240534,816,1776691078.240534,1776691078.240575,1776691078.140805,1776691078.108945,0.7994752634008636,-0.9719921779956564,0.06492578776093341,0.8159722222222222,-0.6666666666666667,0.0,0.4753946946641613,0.5923788398276421,0.8765855272877039,-0.6921731297689993,-0.20989662725607494,-0.12105808686762555,0.99708854968182,0.7331609009591551,-0.8389701069168667,-0.2126396648044693,2
1776691078.290555,817,1776691078.290555,1776691078.240575,1776691078.140805,1776691078.257321,0.8000734057065513,-0.9752994079427588,0.1403021403815118,0.920138888888889,-0.5333333333333333,0.0,0.4753946946641613,0.5923788398276421,0.8765855272877039,-0.6921731297689993,-0.20989662725607494,-0.12105808686762555,0.99708854968182,0.7454467076193556,-0.837006327732926,-0.21403631284916202,2
1776691078.340519,818,1776691078.340519,1776691078.290606,1776691078.140805,1776691078.257321,0.800633044096553,-0.9747046472438248,0.1297192898907321,0.8611111111111112,0.0,0.0,-0.46610954198265914,-0.25750590742714174,0.8339532109650694,0.5095657395742903,-0.5819104102885984,-0.1702376388514201,0.99708854968182,0.7454467076193556,-0.837006327732926,-0.21403631284916202,2
1776691078.39065,819,1776691078.39065,1776691078.340558,1776691078.140805,1776691078.257321,0.8012484296563931,-0.9713974172967226,0.08860491573405298,0.9444444444444445,0.4,0.0,0.40482815520944176,0.1339489799070256,0.7680496325181074,-0.4382616528396963,0.5733792767750778,-0.04917955198379455,0.99708854968182,0.7454467076193556,-0.837006327732926,-0.21403631284916202,2
1776691078.440593,820,1776691078.440593,1776691078.440636,1776691078.140805,1776691078.405797,0.8018255369975911,-0.9728122268381261,0.12164986639151255,0.888888888888889,-0.26666666666666666,0.0,-0.019498587784393215,-0.7528871102256405,0.6955651277315189,0.897391043256333,0.24402756606504672,-0.22068087482902404,0.99708854968182,0.7584869059165859,-0.8363517346716125,-0.21717877094972068,2
1776691078.490721,821,1776691078.490721,1776691078.490782,1776691078.140805,1776691078.405797,0.8023730328866323,-0.9704962647225802,0.07524406698944362,0.8402777777777778,0.26666666666666666,0.0,0.03621155214874872,-0.354503544456285,0.8393896006455199,-0.06086695430246144,-0.06484814326155738,-0.08322802633384922,0.99708854968182,0.7584869059165859,-0.8363517346716125,-0.21717877094972068,2
1776691078.540621,822,1776691078.540621,1776691078.54066,1776691078.140805,1776691078.405797,0.8029677897366618,-0.9683605331218629,0.04883985501494828,0.9166666666666667,0.26666666666666666,0.0,-0.7242341475984574,0.024249409257285824,0.7004291693570639,-0.26782765350547966,0.1484622183509037,0.19041398666269102,0.99708854968182,0.7584869059165859,-0.8363517346716125,-0.21717877094972068,2
1776691078.590678,823,1776691078.590678,1776691078.54066,1776691078.140805,1776691078.554542,0.8034830109484282,-0.972686065477746,0.12961346138582427,0.7916666666666667,-0.6666666666666667,0.0,-0.7242341475984574,0.024249409257285824,0.7004291693570639,-0.26782765350547966,0.1484622183509037,0.19041398666269102,0.99708854968182,0.7698027804720338,-0.8377700196377919,-0.22486033519553073,2
1776691078.640763,824,1776691078.640763,1776691078.590733,1776691078.140805,1776691078.554542,0.8039983675784211,-0.969468950788058,0.07659338042701802,0.7916666666666667,0.4,0.0,0.5487460813830477,0.7909929110874299,0.9134954792157293,-0.563481132875988,-0.18600689151626168,0.3190399787966131,0.99708854968182,0.7698027804720338,-0.8377700196377919,-0.22486033519553073,2
1776691078.690717,825,1776691078.690717,1776691078.640806,1776691078.140805,1776691078.554542,0.8045507836630189,-0.9678018185258946,0.055454136571685596,0.8506944444444445,0.2,0.0,-0.17920119590096564,-0.468821912307526,0.870863083167777,0.5043504370018864,-0.47098646034816255,0.007567905266296554,0.99708854968182,0.7698027804720338,-0.8377700196377919,-0.22486033519553073,2
1776691078.740728,826,1776691078.740728,1776691078.69078,1776691078.741156,1776691078.699484,0.8051377765347388,-0.9675585073308762,0.04883985501494828,0.9027777777777779,0.0,0.0,0.445682671776877,-0.1293301827055244,0.8121124602140769,-0.19478078105520125,0.32764164115439304,-0.1525839261289147,0.99708854968182,0.7819808168983727,-0.843770456033166,-0.22625698324022347,2
1776691078.790756,827,1776691078.790756,1776691078.790805,1776691078.741156,1776691078.699484,0.805738446647318,-0.9700366769097677,0.11236341508585337,0.9236111111111113,-0.4,0.0,-0.40297081421079306,-0.8140878623608087,0.6907963578604818,0.8434756499546353,0.25085503477781906,-0.22193982592398015,0.99708854968182,0.7819808168983727,-0.843770456033166,-0.22625698324022347,2
1776691078.840772,828,1776691078.840772,1776691078.840816,1776691078.741156,1776691078.699484,0.8062960989033335,-0.9691175012841424,0.10178056459507369,0.857638888888889,0.06666666666666667,0.0,0.4428970483568393,0.13510440315680552,0.7596566294352091,-0.45912939041663675,0.6126276147411839,0.10844964432265118,0.99708854968182,0.7819808168983727,-0.843770456033166,-0.22625698324022347,2
1776691078.890805,829,1776691078.890805,1776691078.840816,1776691078.741156,1776691078.845391,0.8069147796400141,-0.9663870089844911,0.055454136571685596,0.9513888888888891,0.33333333333333337,0.0,0.4428970483568393,0.13510440315680552,0.7596566294352091,-0.45912939041663675,0.6126276147411839,0.10844964432265118,0.99708854968182,0.7946977044940189,-0.8529347588915558,-0.2388268156424581,2
1776691078.940835,830,1776691078.940835,1776691078.940871,1776691078.741156,1776691078.845391,0.8074839875846765,-0.9661436977894727,0.07267772574542954,0.8750000000000001,0.0,0.0,-0.04271108141021313,-0.7517326522417335,0.7072007189310238,0.8330450448098273,0.2252552294823677,-0.13240757831764377,0.99708854968182,0.7946977044940189,-0.8529347588915558,-0.2388268156424581,2
1776691078.99108,831,1776691078.99108,1776691078.940871,1776691078.741156,1776691078.99083,0.8080327473771634,-0.9644855770530508,0.0327803793951901,0.8402777777777778,0.2,0.0,-0.04271108141021313,-0.7517326522417335,0.7072007189310238,0.8330450448098273,0.2252552294823677,-0.13240757831764377,0.99708854968182,0.8070912813880806,-0.8619899629063933,-0.2527932960893855,2
1776691079.040922,832,1776691079.040922,1776691078.991138,1776691078.741156,1776691078.99083,0.8086357647389988,-0.9661346862637313,0.07236024023070614,0.9305555555555557,-0.26666666666666666,0.0,-0.22748352415125417,-0.5808313641909528,0.8855507189748727,0.333909910380345,-0.32252424199725876,-0.08575066142261473,0.99708854968182,0.8070912813880806,-0.8619899629063933,-0.2527932960893855,2
1776691079.09097,833,1776691079.09097,1776691079.040967,1776691078.741156,1776691078.99083,0.8091506248354952,-0.97081166812353,0.16498663915125542,0.7916666666666667,-0.7333333333333333,0.0,-0.6220982442578049,0.3187066595623098,0.7145446165598892,-0.22087034849187026,0.06484814326155738,-0.16771973666150783,0.99708854968182,0.8070912813880806,-0.8619899629063933,-0.2527932960893855,2
1776691079.140921,834,1776691079.140921,1776691079.091028,1776691078.741156,1776691079.13929,0.8096626411492385,-0.9652245221638476,0.06050744768103289,0.7881944444444445,0.7333333333333333,0.0,0.5654598219032739,0.5484988185145716,0.7072960704108493,0.6417367806113458,0.3532414464498444,-0.14249811867270584,0.99708854968182,0.8220713438948163,-0.8700632773292604,-0.267108938547486,2
1776691079.190942,835,1776691079.190942,1776691079.140963,1776691078.741156,1776691079.13929,0.8102045397515916,-0.9627193180077319,0.02479032727465143,0.8333333333333334,0.33333333333333337,0.0,0.026926399467246613,-0.6431875395759008,0.8809727317888041,0.4399979112680561,-0.4505104589647354,-0.011349491450018222,0.99708854968182,0.8220713438948163,-0.8700632773292604,-0.267108938547486,2
1776691079.241065,836,1776691079.241065,1776691079.190997,1776691078.741156,1776691079.13929,0.810761063522388,-0.9580964053023817,-0.07069344127840835,0.8541666666666667,0.6666666666666667,0.0,0.24233992367283166,-0.3048502679578063,0.7381020128490104,0.01043713243213253,-0.07849667593221207,0.20807243228404967,0.99708854968182,0.8220713438948163,-0.8700632773292604,-0.267108938547486,2
1776691079.291013,837,1776691079.291013,1776691079.291078,1776691078.741156,1776691079.282223,0.8113472438847499,-0.9620164189999009,-0.020477815699658702,0.9027777777777779,-0.5333333333333333,0.0,-0.06313795161599534,-0.4722862515251201,0.7638530512513407,0.45565034627259254,-0.2952207719010594,0.14502075376147136,0.99708854968182,0.8336027589179869,-0.8756273183504255,-0.2905027932960894,2
1776691079.342183,838,1776691079.342183,1776691079.342324,1776691079.342712,1776691079.282223,0.8119197470062528,-0.9644044733213781,0.036352091435828245,0.8611111111111112,-0.33333333333333337,0.0,0.43825408393815285,0.9722862515251202,0.7302812780957002,-0.5756545237364804,0.6945380250297821,0.08700961251757089,0.9971717339766253,0.8336027589179869,-0.8756273183504255,-0.2905027932960894,2
1776691079.391071,839,1776691079.391071,1776691079.391111,1776691079.342712,1776691079.282223,0.8125336429656032,-0.964233254332291,0.019525359155488534,0.9652777777777779,0.0,0.0,-0.5886723155290938,0.47806047197640117,0.7505007347883895,-0.13391382675273983,-0.3037519054145798,-0.023957933994992592,0.9971717339766253,0.8336027589179869,-0.8756273183504255,-0.2905027932960894,2
1776691079.441052,840,1776691079.441052,1776691079.441095,1776691079.342712,1776691079.427658,0.8131089447304504,-0.9695590660454723,0.1305923750562214,0.8854166666666667,-0.8,0.0,0.5283192111772655,-0.6131639098673338,0.7003337381519209,0.7982611306567103,0.29351710710031126,-0.24463880882401662,0.9971717339766253,0.8431943097316521,-0.8765001090988436,-0.30970670391061456,2
1776691079.491091,841,1776691079.491091,1776691079.441095,1776691079.342712,1776691079.427658,0.8136622636032236,-0.968108210401103,0.10810381776331457,0.8506944444444445,0.13333333333333333,0.0,0.5283192111772655,-0.6131639098673338,0.7003337381519209,0.7982611306567103,0.29351710710031126,-0.24463880882401662,0.9971717339766253,0.8431943097316521,-0.8765001090988436,-0.30970670391061456,2
1776691079.541145,842,1776691079.541145,1776691079.491135,1776691079.342712,1776691079.427658,0.8142405897084586,-0.9667384584884067,0.07765166547609599,0.888888888888889,0.13333333333333333,0.0,-0.2432682060942207,-0.5600462941512611,0.8763948243280532,0.33738895452438916,-0.5597243393495331,-0.23581195246276393,0.9971717339766253,0.8431943097316521,-0.8765001090988436,-0.30970670391061456,2
1776691079.591205,843,1776691079.591205,1776691079.59125,1776691079.342712,1776691079.573778,0.8147603700005115,-0.9686849480485542,0.1319416884937958,0.7986111111111112,-0.33333333333333337,0.0,0.15227479643371902,0.11316390986733386,0.8689555752193623,-0.6017375638858247,-0.3242343115528969,0.04287533071130736,0.9971717339766253,0.8524625498437333,-0.8784638882827842,-0.32786312849162014,2
1776691079.641154,844,1776691079.641154,1776691079.59125,1776691079.342712,1776691079.573778,0.8152924282117513,-0.9659093981201958,0.09760033865121572,0.8194444444444444,0.33333333333333337,0.0,0.15227479643371902,0.11316390986733386,0.8689555752193623,-0.6017375638858247,-0.3242343115528969,0.04287533071130736,0.9971717339766253,0.8524625498437333,-0.8784638882827842,-0.32786312849162014,2
1776691079.691242,845,1776691079.691242,1776691079.691284,1776691079.342712,1776691079.573778,0.8158350039052361,-0.9641521506006182,0.07109029817181259,0.8333333333333334,0.2,0.0,0.20705665394547196,0.04041568209547638,0.7825464856402345,-0.2800010443659719,0.4590415924782559,-0.1311486272226876,0.9971717339766253,0.8524625498437333,-0.8784638882827842,-0.32786312849162014,2
1776691079.741222,846,1776691079.741222,1776691079.691284,1776691079.342712,1776691079.719231,0.8164327850956534,-0.960232136903099,0.0102653649760563,0.920138888888889,0.5333333333333333,0.0,0.20705665394547196,0.04041568209547638,0.7825464856402345,-0.2800010443659719,0.4590415924782559,-0.1311486272226876,0.9971717339766253,0.8602220066817545,-0.8813004582151429,-0.35195530726256985,2
1776691079.791286,847,1776691079.791286,1776691079.741265,1776691079.342712,1776691079.719231,0.817036163572759,-0.9619893844226766,0.036748948329232485,0.9270833333333335,-0.26666666666666666,0.0,0.06592357503603304,-0.15588947319649724,0.7795898722377868,-0.4208664321194754,-0.288393303188287,0.19041398666269102,0.9971717339766253,0.8602220066817545,-0.8813004582151429,-0.35195530726256985,2
1776691079.84132,848,1776691079.84132,1776691079.841362,1776691079.342712,1776691079.719231,0.8175985103272874,-0.9622867647721436,0.057941106437018816,0.8645833333333334,-0.06666666666666667,0.0,0.3026922518687893,0.3337184744165933,0.7444920767783509,-0.44521974112778473,0.6638208205771965,-0.0390937445275857,0.9971717339766253,0.8602220066817545,-0.8813004582151429,-0.35195530726256985,2
1776691079.891293,849,1776691079.891293,1776691079.891332,1776691079.342712,1776691079.865045,0.8181782357541945,-0.9575286791806721,-0.034632378231076545,0.8923611111111112,0.6666666666666667,0.0,-0.6443824554622358,-0.3314085931829063,0.6914639776698952,-0.14435095918487234,0.14164115439302138,0.1197991357726694,0.9971717339766253,0.8647483565039337,-0.8850098188959198,-0.37360335195530725,2
1776691079.941326,850,1776691079.941326,1776691079.941366,1776691079.94181,1776691079.865045,0.8187201794959563,-0.9581144283538646,0.017011932163928357,0.8333333333333334,-0.06666666666666667,0.0,0.391829096686513,-0.8614322228914731,0.7107296006630595,0.737394176354249,0.38395865090243,0.33543474042416244,0.997005365387015,0.8647483565039337,-0.8850098188959198,-0.37360335195530725,2
1776691079.99142,851,1776691079.99142,1776691079.99146,1776691079.94181,1776691079.865045,0.8192583766667897,-0.9539871495642928,-0.0519088816572744,0.826388888888889,0.6,0.0,-0.19498587784393215,-0.48383372716180945,0.8652360702529932,-0.7165199114899838,0.5511932058360126,0.02900320417252363,0.997005365387015,0.8647483565039337,-0.8850098188959198,-0.37360335195530725,2
1776691080.041418,852,1776691080.041418,1776691079.99146,1776691079.94181,1776691080.011423,0.8198451438414658,-0.9564653191431841,-0.017514617562240393,0.9027777777777779,-0.33333333333333337,0.0,-0.19498587784393215,-0.48383372716180945,0.8652360702529932,-0.7165199114899838,0.5511932058360126,0.02900320417252363,0.997005365387015,0.8693824765599741,-0.888500981889592,-0.39385474860335196,2
1776691080.141471,854,1776691080.141471,1776691080.091536,1776691079.94181,1776691080.011423,0.8209402710377744,-0.9636835512620643,0.14006402624546924,0.8715277777777779,-0.06666666666666667,0.0,0.14484698475086563,0.18129334043769016,0.8107773003205675,0.0,-0.029007134896947496,-0.1311486272226876,0.997005365387015,0.8693824765599741,-0.888500981889592,-0.39385474860335196,2
1776691080.191437,855,1776691080.191437,1776691080.191475,1776691079.94181,1776691080.157784,0.8214883537391298,-0.9622056610404708,0.10834193189935709,0.84375,0.13333333333333333,0.0,0.27483756998015374,0.4284062302120496,0.7418215975406971,0.1791283460506648,-0.3361791794228035,-0.12358072195639107,0.997005365387015,0.8705679491324496,-0.8907920576041894,-0.4151536312849162,2
1776691080.241464,856,1776691080.241464,1776691080.191475,1776691079.94181,1776691080.157784,0.8220844196320137,-0.9567626994926511,0.031563351588750434,0.9166666666666667,0.7333333333333333,0.0,0.27483756998015374,0.4284062302120496,0.7418215975406971,0.1791283460506648,-0.3361791794228035,-0.12358072195639107,0.997005365387015,0.8705679491324496,-0.8907920576041894,-0.4151536312849162,2
1776691080.291487,857,1776691080.291487,1776691080.241504,1776691079.94181,1776691080.157784,0.8226760618628375,-0.9588713965161442,0.06730692912135884,0.9097222222222223,-0.33333333333333337,0.0,-0.02785545804450633,-0.34988474725478386,0.7614687061784808,-0.26434860936143545,-0.3242343115528969,0.030266888166332995,0.997005365387015,0.8705679491324496,-0.8907920576041894,-0.4151536312849162,2
1776691080.341522,858,1776691080.341522,1776691080.291523,1776691079.94181,1776691080.303483,0.8232451795286823,-0.9585830276924185,0.06995264174405377,0.8750000000000001,0.0,0.0,0.19127197200250542,-0.6709012880507806,0.7135908625856818,0.5826060847372441,-0.09897908207052916,-0.10844964432265118,0.997005365387015,0.8733699752128463,-0.8923194414139209,-0.4301675977653632,2
1776691080.391537,859,1776691080.391537,1776691080.391579,1776691079.94181,1776691080.303483,0.8238366412018711,-0.955122601807712,0.015689075852580895,0.9097222222222223,0.4666666666666667,0.0,-0.5710302925874786,0.031178087692474016,0.7173103675520509,-0.12347669432060729,0.18771055631700975,0.11349491450018222,0.997005365387015,0.8733699752128463,-0.8923194414139209,-0.4301675977653632,2
1776691080.441676,860,1776691080.441676,1776691080.441751,1776691079.94181,1776691080.303483,0.8243640049145984,-0.9582225666627616,0.06079847606952934,0.8090277777777779,-0.4666666666666667,0.0,0.48467984734566333,-0.3152423203447157,0.7889365495695748,0.46260843456068096,0.020476001383427058,0.15510656121768024,0.997005365387015,0.8733699752128463,-0.8923194414139209,-0.4301675977653632,2
1776691080.491613,861,1776691080.491613,1776691080.441751,1776691079.94181,1776691080.448679,0.8248756601130716,-0.9548342329839865,0.003995026060269334,0.7881944444444445,0.4666666666666667,0.0,0.48467984734566333,-0.3152423203447157,0.7889365495695748,0.46260843456068096,0.020476001383427058,0.15510656121768024,0.997005365387015,0.8740165966160147,-0.8909011564477417,-0.42981843575419,2
1776691080.541624,862,1776691080.541624,1776691080.541667,1776691080.542118,1776691080.448679,0.8254445069424637,-0.9548162099325036,0.009286451305659181,0.8750000000000001,0.0,0.0,-0.2674097582973003,0.004618797201501181,0.7567000160327614,0.039999216725521036,-0.1058001460284115,-0.23581195246276393,0.9968805889448072,0.8740165966160147,-0.8909011564477417,-0.42981843575419,2
1776691080.59166,863,1776691080.59166,1776691080.591702,1776691080.542118,1776691080.448679,0.8260091106674308,-0.9570330452648939,0.04503002883826759,0.8680555555555556,-0.33333333333333337,0.0,0.11699152670635929,-0.15588947319649724,0.7935145367556435,-0.4156511295470715,-0.29863450625744553,-0.16897868775646394,0.9968805889448072,0.8740165966160147,-0.8909011564477417,-0.42981843575419,2
1776691080.641695,864,1776691080.641695,1776691080.591702,1776691080.542118,1776691080.595393,0.8265601274303566,-0.9550414980760393,0.02119215810778633,0.8472222222222223,0.26666666666666666,0.0,0.11699152670635929,-0.15588947319649724,0.7935145367556435,-0.4156511295470715,-0.29863450625744553,-0.16897868775646394,0.9968805889448072,0.8734777454467076,-0.8883918830460398,-0.4333100558659218,2
1776691080.691731,865,1776691080.691731,1776691080.691773,1776691080.542118,1776691080.595393,0.8271203074932638,-0.9540502302444828,-0.005291425245389846,0.8611111111111112,0.13333333333333333,0.0,0.29062225192312025,0.06697497258644922,0.7552693452087914,-0.4139148711187117,0.6040964812276635,0.15762919630644573,0.9968805889448072,0.8734777454467076,-0.8883918830460398,-0.4333100558659218,2
1776691080.741759,866,1776691080.741759,1776691080.741813,1776691080.542118,1776691080.741273,0.8277389882299444,-0.9518243833863511,-0.03971214646665079,0.9513888888888891,0.33333333333333337,0.0,-0.010213435102891103,-0.23672083738745,0.7971387699675047,-0.2904316495107798,-0.3822549861016819,0.22068087482902404,0.9968805889448072,0.8711068003017567,-0.8853371154265766,-0.43715083798882687,2
1776691080.791793,867,1776691080.791793,1776691080.741813,1776691080.542118,1776691080.741273,0.8283307207395858,-0.954248483810794,0.007963594994311719,0.9097222222222223,-0.33333333333333337,0.0,-0.010213435102891103,-0.23672083738745,0.7971387699675047,-0.2904316495107798,-0.3822549861016819,0.22068087482902404,0.9968805889448072,0.8711068003017567,-0.8853371154265766,-0.43715083798882687,2
1776691080.841801,868,1776691080.841801,1776691080.841861,1776691080.542118,1776691080.741273,0.8288927515182527,-0.9555731780947831,0.023837870730481256,0.8645833333333334,-0.2,0.0,0.2618385114572249,0.6824477984215972,0.7226513260273583,-0.634785219610582,0.8583588456069786,-0.060529043433812775,0.9968805889448072,0.8711068003017567,-0.8853371154265766,-0.43715083798882687,2
1776691080.892395,869,1776691080.892395,1776691080.892447,1776691080.542118,1776691080.886814,0.8295002828209658,-0.9550054519730736,0.023837870730481256,0.9236111111111113,0.06666666666666667,0.0,-0.630455114517918,0.2563514494432346,0.7215069488188176,-0.2260856510642742,-0.2747447705176323,-0.19041398666269102,0.9968805889448072,0.8657182886086864,-0.8811913593715907,-0.4437849162011173,2
1776691080.941829,870,1776691080.941829,1776691080.892447,1776691080.542118,1776691080.886814,0.8300313931046214,-0.9589164541448513,0.09707119612667672,0.826388888888889,-0.6,0.0,-0.630455114517918,0.2563514494432346,0.7215069488188176,-0.2260856510642742,-0.2747447705176323,-0.19041398666269102,0.9968805889448072,0.8657182886086864,-0.8811913593715907,-0.4437849162011173,2
1776691080.991893,871,1776691080.991893,1776691080.941874,1776691080.542118,1776691080.886814,0.8305601109996119,-0.955374924528472,0.0308490091806228,0.8125000000000001,0.4666666666666667,0.0,0.32590552165048,-0.4330259926794236,0.7664281790091689,0.5217391304347826,0.0614344089051712,-0.10592700923388566,0.9968805889448072,0.8657182886086864,-0.8811913593715907,-0.4437849162011173,2
1776691081.041984,872,1776691081.041984,1776691081.042053,1776691080.542118,1776691081.033123,0.831114061824108,-0.9534374464940658,0.0016932560785247507,0.8506944444444445,0.26666666666666666,0.0,-0.510677964391521,-0.30023147075630513,0.7532665655058687,0.07478313087863815,0.0614344089051712,0.15510656121768024,0.9968805889448072,0.8562345080288825,-0.8727907484180668,-0.43924581005586594,2
1776691081.091936,873,1776691081.091936,1776691081.042053,1776691080.542118,1776691081.033123,0.8316710369889919,-0.9529778586812533,-0.019445987776807686,0.857638888888889,0.06666666666666667,0.0,-0.510677964391521,-0.30023147075630513,0.7532665655058687,0.07478313087863815,0.0614344089051712,0.15510656121768024,0.9968805889448072,0.8562345080288825,-0.8727907484180668,-0.43924581005586594,2
1776691081.141933,874,1776691081.141933,1776691081.091986,1776691081.142455,1776691081.033123,0.8322510332523518,-0.9553208553740233,0.016271132629573776,0.8923611111111112,-0.33333333333333337,0.0,-0.033425928728711016,-0.13625886114071262,0.8046732908307035,-0.3721728686775063,-0.36860004867613716,0.5069360632693919,0.9968389967974046,0.8562345080288825,-0.8727907484180668,-0.43924581005586594,2
1776691081.191961,875,1776691081.191961,1776691081.192005,1776691081.142455,1776691081.178628,0.8328065639561552,-0.9556993394551632,0.034791120988438236,0.8541666666666667,-0.06666666666666667,0.0,0.2869083460816935,0.7736721802653322,0.7346685623221179,0.19825982519924545,-0.11774501389831812,-0.17150132284522945,0.9968389967974046,0.8487983618924453,-0.8665721143355881,-0.4186452513966481,2
1776691081.241988,876,1776691081.241988,1776691081.242032,1776691081.142455,1776691081.178628,0.8334252446928356,-0.9537348268435328,-0.010212450723602403,0.9513888888888891,0.26666666666666666,0.0,-0.23026914757129188,-0.21824468331557242,0.7548879392894895,-0.07130408673459397,-0.3122894436829902,-0.06431062961753443,0.9968389967974046,0.8487983618924453,-0.8665721143355881,-0.4186452513966481,2
1776691081.292041,877,1776691081.292041,1776691081.292092,1776691081.142455,1776691081.178628,0.8340081750177657,-0.9582946588686931,0.08646188850967008,0.8958333333333334,-0.6666666666666667,0.0,0.6490246437250514,-0.37990741169747794,0.7728183226638269,0.6591320013315666,-0.08873787900137062,-0.20933138337900578,0.9968389967974046,0.8487983618924453,-0.8665721143355881,-0.4186452513966481,2
1776691081.342138,878,1776691081.342138,1776691081.342183,1776691081.142455,1776691081.325371,0.8345690321718046,-0.9579251863132948,0.089107601132365,0.8611111111111112,0.0,0.0,-0.2432682060942207,0.34642040803718976,0.716356693303161,-0.5147810421466943,0.7866896383875389,-0.21689928864530236,0.9968389967974046,0.8406078241189784,-0.8587169975998254,-0.401536312849162,2
1776691081.392108,879,1776691081.392108,1776691081.392149,1776691081.142455,1776691081.325371,0.8351577403410582,-0.9561769503194587,0.058708363097600344,0.9062500000000001,0.2,0.0,-0.4289689312566507,-0.10854511266583267,0.7548879392894895,-0.06260974001814586,0.19112429067339592,-0.3127357575241259,0.9968389967974046,0.8406078241189784,-0.8587169975998254,-0.401536312849162,2
1776691081.442161,880,1776691081.442161,1776691081.392149,1776691081.142455,1776691081.325371,0.8356887152064874,-0.9600068487595635,0.13683625684578143,0.8159722222222222,-0.6,0.0,-0.4289689312566507,-0.10854511266583267,0.7548879392894895,-0.06260974001814586,0.19112429067339592,-0.3127357575241259,0.9968389967974046,0.8406078241189784,-0.8587169975998254,-0.401536312849162,2
1776691081.492546,881,1776691081.492546,1776691081.442264,1776691081.142455,1776691081.470912,0.8362026273753994,-0.9562941001540971,0.06619572981982698,0.7847222222222223,0.4666666666666667,0.0,0.4289689312566507,0.02309495127337874,0.8744873163796382,0.012173390860492288,-0.17917942280348934,0.15510656121768024,0.9968389967974046,0.8331716779825413,-0.8498799912720926,-0.37185754189944137,2
1776691081.542128,882,1776691081.542128,1776691081.492601,1776691081.142455,1776691081.470912,0.8367509809132073,-0.9555731780947831,0.05569225070772813,0.8506944444444445,0.06666666666666667,0.0,-0.04271108141021313,-0.15588947319649724,0.8684787380949173,0.5130447837183345,-0.365186314319751,0.06431062961753443,0.9968389967974046,0.8331716779825413,-0.8498799912720926,-0.37185754189944137,2
1776691081.592182,883,1776691081.592182,1776691081.592225,1776691081.142455,1776691081.470912,0.8373519218622391,-0.9544197027998811,0.031854379977246876,0.9236111111111113,0.13333333333333333,0.0,0.09006512723911268,-0.004618797201501181,0.7815927316660272,-0.34782608695652173,-0.24402756606504672,0.143757069767662,0.9968389967974046,0.8331716779825413,-0.8498799912720926,-0.37185754189944137,2
1776691081.642529,884,1776691081.642529,1776691081.642591,1776691081.142455,1776691081.616275,0.8379177443512431,-0.9533743658138759,0.011879249675900205,0.8645833333333334,0.13333333333333333,0.0,-0.27483756998015374,-0.43418045066333066,0.7909394089978153,0.7026102622011318,0.08532414464498445,-0.09457751778386744,0.9968389967974046,0.8283220174587779,-0.8412611826314641,-0.3397346368715084,2
1776691081.692597,885,1776691081.692597,1776691081.642591,1776691081.142455,1776691081.616275,0.8384647888461965,-0.9533293081851688,0.017170674921290048,0.8402777777777778,0.0,0.0,-0.27483756998015374,-0.43418045066333066,0.7909394089978153,0.7026102622011318,0.08532414464498445,-0.09457751778386744,0.9968389967974046,0.8283220174587779,-0.8412611826314641,-0.3397346368715084,2
1776691081.74228,886,1776691081.74228,1776691081.692636,1776691081.742799,1776691081.616275,0.8390254654426004,-0.9474357703502779,-0.0997962801280525,0.8680555555555556,0.8666666666666667,0.0,0.05013889309306653,-0.17436466200250197,0.7407724920866642,-0.2852163469383759,0.537544673165358,-0.10340437414512015,0.9967558125025995,0.8283220174587779,-0.8412611826314641,-0.3397346368715084,2
1776691081.792264,887,1776691081.792264,1776691081.742325,1776691081.742799,1776691081.763269,0.8395939511567223,-0.9514639223566942,-0.009894965208879012,0.8750000000000001,-0.5333333333333333,0.0,-0.16434557253525883,-0.3741341565120697,0.7918931629720227,-0.21391226020378193,-0.2866896383875389,0.38840061149053184,0.9967558125025995,0.8246578295074901,-0.8300240017455816,-0.31354748603351956,2
1776691081.842332,888,1776691081.842332,1776691081.842376,1776691081.742799,1776691081.763269,0.8401522353644608,-0.9515089799854014,-0.011217821520226474,0.857638888888889,0.0,0.0,-0.12441933838921268,0.825635337997498,0.7053885624624343,-0.6973884323414032,0.6877105563170097,-0.08196907523889307,0.9967558125025995,0.8246578295074901,-0.8300240017455816,-0.31354748603351956,2
1776691081.892359,889,1776691081.892359,1776691081.892422,1776691081.742799,1776691081.763269,0.8407483463967536,-0.9533653542881345,0.021880043389687014,0.9166666666666667,-0.26666666666666666,0.0,-0.35004629769768886,0.38914597136635315,0.7539341853152821,-0.001736258428359758,-0.006827468712772363,-0.17654659302276052,0.9967558125025995,0.8246578295074901,-0.8300240017455816,-0.31354748603351956,2
1776691081.94238,890,1776691081.94238,1776691081.942424,1776691081.742799,1776691081.908526,0.8412835192271989,-0.9586821544755744,0.13040717517263276,0.8229166666666667,-0.8,0.0,0.32126255723179353,0.32101654079599684,0.8796375718952948,-0.33565269609602943,-0.153586022262928,-0.07692380506136204,0.9967558125025995,0.8229335057657075,-0.8193323150774602,-0.2772346368715084,2
1776691081.992414,891,1776691081.992414,1776691081.942424,1776691081.742799,1776691081.908526,0.8418051953744203,-0.9559156160729574,0.08408074714924466,0.8020833333333335,0.33333333333333337,0.0,0.32126255723179353,0.32101654079599684,0.8796375718952948,-0.33565269609602943,-0.153586022262928,-0.07692380506136204,0.9967558125025995,0.8229335057657075,-0.8193323150774602,-0.2772346368715084,2
1776691082.042433,892,1776691082.042433,1776691081.992455,1776691081.742799,1776691081.908526,0.8423628476304361,-0.956014742856113,0.09863216657406673,0.857638888888889,-0.06666666666666667,0.0,-0.1457752671722546,-0.18822201887287834,0.815545990466287,-0.24695338864121458,-0.08362047984423636,-0.10718596032884181,0.9967558125025995,0.8229335057657075,-0.8193323150774602,-0.2772346368715084,2
1776691082.092489,893,1776691082.092489,1776691082.092567,1776691081.742799,1776691082.056593,0.8429636983006502,-0.9537618614207571,0.05889356298118899,0.9236111111111113,0.26666666666666666,0.0,0.008356870260113117,-0.15127067599499605,0.7817835143509956,-0.6243480871784495,-0.211606696811713,0.05800640834504726,0.9967558125025995,0.821209182023925,-0.8080951341915776,-0.2573324022346369,2
1776691082.142498,894,1776691082.142498,1776691082.092567,1776691081.742799,1776691082.056593,0.843521350556666,-0.952608386125855,0.03243643675423976,0.857638888888889,0.13333333333333333,0.0,0.008356870260113117,-0.15127067599499605,0.7817835143509956,-0.6243480871784495,-0.211606696811713,0.05800640834504726,0.9967558125025995,0.821209182023925,-0.8080951341915776,-0.2573324022346369,2
1776691082.192564,895,1776691082.192564,1776691082.142542,1776691081.742799,1776691082.056593,0.8440818465954346,-0.950670908091449,-0.0006878852819006799,0.8611111111111112,0.26666666666666666,0.0,-0.35654582695915327,-0.5254038672411929,0.7672865017782333,0.8695652173913043,0.14675855355015563,-0.1109722794114167,0.9967558125025995,0.821209182023925,-0.8080951341915776,-0.2573324022346369,2
1776691082.24253,896,1776691082.24253,1776691082.242571,1776691081.742799,1776691082.199252,0.8446637838533717,-0.9475168740819508,-0.05751779241738763,0.8958333333333334,0.4666666666666667,0.0,-0.061281386773217345,-0.13510440315680552,0.7692894409317912,-0.21391226020378193,-0.13139995132386284,0.21059033447396194,0.9967558125025995,0.8220713438948163,-0.8012219070477854,-0.2360335195530726,2
1776691082.292572,897,1776691082.292572,1776691082.242571,1776691081.742799,1776691082.199252,0.8452080748443899,-0.952265948147681,0.03516152075561553,0.8368055555555556,-0.6666666666666667,0.0,-0.061281386773217345,-0.13510440315680552,0.7692894409317912,-0.21391226020378193,-0.13139995132386284,0.21059033447396194,0.9967558125025995,0.8220713438948163,-0.8012219070477854,-0.2360335195530726,2
1776691082.342632,898,1776691082.342632,1776691082.342681,1776691082.343158,1776691082.199252,0.8457526366718605,-0.9512206111616758,0.01132365002513427,0.8368055555555556,0.13333333333333333,0.0,-0.1383474554894012,0.38221729293116496,0.7197902235553713,-0.4765246111368576,0.5443657371232403,-0.1311486272226876,0.9967974046500021,0.8220713438948163,-0.8012219070477854,-0.2360335195530726,2
1776691082.392655,899,1776691082.392655,1776691082.342681,1776691082.343158,1776691082.34552,0.8463510046745921,-0.9520676945813695,0.03248935100669365,0.920138888888889,-0.13333333333333333,0.0,-0.1383474554894012,0.38221729293116496,0.7197902235553713,-0.4765246111368576,0.5443657371232403,-0.1311486272226876,0.9967974046500021,0.8248733699752129,-0.796421557931486,-0.21368715083798884,2
1776691082.442647,900,1776691082.442647,1776691082.44269,1776691082.343158,1776691082.34552,0.8469196709463491,-0.9555371319918176,0.10260073550810911,0.8750000000000001,-0.5333333333333333,0.0,0.305477875288827,0.32794425396531224,0.8612302716711949,-0.4852189578533057,-0.2252552294823677,-0.016394761627549256,0.9967974046500021,0.8248733699752129,-0.796421557931486,-0.21368715083798884,2
1776691082.492686,901,1776691082.492686,1776691082.44269,1776691082.343158,1776691082.490742,0.8474549340556121,-0.9542214492335698,0.07876286477762787,0.8229166666666667,0.13333333333333333,0.0,0.305477875288827,0.32794425396531224,0.8612302716711949,-0.4852189578533057,-0.2252552294823677,-0.016394761627549256,0.9967974046500021,0.8269210044185796,-0.7944577787475453,-0.200768156424581,2
1776691082.542685,902,1776691082.542685,1776691082.492731,1776691082.343158,1776691082.490742,0.8480236906061867,-0.9538790112553956,0.07347143953223802,0.8750000000000001,0.0,0.0,-0.16527385495664781,-0.5762125669894516,0.8252741534426946,0.5721754795924362,0.0870278094457325,0.05296113816751622,0.9967974046500021,0.8269210044185796,-0.7944577787475453,-0.200768156424581,2
1776691082.592703,903,1776691082.592703,1776691082.542729,1776691082.343158,1776691082.490742,0.8486219683301006,-0.9503915507934648,0.015239304706722757,0.920138888888889,0.4666666666666667,0.0,-0.18941540715972746,-0.08891450061004803,0.8053409106401169,-0.02608956743666899,-0.16553089013283462,0.10088173905635463,0.9967974046500021,0.8269210044185796,-0.7944577787475453,-0.200768156424581,2
1776691082.642742,904,1776691082.642742,1776691082.592745,1776691082.343158,1776691082.636383,0.8491911762747629,-0.9498778938262037,0.004656454215943065,0.8750000000000001,0.06666666666666667,0.0,0.10306418576204147,-0.06812943057035631,0.8019074601132243,-0.30086878194291233,-0.23891016690791245,0.14627970485642752,0.9967974046500021,0.8282142472249164,-0.7921667030329479,-0.19832402234636873,2
1776691082.692719,905,1776691082.692719,1776691082.69277,1776691082.343158,1776691082.636383,0.8497641307903537,-0.9512115996359344,0.031087123316665348,0.8819444444444445,-0.2,0.0,0.08542216282042626,0.4665129963397118,0.7289461182021908,-0.4730455669928134,0.7423174965094086,-0.08575066142261473,0.9967974046500021,0.8282142472249164,-0.7921667030329479,-0.19832402234636873,2
1776691082.742786,906,1776691082.742786,1776691082.742831,1776691082.343158,1776691082.636383,0.8503584362462953,-0.9497156863628581,-0.0006878852819006799,0.9131944444444445,0.2,0.0,0.1504174554350703,-0.24826831302413935,0.7728183226638269,-0.20869695763137797,-0.16040708622081035,-0.22950773119027673,0.9967974046500021,0.8282142472249164,-0.7921667030329479,-0.19832402234636873,2
1776691082.79283,907,1776691082.79283,1776691082.792871,1776691082.343158,1776691082.78473,0.8509299463008052,-0.9551316133334535,0.10389713469322963,0.8784722222222223,-0.8,0.0,0.31290646312755116,-0.04618893728088464,0.8313781629325586,0.7582619139311892,-0.23037262863950198,-0.11727650068390388,0.9967974046500021,0.8296152602651149,-0.7915121099716343,-0.19727653631284917,2
1776691082.842899,908,1776691082.842899,1776691082.842943,1776691082.343158,1776691082.78473,0.8514745984070934,-0.9519956023754382,0.04693494192660794,0.8368055555555556,0.4,0.0,-0.026926399467246613,-0.003464339217594094,0.7268478275688075,-0.41739391526275593,0.6621171557764485,-0.017653712722505405,0.9967974046500021,0.8296152602651149,-0.7915121099716343,-0.19727653631284917,2
1776691082.892813,909,1776691082.892813,1776691082.892852,1776691082.343158,1776691082.78473,0.8520424070300838,-0.9504456199479133,0.01920787364076514,0.8750000000000001,0.2,0.0,-0.41968455473101934,-0.4110854993899519,0.7573676358421747,0.15130252018563603,0.09726901251489106,0.30769048734659493,0.9967974046500021,0.8296152602651149,-0.7915121099716343,-0.19727653631284917,2
1776691082.942839,910,1776691082.942839,1776691082.942883,1776691082.943267,1776691082.933165,0.8525978925944783,-0.9526173976515964,0.0536285948620261,0.8541666666666667,-0.33333333333333337,0.0,0.11234933844354358,0.3152423203447157,0.8387219011107888,-0.43651886712401194,-0.21501402641320916,0.5409845376194465,0.9968389967974046,0.8299385709666991,-0.7924939995636047,-0.18645251396648047,2
1776691082.992924,911,1776691082.992924,1776691082.992968,1776691082.943267,1776691082.933165,0.8531178534441662,-0.949247087024304,-0.019260787893219042,0.7986111111111112,0.4666666666666667,0.0,-0.27390928755876476,-0.06120075213516811,0.7807344088969628,0.7930458280843063,0.13139995132386284,-0.061792727427622145,0.9968389967974046,0.8299385709666991,-0.7924939995636047,-0.18645251396648047,2
1776691083.042902,912,1776691083.042902,1776691082.992968,1776691082.943267,1776691082.933165,0.8536728424750643,-0.9497787670430481,-0.004709368468396963,0.8541666666666667,-0.06666666666666667,0.0,-0.27390928755876476,-0.06120075213516811,0.7807344088969628,0.7930458280843063,0.13139995132386284,-0.061792727427622145,0.9968389967974046,0.8299385709666991,-0.7924939995636047,-0.18645251396648047,2
1776691083.092937,913,1776691083.092937,1776691083.092982,1776691082.943267,1776691083.080873,0.8542961725708487,-0.9484450612333174,-0.033838664444268064,0.9583333333333335,0.2,0.0,-0.11791980912774828,-0.04272556332916338,0.7470672045361791,-0.06086695430246144,-0.24402756606504672,0.018917396716314774,0.9968389967974046,0.8301541114344219,-0.7918394065022911,-0.17981843575418993,2
1776691083.142987,914,1776691083.142987,1776691083.092982,1776691082.943267,1776691083.080873,0.8548609568534511,-0.9508511386062775,0.005899939148609678,0.8680555555555556,-0.33333333333333337,0.0,-0.11791980912774828,-0.04272556332916338,0.7470672045361791,-0.06086695430246144,-0.24402756606504672,0.018917396716314774,0.9968389967974046,0.8301541114344219,-0.7918394065022911,-0.17981843575418993,2
1776691083.243001,916,1776691083.243001,1776691083.193073,1776691082.943267,1776691083.229515,0.8560076783939904,-0.9480125079977292,-0.044315686430139965,0.8923611111111112,0.4666666666666667,0.0,-0.2971217811845846,0.05658195493366693,0.7444920767783509,-0.391304347826087,0.6075102155840496,-0.22572614500655505,0.9968389967974046,0.8305851923698675,-0.7912939122845297,-0.17597765363128492,2
1776691083.293093,917,1776691083.293093,1776691083.243046,1776691082.943267,1776691083.229515,0.8565435283155676,-0.9518063603348683,0.04050586025345927,0.8229166666666667,-0.5333333333333333,0.0,-0.11142027986628386,-0.31986111754621693,0.7320934345642894,-0.12695573846465147,0.07337927677507781,-0.22193982592398015,0.9968389967974046,0.8305851923698675,-0.7912939122845297,-0.17597765363128492,2
1776691083.3431,918,1776691083.3431,1776691083.293139,1776691082.943267,1776691083.229515,0.8570965312124793,-0.9516351413457813,0.039183003942111806,0.8506944444444445,0.0,0.0,0.24419648851560966,0.09237883982764213,0.8680972524502979,-0.20521791348733381,-0.29351710710031126,0.18410976539020382,0.9968389967974046,0.8305851923698675,-0.7912939122845297,-0.17597765363128492,2
1776691083.393047,919,1776691083.393047,1776691083.393089,1776691082.943267,1776691083.37802,0.8576759858029338,-0.9523650749308366,0.05635367886340186,0.8923611111111112,-0.13333333333333333,0.0,-0.12999058522928808,-0.03348700366028819,0.8064854472992928,0.08869278016749019,-0.16211715577644845,0.06431062961753443,0.9968389967974046,0.8322017458777886,-0.7903120226925595,-0.1878491620111732,2
1776691083.443096,920,1776691083.443096,1776691083.393089,1776691082.943267,1776691083.37802,0.8582769267519654,-0.9530139047842191,0.08548297483927296,0.9236111111111113,-0.13333333333333333,0.0,-0.12999058522928808,-0.03348700366028819,0.8064854472992928,0.08869278016749019,-0.16211715577644845,0.06431062961753443,0.9968389967974046,0.8322017458777886,-0.7903120226925595,-0.1878491620111732,2
1776691083.49317,921,1776691083.49317,1776691083.493215,1776691082.943267,1776691083.37802,0.858808037035621,-0.9504095738449477,0.03910363256343096,0.8159722222222222,0.33333333333333337,0.0,0.026926399467246613,-0.7586603654110488,0.7988554952309511,0.786087739796218,0.23037262863950198,-0.1286259921339221,0.9968389967974046,0.8322017458777886,-0.7903120226925595,-0.1878491620111732,2
1776691083.543249,922,1776691083.543249,1776691083.543296,1776691083.543806,1776691083.526595,0.859339282737503,-0.9507069541944146,0.04839008386909014,0.8159722222222222,-0.06666666666666667,0.0,0.016712964364355508,0.026559290490972835,0.8026704314024632,-0.12869852418033587,-0.1211587482547043,-0.10718596032884181,0.996714220355197,0.8326328268132341,-0.7914030111280821,-0.19553072625698326,2
1776691083.593095,923,1776691083.593095,1776691083.543296,1776691083.543806,1776691083.526595,0.8599219873653893,-0.9469040903315341,-0.014921819191999367,0.8993055555555557,0.5333333333333333,0.0,0.016712964364355508,0.026559290490972835,0.8026704314024632,-0.12869852418033587,-0.1211587482547043,-0.10718596032884181,0.996714220355197,0.8326328268132341,-0.7914030111280821,-0.19553072625698326,2
1776691083.643165,924,1776691083.643165,1776691083.593137,1776691083.543806,1776691083.526595,0.860493723116943,-0.9496706287341511,0.043363229885969794,0.8784722222222223,-0.4,0.0,-0.30640693386608675,-0.1293301827055244,0.7774916613297209,-0.2017388693432896,-0.10751021558404959,0.4337938443917515,0.996714220355197,0.8326328268132341,-0.7914030111280821,-0.19553072625698326,2
1776691083.693269,925,1776691083.693269,1776691083.69331,1776691083.543806,1776691083.674736,0.8610636984315545,-0.9494903982193226,0.043363229885969794,0.8750000000000001,0.0,0.0,-0.2228413358884385,0.7194001065653524,0.7098711981686775,-0.5860851288812882,0.6211587482547043,-0.25598830027403485,0.996714220355197,0.8344649207888781,-0.7960942614008292,-0.2077513966480447,2
1776691083.743162,926,1776691083.743162,1776691083.743205,1776691083.543806,1776691083.674736,0.8616560628929189,-0.9492921446530113,0.048654655131359636,0.9131944444444445,0.0,0.0,-0.1104919974448949,-0.2009239524934748,0.7339055113075613,0.05739443744574192,0.20477922809894067,-0.1803281792064822,0.996714220355197,0.8344649207888781,-0.7960942614008292,-0.2077513966480447,2
1776691083.843431,928,1776691083.843431,1776691083.843476,1776691083.543806,1776691083.823895,0.8627513706468626,-0.956014742856113,0.19565044844828955,0.8402777777777778,-0.06666666666666667,0.0,0.1086354326021169,0.5600462941512611,0.7707200320304435,-0.47130278127712905,0.134813685680249,-0.037830060533776334,0.996714220355197,0.8352193124259081,-0.8027492908575169,-0.22835195530726257,2
1776691083.893336,929,1776691083.893336,1776691083.893379,1776691083.543806,1776691083.823895,0.8633078041388416,-0.9551946940136434,0.1903590232028997,0.857638888888889,0.0,0.0,0.04178279898882414,0.1016164342306445,0.8214591375458649,-0.0904355658831746,-0.17576568844710314,-0.08448697742880536,0.996714220355197,0.8352193124259081,-0.8027492908575169,-0.22835195530726257,2
1776691083.943336,930,1776691083.943336,1776691083.893379,1776691083.543806,1776691083.823895,0.8639035991952726,-0.9525362939199237,0.15464190279651827,0.9166666666666667,0.26666666666666666,0.0,0.04178279898882414,0.1016164342306445,0.8214591375458649,-0.0904355658831746,-0.17576568844710314,-0.08448697742880536,0.996714220355197,0.8352193124259081,-0.8027492908575169,-0.22835195530726257,2
1776691083.9933,931,1776691083.9933,1776691083.943403,1776691083.543806,1776691083.97097,0.8644244628331362,-0.9487784876857501,0.09648913934968385,0.8020833333333335,0.4666666666666667,0.0,-0.18013025447822537,-0.18244779842159722,0.7486885783198001,-0.4730455669928134,-0.2252552294823677,0.07061958378887485,0.996714220355197,0.8330639077486799,-0.8098407156884136,-0.25174581005586594,2
1776691084.043322,932,1776691084.043322,1776691083.993341,1776691083.543806,1776691083.97097,0.8649799935369396,-0.948372969027386,0.08323411910998228,0.8541666666666667,0.0,0.0,0.1392757379107902,-1.0,0.7803528435270256,0.963479827418523,0.1365173504809971,-0.10970859541760733,0.996714220355197,0.8330639077486799,-0.8098407156884136,-0.25174581005586594,2
1776691084.093367,933,1776691084.093367,1776691084.043406,1776691083.543806,1776691083.97097,0.8655515035914494,-0.9443988861754185,0.017038389290155307,0.8784722222222223,0.5333333333333333,0.0,-0.013927340944317804,0.2355663794035429,0.7793990895528182,-0.15652435004536466,-0.023889735739813237,-0.09079593160014578,0.996714220355197,0.8330639077486799,-0.8098407156884136,-0.25174581005586594,2
1776691084.143423,934,1776691084.143423,1776691084.09341,1776691084.143936,1776691084.119755,0.8661050933006753,-0.9479404157917977,0.10842130327803795,0.8506944444444445,-0.5333333333333333,0.0,-0.08263731555625928,-0.04965327649847874,0.7669050958589314,-0.14260817346918794,-0.05290327539165076,0.17780554411771665,0.9966726282077945,0.8269210044185796,-0.8135500763691905,-0.2789804469273743,2
1776691084.193396,935,1776691084.193396,1776691084.14347,1776691084.143936,1776691084.119755,0.8666735790147972,-0.9474718164532437,0.09783845278725825,0.8750000000000001,0.0,0.0,0.15413213743236773,-0.5866055846422338,0.7255125879499806,0.8747805199637082,0.022186070939065165,0.16645605266769845,0.9966726282077945,0.8269210044185796,-0.8135500763691905,-0.2789804469273743,2
1776691084.24348,936,1776691084.24348,1776691084.193431,1776691084.143936,1776691084.119755,0.8672772283283554,-0.947030251691914,0.1084477604042649,0.9270833333333335,0.0,0.0,-0.08635122139768599,0.5230949512733788,0.7360991534207701,-0.4869552162816655,0.32764164115439304,-0.07692380506136204,0.9966726282077945,0.8269210044185796,-0.8135500763691905,-0.2789804469273743,2
1776691084.293451,937,1776691084.293451,1776691084.243522,1776691084.143936,1776691084.268077,0.8678366410213135,-0.9501752741756707,0.17453766171918408,0.8611111111111112,-0.5333333333333333,0.0,-0.16527385495664781,-0.12471138550402323,0.7177872844018134,0.15652435004536466,0.25255869957856714,-0.19924557592279693,0.9966726282077945,0.8221791141286777,-0.8197687104516692,-0.29574022346368717,2
1776691084.343476,938,1776691084.343476,1776691084.293499,1776691084.143936,1776691084.268077,0.8683808868729228,-0.9494543521163568,0.17056909278514168,0.8368055555555556,0.0,0.0,-0.06778091603468175,-0.16050827039799842,0.77682396179499,-0.4521713021285484,-0.23720009735227432,-0.030266888166332995,0.9966726282077945,0.8221791141286777,-0.8197687104516692,-0.29574022346368717,2
1776691084.393496,939,1776691084.393496,1776691084.393539,1776691084.143936,1776691084.268077,0.8689702269938991,-0.9491479602411484,0.19043839458158057,0.9062500000000001,-0.06666666666666667,0.0,-0.16713119595529655,0.15588947319649724,0.78845971244513,-0.15478156432968024,-0.03583460360971986,0.12232177086143492,0.9966726282077945,0.8221791141286777,-0.8197687104516692,-0.29574022346368717,2
1776691084.443554,940,1776691084.443554,1776691084.393539,1776691084.143936,1776691084.416239,0.8695734700527785,-0.9473817011958295,0.16792338016244676,0.9270833333333335,0.13333333333333333,0.0,-0.16713119595529655,0.15588947319649724,0.78845971244513,-0.15478156432968024,-0.03583460360971986,0.12232177086143492,0.9966726282077945,0.8160362107985775,-0.8254418503163867,-0.3131983240223464,2
1776691084.493535,941,1776691084.493535,1776691084.443599,1776691084.143936,1776691084.416239,0.8701058442398797,-0.9440023790427957,0.11633198401989576,0.8194444444444444,0.4,0.0,-0.10770637402485718,-0.1339489799070256,0.7681449042726153,-0.5321762628669151,-0.23549643255152627,0.15006129104014918,0.9966726282077945,0.8160362107985775,-0.8254418503163867,-0.3131983240223464,2
1776691084.543631,942,1776691084.543631,1776691084.543673,1776691084.143936,1776691084.416239,0.8706666562545097,-0.94396633293983,0.12826414794824986,0.8611111111111112,-0.06666666666666667,0.0,0.05756748093179065,0.11662824908492796,0.7897948723386393,-0.052172607586013324,-0.11774501389831812,-0.30138626607410773,0.9966726282077945,0.8160362107985775,-0.8254418503163867,-0.3131983240223464,2
1776691084.593592,943,1776691084.593592,1776691084.593635,1776691084.143936,1776691084.564831,0.871246155984373,-0.9416053131955772,0.08860491573405298,0.8923611111111112,0.26666666666666666,0.0,0.12349105596782368,-0.21016154689647717,0.7495469808141819,-0.06086695430246144,-0.02559980529545134,-0.3417389616966496,0.9966726282077945,0.811940941911844,-0.8302421994326861,-0.32751396648044695,2
1776691084.643622,944,1776691084.643622,1776691084.643663,1776691084.143936,1776691084.564831,0.871810804848749,-0.9448314394110067,0.1627377834219647,0.8680555555555556,-0.5333333333333333,0.0,-0.020426870205782207,-0.5323325456763811,0.7327611340990206,1.0,0.06484814326155738,-0.11349491450018222,0.9966726282077945,0.811940941911844,-0.8302421994326861,-0.32751396648044695,2
1776691084.69363,945,1776691084.69363,1776691084.643663,1776691084.143936,1776691084.564831,0.8723727453485983,-0.94143409420649,0.10188639309998149,0.8645833333333334,0.4,0.0,-0.020426870205782207,-0.5323325456763811,0.7327611340990206,1.0,0.06484814326155738,-0.11349491450018222,0.9966726282077945,0.811940941911844,-0.8302421994326861,-0.32751396648044695,2
1776691084.743668,946,1776691084.743668,1776691084.74371,1776691084.744188,1776691084.713335,0.8729215051410854,-0.9374059422000739,0.03436780696880705,0.84375,0.5333333333333333,0.0,-0.07985169213622156,-0.591224381843735,0.7363852875855642,0.22087034849187026,0.0750829415758259,0.27364201299654023,0.9967558125025995,0.8062291195171893,-0.8330787693650447,-0.3435754189944134,2
1776691084.793684,947,1776691084.793684,1776691084.793722,1776691084.744188,1776691084.713335,0.873479157397101,-0.9413169443718515,0.1097970738418393,0.857638888888889,-0.6,0.0,-0.22469790073121648,-0.1027718574804244,0.7616594888634495,-0.4399979112680561,-0.1331036161246109,0.5510703450756553,0.9967558125025995,0.8062291195171893,-0.8330787693650447,-0.3435754189944134,2
1776691084.843768,948,1776691084.843768,1776691084.793722,1776691084.744188,1776691084.713335,0.8740195212595556,-0.9404157917977093,0.08064132073974126,0.8298611111111112,0.06666666666666667,0.0,-0.22469790073121648,-0.1027718574804244,0.7616594888634495,-0.4399979112680561,-0.1331036161246109,0.5510703450756553,0.9967558125025995,0.8062291195171893,-0.8330787693650447,-0.3435754189944134,2
1776691084.893731,949,1776691084.893731,1776691084.843811,1776691084.744188,1776691084.861696,0.8745811457835436,-0.9418756589678199,0.12030055295393814,0.8645833333333334,-0.26666666666666666,0.0,0.08727950381907497,0.4041568209547638,0.8197424122824185,-0.1321710410370554,-0.0921516133577568,-0.05296113816751622,0.9967558125025995,0.8028882422674858,-0.839079205760419,-0.3627793296089386,2
1776691084.943765,950,1776691084.943765,1776691084.943806,1776691084.744188,1776691084.861696,0.875197659828603,-0.939965215510638,0.08323411910998228,0.9479166666666669,0.2,0.0,-0.11142027986628386,0.17898345920400316,0.7572722843623493,-0.43130356455160795,-0.1365173504809971,-0.007567905266296554,0.9967558125025995,0.8028882422674858,-0.839079205760419,-0.3627793296089386,2
1776691084.993787,951,1776691084.993787,1776691084.943806,1776691084.744188,1776691084.861696,0.875721457528037,-0.9378384954356622,0.048813397888721334,0.8055555555555557,0.26666666666666666,0.0,-0.11142027986628386,0.17898345920400316,0.7572722843623493,-0.43130356455160795,-0.1365173504809971,-0.007567905266296554,0.9967558125025995,0.8028882422674858,-0.839079205760419,-0.3627793296089386,2
1776691085.043864,952,1776691085.043864,1776691085.043906,1776691084.744188,1776691085.010458,0.8762798320145931,-0.9376312303436095,0.06074556181707543,0.857638888888889,0.0,0.0,0.09842122134335507,-0.006928678435188188,0.7626132428376569,-0.04695730501360939,0.013654937425544727,-0.3127357575241259,0.9967558125025995,0.802672701799763,-0.847152520183286,-0.37814245810055863,2
1776691085.093852,953,1776691085.093852,1776691085.093895,1776691084.744188,1776691085.010458,0.8768664637710428,-0.935108003136011,0.0012170278064396647,0.9027777777777779,0.33333333333333337,0.0,-0.05385357509036395,-0.3914548873341673,0.7180734185666073,-0.01043713243213253,0.17576568844710314,-0.2761646480853058,0.9967558125025995,0.802672701799763,-0.847152520183286,-0.37814245810055863,2
1776691085.143913,954,1776691085.143913,1776691085.143954,1776691084.744188,1776691085.010458,0.8774224007295252,-0.9396137660067226,0.12307855120776781,0.8541666666666667,-0.6666666666666667,0.0,0.32311989823044224,-0.2921483343372098,0.804291805186084,0.64521582475539,-0.20989662725607494,0.14502075376147136,0.9967558125025995,0.802672701799763,-0.847152520183286,-0.37814245810055863,2
1776691085.193885,955,1776691085.193885,1776691085.143954,1776691084.744188,1776691085.159233,0.8779795113126356,-0.9386495327523904,0.10720427547159829,0.857638888888889,0.06666666666666667,0.0,0.32311989823044224,-0.2921483343372098,0.804291805186084,0.64521582475539,-0.20989662725607494,0.14502075376147136,0.9967558125025995,0.8022416208643173,-0.8542439450141829,-0.39629888268156427,2
1776691085.243911,956,1776691085.243911,1776691085.243951,1776691084.744188,1776691085.159233,0.8785621256617042,-0.938171921888095,0.10455856284890336,0.8958333333333334,0.0,0.0,-0.12813402038651012,-0.2297921589522618,0.7376251757245655,0.2365227834964067,0.26791730180485995,0.08575066142261473,0.9967558125025995,0.8022416208643173,-0.8542439450141829,-0.39629888268156427,2
1776691085.293918,957,1776691085.293918,1776691085.243951,1776691084.744188,1776691085.159233,0.8791603582462095,-0.9404067802719679,0.17337354816519832,0.920138888888889,-0.4,0.0,-0.12813402038651012,-0.2297921589522618,0.7376251757245655,0.2365227834964067,0.26791730180485995,0.08575066142261473,0.9967558125025995,0.8022416208643173,-0.8542439450141829,-0.39629888268156427,2
1776691085.344005,958,1776691085.344005,1776691085.344046,1776691085.34455,1776691085.307708,0.8797143090707056,-0.9405870107867963,0.18662856840489989,0.8506944444444445,-0.13333333333333333,0.0,-0.012999058522928809,0.7124714281301642,0.7362898563804212,-0.4330463502672924,0.5665518080623054,-0.047920600888838406,0.996714220355197,0.8041814850738226,-0.8638446432467816,-0.4036312849162011,2
1776691085.393983,959,1776691085.393983,1776691085.344046,1776691085.34455,1776691085.307708,0.8802376553760517,-0.9398480656759995,0.18398285578220494,0.8055555555555557,0.0,0.0,-0.012999058522928809,0.7124714281301642,0.7362898563804212,-0.4330463502672924,0.5665518080623054,-0.047920600888838406,0.996714220355197,0.8041814850738226,-0.8638446432467816,-0.4036312849162011,2
1776691085.44406,960,1776691085.44406,1776691085.4441,1776691085.34455,1776691085.307708,0.8808365650516885,-0.9358559597725491,0.12567134957800885,0.920138888888889,0.4666666666666667,0.0,-0.16713119595529655,-0.18475767965528425,0.7237958626865344,-0.33913174024007364,-0.06655180806230546,0.5321576812581938,0.996714220355197,0.8041814850738226,-0.8638446432467816,-0.4036312849162011,2
1776691085.494013,961,1776691085.494013,1776691085.49406,1776691085.34455,1776691085.456869,0.8813731823432147,-0.9353513143310294,0.11776066883615102,0.826388888888889,0.0,0.0,0.30454959286743805,-0.530023629708567,0.7469718530563537,0.8643499148189004,0.056317009748036946,0.20807243228404967,0.996714220355197,0.8060135790494666,-0.8738817368535894,-0.41480446927374304,2
1776691085.544044,962,1776691085.544044,1776691085.544096,1776691085.34455,1776691085.456869,0.8819332721273043,-0.9348556804152511,0.11111993015318676,0.8611111111111112,0.0,0.0,-0.16527385495664781,-0.09122438184373503,0.7724367572938899,-0.08522026331077068,0.12798621696747667,-0.33795737551292787,0.996714220355197,0.8060135790494666,-0.8738817368535894,-0.41480446927374304,2
1776691085.594076,963,1776691085.594076,1776691085.544096,1776691085.34455,1776691085.456869,0.8825114176749043,-0.9330173291640008,0.08863137286027993,0.888888888888889,0.2,0.0,-0.16527385495664781,-0.09122438184373503,0.7724367572938899,-0.08522026331077068,0.12798621696747667,-0.33795737551292787,0.996714220355197,0.8060135790494666,-0.8738817368535894,-0.41480446927374304,2
1776691085.694126,965,1776691085.694126,1776691085.6442,1776691085.34455,1776691085.604861,0.8836270381627972,-0.9407221836729177,0.2660793184644284,0.8715277777777779,-0.2,0.0,0.2033427481040453,0.3787529537135709,0.8935622364131516,0.1808711317663492,-0.41467585535501555,-0.047920600888838406,0.996714220355197,0.8080612134928333,-0.8854462142701287,-0.420391061452514,2
1776691085.744142,966,1776691085.744142,1776691085.694166,1776691085.34455,1776691085.604861,0.8841981871020369,-0.9395687083780154,0.26078789321903856,0.8784722222222223,0.0,0.0,0.01857030536300422,0.6639726096155925,0.7693847924116166,-0.4191301736911157,0.31399310848373835,-0.021435298906227074,0.996714220355197,0.8080612134928333,-0.8854462142701287,-0.420391061452514,2
1776691085.794188,967,1776691085.794188,1776691085.744181,1776691085.34455,1776691085.753854,0.8847990829116598,-0.9383881985058891,0.25946503690769107,0.9236111111111113,0.0,0.0,0.04642498725163983,-0.3672054780768815,0.7863614218117466,0.1582606084737244,0.14504848399451753,-0.022698982900036444,0.996714220355197,0.8142041168229335,-0.8985380754963997,-0.420391061452514,2
1776691085.8442,968,1776691085.8442,1776691085.844252,1776691085.34455,1776691085.753854,0.8853226097746411,-0.9346574268489398,0.21581077863322487,0.8055555555555557,0.4,0.0,0.16063166669383214,0.1639726096155925,0.749165415444245,-0.1252194800362917,0.5119448678699067,-0.05170218707256007,0.996714220355197,0.8142041168229335,-0.8985380754963997,-0.420391061452514,2
1776691085.894225,969,1776691085.894225,1776691085.894264,1776691085.34455,1776691085.753854,0.8858849113897608,-0.9350989916102695,0.22771648543535203,0.8645833333333334,-0.2,0.0,-0.2646241348772626,0.01154747563668937,0.7734858627479229,-0.0904355658831746,-0.008531133513520438,-0.10592700923388566,0.996714220355197,0.8142041168229335,-0.8985380754963997,-0.420391061452514,2
1776691085.944238,970,1776691085.944238,1776691085.944279,1776691085.94469,1776691085.902696,0.886474070953102,-0.9322783840532041,0.1946450776516655,0.9062500000000001,0.26666666666666666,0.0,-0.3760444147435465,0.09006895859395513,0.7339055113075613,-0.4156511295470715,-0.03583460360971986,0.30012731497915157,0.996714220355197,0.8194848582821425,-0.9068295876063714,-0.4186452513966481,2
1776691085.994269,971,1776691085.994269,1776691085.99431,1776691085.94469,1776691085.902696,0.8869889310495982,-0.9297191107426398,0.19861364658570788,0.7916666666666667,0.26666666666666666,0.0,0.4735373536655126,0.147806336777402,0.8309012460827961,0.4486987852718288,-0.288393303188287,0.28499150444655846,0.996714220355197,0.8194848582821425,-0.9068295876063714,-0.4186452513966481,2
1776691086.04435,972,1776691086.04435,1776691085.99431,1776691085.94469,1776691085.902696,0.887563104329226,-0.9284124395101335,0.17474931872899965,0.8819444444444445,0.06666666666666667,0.0,0.4735373536655126,0.147806336777402,0.8309012460827961,0.4486987852718288,-0.288393303188287,0.28499150444655846,0.996714220355197,0.8194848582821425,-0.9068295876063714,-0.4186452513966481,2
1776691086.094328,973,1776691086.094328,1776691086.094376,1776691085.94469,1776691086.054471,0.8881609757984609,-0.9276194252448883,0.19591501971055905,0.920138888888889,0.0,0.0,0.016712964364355508,-0.2355663794035429,0.7451596965877644,0.262605823645751,0.19624809458542022,-0.23833458755152942,0.996714220355197,0.8256277616122427,-0.912175430940432,-0.4064245810055866,2
1776691086.14445,974,1776691086.14445,1776691086.094376,1776691085.94469,1776691086.054471,0.8887245413170263,-0.9326658796600853,0.29272164457496624,0.8645833333333334,-0.8666666666666667,0.0,0.016712964364355508,-0.2355663794035429,0.7451596965877644,0.262605823645751,0.19624809458542022,-0.23833458755152942,0.996714220355197,0.8256277616122427,-0.912175430940432,-0.4064245810055866,2
1776691086.194373,975,1776691086.194373,1776691086.144491,1776691085.94469,1776691086.054471,0.8892811553666401,-0.9314313006335102,0.286107363018229,0.857638888888889,0.0,0.0,0.04828232825028854,0.27251772228142523,0.8924176997539756,-0.039999216725521036,-0.4556278581218697,0.047920600888838406,0.996714220355197,0.8256277616122427,-0.912175430940432,-0.4064245810055866,2
1776691086.244446,976,1776691086.244446,1776691086.194415,1776691085.94469,1776691086.200067,0.8898755059619905,-0.9292505114040859,0.2742016562161018,0.9131944444444445,0.13333333333333333,0.0,0.09099340966050168,0.5080831364190953,0.7329517573333538,-0.4069567828306234,0.6023864116720253,0.18915503556773489,0.996714220355197,0.831770664942343,-0.9198123499890901,-0.39420391061452514,2
1776691086.29447,977,1776691086.29447,1776691086.244488,1776691085.94469,1776691086.200067,0.8904693148844357,-0.9280159323775109,0.2596237796650528,0.9131944444444445,0.0,0.0,0.02506983462446863,-0.28290977466833467,0.7833094569294735,0.17739208762230504,0.1331036161246109,0.15637024521148957,0.996714220355197,0.831770664942343,-0.9198123499890901,-0.39420391061452514,2
1776691086.344453,978,1776691086.344453,1776691086.294507,1776691085.94469,1776691086.200067,0.8909949181602207,-0.9251863132947039,0.22128740376220335,0.8090277777777779,0.26666666666666666,0.0,-0.21262790078554739,0.031178087692474016,0.738197364328836,-0.49564956299811364,-0.19112429067339592,0.17276027394018562,0.996714220355197,0.831770664942343,-0.9198123499890901,-0.39420391061452514,2
1776691086.394521,979,1776691086.394521,1776691086.344501,1776691085.94469,1776691086.348758,0.8915599732792756,-0.9260514197658806,0.2530888694869963,0.8680555555555556,-0.26666666666666666,0.0,0.31940599238901557,0.17782900122009607,0.8410109744291407,0.1808711317663492,0.06655180806230546,0.05422482216132559,0.996714220355197,0.8415777562237311,-0.9303949378136592,-0.3753491620111732,2
1776691086.444545,980,1776691086.444545,1776691086.444587,1776691085.94469,1776691086.348758,0.8921401952396794,-0.9226811091385883,0.21073101039765063,0.8923611111111112,0.33333333333333337,0.0,-0.2367686768327563,0.15588947319649724,0.7847400480281258,-0.49043426042570964,-0.19624809458542022,-0.15510656121768024,0.996714220355197,0.8415777562237311,-0.9303949378136592,-0.3753491620111732,2
1776691086.494519,981,1776691086.494519,1776691086.494569,1776691085.94469,1776691086.348758,0.8926747361184018,-0.9209328731447521,0.20014815990687093,0.8229166666666667,0.13333333333333333,0.0,0.2209839948897898,-0.2505772289919535,0.8021935942780183,0.71130460891758,-0.1706482892899689,-0.021435298906227074,0.996714220355197,0.8415777562237311,-0.9303949378136592,-0.3753491620111732,2
1776691086.544608,982,1776691086.544608,1776691086.544647,1776691086.545078,1776691086.498128,0.8932422287655307,-0.917823896763961,0.14580522263671722,0.8715277777777779,0.33333333333333337,0.0,-0.35004629769768886,-0.6466518787934948,0.7430615654050161,-0.01913147914858064,0.211606696811713,-0.011349491450018222,0.996714220355197,0.853432481948486,-0.9406502291075715,-0.3603351955307263,2
1776691086.594629,983,1776691086.594629,1776691086.594672,1776691086.545078,1776691086.498128,0.8937840370890662,-0.9131649379556454,0.0690530994523375,0.8333333333333334,0.6,0.0,0.023212493625819914,-0.7956126735548039,0.7380065816438675,0.3252155636638969,0.12628255216672857,0.16267446648397677,0.996714220355197,0.853432481948486,-0.9406502291075715,-0.3603351955307263,2
1776691086.644593,984,1776691086.644593,1776691086.594672,1776691086.545078,1776691086.646277,0.8943253037396962,-0.9178419198154439,0.1774479456041485,0.8333333333333334,-0.7333333333333333,0.0,0.023212493625819914,-0.7956126735548039,0.7380065816438675,0.3252155636638969,0.12628255216672857,0.16267446648397677,0.996714220355197,0.8652872076732406,-0.9488326423739909,-0.35544692737430167,2
1776691086.69467,985,1776691086.69467,1776691086.644641,1776691086.545078,1776691086.646277,0.8948904491375687,-0.9179861042273068,0.19467153477789245,0.8680555555555556,-0.13333333333333333,0.0,0.22376961830982744,0.4561199786869295,0.9212207827638965,-0.10260895674366691,-0.5102412030691585,0.4640607325580845,0.996714220355197,0.8652872076732406,-0.9488326423739909,-0.35544692737430167,2
1776691086.744688,986,1776691086.744688,1776691086.694711,1776691086.545078,1776691086.646277,0.8954708065161987,-0.9202840432913697,0.2661322327168823,0.8923611111111112,-0.4666666666666667,0.0,0.11327762086493258,0.32101654079599684,0.8480686581678947,-0.02956208429338851,0.0153586022262928,0.0807053912450837,0.996714220355197,0.8652872076732406,-0.9488326423739909,-0.35544692737430167,2
1776691086.794703,987,1776691086.794703,1776691086.74473,1776691086.545078,1776691086.794513,0.8960961678853782,-0.919482017500383,0.2661322327168823,0.9618055555555557,-0.06666666666666667,0.0,-0.15598870227514572,0.07505810900554448,0.7876967411558912,0.15478156432968024,0.044365737123240295,-0.08953224760633641,0.996714220355197,0.8732622049789849,-0.9561422648919922,-0.3460195530726257,2
1776691086.844743,988,1776691086.844743,1776691086.844782,1776691086.545078,1776691086.794513,0.8966177988931907,-0.9170849516531644,0.2436172182977485,0.8020833333333335,0.2,0.0,0.153203078855108,-0.1974596132758807,0.7931329713857066,0.3982624361141753,0.2627999026477257,-0.1916776706565004,0.996714220355197,0.8732622049789849,-0.9561422648919922,-0.3460195530726257,2
1776691086.894782,989,1776691086.894782,1776691086.894822,1776691086.545078,1776691086.794513,0.8971644371334652,-0.9165262370571962,0.2621636637828399,0.8402777777777778,-0.06666666666666667,0.0,-0.153203078855108,-0.32794425396531224,0.7509775719128344,0.02956208429338851,0.017062267027040875,-0.32282629787918804,0.996714220355197,0.8732622049789849,-0.9561422648919922,-0.3460195530726257,2
1776691086.944727,990,1776691086.944727,1776691086.894822,1776691086.545078,1776691086.942705,0.8977549508790698,-0.9131108688011967,0.20268804402465807,0.9097222222222223,0.33333333333333337,0.0,-0.153203078855108,-0.32794425396531224,0.7509775719128344,0.02956208429338851,0.017062267027040875,-0.32282629787918804,0.996714220355197,0.8803750404138377,-0.9627972943486799,-0.3362430167597765,2
1776691086.994781,991,1776691086.994781,1776691086.944765,1776691086.545078,1776691086.942705,0.898304026647418,-0.9136245257684579,0.2821387940841866,0.84375,-0.2,0.0,-0.2674097582973003,-0.05311761571607283,0.765951341884724,-0.3286946078079411,-0.023889735739813237,-0.07692380506136204,0.996714220355197,0.8803750404138377,-0.9627972943486799,-0.3362430167597765,2
1776691087.044819,992,1776691087.044819,1776691087.044858,1776691086.545078,1776691086.942705,0.898864071292099,-0.911074263983635,0.2570045241685848,0.8611111111111112,0.2,0.0,-0.31104912212890246,-0.4595843179045236,0.7618502715484179,0.012173390860492288,0.1484622183509037,-0.025221617988801962,0.996714220355197,0.8803750404138377,-0.9627972943486799,-0.3362430167597765,2
1776691087.094828,993,1776691087.094828,1776691087.044858,1776691086.545078,1776691087.09104,0.8994395987539898,-0.9086051059304852,0.2252295155700188,0.8854166666666667,0.2,0.0,-0.31104912212890246,-0.4595843179045236,0.7618502715484179,0.012173390860492288,0.1484622183509037,-0.025221617988801962,0.996714220355197,0.889427740058196,-0.9690159284311587,-0.32716480446927376,2
1776691087.14485,994,1776691087.14485,1776691087.094869,1776691087.145301,1776691087.09104,0.9000155324705599,-0.9116870477340518,0.31655951530544757,0.8854166666666667,-0.6,0.0,0.004642188262815692,-0.32794425396531224,0.7646161022658972,0.26434860936143545,0.19283436022903402,0.021435298906227074,0.996714220355197,0.889427740058196,-0.9690159284311587,-0.32716480446927376,2
1776691087.194876,995,1776691087.194876,1776691087.144892,1776691087.145301,1776691087.09104,0.9005846049969958,-0.9121286124953816,0.3364023599756595,0.8750000000000001,-0.26666666666666666,0.0,0.04178279898882414,0.3591223416577862,0.8616118370411319,-0.10608800088771107,-0.5255998052954514,0.05800640834504726,0.996714220355197,0.889427740058196,-0.9690159284311587,-0.32716480446927376,2
1776691087.244876,996,1776691087.244876,1776691087.194914,1776691087.145301,1776691087.240616,0.9011103888304159,-0.9094431778244374,0.3337566473529645,0.8090277777777779,0.2,0.0,0.04735404582889955,0.2771365194829264,0.7133046486955702,-0.20347512777164936,0.7081929624553269,-0.021435298906227074,0.996714220355197,0.898695980170277,-0.9738162775474579,-0.32122905027932963,2
1776691087.295006,997,1776691087.295006,1776691087.244912,1776691087.145301,1776691087.240616,0.9017074929297015,-0.903874054916238,0.2687779453395772,0.9166666666666667,0.6,0.0,0.19220025442389443,-0.4006934470030425,0.7936098882354691,0.04521451929792497,0.04266207232249222,0.09331856668891128,0.996714220355197,0.898695980170277,-0.9738162775474579,-0.32122905027932963,2
1776691087.34492,998,1776691087.34492,1776691087.295044,1776691087.145301,1776691087.240616,0.9022255127848123,-0.8996746839207346,0.19350742122390668,0.7986111111111112,0.4666666666666667,0.0,-0.2794797582429694,-0.04272556332916338,0.7194086581854342,-0.3443470428124776,0.018772336582678982,0.49432288782556427,0.996714220355197,0.898695980170277,-0.9738162775474579,-0.32122905027932963,2
1776691087.394968,999,1776691087.394968,1776691087.344959,1776691087.145301,1776691087.388055,0.9028016270590173,-0.9006389171750669,0.23851099293594732,0.8854166666666667,-0.26666666666666666,0.0,0.21541352420558507,-0.5519631577321658,0.8212685143115316,0.7339151322102047,0.24573123086579476,0.021435298906227074,0.996714220355197,0.9096885440241406,-0.978398428976653,-0.31005586592178774,2
1776691087.444983,1000,1776691087.444983,1776691087.445036,1776691087.145301,1776691087.388055,0.9033818038800121,-0.8991430039019908,0.23057385506786257,0.8923611111111112,0.06666666666666667,0.0,-0.15227479643371902,0.5254038672411929,0.773104456828621,-0.3791309569655946,0.023889735739813237,-0.27868728317407127,0.996714220355197,0.9096885440241406,-0.978398428976653,-0.31005586592178774,2
1776691087.495074,1001,1776691087.495074,1776691087.495113,1776691087.145301,1776691087.388055,0.9039292997690532,-0.9049644495309501,0.3618012011535307,0.8402777777777778,-1.0,0.0,0.07056653945471945,0.43995370584873894,0.8929899680835636,-0.0765193893069979,-0.4078483866422432,-0.07061958378887485,0.996714220355197,0.9096885440241406,-0.978398428976653,-0.31005586592178774,2
1776691087.545065,1002,1776691087.545065,1776691087.545116,1776691087.145301,1776691087.536693,0.9044934069605239,-0.9029729023420956,0.3644469137762257,0.8680555555555556,0.06666666666666667,0.0,-0.44475361319961726,-0.3060047259417134,0.7623271086728629,-0.15304530590132046,0.18088949235912744,-0.1853734493840132,0.996714220355197,0.9198189460071129,-0.9822168885009819,-0.30935754189944137,2
1776691087.595178,1003,1776691087.595178,1776691087.545116,1776691087.145301,1776691087.536693,0.9050678510766043,-0.9004857212374627,0.339233272481943,0.8819444444444445,0.13333333333333333,0.0,-0.44475361319961726,-0.3060047259417134,0.7623271086728629,-0.15304530590132046,0.18088949235912744,-0.1853734493840132,0.996714220355197,0.9198189460071129,-0.9822168885009819,-0.30935754189944137,2
1776691087.64512,1004,1776691087.64512,1776691087.645164,1776691087.145301,1776691087.536693,0.9056608926291002,-0.9016662311095891,0.4000317485514724,0.9131944444444445,-0.4,0.0,-0.08727950381907497,-0.14318753957590077,0.8041964537062586,-0.13565008518109958,-0.5034137343563863,0.08700961251757089,0.996714220355197,0.9198189460071129,-0.9822168885009819,-0.30935754189944137,2
1776691087.695117,1005,1776691087.695117,1776691087.69516,1776691087.145301,1776691087.684541,0.906204641947213,-0.8991249808505078,0.38680318543799774,0.8368055555555556,0.13333333333333333,0.0,0.31940599238901557,-0.2840651979181146,0.7346685623221179,0.14260817346918794,0.6126276147411839,0.01387212653878374,0.996714220355197,0.9302726586916694,-0.9850534584333407,-0.3083100558659218,2
1776691087.745168,1006,1776691087.745168,1776691087.69516,1776691087.746467,1776691087.684541,0.9067603983480602,-0.8979534825041228,0.3841574728153028,0.8541666666666667,-0.06666666666666667,0.0,0.31940599238901557,-0.2840651979181146,0.7346685623221179,0.14260817346918794,0.6126276147411839,0.01387212653878374,0.9966726282077945,0.9302726586916694,-0.9850534584333407,-0.3083100558659218,2
1776691087.795161,1007,1776691087.795161,1776691087.745243,1776691087.746467,1776691087.684541,0.9073649955892028,-0.8939523650749308,0.3537317776543112,0.9305555555555557,0.33333333333333337,0.0,-0.044568422408861844,0.21824468331557242,0.7746303994070988,-0.0817412191667265,0.2730347009619942,0.04665691689502904,0.9966726282077945,0.9302726586916694,-0.9850534584333407,-0.3083100558659218,2
1776691087.84526,1008,1776691087.84526,1776691087.795205,1776691087.746467,1776691087.833438,0.9078645082867154,-0.8890050374428895,0.28877953276715085,0.7673611111111112,0.5333333333333333,0.0,-0.3370472391747601,0.22401890376685354,0.7339055113075613,-0.39999869454253506,0.0460758066788784,0.22824878009532057,0.9966726282077945,0.9377088048281065,-0.9847261619026838,-0.3131983240223464,2
1776691087.895211,1009,1776691087.895211,1776691087.895254,1776691087.746467,1776691087.833438,0.9084326780249758,-0.8873198821292433,0.2649945762891235,0.8750000000000001,0.06666666666666667,0.0,-0.3686166030606931,-0.30715918392562047,0.7673819329833763,-0.0765193893069979,0.1331036161246109,-0.12232177086143492,0.9966726282077945,0.9377088048281065,-0.9847261619026838,-0.3131983240223464,2
1776691087.945203,1010,1776691087.945203,1776691087.895254,1776691087.746467,1776691087.833438,0.9090216570306818,-0.8856887959700457,0.2676402889118184,0.9062500000000001,0.06666666666666667,0.0,-0.3686166030606931,-0.30715918392562047,0.7673819329833763,-0.0765193893069979,0.1331036161246109,-0.12232177086143492,0.9966726282077945,0.9377088048281065,-0.9847261619026838,-0.3131983240223464,2
1776691087.995546,1011,1776691087.995546,1776691087.995591,1776691087.746467,1776691087.982629,0.909567347343372,-0.8904829276644829,0.3688652538561262,0.8333333333333334,-0.8666666666666667,0.0,-0.1485608905922923,0.15819838916431142,0.8467334185490678,-0.15999686690208414,-0.47269652990380057,-0.02774425307756748,0.9966726282077945,0.9454682616661279,-0.9830896792494,-0.3327513966480447,2
1776691088.047638,1012,1776691088.047638,1776691087.995591,1776691087.746467,1776691087.982629,0.9101551075850413,-0.8888518415052853,0.37574410667513297,0.8680555555555556,0.0,0.0,-0.1485608905922923,0.15819838916431142,0.8467334185490678,-0.15999686690208414,-0.47269652990380057,-0.02774425307756748,0.9966726282077945,0.9454682616661279,-0.9830896792494,-0.3327513966480447,2
1776691088.09534,1013,1776691088.09534,1776691088.047681,1776691087.746467,1776691087.982629,0.9107190342188768,-0.8855265885067002,0.3467206392041697,0.9097222222222223,0.26666666666666666,0.0,-0.25348164119711175,-0.11200945188342677,0.7699570607412046,-0.3269583493795813,0.09385527815850488,0.08196907523889307,0.9966726282077945,0.9454682616661279,-0.9830896792494,-0.3327513966480447,2
1776691088.145364,1014,1776691088.145364,1776691088.095443,1776691087.746467,1776691088.131175,0.9112970894876592,-0.8853733925690959,0.3467206392041697,0.888888888888889,-0.2,0.0,-0.08263731555625928,-0.04849881851457165,0.7857892332074762,0.05391539330169774,0.1825931571598755,0.09583646887882359,0.9966726282077945,0.9504256924237526,-0.9848352607462361,-0.3575418994413408,2
1776691088.195426,1015,1776691088.195426,1776691088.195466,1776691087.746467,1776691088.131175,0.9118228281816705,-0.8844452054177293,0.3586263460062968,0.8090277777777779,-0.06666666666666667,0.0,0.4141133078909439,-0.3706698172944756,0.7963757986782657,0.5130447837183345,0.3481240472927101,0.14627970485642752,0.9966726282077945,0.9504256924237526,-0.9848352607462361,-0.3575418994413408,2
1776691088.245376,1016,1776691088.245376,1776691088.245425,1776691087.746467,1776691088.131175,0.9123831436628039,-0.887887608250953,0.4499563457417256,0.8611111111111112,-0.7333333333333333,0.0,-0.19591416026532113,0.6535795919628102,0.8020982427981928,-0.17739208762230504,0.09726901251489106,-0.2963409958965767,0.9966726282077945,0.9504256924237526,-0.9848352607462361,-0.3575418994413408,2
1776691088.295442,1017,1776691088.295442,1776691088.295483,1776691087.746467,1776691088.278541,0.9129727997596416,-0.8854364732492859,0.43140990025663417,0.9062500000000001,0.06666666666666667,0.0,-0.09749293892196607,0.24826831302413935,0.7815927316660272,-0.3513051311005659,-0.0153586022262928,-0.27364201299654023,0.9966726282077945,0.9518267054639509,-0.9888719179576697,-0.3914106145251397,2
1776691088.39553,1019,1776691088.39553,1776691088.395597,1776691088.346799,1776691088.278541,0.9139970129447637,-0.8782272526561472,0.34902240918591426,0.8402777777777778,0.13333333333333333,0.0,-0.43825408393815285,-0.38221729293116496,0.7646161022658972,-0.03130487000907293,0.013654937425544727,0.03404847435005466,0.9967558125025995,0.9518267054639509,-0.9888719179576697,-0.3914106145251397,2
1776691088.445463,1020,1776691088.445463,1776691088.445509,1776691088.346799,1776691088.431786,0.9145241960998558,-0.8736854436824698,0.2776939968780591,0.8125000000000001,0.4666666666666667,0.0,0.08635122139768599,-0.3036948447080264,0.7986647125459825,0.07130408673459397,-0.05290327539165076,0.33543474042416244,0.9967558125025995,0.9555986636491002,-0.9918175867335807,-0.42912011173184356,2
1776691088.497441,1021,1776691088.497441,1776691088.497486,1776691088.346799,1776691088.431786,0.9151344357670953,-0.8770918004127279,0.3780723337831045,0.9027777777777779,-0.6666666666666667,0.0,-0.35747410938054225,-0.3083146071754004,0.75984733239486,-0.17564930190662062,-0.4266207232249222,0.45901546238055346,0.9967558125025995,0.9555986636491002,-0.9918175867335807,-0.42912011173184356,2
1776691088.54548,1022,1776691088.54548,1776691088.545519,1776691088.346799,1776691088.431786,0.915694119296506,-0.8793897394767909,0.43781252480355587,0.8958333333333334,-0.6,0.0,-0.1151349618635813,0.9584298599206165,0.7319027316046387,-0.5269544330071865,0.6160413490975701,0.13871179959013097,0.9967558125025995,0.9555986636491002,-0.9918175867335807,-0.42912011173184356,2
1776691088.595515,1023,1776691088.595515,1776691088.545519,1776691088.346799,1776691088.579034,0.9162817441199488,-0.8833097531743099,0.5463661137127286,0.9027777777777779,-0.8666666666666667,0.0,-0.1151349618635813,0.9584298599206165,0.7319027316046387,-0.5269544330071865,0.6160413490975701,0.13871179959013097,0.9967558125025995,0.9594783920681108,-0.9906174994545058,-0.4692737430167598,2
1776691088.645622,1024,1776691088.645622,1776691088.595553,1776691088.346799,1776691088.579034,0.9169332412068094,-0.8828862114644631,0.5914490568034501,1.0,-0.33333333333333337,0.0,-0.2674097582973003,0.6986150365256606,0.7766332588353391,-0.012173390860492288,0.11604134909757004,0.020176347811270926,0.9967558125025995,0.9594783920681108,-0.9906174994545058,-0.4692737430167598,2
1776691088.697702,1025,1776691088.697702,1776691088.699636,1776691088.346799,1776691088.579034,0.9175256508075825,-0.8816426209121467,0.6176151546419029,0.8750000000000001,-0.2,0.0,0.6750227607709092,-0.08083136419095276,0.759942763600003,0.05391539330169774,0.3447103129363239,-0.1967229408340314,0.9967558125025995,0.9594783920681108,-0.9906174994545058,-0.4692737430167598,2
1776691088.746397,1026,1776691088.746397,1776691088.746438,1776691088.346799,1776691088.726428,0.9180773898010486,-0.8803900188340888,0.6408180543429373,0.8715277777777779,-0.2,0.0,-0.6360255852021226,-0.05773641291757402,0.7346685623221179,-0.07478313087863815,0.29180703754467313,-0.27112411080662796,0.9967558125025995,0.9632503502532601,-0.9891992144883264,-0.5143156424581006,2
1776691088.795697,1027,1776691088.795697,1776691088.795743,1776691088.346799,1776691088.726428,0.9186735911121587,-0.8775063305968334,0.6499457628912348,0.9305555555555557,0.0,0.0,0.14020402033217919,-0.21016154689647717,0.7389603356180748,0.04695730501360939,0.25085503477781906,-0.20428611320147477,0.9967558125025995,0.9632503502532601,-0.9891992144883264,-0.5143156424581006,2
1776691088.845656,1028,1776691088.845656,1776691088.845695,1776691088.346799,1776691088.726428,0.9191833955948722,-0.877263019401815,0.6843135698600419,0.7847222222222223,-0.33333333333333337,0.0,0.8310122392019256,0.27598206149901927,0.9002384345072859,-0.16347591104612835,0.029007134896947496,0.20807243228404967,0.9967558125025995,0.9632503502532601,-0.9891992144883264,-0.5143156424581006,2
1776691088.89573,1029,1776691088.89573,1776691088.845695,1776691088.346799,1776691088.873236,0.9197733225281627,-0.8760194288494986,0.7399529063153161,0.9062500000000001,-0.26666666666666666,0.0,0.8310122392019256,0.27598206149901927,0.9002384345072859,-0.16347591104612835,0.029007134896947496,0.20807243228404967,0.9967558125025995,0.9656212953982111,-0.9882173248963562,-0.5625,2
1776691088.945809,1030,1776691088.945809,1776691088.945873,1776691088.946939,1776691088.873236,0.9203656418501182,-0.874965080337752,0.774400084662804,0.9097222222222223,-0.33333333333333337,0.0,0.5868149745304452,-0.024249409257285824,0.7949451278542958,0.07130408673459397,0.15699335186442415,-0.1614107824901674,0.9967558125025995,0.9656212953982111,-0.9882173248963562,-0.5625,2
1776691088.995712,1031,1776691088.995712,1776691088.945873,1776691088.946939,1776691088.873236,0.9209059154337552,-0.8709098937541114,0.7651400904833718,0.8333333333333334,0.13333333333333333,0.0,0.5868149745304452,-0.024249409257285824,0.7949451278542958,0.07130408673459397,0.15699335186442415,-0.1614107824901674,0.9967558125025995,0.9656212953982111,-0.9882173248963562,-0.5625,2
1776691089.04575,1032,1776691089.04575,1776691088.995753,1776691088.946939,1776691089.022023,0.9214612204405147,-0.8672512143030937,0.7558800963039396,0.8541666666666667,0.06666666666666667,0.0,-0.3491180152762999,-0.4745961327588071,0.8344300480895143,-0.06782504259054979,-0.6484622183509038,-0.04917955198379455,0.9967558125025995,0.9705787261558357,-0.986035348025311,-0.6071927374301677,2
1776691089.095917,1033,1776691089.095917,1776691089.045818,1776691088.946939,1776691089.022023,0.9220135462462948,-0.8640971802935955,0.7425986189380109,0.8472222222222223,0.0,0.0,-0.25069601777707406,0.05658195493366693,0.787315175785954,0.005215302572403935,-0.2406138317086605,-0.022698982900036444,0.9967558125025995,0.9705787261558357,-0.986035348025311,-0.6071927374301677,2
1776691089.14578,1034,1776691089.14578,1776691089.095961,1776691088.946939,1776691089.022023,0.9226433312775342,-0.8592219448674855,0.7307458263883377,0.9722222222222224,0.2,0.0,-0.20427103052543424,-0.07043834653817047,0.7923700000964676,0.012173390860492288,0.0307172044525856,0.38713692749672246,0.9967558125025995,0.9705787261558357,-0.986035348025311,-0.6071927374301677,2
1776691089.295885,1037,1776691089.295885,1776691089.295929,1776691088.946939,1776691089.170984,0.9244225913532483,-0.8515531364615343,0.7770722544117259,0.9513888888888891,-0.13333333333333333,0.0,-0.1392757379107902,-0.19053093484069253,0.7129232427762684,0.18608643433875316,0.09556534771414299,-0.3266078840629097,0.9967558125025995,0.9763983187843518,-0.9858171503382064,-0.6490921787709498,2
1776691089.345868,1038,1776691089.345868,1776691089.295929,1776691088.946939,1776691089.31959,0.9249349687822621,-0.851246744586326,0.8193771992486177,0.7881944444444445,-0.4,0.0,-0.1392757379107902,-0.19053093484069253,0.7129232427762684,0.18608643433875316,0.09556534771414299,-0.3266078840629097,0.9967558125025995,0.9816790602435609,-0.9871263364608336,-0.6892458100558659,2
1776691089.395926,1039,1776691089.395926,1776691089.345909,1776691088.946939,1776691089.31959,0.9255154164397095,-0.8476601573412395,0.8366007884223617,0.8923611111111112,0.0,0.0,0.6731661959281311,0.3787529537135709,0.776347124670545,-0.3182640026631332,0.6655308901328346,-0.143757069767662,0.9967558125025995,0.9816790602435609,-0.9871263364608336,-0.6892458100558659,2
1776691089.445928,1040,1776691089.445928,1776691089.44597,1776691088.946939,1776691089.31959,0.926099700946903,-0.8439744433129973,0.8352779321110142,0.8993055555555557,0.0,0.0,0.32683380407186896,-0.5057742204512812,0.7412494089364268,0.2104332160597377,0.08020674548785017,-0.06431062961753443,0.9967558125025995,0.9816790602435609,-0.9871263364608336,-0.6892458100558659,2
1776691089.496018,1041,1776691089.496018,1776691089.496063,1776691088.946939,1776691089.467728,0.9266011997784016,-0.8394506573908028,0.8100907479429585,0.7708333333333334,0.2,0.0,-0.17270166663950123,-0.827945219231185,0.8735335624054308,-0.1495662617572763,-0.6109239499404358,0.13997548358394032,0.9967558125025995,0.984912167259403,-0.9910538948287149,-0.7335893854748604,2
1776691089.545962,1042,1776691089.545962,1776691089.496063,1776691089.546454,1776691089.467728,0.927157723549198,-0.8356027358992152,0.8100907479429585,0.857638888888889,0.06666666666666667,0.0,-0.17270166663950123,-0.827945219231185,0.8735335624054308,-0.1495662617572763,-0.6109239499404358,0.13997548358394032,0.9967558125025995,0.984912167259403,-0.9910538948287149,-0.7335893854748604,2
1776691089.596,1043,1776691089.596,1776691089.546008,1776691089.546454,1776691089.467728,0.9277109070037449,-0.8326739900332525,0.8061221790089161,0.8506944444444445,-0.06666666666666667,0.0,-0.4410397073581905,0.3995380237532626,0.7859799361671271,-0.16347591104612835,-0.1706482892899689,0.06683326470629997,0.9967558125025995,0.984912167259403,-0.9910538948287149,-0.7335893854748604,2
1776691089.646055,1044,1776691089.646055,1776691089.646093,1776691089.546454,1776691089.616433,0.928335952397063,-0.8266092332092747,0.7769928830330449,0.9618055555555557,0.33333333333333337,0.0,-0.5246053053358388,0.03464242691006811,0.7452551277929074,0.05739443744574192,-0.4692827955474144,0.29255940971285505,0.9967558125025995,0.9903006789524734,-0.9934540693868645,-0.789804469273743,2
1776691089.696073,1045,1776691089.696073,1776691089.696116,1776691089.546454,1776691089.616433,0.9288867886023535,-0.8233831069938452,0.7756700267216976,0.8472222222222223,0.0,0.0,0.423398460572446,0.10508077344823859,0.6807820607192802,-0.0765193893069979,1.0,0.1109722794114167,0.9967558125025995,0.9903006789524734,-0.9934540693868645,-0.789804469273743,2
1776691089.746081,1046,1776691089.746081,1776691089.696116,1776691089.546454,1776691089.616433,0.9294759481656947,-0.8212834214960935,0.7942164722067889,0.9062500000000001,-0.2,0.0,0.423398460572446,0.10508077344823859,0.6807820607192802,-0.0765193893069979,1.0,0.1109722794114167,0.9967558125025995,0.9903006789524734,-0.9934540693868645,-0.789804469273743,2
1776691089.796158,1047,1776691089.796158,1776691089.74618,1776691089.546454,1776691089.765282,0.9300882191063291,-0.8171651542322631,0.8008307537635263,0.9409722222222223,0.06666666666666667,0.0,-0.22655524172986516,-0.05080869974825866,0.7435383228041434,0.12869852418033587,0.25255869957856714,-0.33038947024663134,0.9967558125025995,0.9925638538635629,-0.9930176740126555,-0.8393854748603352,2
1776691089.846146,1048,1776691089.846146,1776691089.796195,1776691089.546454,1776691089.765282,0.9306139126609316,-0.8153358145067542,0.8180278858110432,0.8090277777777779,-0.2,0.0,-0.03064030530867331,-0.32101654079599684,0.7402956549622193,0.15130252018563603,-0.023889735739813237,-0.3051678522578294,0.9967558125025995,0.9925638538635629,-0.9930176740126555,-0.8393854748603352,2
1776691089.896248,1049,1776691089.896248,1776691089.896303,1776691089.546454,1776691089.765282,0.9312083083956909,-0.8112175472429237,0.8127100034394265,0.9131944444444445,0.06666666666666667,0.0,-0.6536676081437379,0.3302541351989992,0.7999999521648093,-0.1408719150408282,-0.3310553755107792,0.060529043433812775,0.9967558125025995,0.9925638538635629,-0.9930176740126555,-0.8393854748603352,2
1776691089.946207,1050,1776691089.946207,1776691089.94628,1776691089.546454,1776691089.914299,0.9317983256077988,-0.8039903035983023,0.7439743895018124,0.9097222222222223,0.5333333333333333,0.0,0.5543173282231232,-0.44919226551761415,0.7633762141268957,0.08869278016749019,0.06996554241869164,0.07566012106755267,0.9967558125025995,0.9937493264360384,-0.9945450578223871,-0.8837290502793296,2
1776691089.996203,1051,1776691089.996203,1776691089.94628,1776691089.546454,1776691089.914299,0.932287636798928,-0.7994394830988835,0.7095801254067784,0.7534722222222223,0.26666666666666666,0.0,0.5543173282231232,-0.44919226551761415,0.7633762141268957,0.08869278016749019,0.06996554241869164,0.07566012106755267,0.9967558125025995,0.9937493264360384,-0.9945450578223871,-0.8837290502793296,2
1776691090.046285,1052,1776691090.046285,1776691089.996267,1776691089.546454,1776691089.914299,0.9328663691588421,-0.7981508349178599,0.7493451861258831,0.888888888888889,-0.26666666666666666,0.0,-0.17270166663950123,0.05080869974825866,0.9093943291541056,0.03652017258147686,-0.7525586995785671,0.3417389616966496,0.9967558125025995,0.9937493264360384,-0.9945450578223871,-0.8837290502793296,2
1776691090.096264,1053,1776691090.096264,1776691090.046329,1776691089.546454,1776691090.059908,0.93343020551386,-0.7954113310924672,0.7506680424372305,0.8680555555555556,-0.06666666666666667,0.0,-0.2284125827285139,0.31177798112712163,0.8100143290313286,-0.04869356344196915,-0.6211587482547043,0.055483773256281746,0.9967558125025995,0.9951503394762368,-0.9970543312240892,-0.9263268156424581,2
1776691090.146266,1054,1776691090.146266,1776691090.096311,1776691090.14673,1776691090.059908,0.9340145351604623,-0.7920950896196235,0.7678651744847476,0.8993055555555557,0.0,0.0,0.3370472391747601,-0.09468872106132914,0.8096327636613915,0.024346781720984575,0.013654937425544727,-0.2976046798903861,0.9966310360603918,0.9951503394762368,-0.9970543312240892,-0.9263268156424581,2
1776691090.246313,1056,1776691090.246313,1776691090.246355,1776691090.14673,1776691090.205739,0.9350952177459628,-0.782822229631699,0.6964044765457577,0.8194444444444444,0.2,0.0,0.2033427481040453,-0.5207850700396918,0.8138292652028407,0.20347512777164936,0.0017036648007480756,0.22193982592398015,0.9966310360603918,0.9957969608794052,-1.0,-0.9577513966480447,2
1776691090.296345,1057,1776691090.296345,1776691090.296392,1776691090.14673,1776691090.205739,0.9357113255363431,-0.7777847867422433,0.6633066116358441,0.9479166666666669,0.26666666666666666,0.0,-0.20612837152408295,-0.21593576734775824,0.7387697123837416,-0.001736258428359758,-0.12457248261109047,0.44766597093053523,0.9966310360603918,0.9957969608794052,-1.0,-0.9577513966480447,2
1776691090.346361,1058,1776691090.346361,1776691090.296392,1776691090.14673,1776691090.205739,0.9362462726697446,-0.7746577873099695,0.6500780485223695,0.8229166666666667,0.06666666666666667,0.0,-0.20612837152408295,-0.21593576734775824,0.7387697123837416,-0.001736258428359758,-0.12457248261109047,0.44766597093053523,0.9966310360603918,0.9957969608794052,-1.0,-0.9577513966480447,2
1776691090.396395,1059,1776691090.396395,1776691090.396435,1776691090.14673,1776691090.351949,0.9368425642596724,-0.7735313465922915,0.6831759134322831,0.9166666666666667,-0.26666666666666666,0.0,-0.4391831425154126,0.17782900122009607,0.7624224601526883,0.005215302572403935,-0.4300344575813083,0.15888814740140186,0.9966310360603918,0.9977368250889105,-0.9998909011564477,-0.9797486033519553,2
1776691090.446418,1060,1776691090.446418,1776691090.396435,1776691090.14673,1776691090.351949,0.9374431892328428,-0.7717921221241969,0.7016959017911475,0.9236111111111113,-0.2,0.0,-0.4391831425154126,0.17782900122009607,0.7624224601526883,0.005215302572403935,-0.4300344575813083,0.15888814740140186,0.9966310360603918,0.9977368250889105,-0.9998909011564477,-0.9797486033519553,2
1776691090.496476,1061,1776691090.496476,1776691090.446457,1776691090.14673,1776691090.351949,0.9379222086387712,-0.7706116122520704,0.7308251977670186,0.7361111111111112,-0.2,0.0,0.240482582674183,0.2413396345889512,0.7421078114308087,-0.024346781720984575,0.15870342142006225,-0.20176347811270925,0.9966310360603918,0.9977368250889105,-0.9998909011564477,-0.9797486033519553,2
1776691090.546457,1062,1776691090.546457,1776691090.496525,1776691090.14673,1776691090.498123,0.9384771073908516,-0.7684488460741289,0.7586051803053153,0.8541666666666667,-0.13333333333333333,0.0,0.18848634858246774,0.01732073082209764,0.9665235783241849,0.008694346716448111,-0.6689382197343308,-0.15888814740140186,0.9966310360603918,1.0,-0.9972725289111936,-0.990572625698324,2
1776691090.596674,1063,1776691090.596674,1776691090.596715,1776691090.14673,1776691090.498123,0.9390299297301282,-0.7648262127260766,0.7333386247585788,0.8472222222222223,0.06666666666666667,0.0,0.17641557248092793,-0.22170902253316654,0.821554568751008,0.024346781720984575,-0.005117399157134257,-0.29255940971285505,0.9966310360603918,1.0,-0.9972725289111936,-0.990572625698324,2
1776691090.646534,1064,1776691090.646534,1776691090.596715,1776691090.14673,1776691090.643835,0.9396281171752247,-0.7601672539177609,0.7175172632748631,0.9236111111111113,0.2,0.0,0.17641557248092793,-0.22170902253316654,0.821554568751008,0.024346781720984575,-0.005117399157134257,-0.29255940971285505,0.9966310360603918,0.998922297661386,-0.9934540693868645,-0.9916201117318435,2
1776691090.696583,1065,1776691090.696583,1776691090.646585,1776691090.14673,1776691090.643835,0.9401972348410694,-0.757085312114194,0.7175172632748631,0.8750000000000001,0.0,0.0,-0.24883945293429607,-0.06697497258644922,0.810872651800393,0.03826295829716128,-0.5750829415758258,0.055483773256281746,0.9966310360603918,0.998922297661386,-0.9934540693868645,-0.9916201117318435,2
1776691090.746561,1066,1776691090.746561,1776691090.746601,1776691090.747025,1776691090.643835,0.9407770956862028,-0.7562021825915346,0.759822208111755,0.8923611111111112,-0.33333333333333337,0.0,0.1569169846965347,0.07390268575576457,0.7742489137624793,0.07478313087863815,0.2133103616124611,-0.07692380506136204,0.9965062596181841,0.998922297661386,-0.9934540693868645,-0.9916201117318435,2
1776691090.796603,1067,1776691090.796603,1776691090.746601,1776691090.747025,1776691090.790179,0.9414139676046199,-0.7534536672404005,0.7902743603989736,0.9791666666666666,-0.13333333333333333,0.0,0.1569169846965347,0.07390268575576457,0.7742489137624793,0.07478313087863815,0.2133103616124611,-0.07692380506136204,0.9965062596181841,0.9968746632180193,-0.98985380754964,-1.0,2
1776691090.89664,1069,1776691090.89664,1776691090.896683,1776691090.747025,1776691090.790179,0.9425058899029056,-0.7446674296425128,0.74000582056777,0.8368055555555556,0.4,0.0,-0.6369546437793824,-0.4930713215648118,0.7702431949059987,0.03130487000907293,-0.11945508345395622,-0.020176347811270926,0.9965062596181841,0.9968746632180193,-0.98985380754964,-1.0,2
1776691090.946695,1070,1776691090.946695,1776691090.946744,1776691090.747025,1776691090.935831,0.9430818236194755,-0.7414503149528248,0.7492658147472022,0.8854166666666667,0.0,0.0,0.05478185751175295,-0.11662824908492796,0.7378159584095341,0.10956704503175524,0.0750829415758259,0.40226800513046235,0.9965062596181841,0.9918094622265331,-0.9826532838751909,-0.9940642458100559,2
1776691091.046735,1072,1776691091.046735,1776691090.996748,1776691090.747025,1776691090.935831,0.9441024707913043,-0.738773891807622,0.8008836680159801,0.8472222222222223,-0.26666666666666666,0.0,0.27576585240154267,0.01616627283819055,0.9422984825003325,0.04869356344196915,-0.5733792767750778,0.2673377917240531,0.9965062596181841,0.9918094622265331,-0.9826532838751909,-0.9940642458100559,2
1776691091.096754,1073,1776691091.096754,1776691091.096798,1776691090.747025,1776691091.081327,0.9446353415119021,-0.7373590822662185,0.840595814482631,0.8194444444444444,-0.26666666666666666,0.0,0.5376043638587676,0.354503544456285,0.8391988179605514,-0.11130330346011501,0.011944867869906619,-0.21185401846777133,0.9965062596181841,0.9873908826382154,-0.9734889810168013,-0.9863826815642458,2
1776691091.146771,1074,1776691091.146771,1776691091.146812,1776691090.747025,1776691091.081327,0.9452536159939037,-0.7329794807558867,0.8180808000634971,0.9513888888888891,0.06666666666666667,0.0,-0.6350973027807336,-0.07736702497335866,0.7631854314419272,0.08522026331077068,-0.5836140750893463,-0.23833458755152942,0.9965062596181841,0.9873908826382154,-0.9734889810168013,-0.9863826815642458,2
1776691091.196822,1075,1776691091.196822,1776691091.146812,1776691090.747025,1776691091.081327,0.9458226885203397,-0.7294649857167318,0.8353043892372412,0.8750000000000001,0.0,0.0,-0.6350973027807336,-0.07736702497335866,0.7631854314419272,0.08522026331077068,-0.5836140750893463,-0.23833458755152942,0.9965062596181841,0.9873908826382154,-0.9734889810168013,-0.9863826815642458,2
1776691091.296854,1077,1776691091.296854,1776691091.246872,1776691090.747025,1776691091.227875,0.9470141883543847,-0.7220304769800575,0.8233986824351139,0.9270833333333335,0.0,0.0,-0.15413213743236773,-0.203232868461289,0.7630900799621018,0.041742002441205454,0.2133103616124611,-0.21942192373406788,0.9965062596181841,0.9799547365017782,-0.9653065677503819,-0.9849860335195532,2
1776691091.346852,1078,1776691091.346852,1776691091.296908,1776691090.747025,1776691091.227875,0.9475241282553244,-0.7197685840189603,0.8485329523507158,0.7847222222222223,-0.13333333333333333,0.0,0.1216344911250457,-0.31408786236080866,0.7413447604162522,0.13043478260869565,-0.056317009748036946,-0.02900320417252363,0.9965062596181841,0.9799547365017782,-0.9653065677503819,-0.9849860335195532,2
1776691091.396973,1079,1776691091.396973,1776691091.397024,1776691091.348237,1776691091.373741,0.9480939230123009,-0.7161189160936838,0.825991480805355,0.8750000000000001,0.0,0.0,-0.5264626463344875,0.28175531668442755,0.8071530671087063,-0.16347591104612835,-0.2866896383875389,0.06683326470629997,0.996423075323379,0.9717641987283112,-0.9557058695177831,-0.9741620111731845,2
1776691091.447016,1080,1776691091.447016,1776691091.397024,1776691091.348237,1776691091.373741,0.9486470161880302,-0.7117663491605764,0.8114136042543059,0.8506944444444445,0.13333333333333333,0.0,-0.5264626463344875,0.28175531668442755,0.8071530671087063,-0.16347591104612835,-0.2866896383875389,0.06683326470629997,0.996423075323379,0.9717641987283112,-0.9557058695177831,-0.9741620111731845,2
1776691091.497037,1081,1776691091.497037,1776691091.497082,1776691091.348237,1776691091.373741,0.9491296467466607,-0.7070082635691048,0.774373627536577,0.7430555555555556,0.26666666666666666,0.0,-0.25069601777707406,-0.30715918392562047,0.8348116134594513,0.03652017258147686,-0.5511932058360126,0.31778102770165695,0.996423075323379,0.9717641987283112,-0.9557058695177831,-0.9741620111731845,2
1776691091.546956,1082,1776691091.546956,1776691091.497082,1776691091.348237,1776691091.519593,0.9496818822736234,-0.7064765835503609,0.8087149773791571,0.8506944444444445,-0.4,0.0,-0.25069601777707406,-0.30715918392562047,0.8348116134594513,0.03652017258147686,-0.5511932058360126,0.31778102770165695,0.996423075323379,0.9620648776807846,-0.9434867990399303,-0.9581005586592178,2
1776691091.596962,1083,1776691091.596962,1776691091.546998,1776691091.348237,1776691091.519593,0.9502328087577314,-0.7058187421712371,0.8775035055692252,0.8472222222222223,-0.4,0.0,-0.17548729005953892,0.29676713153871104,0.8041964537062586,-0.06260974001814586,-0.38395865090243,-0.05422482216132559,0.996423075323379,0.9620648776807846,-0.9434867990399303,-0.9581005586592178,2
1776691091.647011,1084,1776691091.647011,1776691091.597004,1776691091.348237,1776691091.519593,0.9508445380254605,-0.7008624030134541,0.8470513532820066,0.9409722222222223,0.13333333333333333,0.0,0.1634165139579991,0.11431836785124094,0.7937053194406121,0.022610523292624817,0.1825931571598755,-0.32282629787918804,0.996423075323379,0.9620648776807846,-0.9434867990399303,-0.9581005586592178,2
1776691091.697072,1085,1776691091.697072,1776691091.697118,1776691091.348237,1776691091.66688,0.9513774538854671,-0.697005469996125,0.8245363388628728,0.8194444444444444,0.06666666666666667,0.0,0.7994428753159926,0.0623552101190752,0.7572722843623493,-0.24521713021285482,0.8412965785799378,0.05674745725009111,0.996423075323379,0.9499946114883069,-0.928649356316823,-0.9301675977653633,2
1776691091.747049,1086,1776691091.747049,1776691091.747092,1776691091.348237,1776691091.66688,0.9519816900113395,-0.6927970874748804,0.8324734767309575,0.9305555555555557,0.06666666666666667,0.0,-0.5227479643371901,-0.38452717416485194,0.7397233866326314,0.2730429560778836,0.11945508345395622,-0.08448697742880536,0.996423075323379,0.9499946114883069,-0.928649356316823,-0.9301675977653633,2
1776691091.797228,1087,1776691091.797228,1776691091.797282,1776691091.348237,1776691091.66688,0.952574821842653,-0.6890663158179312,0.8152234304309867,0.9097222222222223,0.0,0.0,0.4503248600396927,-0.5484988185145716,0.7630900799621018,0.16521869676181275,0.05290327539165076,0.05422482216132559,0.996423075323379,0.9499946114883069,-0.928649356316823,-0.9301675977653633,2
1776691091.897148,1089,1776691091.897148,1776691091.89719,1776691091.348237,1776691091.812122,0.9535834619317474,-0.688444520541773,0.944731063311903,0.8402777777777778,-0.4,0.0,-0.2850510050830448,0.46304865712211773,0.7984740095863316,-0.039999216725521036,-0.4078483866422432,0.017653712722505405,0.996423075323379,0.9366311024894924,-0.9169757800567314,-0.895949720670391,2
1776691091.947144,1090,1776691091.947144,1776691091.947183,1776691091.947879,1776691091.812122,0.9541068985159111,-0.6860654777460372,0.9658967642934625,0.8055555555555557,-0.2,0.0,0.454967824458379,-0.3187066595623098,0.7860753673722701,0.05913069587410168,0.16382082057719652,-0.287514139535324,0.996423075323379,0.9366311024894924,-0.9169757800567314,-0.895949720670391,2
1776691091.997188,1091,1776691091.997188,1776691091.947183,1776691091.947879,1776691091.958006,0.9546791759403701,-0.6760266380700917,0.8599888880069847,0.8819444444444445,0.8666666666666667,0.0,0.454967824458379,-0.3187066595623098,0.7860753673722701,0.05913069587410168,0.16382082057719652,-0.287514139535324,0.996423075323379,0.923267593490678,-0.9037748199869082,-0.8722067039106145,2
1776691092.047198,1092,1776691092.047198,1776691091.997232,1776691091.947879,1776691091.958006,0.9552154772560351,-0.6684839910245204,0.7964653279360796,0.826388888888889,0.6,0.0,-0.5998140330533739,-0.09930751826283031,0.7428707827200477,0.19478078105520125,-0.4778139290609349,0.008826856361252702,0.996423075323379,0.923267593490678,-0.9037748199869082,-0.8722067039106145,2
1776691092.097274,1093,1776691092.097274,1776691092.047238,1776691091.947879,1776691091.958006,0.9557526362204665,-0.6616442429867802,0.7103473820673599,0.826388888888889,0.5333333333333333,0.0,-0.29340787534315793,-0.6558894731964972,0.6964234505005833,0.38261000110963883,0.4249170584241741,0.008826856361252702,0.996423075323379,0.923267593490678,-0.9037748199869082,-0.8722067039106145,2
1776691092.147261,1094,1776691092.147261,1776691092.147303,1776691091.947879,1776691092.104344,0.9563255455966485,-0.6585713127089547,0.7143159510014022,0.8819444444444445,0.0,0.0,-0.4679668829813079,0.1016164342306445,0.7274200958983955,0.0,-0.211606696811713,0.4627970485642751,0.996423075323379,0.9139993533785968,-0.8886100807331443,-0.8488128491620113,2
1776691092.197275,1095,1776691092.197275,1776691092.147303,1776691091.947879,1776691092.104344,0.956818016546392,-0.6595265344375456,0.7963594994311718,0.7569444444444445,-0.5333333333333333,0.0,-0.4679668829813079,0.1016164342306445,0.7274200958983955,0.0,-0.211606696811713,0.4627970485642751,0.996423075323379,0.9139993533785968,-0.8886100807331443,-0.8488128491620113,2
1776691092.247288,1096,1776691092.247288,1776691092.197319,1776691091.947879,1776691092.104344,0.9573984642038396,-0.659193107985113,0.8387173585205175,0.8923611111111112,-0.4666666666666667,0.0,0.5886723155290938,0.4353349086472378,1.0,-0.35304138952892566,-0.5085311335135204,0.36570162859049543,0.996423075323379,0.9139993533785968,-0.8886100807331443,-0.8488128491620113,2
1776691092.297324,1097,1776691092.297324,1776691092.24733,1776691091.947879,1776691092.251037,0.9579659117115595,-0.6610134361848805,0.9446252348069953,0.8715277777777779,-0.8,0.0,-0.6620237022479804,0.2598157886608287,0.7644253993062462,0.015652435004536464,-0.2610898330920876,0.05800640834504726,0.996423075323379,0.9057010453712685,-0.8755182195068733,-0.8222765363128491,2
1776691092.347394,1098,1776691092.347394,1776691092.297369,1776691091.947879,1776691092.251037,0.9585361578626238,-0.6524344636790456,0.8585866603169565,0.8784722222222223,0.6666666666666667,0.0,0.3834722264263999,0.3267897959814051,0.7876013099507481,0.022610523292624817,0.17235195409071696,-0.174023957933995,0.996423075323379,0.9057010453712685,-0.8755182195068733,-0.8222765363128491,2
1776691092.397418,1099,1776691092.397418,1776691092.347437,1776691091.947879,1776691092.396516,0.9591052303890597,-0.6482981733637323,0.8413630711432125,0.8750000000000001,0.06666666666666667,0.0,-0.2544106997743715,-0.5681294305703563,0.8900333546811158,-0.1808711317663492,-0.5460758066788785,-0.16645605266769845,0.996423075323379,0.8956784136221576,-0.8640628409338862,-0.7939944134078212,2
1776691092.447452,1100,1776691092.447452,1776691092.39747,1776691091.947879,1776691092.396516,0.9596740772184519,-0.6442339752543503,0.8413630711432125,0.8750000000000001,0.06666666666666667,0.0,0.25069601777707406,-0.8036958099738992,0.7118741373222355,0.5008713928578422,0.6450484839945175,-0.31525839261289146,0.996423075323379,0.8956784136221576,-0.8640628409338862,-0.7939944134078212,2
1776691092.497423,1101,1776691092.497423,1776691092.497468,1776691091.947879,1776691092.396516,0.9603139734772571,-0.6374663194225414,0.7659867185226341,0.986111111111111,0.4,0.0,-0.22005571246840078,-0.1685914068170937,0.7291368211618418,0.13043478260869565,-0.21501402641320916,-0.1286259921339221,0.996423075323379,0.8956784136221576,-0.8640628409338862,-0.7939944134078212,2
1776691092.547471,1102,1776691092.547471,1776691092.497468,1776691092.548668,1776691092.542933,0.9608917579095869,-0.6323207382241887,0.7315659973013732,0.888888888888889,0.26666666666666666,0.0,-0.22005571246840078,-0.1685914068170937,0.7291368211618418,0.13043478260869565,-0.21501402641320916,-0.1286259921339221,0.9963814831759764,0.8835003771958185,-0.8553349334497055,-0.7800279329608939,2
1776691092.597528,1103,1776691092.597528,1776691092.597573,1776691092.548668,1776691092.542933,0.9614878689418794,-0.6276707909416144,0.6944995634574173,0.9166666666666667,0.2,0.0,-0.6843079134524112,-0.2274822777185748,0.7691940097266482,0.1721767850499011,0.04266207232249222,0.04539796580007289,0.9963814831759764,0.8835003771958185,-0.8553349334497055,-0.7800279329608939,2
1776691092.647568,1104,1776691092.647568,1776691092.597573,1776691092.548668,1776691092.542933,0.9621155324209064,-0.6239310077589237,0.6838902558404106,0.9652777777777779,0.06666666666666667,0.0,-0.6843079134524112,-0.2274822777185748,0.7691940097266482,0.1721767850499011,0.04266207232249222,0.04539796580007289,0.9963814831759764,0.8835003771958185,-0.8553349334497055,-0.7800279329608939,2
1776691092.697554,1105,1776691092.697554,1776691092.697598,1776691092.548668,1776691092.688779,0.962656708792719,-0.6202362822049401,0.6706616927269361,0.8333333333333334,0.13333333333333333,0.0,0.8087280279974945,0.6535795919628102,0.8865999041542232,-0.5182600862907384,0.12628255216672857,0.021435298906227074,0.9963814831759764,0.8708912598340339,-0.8469343224961815,-0.768854748603352,2
1776691092.747529,1106,1776691092.747529,1776691092.697598,1776691092.548668,1776691092.688779,0.9632245174157094,-0.6137569951968568,0.5979575098552795,0.8750000000000001,0.5333333333333333,0.0,0.8087280279974945,0.6535795919628102,0.8865999041542232,-0.5182600862907384,0.12628255216672857,0.021435298906227074,0.9963814831759764,0.8708912598340339,-0.8469343224961815,-0.768854748603352,2
1776691092.797565,1107,1776691092.797565,1776691092.797609,1776691092.548668,1776691092.688779,0.9637838849692586,-0.6062774288314755,0.5066010529936238,0.8611111111111112,0.7333333333333333,0.0,0.21262790078554739,-0.1997694945095677,0.7413447604162522,-0.006958088288088354,0.2662136370041118,0.5321576812581938,0.9963814831759764,0.8708912598340339,-0.8469343224961815,-0.768854748603352,2
1776691092.847594,1108,1776691092.847594,1776691092.797609,1776691092.548668,1776691092.835173,0.9642580293190391,-0.6040065243446369,0.4946953461914967,0.7291666666666667,0.06666666666666667,0.0,0.21262790078554739,-0.1997694945095677,0.7413447604162522,-0.006958088288088354,0.2662136370041118,0.5321576812581938,0.9963814831759764,0.8618385601896756,-0.8409338861008074,-0.7524441340782123,2
1776691092.897611,1109,1776691092.897611,1776691092.897656,1776691092.548668,1776691092.835173,0.9647635004185101,-0.6003208103163946,0.46823821996454745,0.7777777777777779,0.26666666666666666,0.0,-0.1439179261736059,0.15242513397890314,0.7840724282187124,-0.16521869676181275,0.10068274687127725,-0.03404847435005466,0.9963814831759764,0.8618385601896756,-0.8409338861008074,-0.7524441340782123,2
1776691092.947655,1110,1776691092.947655,1776691092.897656,1776691092.548668,1776691092.835173,0.9652649541106,-0.5989961160324054,0.4788210704553272,0.7708333333333334,-0.06666666666666667,0.0,-0.1439179261736059,0.15242513397890314,0.7840724282187124,-0.16521869676181275,0.10068274687127725,-0.03404847435005466,0.9963814831759764,0.8618385601896756,-0.8409338861008074,-0.7524441340782123,2
1776691092.997711,1111,1776691092.997711,1776691092.997758,1776691092.548668,1776691092.981131,0.9658679714724354,-0.5950130216546964,0.4549831997248459,0.9270833333333335,0.26666666666666666,0.0,-0.3714022264807308,-0.08429570340854685,0.7494515496090389,-0.09565086845557855,-0.3822549861016819,-0.245902492817826,0.9963814831759764,0.8541868735855157,-0.8377700196377919,-0.7283519553072626,2
1776691093.047738,1112,1776691093.047738,1776691092.997758,1776691092.548668,1776691092.981131,0.9663532201167749,-0.5910930079571772,0.42984892980924416,0.7465277777777778,0.33333333333333337,0.0,-0.3714022264807308,-0.08429570340854685,0.7494515496090389,-0.09565086845557855,-0.3822549861016819,-0.245902492817826,0.9963814831759764,0.8541868735855157,-0.8377700196377919,-0.7283519553072626,2
1776691093.097716,1113,1776691093.097716,1776691093.097762,1776691092.548668,1776691092.981131,0.9669169661929753,-0.5874613630833836,0.41529751038442203,0.8680555555555556,0.26666666666666666,0.0,-0.47075173024547484,-0.15935381241409136,0.7707200320304435,-0.02608956743666899,-0.09044154380211869,-0.21815823974025852,0.9963814831759764,0.8541868735855157,-0.8377700196377919,-0.7283519553072626,2
1776691093.147835,1114,1776691093.147835,1776691093.097762,1776691093.148518,1776691093.127084,0.9674844137006954,-0.5816218944029414,0.37550599253909045,0.8715277777777779,0.6,0.0,-0.47075173024547484,-0.15935381241409136,0.7707200320304435,-0.02608956743666899,-0.09044154380211869,-0.21815823974025852,0.9962982988811713,0.849768293997198,-0.8385337115426577,-0.7178770949720671,2
1776691093.197759,1115,1776691093.197759,1776691093.197807,1776691093.148518,1776691093.127084,0.9679756207469932,-0.5788823905775488,0.44024658041643516,0.7569444444444445,0.2,0.0,-0.0176412467857445,0.3983835657693555,0.8576060384593337,-0.12695573846465147,-0.4778139290609349,0.14249811867270584,0.9962982988811713,0.849768293997198,-0.8385337115426577,-0.7178770949720671,2
1776691093.247873,1116,1776691093.247873,1776691093.197807,1776691093.148518,1776691093.127084,0.9685000955375588,-0.5744306968612856,0.38852289864274947,0.8055555555555557,0.4,0.0,-0.0176412467857445,0.3983835657693555,0.8576060384593337,-0.12695573846465147,-0.4778139290609349,0.14249811867270584,0.9962982988811713,0.849768293997198,-0.8385337115426577,-0.7178770949720671,2
1776691093.29781,1117,1776691093.29781,1776691093.247924,1776691093.148518,1776691093.273766,0.9690206431995607,-0.5711054438627005,0.3383337301902268,0.8020833333333335,0.26666666666666666,0.0,-0.3398328625947977,-0.2794454354507406,0.7818787861055034,-0.05391539330169774,-0.16040708622081035,0.14880233994519304,0.9962982988811713,0.8468584976829401,-0.842897665284748,-0.6958798882681565,2
1776691093.347859,1118,1776691093.347859,1776691093.29786,1776691093.148518,1776691093.273766,0.9696237508402137,-0.5686633203867746,0.32111014101648283,0.9270833333333335,0.13333333333333333,0.0,0.25719554703853853,-0.38568163214875906,0.787315175785954,0.20869695763137797,0.14164115439302138,0.036571109438820186,0.9962982988811713,0.8468584976829401,-0.842897665284748,-0.6958798882681565,2
1776691093.397866,1119,1776691093.397866,1776691093.347905,1776691093.148518,1776691093.273766,0.9701336907411535,-0.5651668483991024,0.28539302061010136,0.7847222222222223,0.33333333333333337,0.0,-0.4159698727337219,-0.15704393118040433,0.7759656390259256,-0.34782608695652173,-0.38395865090243,0.25598830027403485,0.9962982988811713,0.8468584976829401,-0.842897665284748,-0.6958798882681565,2
1776691093.44797,1120,1776691093.44797,1776691093.397913,1776691093.148518,1776691093.419899,0.9707083154148689,-0.567095314907767,0.2933301584781861,0.8819444444444445,-0.4666666666666667,0.0,0.3714022264807308,-0.8048502679578062,0.8324272683865915,0.8330450448098273,0.24914496522218094,0.10592700923388566,0.9962982988811713,0.848151740489277,-0.8496617935849881,-0.6693435754189945,2
1776691093.497973,1121,1776691093.497973,1776691093.448023,1776691093.148518,1776691093.419899,0.9712995513910138,-0.5644369148140471,0.2708416011852793,0.9097222222222223,0.2,0.0,-0.15970260811657241,0.5461899025467575,0.7844539138633319,-0.16347591104612835,0.1058001460284115,-0.1803281792064822,0.9962982988811713,0.848151740489277,-0.8496617935849881,-0.6693435754189945,2
1776691093.547991,1122,1776691093.547991,1776691093.498022,1776691093.148518,1776691093.419899,0.9717894042550485,-0.5629770476439366,0.2549673254491097,0.7534722222222223,0.06666666666666667,0.0,0.07056653945471945,0.18591213763919134,0.7691940097266482,-0.2313074809240028,0.10068274687127725,-0.22068087482902404,0.9962982988811713,0.848151740489277,-0.8496617935849881,-0.6693435754189945,2
1776691093.597965,1123,1776691093.597965,1776691093.54803,1776691093.148518,1776691093.566088,0.972332973015526,-0.559237264461246,0.1994338174987433,0.8368055555555556,0.4,0.0,0.5970284096333363,-0.9942267448145917,0.8746780990646067,0.8295660006657833,-0.14504848399451753,-0.13367126231145315,0.9962982988811713,0.8517081582067033,-0.8591533929740345,-0.6518854748603352,2
1776691093.648019,1124,1776691093.648019,1776691093.598009,1776691093.148518,1776691093.566088,0.9729089518715047,-0.5543079598806875,0.1345609439902638,0.8854166666666667,0.6,0.0,-0.2479111705129071,-0.26443458586232993,0.777205527164927,-0.17739208762230504,0.005117399157134257,-0.10718596032884181,0.9962982988811713,0.8517081582067033,-0.8591533929740345,-0.6518854748603352,2
1776691093.698011,1125,1776691093.698011,1776691093.698051,1776691093.148518,1776691093.566088,0.9734754514516406,-0.5577864088168768,0.2020001587427574,0.8715277777777779,-0.6,0.0,-0.25348164119711175,-0.15473404994671733,0.8024797284428122,-0.2260856510642742,-0.6023864116720253,0.2913004586178989,0.9962982988811713,0.8517081582067033,-0.8591533929740345,-0.6518854748603352,2
1776691093.848114,1128,1776691093.848114,1776691093.848164,1776691093.749652,1776691093.712903,0.9751873183900525,-0.5547134785390515,0.25631663888668416,0.9131944444444445,0.4666666666666667,0.0,-0.4540387658811193,-0.33833727161809446,0.7343824281573239,-0.3182640026631332,-0.29863450625744553,0.055483773256281746,0.9963398910285738,0.8572044401336352,-0.867772201614663,-0.6316340782122906,2
1776691093.898193,1129,1776691093.898193,1776691093.848164,1776691093.749652,1776691093.858306,0.9756980256609414,-0.5505681766979967,0.22052014710162185,0.7847222222222223,0.4666666666666667,0.0,-0.4540387658811193,-0.33833727161809446,0.7343824281573239,-0.3182640026631332,-0.29863450625744553,0.055483773256281746,0.9963398910285738,0.8645328160362109,-0.8746454287584552,-0.6215083798882681,2
1776691093.998209,1131,1776691093.998209,1776691093.948315,1776691093.749652,1776691093.858306,0.9767813714715596,-0.5460173561985779,0.20602164192925365,0.8194444444444444,0.4666666666666667,0.0,-0.03899717556878643,0.4260973142442354,0.7976156070919496,-0.11130330346011501,-0.037544673165357964,-0.006304221272487186,0.9963398910285738,0.8645328160362109,-0.8746454287584552,-0.6215083798882681,2
1776691094.048197,1132,1776691094.048197,1776691093.99825,1776691093.749652,1776691094.004276,0.9773073358626149,-0.5501536465138913,0.3620922295420272,0.8090277777777779,-0.7333333333333333,0.0,-0.03528326972735973,-0.17782900122009607,0.7847400480281258,-0.0765193893069979,-0.0750829415758259,0.4489296549243446,0.9963398910285738,0.8716456514710637,-0.879663975561859,-0.6180167597765364,2
1776691094.098346,1133,1776691094.098346,1776691094.098393,1776691093.749652,1776691094.004276,0.9778551928669262,-0.5491083095278861,0.40320660369870626,0.8402777777777778,-0.06666666666666667,0.0,-0.006499529261464404,0.8383372716180946,0.7300905751360491,-0.4434769554121003,0.4300344575813083,0.359392674419155,0.9963398910285738,0.8716456514710637,-0.879663975561859,-0.6180167597765364,2
1776691094.148337,1134,1776691094.148337,1776691094.148381,1776691093.749652,1776691094.004276,0.9784146506992931,-0.5510097414593265,0.485144323623568,0.8611111111111112,-0.5333333333333333,0.0,-0.09006512723911268,0.22055456454925945,0.7778731469743404,0.2521752185009432,0.010241203069158543,-0.020176347811270926,0.9963398910285738,0.8716456514710637,-0.879663975561859,-0.6180167597765364,2
1776691094.198368,1135,1776691094.198368,1776691094.148381,1776691093.749652,1776691094.150873,0.9790226785355025,-0.5501356234624084,0.5063629388575813,0.9340277777777779,-0.2,0.0,-0.09006512723911268,0.22055456454925945,0.7778731469743404,0.2521752185009432,0.010241203069158543,-0.020176347811270926,0.9963398910285738,0.8817760534540361,-0.8867554003927558,-0.6145251396648045,2
1776691094.248353,1136,1776691094.248353,1776691094.198414,1776691093.749652,1776691094.150873,0.9795461151196663,-0.5490362173219548,0.5063629388575813,0.8055555555555557,-0.13333333333333333,0.0,-0.03713983457013771,0.14896079476130908,0.740200303482394,-0.1582606084737244,-0.18771055631700975,-0.06809694870010932,0.9963398910285738,0.8817760534540361,-0.8867554003927558,-0.6145251396648045,2
1776691094.298323,1137,1776691094.298323,1776691094.248392,1776691093.749652,1776691094.29675,0.9801078299224717,-0.5482432030567096,0.5486678836944732,0.8645833333333334,-0.2,0.0,0.09285075065915038,0.47690504872662126,0.660181198107289,0.01043713243213253,0.9095584561978813,-0.44262070075300425,0.9963398910285738,0.8897510507597802,-0.8974470870608772,-0.6071927374301677,2
1776691094.34836,1138,1776691094.34836,1776691094.298369,1776691094.349221,1776691094.29675,0.9806611487952451,-0.5468554280925304,0.556605021562558,0.8506944444444445,-0.13333333333333333,0.0,-0.49953547071137017,0.1316400639392114,0.782927971284854,-0.1791283460506648,-0.11945508345395622,-0.12358072195639107,0.9962982988811713,0.8897510507597802,-0.8974470870608772,-0.6071927374301677,2
1776691094.398523,1139,1776691094.398523,1776691094.348408,1776691094.349221,1776691094.29675,0.9811366924666977,-0.5462156097648893,0.600391565468159,0.7291666666666667,-0.2,0.0,-0.08356559797764827,-0.32217099877990396,0.7153075878491281,0.001736258428359758,0.1672345549335827,-0.3430026456904589,0.9962982988811713,0.8897510507597802,-0.8974470870608772,-0.6071927374301677,2
1776691094.448483,1140,1776691094.448483,1776691094.398571,1776691094.349221,1776691094.44277,0.9816487087804411,-0.5456929412718867,0.6413736539937033,0.7881944444444445,-0.26666666666666666,0.0,0.04271108141021313,-0.03926122411156929,0.8333810223607989,0.06260974001814586,-0.4914688664864796,0.04161637961635122,0.9962982988811713,0.8995581420411682,-0.9077023783547894,-0.594622905027933,2
1776691094.498443,1141,1776691094.498443,1776691094.448527,1776691094.349221,1776691094.44277,0.9821720550857873,-0.5458641602609738,0.6916157366986798,0.8055555555555557,-0.4,0.0,-0.12070543254778597,-0.13741331912461968,0.7999999521648093,0.09391461002721878,-0.404434652285857,0.04539796580007289,0.9962982988811713,0.8995581420411682,-0.9077023783547894,-0.594622905027933,2
1776691094.54844,1142,1776691094.54844,1776691094.498481,1776691094.349221,1776691094.44277,0.9827702876702924,-0.5454406185511269,0.7445035320263513,0.920138888888889,-0.4,0.0,0.16063166669383214,0.06004629415126102,0.7896995208588138,0.10087269831530714,0.0870278094457325,0.01387212653878374,0.9962982988811713,0.8995581420411682,-0.9077023783547894,-0.594622905027933,2
1776691094.598437,1143,1776691094.598437,1776691094.598538,1776691094.349221,1776691094.588515,0.9832733212416895,-0.5426200109940614,0.7736063708759955,0.7743055555555556,0.0,0.0,0.9740018829541424,0.3314085931829063,0.8502622205557859,-0.46434469298904063,0.25767609873570135,0.1109722794114167,0.9962982988811713,0.9071020584114668,-0.9150120008727908,-0.5911312849162011,2
1776691094.648509,1144,1776691094.648509,1776691094.598538,1776691094.349221,1776691094.588515,0.9838219456159502,-0.5367084501076878,0.7312220546604228,0.84375,0.4,0.0,0.9740018829541424,0.3314085931829063,0.8502622205557859,-0.46434469298904063,0.25767609873570135,0.1109722794114167,0.9962982988811713,0.9071020584114668,-0.9150120008727908,-0.5911312849162011,2
1776691094.698576,1145,1776691094.698576,1776691094.698619,1776691094.349221,1776691094.588515,0.9843528302025618,-0.5337706927159838,0.7285763420377279,0.8159722222222222,0.0,0.0,0.33147599233468467,-0.203232868461289,0.7580352556515881,0.11651860603251893,0.22696529903800583,0.28373255335160236,0.9962982988811713,0.9071020584114668,-0.9150120008727908,-0.5911312849162011,2
1776691094.748587,1146,1776691094.748587,1776691094.748665,1776691094.349221,1776691094.735251,0.9848402003991137,-0.5306436932837099,0.6968277905653888,0.75,0.06666666666666667,0.0,0.45868173029980575,0.041570140079383464,0.9890319488845909,-0.08869278016749019,-0.5733792767750778,0.2610335704515659,0.9962982988811713,0.9150770557172109,-0.9193759546148811,-0.5799581005586593,2
1776691094.801231,1147,1776691094.801231,1776691094.748665,1776691094.349221,1776691094.735251,0.9853892310280533,-0.5301300363164487,0.7372013651877134,0.8020833333333335,-0.33333333333333337,0.0,0.45868173029980575,0.041570140079383464,0.9890319488845909,-0.08869278016749019,-0.5733792767750778,0.2610335704515659,0.9962982988811713,0.9150770557172109,-0.9193759546148811,-0.5799581005586593,2
1776691094.849017,1148,1776691094.849017,1776691094.801274,1776691094.349221,1776691094.735251,0.9859047682156812,-0.5285530193116996,0.7624943778606768,0.8298611111111112,-0.2,0.0,-0.025998117045857617,-0.04965327649847874,0.7474486901807986,0.1582606084737244,0.5443657371232403,0.19041398666269102,0.9962982988811713,0.9150770557172109,-0.9193759546148811,-0.5799581005586593,2
1776691094.898708,1149,1776691094.898708,1776691094.898746,1776691094.349221,1776691094.880924,0.9865325219735257,-0.5249393974893889,0.7677593459798397,0.9722222222222224,0.0,0.0,-0.3556175445377643,-0.11662824908492796,0.7472579872211477,0.11826139174820335,-0.307165639770966,-0.31147680642916975,0.9962982988811713,0.923806444659985,-0.9257036875409121,-0.5663407821229051,2
1776691094.948708,1150,1776691094.948708,1776691094.948744,1776691094.949285,1776691094.880924,0.9870852540339848,-0.5217403058511837,0.8074450353202636,0.8506944444444445,0.0,0.0,0.359331450379191,-0.2921483343372098,0.6927992172887221,0.06434599844650561,0.9658690611910282,-0.11727650068390388,0.9962982988811713,0.923806444659985,-0.9257036875409121,-0.5663407821229051,2
1776691094.99879,1151,1776691094.99879,1776691094.998844,1776691094.949285,1776691094.880924,0.9876841637096216,-0.5189917905000495,0.8207000555599651,0.920138888888889,-0.13333333333333333,0.0,-0.687093536872449,-0.22632781973466773,0.8030519967724001,0.052172607586013324,-0.19112429067339592,-0.3051678522578294,0.9962982988811713,0.923806444659985,-0.9257036875409121,-0.5663407821229051,2
1776691095.048923,1152,1776691095.048923,1776691095.04897,1776691094.949285,1776691095.028108,0.9882857817497851,-0.5152610188431004,0.8286636505542769,0.9236111111111113,0.0,0.0,-0.09935027992061479,-0.12240150427033622,0.7297090894914298,0.08695652173913043,-0.0597243393495331,-0.047920600888838406,0.9962982988811713,0.9324280633688975,-0.9314859262491818,-0.5604050279329609,2
1776691095.098764,1153,1776691095.098764,1776691095.098808,1776691094.949285,1776691095.028108,0.9887739644556948,-0.5135578404779713,0.8365743312961348,0.7534722222222223,-0.2,0.0,0.4818942239256257,0.7863741138859288,0.9265616615138864,-0.6121746963179572,-0.3788412517452957,0.09331856668891128,0.9962982988811713,0.9324280633688975,-0.9314859262491818,-0.5604050279329609,2
1776691095.14893,1154,1776691095.14893,1776691095.098808,1776691094.949285,1776691095.028108,0.9893420439151378,-0.5095206769458137,0.8365743312961348,0.8715277777777779,0.06666666666666667,0.0,0.4818942239256257,0.7863741138859288,0.9265616615138864,-0.6121746963179572,-0.3788412517452957,0.09331856668891128,0.9962982988811713,0.9324280633688975,-0.9314859262491818,-0.5604050279329609,2
1776691095.19902,1155,1776691095.19902,1776691095.19906,1776691094.949285,1776691095.173225,0.989900012147015,-0.5046364299939623,0.8140328597507739,0.857638888888889,0.2,0.0,0.3964712849493287,-0.03926122411156929,0.7929422684260556,-0.015652435004536464,0.1518759527072899,-0.055483773256281746,0.9962982988811713,0.9376010345942452,-0.934540693868645,-0.5642458100558659,2
1776691095.248852,1156,1776691095.248852,1776691095.248897,1776691094.949285,1776691095.173225,0.9904548206202778,-0.4980850507799476,0.7388946212662382,0.857638888888889,0.4666666666666667,0.0,0.2321264885699406,-0.21247142813016417,0.910348083128313,-0.10434521517202665,-0.6040964812276635,0.2913004586178989,0.9962982988811713,0.9376010345942452,-0.934540693868645,-0.5642458100558659,2
1776691095.298819,1157,1776691095.298819,1776691095.298858,1776691094.949285,1776691095.173225,0.9910096290935407,-0.49589525002478174,0.7494510146307909,0.8541666666666667,-0.13333333333333333,0.0,-0.10492075060481947,-0.2563514494432346,0.694420591072343,0.16173965261776857,0.8481240472927102,0.07566012106755267,0.9962982988811713,0.9376010345942452,-0.934540693868645,-0.5642458100558659,2
1776691095.351308,1158,1776691095.351308,1776691095.298858,1776691094.949285,1776691095.319175,0.9916137749405954,-0.49389469131018576,0.7814112231129455,0.8854166666666667,-0.2,0.0,-0.10492075060481947,-0.2563514494432346,0.694420591072343,0.16173965261776857,0.8481240472927102,0.07566012106755267,0.9962982988811713,0.9408341416100874,-0.9338861008073315,-0.5607541899441341,2
1776691095.398854,1159,1776691095.398854,1776691095.39889,1776691094.949285,1776691095.319175,0.9922165214659783,-0.4899115969324766,0.7751144270709316,0.9756944444444446,0.06666666666666667,0.0,-0.4410397073581905,-0.16281718636581258,0.7343824281573239,0.07478313087863815,-0.3378828442235516,-0.13871179959013097,0.9962982988811713,0.9408341416100874,-0.9338861008073315,-0.5607541899441341,2
1776691095.448839,1160,1776691095.448839,1776691095.39889,1776691094.949285,1776691095.319175,0.9927531838969132,-0.485874433400319,0.7804058523163214,0.826388888888889,0.13333333333333333,0.0,-0.4410397073581905,-0.16281718636581258,0.7343824281573239,0.07478313087863815,-0.3378828442235516,-0.13871179959013097,0.9962982988811713,0.9408341416100874,-0.9338861008073315,-0.5607541899441341,2
1776691095.499002,1161,1776691095.499002,1776691095.499089,1776691094.949285,1776691095.465948,0.9933507845296955,-0.4832520794095648,0.7976558986162923,0.9166666666666667,-0.13333333333333333,0.0,-0.7975855343173437,-0.29676713153871104,0.7591797923107643,0.1913017369111571,-0.10751021558404959,-0.16393341757893293,0.9962982988811713,0.9428817760534541,-0.9309404320314204,-0.5562150837988827,2
1776691095.548978,1162,1776691095.548978,1776691095.549022,1776691095.549497,1776691095.465948,0.9939301037019235,-0.4788634663734917,0.7804587665687753,0.8923611111111112,0.13333333333333333,0.0,-0.22191305346704945,-0.1616627283819055,0.7429661341998731,0.024346781720984575,-0.1672345549335827,0.15510656121768024,0.9962567067337686,0.9428817760534541,-0.9309404320314204,-0.5562150837988827,2
1776691095.599004,1163,1776691095.599004,1776691095.599055,1776691095.549497,1776691095.465948,0.9944044286093393,-0.4783227748290063,0.8228166256581211,0.7291666666666667,-0.33333333333333337,0.0,0.46518125956127016,0.28175531668442755,0.9858845527971747,-0.30261156765859676,-0.5733792767750778,0.3203036627904225,0.9962567067337686,0.9428817760534541,-0.9309404320314204,-0.5562150837988827,2
1776691095.649077,1164,1776691095.649077,1776691095.599055,1776691095.549497,1776691095.611544,0.9949765254761633,-0.47838585550919627,0.8970024075984866,0.8784722222222223,-0.5333333333333333,0.0,0.46518125956127016,0.28175531668442755,0.9858845527971747,-0.30261156765859676,-0.5733792767750778,0.3203036627904225,0.9962567067337686,0.9433128569888997,-0.9245036002618373,-0.5597067039106145,2
1776691095.699047,1165,1776691095.699047,1776691095.699095,1776691095.549497,1776691095.611544,0.9955153094593107,-0.47473618758391983,0.918168108580046,0.8298611111111112,0.0,0.0,0.6350973027807336,-0.08660558464223385,0.843204536817032,-0.05913069587410168,-0.034130938808971785,-0.020176347811270926,0.9962567067337686,0.9433128569888997,-0.9245036002618373,-0.5597067039106145,2
1776691095.749105,1166,1776691095.749105,1776691095.699095,1776691095.549497,1776691095.611544,0.9960745415946337,-0.4658958808315836,0.8095616054184196,0.8611111111111112,0.7333333333333333,0.0,0.6350973027807336,-0.08660558464223385,0.843204536817032,-0.05913069587410168,-0.034130938808971785,-0.020176347811270926,0.9962567067337686,0.9433128569888997,-0.9245036002618373,-0.5597067039106145,2
1776691095.799086,1167,1776691095.799086,1776691095.749157,1776691095.549497,1776691095.757807,0.9966157179664463,-0.46258865088448126,0.8294044500886315,0.8333333333333334,0.0,0.0,-0.05292451651310423,-0.7147813093638512,0.8789699520858814,-0.05913069587410168,-0.518772336582679,0.007567905266296554,0.9962567067337686,0.9421273844164242,-0.9181758673358063,-0.5642458100558659,2
1776691095.849108,1168,1776691095.849108,1776691095.849157,1776691095.549497,1776691095.757807,0.9971391996900187,-0.45840730294046084,0.8068894356694977,0.8055555555555557,0.13333333333333333,0.0,0.24419648851560966,0.04849881851457165,0.821363865791357,-0.015652435004536464,0.09897908207052916,0.19798189192898757,0.9962567067337686,0.9421273844164242,-0.9181758673358063,-0.5642458100558659,2
1776691095.89911,1169,1776691095.89911,1776691095.899151,1776691095.549497,1776691095.757807,0.9977392829902837,-0.45475763501518446,0.8135037172262349,0.9236111111111113,0.0,0.0,-0.29062225192312025,0.025403867241192916,0.7411540574566013,0.13391382675273983,-0.13139995132386284,0.32156261388537866,0.9962567067337686,0.9421273844164242,-0.9181758673358063,-0.5642458100558659,2
1776691095.94918,1170,1776691095.94918,1776691095.899151,1776691095.549497,1776691095.903972,0.998266014751288,-0.45377537870936924,0.8717887663042041,0.8090277777777779,-0.33333333333333337,0.0,-0.29062225192312025,0.025403867241192916,0.7411540574566013,0.13391382675273983,-0.13139995132386284,0.32156261388537866,0.9962567067337686,0.9406186011423645,-0.9114117390355663,-0.5670391061452514,2
1776691095.999403,1171,1776691095.999403,1776691095.949216,1776691095.549497,1776691095.903972,0.9988661883303706,-0.45209022339572313,0.9209196497076488,0.920138888888889,-0.33333333333333337,0.0,0.8792945674522141,0.413395380623639,0.7717691374844764,-0.32347930523553714,0.5614344089051713,0.46910600273561553,0.9962567067337686,0.9406186011423645,-0.9114117390355663,-0.5670391061452514,2
1776691096.04918,1172,1776691096.04918,1776691095.999457,1776691095.549497,1776691095.903972,0.9994559798454347,-0.45248673052834576,1.0,0.9097222222222223,-0.6666666666666667,0.0,-0.43361189567533714,0.43995370584873894,0.7861706391267781,0.02608956743666899,-0.42320698886853597,0.09710015287263296,0.9962567067337686,0.9406186011423645,-0.9114117390355663,-0.5670391061452514,2
1776691096.100485,1173,1776691096.100485,1776691096.049221,1776691095.549497,1776691096.050921,1.0,-0.44930566194162336,0.9579331692991508,0.8159722222222222,-0.13333333333333333,0.0,0.33426161575472235,0.003464339217594094,0.7484977956348315,0.2017388693432896,0.21842776076959536,-0.24085722264029494,0.9962567067337686,0.9382476559974137,-0.9038839188304605,-0.5726256983240224,2
