timestamp,frame,odom_time,imu_time,voltage_time,current_time,x,y,z,vx,vy,vz,ax,ay,az,gx,gy,gz,voltage,current0,current1,current2,fault_label
1776680048.680093,100,1776680048.680093,1776680048.680135,1776680048.630609,1776680048.637658,0.4803370901526261,-0.5310942423374392,-0.9067298704766991,0.8758865248226951,-0.07142857142857142,0.0,0.16008777155930173,-0.1758998007453813,0.835374290054154,0.13861380006564972,0.03100747001447452,0.11616239799577294,0.9999161144199312,0.707644069629149,-0.6329598506069094,-0.491376701966717,3
1776680048.730151,101,1776680048.730151,1776680048.730192,1776680048.630609,1776680048.637658,0.4809384678429157,-0.5351475221999428,-0.8298838296167713,0.9574468085106385,-0.14285714285714285,0.0,-0.1546047988385117,-0.2894737756145228,0.7564684321754062,0.31518056768423725,-0.09883403766283831,0.06397161731394398,0.9999161144199312,0.707644069629149,-0.6329598506069094,-0.491376701966717,3
1776680048.780079,102,1776680048.780079,1776680048.730192,1776680048.630609,1776680048.637658,0.4814693962707374,-0.5386995130335148,-0.7865536119642141,0.847517730496454,-0.14285714285714285,0.0,-0.1546047988385117,-0.2894737756145228,0.7564684321754062,0.31518056768423725,-0.09883403766283831,0.06397161731394398,0.9999161144199312,0.707644069629149,-0.6329598506069094,-0.491376701966717,3
1776680048.830082,103,1776680048.830082,1776680048.830123,1776680048.630609,1776680048.783972,0.4820123851850586,-0.5393297049556002,-0.8332888236079584,0.8652482269503546,0.14285714285714285,0.0,0.1644735997888203,0.16066452167892567,0.872802717606657,0.02475489740683624,-0.11821825243848331,0.11027040005560276,0.9999161144199312,0.7098064655638446,-0.6354808590102707,-0.4804841149773071,3
1776680048.880071,104,1776680048.880071,1776680048.88011,1776680048.630609,1776680048.783972,0.4825817647580302,-0.5444858206817531,-0.7431566297235946,0.9078014184397164,-0.2857142857142857,0.0,-0.007675428546288132,-0.3102490509066027,0.7734544644036455,0.19306590364355922,0.0678265676483638,0.09848324492703715,0.9999161144199312,0.7098064655638446,-0.6354808590102707,-0.4804841149773071,3
1776680048.930098,105,1776680048.930098,1776680048.930151,1776680048.630609,1776680048.930523,0.4831226620012611,-0.5485677456316242,-0.6797302710642276,0.8617021276595745,-0.21428571428571427,0.0,-0.1326756576909187,-0.1939056568166267,0.9430179302602034,-0.09571233037909614,-0.5542648909319698,0.11952699735570924,0.9999161144199312,0.7138068980430317,-0.6380018674136322,-0.47413010590015126,3
1776680048.980077,106,1776680048.980077,1776680048.930151,1776680048.630609,1776680048.930523,0.48367201493613377,-0.5503723861357778,-0.65970089464548,0.8758865248226951,0.0,0.0,-0.1326756576909187,-0.1939056568166267,0.9430179302602034,-0.09571233037909614,-0.5542648909319698,0.11952699735570924,0.9999161144199312,0.7138068980430317,-0.6380018674136322,-0.47413010590015126,3
1776680049.030404,107,1776680049.030404,1776680049.030453,1776680048.630609,1776680048.930523,0.484223504045737,-0.5528358636493842,-0.65970089464548,0.8758865248226951,-0.07142857142857142,0.0,0.0690788569165932,0.11495868447955875,0.7989333476423194,-0.011550633891355914,0.048449626499276276,0.12794639387611323,0.9999161144199312,0.7138068980430317,-0.6380018674136322,-0.47413010590015126,3
1776680049.080073,108,1776680049.080073,1776680049.030453,1776680048.630609,1776680049.07615,0.48477801940287507,-0.5467631051274707,-0.8792228601949527,0.8865248226950355,0.7857142857142857,0.0,0.0690788569165932,0.11495868447955875,0.7989333476423194,-0.011550633891355914,0.048449626499276276,0.12794639387611323,0.9999161144199312,0.7145637366201751,-0.6370681605975724,-0.47049924357034795,3
1776680049.130055,109,1776680049.130055,1776680049.080119,1776680048.630609,1776680049.07615,0.4853340478837807,-0.549828129475795,-0.8391641073574576,0.8865248226950355,-0.07142857142857142,0.0,0.028508341781132047,-0.1828256643653781,0.9336361610091137,-0.06600893083864415,-0.41666969734439896,0.06986677450233941,0.9999161144199312,0.7145637366201751,-0.6370681605975724,-0.47049924357034795,3
1776680049.180077,110,1776680049.180077,1776680049.180121,1776680048.630609,1776680049.07615,0.4858794399946738,-0.5520338012030938,-0.8592602483642675,0.8687943262411348,0.0,0.0,0.059210055966284585,0.23961265179994884,0.8311277407211729,-0.05940679908090399,-0.04069594058901828,0.09175088695893924,0.9999161144199312,0.7145637366201751,-0.6370681605975724,-0.47049924357034795,3
1776680049.230157,111,1776680049.230157,1776680049.230205,1776680049.231326,1776680049.222195,0.4864721839787608,-0.5552134059008881,-0.7990385899319001,0.9432624113475179,-0.07142857142857142,0.0,-0.09539474287222713,-0.21745150911349642,0.7607149815083873,0.2574273982274577,-0.14147203654269982,0.092591246986867,0.9998741716298968,0.7142393772299708,-0.634453781512605,-0.4674735249621785,3
1776680049.28006,112,1776680049.28006,1776680049.230205,1776680049.231326,1776680049.222195,0.4870028008811009,-0.5608278430249213,-0.6890773133929764,0.847517730496454,-0.35714285714285715,0.0,-0.09539474287222713,-0.21745150911349642,0.7607149815083873,0.2574273982274577,-0.14147203654269982,0.092591246986867,0.9998741716298968,0.7142393772299708,-0.634453781512605,-0.4674735249621785,3
1776680049.330115,113,1776680049.330115,1776680049.330188,1776680049.231326,1776680049.222195,0.4875437871316123,-0.562618160985391,-0.6824008545867272,0.8617021276595745,0.0,0.0,0.09539474287222713,0.06371169327061232,0.8813943831726324,0.0561057332020339,-0.09302241004342356,0.10101064350727101,0.9998741716298968,0.7142393772299708,-0.634453781512605,-0.4674735249621785,3
1776680049.380048,114,1776680049.380048,1776680049.38009,1776680049.231326,1776680049.368679,0.48811294418638274,-0.5659266685763392,-0.615703031112298,0.9078014184397164,-0.14285714285714285,0.0,-0.10855222756078291,-0.35457017849555234,0.7647639842821291,0.23597356669949154,0.011630528865386994,0.07491525316635654,0.9998741716298968,0.7131581792626229,-0.6322128851540617,-0.4777609682299546,3
1776680049.430056,115,1776680049.430056,1776680049.430099,1776680049.231326,1776680049.368679,0.4886738235640723,-0.5661558292752794,-0.6991587661904126,0.8936170212765958,0.14285714285714285,0.0,-0.1940790860612238,0.0470917045937394,0.9357100283978338,-0.15016443395700563,-0.5794607333270295,0.14814662702863227,0.9998741716298968,0.7131581792626229,-0.6322128851540617,-0.4777609682299546,3
1776680049.480064,116,1776680049.480064,1776680049.430099,1776680049.231326,1776680049.368679,0.48922348802442644,-0.5680177599541679,-0.7024969955935372,0.8758865248226951,0.0,0.0,-0.1940790860612238,0.0470917045937394,0.9357100283978338,-0.15016443395700563,-0.5794607333270295,0.14814662702863227,0.9998741716298968,0.7131581792626229,-0.6322128851540617,-0.4777609682299546,3
1776680049.530092,117,1776680049.530092,1776680049.480103,1776680049.231326,1776680049.514799,0.4897710608136904,-0.5720137496419365,-0.6123648017091734,0.8723404255319149,-0.21428571428571427,0.0,0.11732480059834247,0.10387869202831013,0.7879715361246864,0.20791760341378518,0.1744215648480176,0.11279463938761132,0.9998741716298968,0.7125094604822143,-0.6298786181139122,-0.4904689863842662,3
1776680049.58005,118,1776680049.58005,1776680049.530133,1776680049.231326,1776680049.514799,0.4903380816937303,-0.5708249785161845,-0.7257310722392842,0.9042553191489363,0.2857142857142857,0.0,0.16776320010558984,0.040165840973742616,0.7869839684321753,-0.008249568012485834,0.11240662481906855,0.12794639387611323,0.9998741716298968,0.7125094604822143,-0.6298786181139122,-0.4904689863842662,3
1776680049.630077,119,1776680049.630077,1776680049.580091,1776680049.231326,1776680049.514799,0.49091030949967585,-0.569965625895159,-0.795900654292963,0.9113475177304966,0.2857142857142857,0.0,0.016447085005325324,-0.17174567191412948,0.9088484843481707,0.09571233037909614,-0.5232574209174953,0.10521876214336037,0.9998741716298968,0.7125094604822143,-0.6298786181139122,-0.4904689863842662,3
1776680049.680051,120,1776680049.680051,1776680049.630122,1776680049.231326,1776680049.660943,0.49144631134248257,-0.5698653680893727,-0.895980771798638,0.8546099290780143,0.21428571428571427,0.0,-0.5975871986977253,-0.3767313211820048,0.8168081330075287,-0.2343199370753671,0.39147385494933923,-0.20286164704246978,0.9998741716298968,0.7096983457671099,-0.6266106442577032,-0.5052950075642966,3
1776680049.730043,121,1776680049.730043,1776680049.680098,1776680049.231326,1776680049.660943,0.49202472515441875,-0.5730879404182183,-0.8792896247830151,0.921985815602837,-0.07142857142857142,0.0,0.024122513551613455,-0.11495868447955875,0.8073276317527407,0.011550633891355914,0.13566040892328507,0.10101064350727101,0.9998741716298968,0.7096983457671099,-0.6266106442577032,-0.5052950075642966,3
1776680049.78003,122,1776680049.78003,1776680049.73008,1776680049.231326,1776680049.660943,0.49254283653385716,-0.5788599255227729,-0.7390839898517826,0.8262411347517732,-0.35714285714285715,0.0,-0.07456091305886085,-0.23961265179994884,0.7807623662660151,0.2805286660101695,-0.11240662481906855,0.10521876214336037,0.9998741716298968,0.7096983457671099,-0.6266106442577032,-0.5052950075642966,3
1776680049.83006,123,1776680049.83006,1776680049.780075,1776680049.830597,1776680049.806768,0.49309058733768196,-0.5800916642795761,-0.7792095072773402,0.8723404255319149,0.07142857142857142,0.0,-0.16556982770156936,0.28670319860973303,0.8396207568352926,-0.5230981710980225,0.2655019166005979,0.020203392400744317,0.9999161144199312,0.7093739863769056,-0.626704014939309,-0.5152798789712557,3
1776680049.880079,124,1776680049.880079,1776680049.880121,1776680049.830597,1776680049.806768,0.4936426104909678,-0.5821684331137211,-0.7525036720523435,0.8794326241134752,0.0,0.0,0.06140342837030505,-0.3670360383411735,0.7679241513670586,0.19141846738881355,0.007753685910257996,0.022727631732752874,0.9999161144199312,0.7093739863769056,-0.626704014939309,-0.5152798789712557,3
1776680049.930082,125,1776680049.930082,1776680049.93012,1776680049.830597,1776680049.806768,0.49419004976931097,-0.5820108851331997,-0.8259447189210842,0.8723404255319149,0.21428571428571427,0.0,0.25438628651877976,-0.06648227027540207,0.8921588132347114,-0.06765636709338982,-0.6259683015354626,0.04040362555326334,0.9999161144199312,0.7093739863769056,-0.626704014939309,-0.5152798789712557,3
1776680049.980021,126,1776680049.980021,1776680049.980059,1776680049.830597,1776680049.952815,0.49475671462022913,-0.5856917788599255,-0.7992388836960876,0.9042553191489363,-0.14285714285714285,0.0,0.1019739435057662,0.14404453300205275,0.72071894399683,0.1419148659445198,0.29845144490591563,0.16161450221305337,0.9999161144199312,0.7094821061736404,-0.6282913165266107,-0.5285930408472012,3
1776680050.030102,127,1776680050.030102,1776680050.030151,1776680049.830597,1776680049.952815,0.4953160808741512,-0.5871383557719853,-0.7992388836960876,0.8900709219858157,0.07142857142857142,0.0,0.0416667430482102,0.16205038907329816,0.7951807059833575,-0.10230826876745755,0.03681909763388928,0.05555538004176526,0.9999161144199312,0.7094821061736404,-0.6282913165266107,-0.5285930408472012,3
1776680050.079999,128,1776680050.079999,1776680050.08004,1776680049.830597,1776680049.952815,0.49589796597002456,-0.5865081638498998,-0.9025237014287623,0.9290780141843973,0.2857142857142857,0.0,-0.20723657074977958,0.013850569456038363,0.8365593217540614,0.17491933136384188,-0.517438519671523,0.17592589667362754,0.9999161144199312,0.7094821061736404,-0.6282913165266107,-0.5285930408472012,3
1776680050.132427,129,1776680050.132427,1776680050.08004,1776680049.830597,1776680050.098933,0.49648821775025914,-0.5890862217129763,-0.892041661102951,0.897163120567376,0.0,0.0,-0.20723657074977958,0.013850569456038363,0.8365593217540614,0.17491933136384188,-0.517438519671523,0.17592589667362754,0.9999161144199312,0.7078603092226186,-0.6264239028944912,-0.5413010590015128,3
1776680050.180032,130,1776680050.180032,1776680050.180077,1776680049.830597,1776680050.098933,0.4970114025446826,-0.5926955027212834,-0.8380291093603953,0.8758865248226951,-0.14285714285714285,0.0,0.18749988542768473,-0.1939056568166267,0.7654552734117025,-0.037952967552937825,0.1937985059971051,0.03282774830901238,0.9999161144199312,0.7078603092226186,-0.6264239028944912,-0.5413010590015128,3
1776680050.230075,131,1776680050.230075,1776680050.180077,1776680049.830597,1776680050.098933,0.49759702594633437,-0.5964909767974793,-0.8112565095473361,0.9326241134751775,-0.14285714285714285,0.0,0.18749988542768473,-0.1939056568166267,0.7654552734117025,-0.037952967552937825,0.1937985059971051,0.03282774830901238,0.9999161144199312,0.7078603092226186,-0.6264239028944912,-0.5413010590015128,3
1776680050.280008,132,1776680050.280008,1776680050.230122,1776680049.830597,1776680050.244753,0.49813022405980717,-0.6014465769120597,-0.7045666978234745,0.851063829787234,-0.2857142857142857,0.0,0.09210514255545758,-0.3878113136332534,0.7221015222559768,0.23597356669949154,0.10852978186393955,0.03282774830901238,0.9999161144199312,0.7035355173532273,-0.6219421101774043,-0.5576399394856277,3
1776680050.330061,133,1776680050.330061,1776680050.280049,1776680049.830597,1776680050.244753,0.4986692076465087,-0.6039959896877686,-0.6645079449859794,0.8581560283687943,-0.07142857142857142,0.0,-0.27083337152410514,0.6565098139556962,0.865692279751684,-0.7854740714590959,0.18216797713171812,-0.03619550691717399,0.9999161144199312,0.7035355173532273,-0.6219421101774043,-0.5576399394856277,3
1776680050.380006,134,1776680050.380006,1776680050.330103,1776680049.830597,1776680050.244753,0.4992115290062266,-0.6064451446576913,-0.6411403391641074,0.8652482269503546,-0.07142857142857142,0.0,0.0646930286870746,0.1800550873605883,0.8190795469554881,0.16171506784836154,-0.06395699831979228,0.07575877244250959,0.9999161144199312,0.7035355173532273,-0.6219421101774043,-0.5576399394856277,3
1776680050.430041,135,1776680050.430041,1776680050.430081,1776680050.430845,1776680050.390873,0.49976154949570256,-0.605986823259811,-0.7046334624115369,0.8758865248226951,0.21428571428571427,0.0,0.12719268497012873,-0.24792206724640767,0.9182303361511029,0.028049769916327582,-0.6918600845195406,0.0446117441893527,0.9999580572099657,0.6955346523948535,-0.6205415499533147,-0.5779122541603631,3
1776680050.480014,136,1776680050.480014,1776680050.480055,1776680050.430845,1776680050.390873,0.50032198383699,-0.606459467201375,-0.7646548270797169,0.8936170212765958,0.14285714285714285,0.0,0.026315885955633934,-0.03878113136332534,0.8072288997490423,0.3168280039389829,0.1627910359826306,0.06229089725808846,0.9999580572099657,0.6955346523948535,-0.6205415499533147,-0.5779122541603631,3
1776680050.530026,137,1776680050.530026,1776680050.480055,1776680050.430845,1776680050.390873,0.5008650617585917,-0.6084646233171012,-0.7379489918547203,0.8652482269503546,0.0,0.0,0.026315885955633934,-0.03878113136332534,0.8072288997490423,0.3168280039389829,0.1627910359826306,0.06229089725808846,0.9999580572099657,0.6955346523948535,-0.6205415499533147,-0.5779122541603631,3
1776680050.579983,138,1776680050.579983,1776680050.580022,1776680050.430845,1776680050.5368,0.5014319491277109,-0.6104841019765112,-0.7245960742422219,0.9042553191489363,0.0,0.0,0.047148799190477854,-0.17313038152454677,0.856507974507991,0.2920792999015254,-0.6492220856396791,0.07659913247043733,0.9999580572099657,0.6882906260136231,-0.6204481792717087,-0.5903177004538578,3
1776680050.63,139,1776680050.63,1776680050.63004,1776680050.430845,1776680050.5368,0.5019794774133345,-0.6123890002864509,-0.7579783682734678,0.8723404255319149,0.0,0.0,-0.20394697043301005,0.14681395222288732,0.819178361511029,-0.46204393576237285,0.46898889317224673,-0.031143869004931587,0.9999580572099657,0.6882906260136231,-0.6204481792717087,-0.5903177004538578,3
1776680050.680043,140,1776680050.680043,1776680050.63004,1776680050.430845,1776680050.5368,0.5025162803216653,-0.6114866800343742,-0.8314861797302711,0.8546099290780143,0.2857142857142857,0.0,-0.20394697043301005,0.14681395222288732,0.819178361511029,-0.46204393576237285,0.46898889317224673,-0.031143869004931587,0.9999580572099657,0.6882906260136231,-0.6204481792717087,-0.5903177004538578,3
1776680050.730036,141,1776680050.730036,1776680050.730075,1776680050.430845,1776680050.682749,0.5030946941336014,-0.6145230592953309,-0.8047803445052745,0.921985815602837,-0.07142857142857142,0.0,0.07785051337563038,-0.29916905845535413,0.7676278728041209,0.28547716814378526,-0.003876842955128998,0.042087504857344145,0.9999580572099657,0.6833171153638231,-0.6186741363211952,-0.6057488653555219,3
1776680050.779982,142,1776680050.779982,1776680050.780029,1776680050.430845,1776680050.682749,0.5036234863866925,-0.6215840733314237,-0.6447456269194819,0.8439716312056738,-0.5,0.0,-0.17543862865187798,0.9224377372733492,0.888406089023907,-0.803626837108192,0.1220950953936123,-0.020203392400744317,0.9999580572099657,0.6833171153638231,-0.6186741363211952,-0.6057488653555219,3
1776680050.830105,143,1776680050.830105,1776680050.830154,1776680050.430845,1776680050.829091,0.5041810279913657,-0.6261816098539101,-0.5409934570703699,0.8865248226950355,-0.2857142857142857,0.0,-0.05592137222803741,0.09279754179310633,0.8251036851142517,0.25082526646971753,0.009688470574543763,0.08080725110652669,0.9999580572099657,0.6772624067466753,-0.6183006535947713,-0.621482602118003,3
1776680050.879985,144,1776680050.879985,1776680050.830154,1776680050.430845,1776680050.829091,0.5047249069784913,-0.6275995416786021,-0.567632527707304,0.8687943262411348,0.0,0.0,-0.05592137222803741,0.09279754179310633,0.8251036851142517,0.25082526646971753,0.009688470574543763,0.08080725110652669,0.9999580572099657,0.6772624067466753,-0.6183006535947713,-0.621482602118003,3
1776680050.92999,145,1776680050.92999,1776680050.930028,1776680050.430845,1776680050.829091,0.5052814695030795,-0.6205385276425094,-0.8013753505140873,0.8865248226950355,0.8571428571428571,0.0,0.16995565593108797,-0.1648198082941327,0.9047995641262714,0.12211466404067804,-0.474807794418219,0.16750965940144882,0.9999580572099657,0.6772624067466753,-0.6183006535947713,-0.621482602118003,3
1776680050.979965,146,1776680050.979965,1776680050.930028,1776680050.430845,1776680050.975111,0.5058440845227377,-0.6241334861071327,-0.7513019094672186,0.897163120567376,-0.14285714285714285,0.0,0.16995565593108797,-0.1648198082941327,0.9047995641262714,0.12211466404067804,-0.474807794418219,0.16750965940144882,0.9999580572099657,0.6721807763001405,-0.6185807656395892,-0.6417549167927383,3
1776680051.029997,147,1776680051.029997,1776680050.980005,1776680051.030891,1776680050.975111,0.5063984218653149,-0.6275852191349185,-0.7145813860328483,0.8829787234042554,-0.14285714285714285,0.0,0.01096502886305767,-0.2880890660041055,0.7519256868313301,0.39768863454785314,0.3546547573154499,-0.03198738828108463,0.9999161144199312,0.6721807763001405,-0.6185807656395892,-0.6417549167927383,3
1776680051.080032,148,1776680051.080032,1776680051.080075,1776680051.030891,1776680050.975111,0.5069751445389228,-0.6288456029790892,-0.7145813860328483,0.9184397163120569,0.07142857142857142,0.0,0.00877165645903719,-0.11495868447955875,0.8219435180293224,0.2607284641063278,-0.4360466384934865,0.06144737798193541,0.9999161144199312,0.6721807763001405,-0.6185807656395892,-0.6417549167927383,3
1776680051.12998,149,1776680051.12998,1776680051.130018,1776680051.030891,1776680051.121214,0.5075196910806516,-0.6307218562016614,-0.7279343036453465,0.8687943262411348,0.0,0.0,-0.32565759926087107,0.3060937642913957,0.8455460804385153,-0.6122083697193785,0.3294589149203902,-0.047979502797514305,0.9999161144199312,0.6666666666666666,-0.6186741363211952,-0.659304084720121,3
1776680051.179942,150,1776680051.179942,1776680051.179983,1776680051.030891,1776680051.121214,0.5080599652729194,-0.6319106273274134,-0.7545733742822807,0.8617021276595745,0.07142857142857142,0.0,0.2127195434705696,-0.3351796128138897,0.8044637432307489,0.003301065878870082,-0.015507371820515993,0.017675993820510473,0.9999161144199312,0.6666666666666666,-0.6186741363211952,-0.659304084720121,3
1776680051.230055,151,1776680051.230055,1776680051.230104,1776680051.030891,1776680051.121214,0.508639669690422,-0.6368805499856776,-0.6575644278274803,0.921985815602837,-0.2857142857142857,0.0,0.08004388577965087,-0.4667594437542765,0.7735531964073438,0.2524727027244632,-0.015507371820515993,0.01430823521234887,0.9999161144199312,0.6666666666666666,-0.6186741363211952,-0.659304084720121,3
1776680051.280049,152,1776680051.280049,1776680051.280088,1776680051.030891,1776680051.267464,0.5091579145807811,-0.6435405327986251,-0.5373881693149953,0.8262411347517732,-0.5,0.0,-0.11622765610707105,0.6011075361315428,0.879814340906089,-0.6155094355982486,0.2693787595557269,-0.005051637912242403,0.9999161144199312,0.6638555519515623,-0.6182072829131653,-0.675642965204236,3
1776680051.330365,153,1776680051.330365,1776680051.330415,1776680051.030891,1776680051.267464,0.5097109613177919,-0.6449727871670009,-0.5273067165175591,0.8758865248226951,0.0,0.0,0.014254629179827208,0.12603867693080736,0.8583843778893145,0.14686336807813555,-0.005811627619414764,0.08585888901876909,0.9999161144199312,0.6638555519515623,-0.6182072829131653,-0.675642965204236,3
1776680051.379929,154,1776680051.379929,1776680051.379965,1776680051.030891,1776680051.267464,0.5102425127965767,-0.6477513606416501,-0.4743623981840032,0.8546099290780143,-0.14285714285714285,0.0,0.020832913234843917,-0.16343509868371542,0.8071300851935015,0.08086063060887015,-0.01356531352967276,0.12121087665979002,0.9999161144199312,0.6638555519515623,-0.6182072829131653,-0.675642965204236,3
1776680051.430143,155,1776680051.430143,1776680051.430189,1776680051.030891,1776680051.413497,0.5107900855858406,-0.6432397593812662,-0.6654426492188543,0.8687943262411348,0.5714285714285714,0.0,0.10416639933126431,-0.03601055435853558,0.9001580042266544,0.10726296427045207,-0.544576420357426,0.15319826494087466,0.9999161144199312,0.6637474321548276,-0.6203548085901027,-0.6977307110438729,3
1776680051.479906,156,1776680051.479906,1776680051.479938,1776680051.030891,1776680051.413497,0.511365918186644,-0.6450873675164709,-0.6355988783549206,0.921985815602837,0.0,0.0,-0.06140342837030505,-0.5775628416186283,0.7105471536124687,0.4669986312653673,0.5310111068277533,0.026095390340914477,0.9999161144199312,0.6637474321548276,-0.6203548085901027,-0.6977307110438729,3
1776680051.529953,157,1776680051.529953,1776680051.529998,1776680051.030891,1776680051.413497,0.5119182528654115,-0.6453451733027786,-0.7090399252236613,0.8794326241134752,0.14285714285714285,0.0,0.059210055966284585,-0.2922431948353573,0.8189808149517898,-0.019800201903841748,0.13953725187841406,0.010100116576259513,0.9999161144199312,0.6637474321548276,-0.6203548085901027,-0.6977307110438729,3
1776680051.579929,158,1776680051.579929,1776680051.579966,1776680051.030891,1776680051.559226,0.5124943524880561,-0.6451733027785735,-0.7657898250767793,0.9184397163120569,0.21428571428571427,0.0,-0.10526354382253574,0.02216114268645242,0.7954769019944525,0.28877823402265534,-0.397285482568754,0.060607017954007664,0.9999161144199312,0.662558114390745,-0.619327731092437,-0.7092284417549167,3
1776680051.629935,159,1776680051.629935,1776680051.579966,1776680051.630743,1776680051.559226,0.5130372523950969,-0.6507590948152392,-0.6389371077580451,0.8652482269503546,-0.35714285714285715,0.0,-0.10526354382253574,0.02216114268645242,0.7954769019944525,0.28877823402265534,-0.397285482568754,0.060607017954007664,0.9999580572099657,0.662558114390745,-0.619327731092437,-0.7092284417549167,3
1776680051.680015,160,1776680051.680015,1776680051.629976,1776680051.630743,1776680051.559226,0.51359884383103,-0.6532082497851619,-0.6389371077580451,0.8936170212765958,-0.07142857142857142,0.0,-0.35306971312925406,0.44044301445261713,0.8363617751948224,-0.6122083697193785,0.3372126008306482,-0.04882302207366735,0.9999580572099657,0.662558114390745,-0.619327731092437,-0.7092284417549167,3
1776680051.730025,161,1776680051.730025,1776680051.730066,1776680051.630743,1776680051.705269,0.5141707601114941,-0.6556860498424522,-0.5955401255174256,0.9113475177304966,-0.07142857142857142,0.0,0.09210514255545758,-0.4072018793149161,0.7547896579051644,0.20791760341378518,0.011630528865386994,-0.06733937592210558,0.9999580572099657,0.6602875986593145,-0.6202614379084967,-0.7234493192133131,3
1776680051.779895,162,1776680051.779895,1776680051.730066,1776680051.630743,1776680051.705269,0.5146901175928587,-0.6586078487539387,-0.5622245960742422,0.8297872340425533,-0.14285714285714285,0.0,0.09210514255545758,-0.4072018793149161,0.7547896579051644,0.20791760341378518,0.011630528865386994,-0.06733937592210558,0.9999580572099657,0.6602875986593145,-0.6202614379084967,-0.7234493192133131,3
1776680051.830026,163,1776680051.830026,1776680051.830063,1776680051.630743,1776680051.705269,0.5152611438005184,-0.6615869378401604,-0.535451996261183,0.9078014184397164,-0.14285714285714285,0.0,-0.07675428546288132,-0.16205038907329816,0.7366185939770176,0.3102320655506215,0.3701548555094084,0.0892266476269307,0.9999580572099657,0.6602875986593145,-0.6202614379084967,-0.7234493192133131,3
1776680051.879954,164,1776680051.879954,1776680051.879992,1776680051.630743,1776680051.851244,0.5158188189161121,-0.6644514465769121,-0.4588062491654426,0.8900709219858157,-0.14285714285714285,0.0,0.013157484688555784,-0.09141283218268904,0.8186845363888523,0.02475489740683624,0.048449626499276276,0.020203392400744317,0.9999580572099657,0.6600713590658449,-0.6222222222222222,-0.7422087745839636,3
1776680051.92993,165,1776680051.92993,1776680051.879992,1776680051.630743,1776680051.851244,0.5163705305439165,-0.6570896591234604,-0.7524369074642809,0.8794326241134752,0.8571428571428571,0.0,0.013157484688555784,-0.09141283218268904,0.8186845363888523,0.02475489740683624,0.048449626499276276,0.020203392400744317,0.9999580572099657,0.6600713590658449,-0.6222222222222222,-0.7422087745839636,3
1776680051.979903,166,1776680051.979903,1776680051.979941,1776680051.630743,1776680051.851244,0.516933234570855,-0.6576912059581783,-0.8024435839230872,0.897163120567376,0.14285714285714285,0.0,-0.07675428546288132,-0.5775628416186283,0.757554814423458,0.5032979691941808,0.5658881461707993,-0.21380528289488232,0.9999580572099657,0.6600713590658449,-0.6222222222222222,-0.7422087745839636,3
1776680052.029889,167,1776680052.029889,1776680051.979941,1776680051.630743,1776680051.997206,0.5174715506029531,-0.659782297336007,-0.7857524369074643,0.8581560283687943,0.0,0.0,-0.07675428546288132,-0.5775628416186283,0.757554814423458,0.5032979691941808,0.5658881461707993,-0.21380528289488232,0.9999580572099657,0.659530760082171,-0.6220354808590103,-0.7552193645990922,3
1776680052.079901,168,1776680052.079901,1776680052.029927,1776680051.630743,1776680051.997206,0.5180612238358648,-0.664164995703237,-0.7223260782480972,0.9397163120567378,-0.21428571428571427,0.0,0.09210514255545758,-0.3019384776761887,0.8079201888786158,0.0,0.1937985059971051,-0.03619550691717399,0.9999580572099657,0.659530760082171,-0.6220354808590103,-0.7552193645990922,3
1776680052.12996,169,1776680052.12996,1776680052.130002,1776680051.630743,1776680051.997206,0.5186047022902286,-0.6689200802062447,-0.6020162905594872,0.8652482269503546,-0.2857142857142857,0.0,-0.07017508482934226,0.7839332004969208,0.8953188977677982,-0.7046196342196045,0.14341409483354306,0.10690264144744116,0.9999580572099657,0.659530760082171,-0.6220354808590103,-0.7552193645990922,3
1776680052.17994,170,1776680052.17994,1776680052.17998,1776680051.630743,1776680052.142717,0.5191563694143927,-0.6676596963620739,-0.712111096274536,0.8794326241134752,0.2857142857142857,0.0,0.12828982946140013,-0.23545736518474178,0.8365593217540614,-0.033004465419322074,-0.025195842395059755,0.11531887871961988,0.9999580572099657,0.6586658017082927,-0.6215686274509804,-0.7676248108925869,3
1776680052.229953,171,1776680052.229953,1776680052.229993,1776680052.23076,1776680052.142717,0.5197171597848018,-0.6710111715840734,-0.6687141140339165,0.8936170212765958,-0.14285714285714285,0.0,0.08881554223868805,-0.3005537680657714,0.8031798969753005,0.2343199370753671,-0.06008015536466327,0.09006700765485845,0.9999580572099657,0.6586658017082927,-0.6215686274509804,-0.7676248108925869,3
1776680052.279936,172,1776680052.279936,1776680052.229993,1776680052.23076,1776680052.142717,0.5202754134477184,-0.6749641936407906,-0.5852583789558018,0.8900709219858157,-0.21428571428571427,0.0,0.08881554223868805,-0.3005537680657714,0.8031798969753005,0.2343199370753671,-0.06008015536466327,0.09006700765485845,0.9999580572099657,0.6586658017082927,-0.6215686274509804,-0.7676248108925869,3
1776680052.329901,173,1776680052.329901,1776680052.329941,1776680052.23076,1776680052.288634,0.520855740916184,-0.678029217989115,-0.5619575377219922,0.9255319148936172,-0.14285714285714285,0.0,-0.13706148592043732,-0.35595604588992485,0.7227928113855501,0.46369756538649726,0.5232574209174953,0.11616239799577294,0.9999580572099657,0.6589901610984972,-0.6248366013071895,-0.7878971255673223,3
1776680052.379873,174,1776680052.379873,1776680052.379912,1776680052.23076,1776680052.288634,0.5214161307538312,-0.6802635348037812,-0.5052076378688743,0.8936170212765958,-0.07142857142857142,0.0,-0.06140342837030505,0.12742338654122465,0.7848113690397569,0.11385890265881349,0.05620331240953427,0.12794639387611323,0.9999580572099657,0.6589901610984972,-0.6248366013071895,-0.7878971255673223,3
1776680052.429906,175,1776680052.429906,1776680052.379912,1776680052.23076,1776680052.288634,0.5219595647045546,-0.6744199369808078,-0.7390172252637202,0.8652482269503546,0.7142857142857143,0.0,-0.06140342837030505,0.12742338654122465,0.7848113690397569,0.11385890265881349,0.05620331240953427,0.12794639387611323,0.9999580572099657,0.6589901610984972,-0.6248366013071895,-0.7878971255673223,3
1776680052.479908,176,1776680052.479908,1776680052.479947,1776680052.23076,1776680052.435081,0.5225180853893125,-0.6749785161844745,-0.7957671251168381,0.8900709219858157,0.14285714285714285,0.0,-0.01973668532209486,-0.5124652809536435,0.7182500660414741,0.516502232709661,0.3313936995846759,-0.043771384161424946,0.9999580572099657,0.6592064006919667,-0.6324929971988796,-0.8045385779122542,3
1776680052.529851,177,1776680052.529851,1776680052.479947,1776680052.23076,1776680052.435081,0.5230714881554452,-0.6770982526496706,-0.7624515956736546,0.8829787234042554,0.0,0.0,-0.01973668532209486,-0.5124652809536435,0.7182500660414741,0.516502232709661,0.3313936995846759,-0.043771384161424946,0.9999580572099657,0.6592064006919667,-0.6324929971988796,-0.8045385779122542,3
1776680052.579855,178,1776680052.579855,1776680052.579897,1776680052.23076,1776680052.580265,0.5236743789695022,-0.6821827556574048,-0.6956870076111631,0.9609929078014185,-0.2857142857142857,0.0,-0.031797942097901585,0.19667623382141644,0.7555796790384361,0.2673244024946892,-0.2577555043168974,0.14309814836461515,0.9999580572099657,0.6576927235376797,-0.6380952380952382,-0.8127080181543116,3
1776680052.629872,179,1776680052.629872,1776680052.629915,1776680052.23076,1776680052.580265,0.52420855616306,-0.6846892008020625,-0.655628254773668,0.851063829787234,-0.07142857142857142,0.0,-0.05811382805353552,0.8116343394089975,0.8746789558842953,-0.7392715358936722,0.22868281896670864,0.05976349867785462,0.9999580572099657,0.6576927235376797,-0.6380952380952382,-0.8127080181543116,3
1776680052.679937,180,1776680052.679937,1776680052.629915,1776680052.23076,1776680052.580265,0.5247343666722564,-0.6863506158693784,-0.6689811723861664,0.8368794326241135,0.0,0.0,-0.05811382805353552,0.8116343394089975,0.8746789558842953,-0.7392715358936722,0.22868281896670864,0.05976349867785462,0.9999580572099657,0.6576927235376797,-0.6380952380952382,-0.8127080181543116,3
1776680052.72991,181,1776680052.72991,1776680052.729956,1776680052.23076,1776680052.726682,0.5253036572379475,-0.6896161558292753,-0.6289224195486713,0.9078014184397164,-0.14285714285714285,0.0,0.01973668532209486,-0.21468093210870665,0.7920205388984282,0.17822039724271196,-0.0794570965137508,0.07996689107859895,0.9999580572099657,0.657044004757271,-0.642577030812325,-0.826928895612708,3
1776680052.779854,182,1776680052.779854,1776680052.779892,1776680052.23076,1776680052.726682,0.5258548348220692,-0.6912918934402751,-0.5922686607023635,0.8794326241134752,0.0,0.0,0.2521929141147593,0.975069438092713,0.7895516609430723,-0.9009866037420338,0.13759519358757083,0.011783995880340313,0.9999580572099657,0.657044004757271,-0.642577030812325,-0.826928895612708,3
1776680052.829892,183,1776680052.829892,1776680052.779892,1776680052.830645,1776680052.726682,0.5264293768173062,-0.6929246634202235,-0.6189744959273601,0.9148936170212767,0.0,0.0,0.2521929141147593,0.975069438092713,0.7895516609430723,-0.9009866037420338,0.13759519358757083,0.011783995880340313,0.9999161144199312,0.657044004757271,-0.642577030812325,-0.826928895612708,3
1776680052.879857,184,1776680052.879857,1776680052.879897,1776680052.830645,1776680052.872531,0.526980776919629,-0.6945717559438558,-0.6056215783148617,0.8794326241134752,0.0,0.0,-0.13925394174593544,-0.11218810747476898,0.7675291408004228,0.04950360144429374,-0.04069594058901828,0.004208118636089356,0.9999161144199312,0.6553140880095145,-0.6489262371615313,-0.838124054462935,3
1776680052.92986,185,1776680052.92986,1776680052.879897,1776680052.830645,1776680052.872531,0.5275305303872636,-0.6918791177313092,-0.7224596074242222,0.8758865248226951,0.42857142857142855,0.0,-0.13925394174593544,-0.11218810747476898,0.7675291408004228,0.04950360144429374,-0.04069594058901828,0.004208118636089356,0.9999161144199312,0.6553140880095145,-0.6489262371615313,-0.838124054462935,3
1776680052.979855,186,1776680052.979855,1776680052.929902,1776680052.830645,1776680052.872531,0.528095637610774,-0.6938556287596678,-0.7257978368273468,0.9007092198581561,0.0,0.0,0.03508754241467113,-0.16343509868371542,0.7949831594241183,0.305277370047627,-0.5503880479768408,0.047979502797514305,0.9999161144199312,0.6553140880095145,-0.6489262371615313,-0.838124054462935,3
1776680053.029853,187,1776680053.029853,1776680053.029892,1776680052.830645,1776680053.018165,0.5286408072034661,-0.6943282727012318,-0.755841901455468,0.8687943262411348,0.14285714285714285,0.0,0.2105261710665491,-0.24238207102078338,0.819178361511029,-0.07425849885112999,0.03681909763388928,0.08754276832284989,0.9999161144199312,0.6533679316682883,-0.6553688141923436,-0.837518910741301,3
1776680053.079938,188,1776680053.079938,1776680053.079977,1776680052.830645,1776680053.018165,0.5292225142847784,-0.6978802635348038,-0.7057016958205368,0.9255319148936172,-0.14285714285714285,0.0,-0.047148799190477854,-0.09556811879789608,0.7506419231277243,0.2953803657803955,-0.22092913305645065,0.08165077038267973,0.9999161144199312,0.6533679316682883,-0.6553688141923436,-0.837518910741301,3
1776680053.12987,189,1776680053.12987,1776680053.129911,1776680052.830645,1776680053.018165,0.5297601627622733,-0.7025780578630766,-0.6190412605154226,0.8581560283687943,-0.2857142857142857,0.0,-0.05701760014078646,1.0,0.8389294677057193,-0.937292135040226,0.24805976011579617,0.020203392400744317,0.9999161144199312,0.6533679316682883,-0.6553688141923436,-0.837518910741301,3
1776680053.179842,190,1776680053.179842,1776680053.129911,1776680052.830645,1776680053.164665,0.5303071570042144,-0.7049126324835291,-0.575644278274803,0.8723404255319149,-0.07142857142857142,0.0,-0.05701760014078646,1.0,0.8389294677057193,-0.937292135040226,0.24805976011579617,0.020203392400744317,0.9999161144199312,0.6540166504486971,-0.6619981325863679,-0.8384266263237519,3
1776680053.229907,191,1776680053.229907,1776680053.17989,1776680052.830645,1776680053.164665,0.5308708401112378,-0.7072042394729304,-0.5556149018560556,0.897163120567376,-0.07142857142857142,0.0,0.2061403428370305,-0.08310225895227498,0.8390281997094176,-0.02475489740683624,-0.19573329066139086,0.15319826494087466,0.9999161144199312,0.6540166504486971,-0.6619981325863679,-0.8384266263237519,3
1776680053.279868,192,1776680053.279868,1776680053.279906,1776680052.830645,1776680053.164665,0.5314022580791019,-0.7079060441134346,-0.5656295900654293,0.847517730496454,0.07142857142857142,0.0,0.1962715418867219,0.5207758541840575,0.7760220743626998,-0.8712832042015818,0.06976862593920703,-0.00925975654833176,0.9999161144199312,0.6540166504486971,-0.6619981325863679,-0.8384266263237519,3
1776680053.329863,193,1776680053.329863,1776680053.329906,1776680052.830645,1776680053.310385,0.5319651401206014,-0.7101546834717847,-0.535585525437308,0.897163120567376,-0.07142857142857142,0.0,0.08223725818367134,-0.6454298215044476,0.7034367157574957,0.5759090317905651,0.46124248088854625,0.07912337180244589,0.9999161144199312,0.6514217753270624,-0.6656395891690009,-0.8465960665658093,3
1776680053.379871,194,1776680053.379871,1776680053.379922,1776680052.830645,1776680053.310385,0.5325304253586727,-0.711615582927528,-0.5489384430498064,0.9007092198581561,0.0,0.0,-0.20723657074977958,-0.027701138912076727,0.7691091830669662,0.019800201903841748,-0.009688470574543763,-0.010100116576259513,0.9999161144199312,0.6514217753270624,-0.6656395891690009,-0.8465960665658093,3
1776680053.429851,195,1776680053.429851,1776680053.429892,1776680053.430849,1776680053.310385,0.5330844511757684,-0.705213405900888,-0.7691948190679664,0.8829787234042554,0.7857142857142857,0.0,0.05263177191126787,-0.19806094343183372,0.8152280907409853,0.27392653425242935,-0.44961195202315923,-0.020203392400744317,0.9999161144199312,0.6514217753270624,-0.6656395891690009,-0.8465960665658093,3
1776680053.479893,196,1776680053.479893,1776680053.479941,1776680053.430849,1776680053.456397,0.5336434614005687,-0.7051274706387854,-0.8593937775403926,0.8900709219858157,0.21428571428571427,0.0,-0.11622765610707105,-0.5457064160913445,0.7070906254127591,0.4554418040046327,0.38566222732992445,-0.01851951309666352,0.9999161144199312,0.6482863012217537,-0.673109243697479,-0.8447806354009076,3
1776680053.529854,197,1776680053.529854,1776680053.529896,1776680053.430849,1776680053.456397,0.5341859607748476,-0.7073761099971356,-0.8493790893310189,0.8652482269503546,0.0,0.0,0.13048228528689826,-0.19667623382141644,0.804364928675208,0.046202535565423655,-0.06008015536466327,0.029459989700850786,0.9999161144199312,0.6482863012217537,-0.673109243697479,-0.8447806354009076,3
1776680053.579861,198,1776680053.579861,1776680053.579899,1776680053.430849,1776680053.456397,0.5347754559931985,-0.7148095101690061,-0.6824008545867272,0.9397163120567378,-0.5,0.0,0.1381577138331864,-0.1288092539355971,0.7697017401928412,0.28547716814378526,-0.27519038717514166,0.06565549661802476,0.9999161144199312,0.6482863012217537,-0.673109243697479,-0.8447806354009076,3
1776680053.629861,199,1776680053.629861,1776680053.629903,1776680053.430849,1776680053.602447,0.535322761760621,-0.7187625322257234,-0.635665642942983,0.8723404255319149,-0.21428571428571427,0.0,0.005482056142267652,0.9210530276629321,0.8431760170387003,-0.9735976663384182,0.23643650487696663,-0.029459989700850786,0.9999161144199312,0.6455833063033841,-0.6786181139122316,-0.8335854765506808,3
1776680053.679822,200,1776680053.679822,1776680053.679862,1776680053.430849,1776680053.602447,0.5358586745961473,-0.7175307934689201,-0.7057684604085993,0.8546099290780143,0.2857142857142857,0.0,0.25767497025702696,-0.13296454055080414,0.843669677057192,0.02145383152796616,-0.08914556708829455,0.15404178421702772,0.9999161144199312,0.6455833063033841,-0.6786181139122316,-0.8335854765506808,3
1776680053.729834,201,1776680053.729834,1776680053.679862,1776680053.430849,1776680053.602447,0.5364261850162296,-0.7208965912346034,-0.6623047135799172,0.9042553191489363,-0.14285714285714285,0.0,0.25767497025702696,-0.13296454055080414,0.843669677057192,0.02145383152796616,-0.08914556708829455,0.15404178421702772,0.9999161144199312,0.6455833063033841,-0.6786181139122316,-0.8335854765506808,3
1776680053.779816,202,1776680053.779816,1776680053.729876,1776680053.430849,1776680053.747993,0.5369754489438219,-0.7255227728444572,-0.5822539724929897,0.8758865248226951,-0.2857142857142857,0.0,0.023026285638864396,-0.16066452167892567,0.7728619072777705,0.08745656899723156,0.05620331240953427,0.10521876214336037,0.9999161144199312,0.6428803113850146,-0.6857142857142858,-0.8199697428139183,3
1776680053.829826,203,1776680053.829826,1776680053.829865,1776680053.430849,1776680053.747993,0.537536239314231,-0.7292466342022345,-0.492121778608626,0.8936170212765958,-0.21428571428571427,0.0,-0.12609645705737965,-0.5304711370248888,0.7419513604543654,0.4587428698835027,0.4205392666729705,0.09680252487118166,0.9999161144199312,0.6428803113850146,-0.6857142857142858,-0.8199697428139183,3
1776680053.879808,204,1776680053.879808,1776680053.87985,1776680053.430849,1776680053.747993,0.5380900871167659,-0.7305499856774563,-0.5021364668179997,0.8829787234042554,0.0,0.0,-0.01096502886305767,-0.08310225895227498,0.8466323801347245,0.006602131757740164,-0.03876115592473252,0.053871500737684465,0.9999161144199312,0.6428803113850146,-0.6857142857142858,-0.8199697428139183,3
1776680053.929824,205,1776680053.929824,1776680053.929866,1776680053.430849,1776680053.893438,0.5386400631026016,-0.7247207103981668,-0.7125116838029109,0.8758865248226951,0.7142857142857143,0.0,0.05592137222803741,-0.15512452545330135,0.822140982036719,0.3069309996717514,-0.41085079609842673,0.03703586694510175,0.9999161144199312,0.644610228132771,-0.6901960784313725,-0.8118003025718608,3
1776680053.979787,206,1776680053.979787,1776680053.979823,1776680053.430849,1776680053.893438,0.5391826069805207,-0.7265826410770553,-0.7058352249966617,0.8652482269503546,0.0,0.0,0.09649097078497619,-0.6565098139556962,0.7473829414872539,0.4339941658460452,0.36046638493486466,-0.0446117441893527,0.9999161144199312,0.644610228132771,-0.6901960784313725,-0.8118003025718608,3
1776680054.029839,207,1776680054.029839,1776680053.979823,1776680054.030303,1776680053.893438,0.539732716477277,-0.7284588942996277,-0.7058352249966617,0.8758865248226951,0.0,0.0,0.09649097078497619,-0.6565098139556962,0.7473829414872539,0.4339941658460452,0.36046638493486466,-0.0446117441893527,1.0,0.644610228132771,-0.6901960784313725,-0.8118003025718608,3
1776680054.079788,208,1776680054.079788,1776680054.079828,1776680054.030303,1776680054.042323,0.5403239028339563,-0.7333285591521055,-0.5824542662571772,0.9432624113475179,-0.2857142857142857,0.0,0.05263177191126787,-0.03878113136332534,0.7511356656980585,0.35808203737079086,-0.3546547573154499,0.238216793931716,1.0,0.6434209103686884,-0.6935574229691878,-0.8018154311649016,3
1776680054.129862,209,1776680054.129862,1776680054.079828,1776680054.030303,1776680054.042323,0.5408631089388588,-0.7377112575193354,-0.5222326078248097,0.8581560283687943,-0.2857142857142857,0.0,0.05263177191126787,-0.03878113136332534,0.7511356656980585,0.35808203737079086,-0.3546547573154499,0.238216793931716,1.0,0.6434209103686884,-0.6935574229691878,-0.8018154311649016,3
1776680054.179782,210,1776680054.179782,1776680054.130004,1776680054.030303,1776680054.042323,0.5414140640047794,-0.7383844170724722,-0.5489384430498064,0.8794326241134752,0.07142857142857142,0.0,-0.15241234301301357,0.9362883067293877,0.8266837273807951,-0.881186401838192,0.11046456652822532,0.11279463938761132,1.0,0.6434209103686884,-0.6935574229691878,-0.8018154311649016,3
1776680054.229816,211,1776680054.229816,1776680054.17982,1776680054.030303,1776680054.190662,0.5419834880813911,-0.7427527928960185,-0.44211510214981975,0.9078014184397164,-0.2857142857142857,0.0,0.1502189706089931,0.016619988676872918,0.8600631521595563,0.034651901674067745,-0.09883403766283831,0.1818178946137977,1.0,0.6424478321980753,-0.6949579831932773,-0.8030257186081695,3
1776680054.279777,212,1776680054.279777,1776680054.279814,1776680054.030303,1776680054.190662,0.5425576295438662,-0.7432684044686336,-0.4888503137935639,0.9148936170212767,0.07142857142857142,0.0,-0.09539474287222713,0.7008309415446459,0.8370531468762383,-0.803626837108192,-0.15116050711724358,0.15488214424495547,1.0,0.6424478321980753,-0.6949579831932773,-0.8030257186081695,3
1776680054.329825,213,1776680054.329825,1776680054.329866,1776680054.030303,1776680054.190662,0.5431344857283947,-0.7431824692065311,-0.5055414608091868,0.9184397163120569,0.14285714285714285,0.0,0.00219337240402048,-0.30747963168576814,0.6908946968696342,0.5808575339241807,0.6550409868856514,0.04713914276958655,1.0,0.6424478321980753,-0.6949579831932773,-0.8030257186081695,3
1776680054.379829,214,1776680054.379829,1776680054.329866,1776680054.030303,1776680054.339627,0.5436797443283672,-0.7437983385849327,-0.5489384430498064,0.8687943262411348,0.07142857142857142,0.0,0.00219337240402048,-0.30747963168576814,0.6908946968696342,0.5808575339241807,0.6550409868856514,0.04713914276958655,1.0,0.6423397124013406,-0.6949579831932773,-0.7921331316187593,3
1776680054.42979,215,1776680054.42979,1776680054.429831,1776680054.030303,1776680054.339627,0.5442288747450387,-0.7402463477513608,-0.7090399252236613,0.8758865248226951,0.5,0.0,0.23464868461816255,-0.22437621494953797,0.8009084830273412,0.39768863454785314,-0.3817853843747955,0.057239259345846054,1.0,0.6423397124013406,-0.6949579831932773,-0.7921331316187593,3
1776680054.479822,216,1776680054.479822,1776680054.47986,1776680054.030303,1776680054.339627,0.544796785697883,-0.7421942136923518,-0.7057016958205368,0.9042553191489363,0.0,0.0,-0.037280914818691606,-0.5540169893217586,0.6810191850482102,0.4158414001969491,0.6724831433704531,-0.09848324492703715,1.0,0.6423397124013406,-0.6949579831932773,-0.7921331316187593,3
1776680054.529754,217,1776680054.529754,1776680054.47986,1776680054.030303,1776680054.487965,0.5453545498207572,-0.74336866227442,-0.7490319134730938,0.8900709219858157,0.07142857142857142,0.0,-0.037280914818691606,-0.5540169893217586,0.6810191850482102,0.4158414001969491,0.6724831433704531,-0.09848324492703715,1.0,0.6441777489458319,-0.6915032679738563,-0.7748865355521936,3
1776680054.579736,218,1776680054.579736,1776680054.529823,1776680054.030303,1776680054.487965,0.5459328301217727,-0.7468920080206245,-0.6722526372012284,0.921985815602837,-0.14285714285714285,0.0,0.12171062882786106,-0.06786697988581934,0.816018111874257,-0.06270786495977407,0.1976753489522341,0.11784627729985372,1.0,0.6441777489458319,-0.6915032679738563,-0.7748865355521936,3
1776680054.629819,219,1776680054.629819,1776680054.579772,1776680054.030303,1776680054.487965,0.5464542347705874,-0.7528788312804355,-0.5217652557083723,0.8297872340425533,-0.42857142857142855,0.0,-0.10745599964803386,-0.14681395222288732,0.7578510929863955,0.27722760013129943,-0.41085079609842673,0.25841702708423503,1.0,0.6441777489458319,-0.6915032679738563,-0.7748865355521936,3
1776680054.679758,220,1776680054.679758,1776680054.6798,1776680054.63093,1776680054.636529,0.5470075930330798,-0.754984245201948,-0.5184270263052477,0.8829787234042554,-0.07142857142857142,0.0,0.04605257127772879,-0.033241135137701036,0.8229310031699908,0.06270786495977407,-0.2015521919073631,0.10185100353519876,0.9999580572099657,0.6473132230511406,-0.6856209150326797,-0.7627836611195158,3
1776680054.729746,221,1776680054.729746,1776680054.6798,1776680054.63093,1776680054.636529,0.5475681163816476,-0.75853623603552,-0.43837628521832017,0.8936170212765958,-0.21428571428571427,0.0,0.04605257127772879,-0.033241135137701036,0.8229310031699908,0.06270786495977407,-0.2015521919073631,0.10185100353519876,0.9999580572099657,0.6473132230511406,-0.6856209150326797,-0.7627836611195158,3
1776680054.779763,222,1776680054.779763,1776680054.779805,1776680054.63093,1776680054.636529,0.5481246344025956,-0.7575623030650245,-0.5318467085058086,0.8865248226950355,0.21428571428571427,0.0,-0.22587702815912536,0.2825490697784812,0.8047600217936864,-0.7508221697850282,-0.1782911341765891,0.16161450221305337,0.9999580572099657,0.6473132230511406,-0.6856209150326797,-0.7627836611195158,3
1776680054.829812,223,1776680054.829812,1776680054.779805,1776680054.63093,1776680054.785312,0.548681419445385,-0.7597106846175882,-0.5084791026839365,0.8865248226950355,-0.07142857142857142,0.0,-0.22587702815912536,0.2825490697784812,0.8047600217936864,-0.7508221697850282,-0.1782911341765891,0.16161450221305337,0.9999580572099657,0.6552059682127797,-0.6802054154995332,-0.7603630862329803,3
1776680054.879746,224,1776680054.879746,1776680054.879784,1776680054.63093,1776680054.785312,0.5492391835682592,-0.761787453451733,-0.4618106556282548,0.8900709219858157,-0.07142857142857142,0.0,-0.01973668532209486,0.04432112758894965,0.7562709681680094,-0.06765636709338982,0.09883403766283831,0.10858652075152196,0.9999580572099657,0.6552059682127797,-0.6802054154995332,-0.7603630862329803,3
1776680054.92975,225,1776680054.92975,1776680054.879784,1776680054.63093,1776680054.785312,0.5497977042530171,-0.7630335147522201,-0.47182534383762853,0.8900709219858157,0.0,0.0,-0.01973668532209486,0.04432112758894965,0.7562709681680094,-0.06765636709338982,0.09883403766283831,0.10858652075152196,0.9999580572099657,0.6552059682127797,-0.6802054154995332,-0.7603630862329803,3
1776680054.979743,226,1776680054.979743,1776680054.979785,1776680054.63093,1776680054.934074,0.5503271640607116,-0.7649527356058436,-0.4451195086126319,0.8439716312056738,-0.07142857142857142,0.0,-0.3673243423090813,-0.5221605637944748,0.8411020670981376,0.1815152697522033,0.07364546889433603,0.021043752428672072,0.9999580572099657,0.6606119580495188,-0.6759103641456583,-0.7518910741301058,3
1776680055.029739,227,1776680055.029739,1776680054.979785,1776680054.63093,1776680054.934074,0.5508589825613376,-0.7639501575479806,-0.48851649085325144,0.847517730496454,0.21428571428571427,0.0,-0.3673243423090813,-0.5221605637944748,0.8411020670981376,0.1815152697522033,0.07364546889433603,0.021043752428672072,0.9999580572099657,0.6606119580495188,-0.6759103641456583,-0.7518910741301058,3
1776680055.079737,228,1776680055.079737,1776680055.029828,1776680054.63093,1776680054.934074,0.5514307653308811,-0.7667287310226296,-0.4551341968220056,0.9113475177304966,-0.14285714285714285,0.0,0.148026514783495,0.15650923506371864,0.8965040120195482,-0.004948502133615751,-0.24224813249638139,0.26178478569239666,0.9999580572099657,0.6606119580495188,-0.6759103641456583,-0.7518910741301058,3
1776680055.129894,229,1776680055.129894,1776680055.129936,1776680054.63093,1776680055.08269,0.5519932023359784,-0.7701231738756804,-0.36807317398851647,0.8936170212765958,-0.21428571428571427,0.0,-0.19956114220349144,0.1232692577099728,0.8194745575221238,-0.8399323684063841,-0.011630528865386994,0.003367758608161602,0.9999580572099657,0.6647205103254406,-0.669281045751634,-0.750680786686838,3
1776680055.179711,230,1776680055.179711,1776680055.179744,1776680054.63093,1776680055.08269,0.5525563068956788,-0.7718275565740477,-0.3547202563760182,0.9007092198581561,-0.07142857142857142,0.0,-0.13596525800768827,0.3310254839826378,0.8213509609034474,0.0709574329722599,-0.06589178298407802,0.10774300147536893,0.9999580572099657,0.6647205103254406,-0.669281045751634,-0.750680786686838,3
1776680055.229739,231,1776680055.229739,1776680055.179744,1776680055.230552,1776680055.08269,0.5531040131958633,-0.7734889716413635,-0.3380291093603952,0.8723404255319149,-0.07142857142857142,0.0,-0.13596525800768827,0.3310254839826378,0.8213509609034474,0.0709574329722599,-0.06589178298407802,0.10774300147536893,0.9999580572099657,0.6647205103254406,-0.669281045751634,-0.750680786686838,3
1776680055.279714,232,1776680055.279714,1776680055.279766,1776680055.230552,1776680055.23252,0.5536534551380166,-0.7664995703236895,-0.5582854853785552,0.8758865248226951,0.7857142857142857,0.0,-0.23245622879266442,0.05678698743457074,0.8670748580108308,-0.424090968209435,-0.3740316984645375,0.19276153046621025,0.9999580572099657,0.6660179478862579,-0.6627450980392157,-0.762178517397882,3
1776680055.329706,233,1776680055.329706,1776680055.329745,1776680055.230552,1776680055.23252,0.5542029415838099,-0.7694213692351762,-0.5215649619441848,0.8758865248226951,-0.14285714285714285,0.0,0.0789476578669018,-0.6994462319342286,0.7765158994848764,0.40098970042672316,0.20736381952677788,0.050503742129522855,0.9999580572099657,0.6660179478862579,-0.6627450980392157,-0.762178517397882,3
1776680055.379788,234,1776680055.379788,1776680055.37984,1776680055.230552,1776680055.380392,0.5547598156338797,-0.769378401604125,-0.5649619441848044,0.8865248226950355,0.14285714285714285,0.0,0.029605486272403475,-0.00415528661520703,0.7467903843613789,-0.18811740150994347,0.10852978186393955,0.07996689107859895,0.9999580572099657,0.6637474321548276,-0.6555555555555556,-0.7688350983358547,3
1776680055.429758,235,1776680055.429758,1776680055.37984,1776680055.230552,1776680055.380392,0.555318425325918,-0.7687482096820396,-0.6217118440379223,0.8900709219858157,0.21428571428571427,0.0,0.029605486272403475,-0.00415528661520703,0.7467903843613789,-0.18811740150994347,0.10852978186393955,0.07996689107859895,0.9999580572099657,0.6637474321548276,-0.6555555555555556,-0.7688350983358547,3
1776680055.479746,236,1776680055.479746,1776680055.429816,1776680055.230552,1776680055.380392,0.5558499323010625,-0.7739329704955601,-0.5383228735478702,0.847517730496454,-0.35714285714285715,0.0,-0.012061256775806727,-0.19806094343183372,0.7476792200501915,0.41254033431807907,-0.24418291716066712,0.03703586694510175,0.9999580572099657,0.6637474321548276,-0.6555555555555556,-0.7688350983358547,3
1776680055.529825,237,1776680055.529825,1776680055.479784,1776680055.230552,1776680055.528264,0.5564048926946029,-0.774649097679748,-0.5516757911603685,0.8829787234042554,0.07142857142857142,0.0,-0.21491199929606772,-0.21329622249828936,0.8333004226654339,0.08911019862135598,0.1531025654080868,0.030303508977003832,0.9999580572099657,0.6632068331711536,-0.650233426704015,-0.7776096822995461,3
1776680055.57972,238,1776680055.57972,1776680055.579757,1776680055.230552,1776680055.528264,0.5569577169134127,-0.7789745058722429,-0.4517292028308186,0.8829787234042554,-0.2857142857142857,0.0,0.33004342749038973,-0.6080333997515396,0.7733556498481047,0.46369756538649726,-0.13178356596815605,0.17171777803753818,0.9999580572099657,0.6632068331711536,-0.650233426704015,-0.7776096822995461,3
1776680055.629707,239,1776680055.629707,1776680055.579757,1776680055.230552,1776680055.528264,0.5575138344015987,-0.7801919220853625,-0.46508212044331687,0.8865248226950355,0.0,0.0,0.33004342749038973,-0.6080333997515396,0.7733556498481047,0.46369756538649726,-0.13178356596815605,0.17171777803753818,0.9999580572099657,0.6632068331711536,-0.650233426704015,-0.7776096822995461,3
1776680055.679699,240,1776680055.679699,1776680055.62975,1776680055.230552,1776680055.67685,0.5580700408970652,-0.7800057290174736,-0.4917879556683135,0.8865248226950355,0.14285714285714285,0.0,-0.23684205702218306,-0.3947371772532502,0.8617420089816406,-0.5478530685048587,-0.1589141930275016,0.07491525316635654,0.9999580572099657,0.6638555519515623,-0.642577030812325,-0.7903177004538577,3
1776680055.729922,241,1776680055.729922,1776680055.729966,1776680055.230552,1776680055.67685,0.558626514414373,-0.7842022343168148,-0.42468954466550946,0.8829787234042554,-0.2857142857142857,0.0,0.09978057110174572,0.04293641797853237,0.7686153579447893,-0.008249568012485834,0.1744215648480176,0.11952699735570924,0.9999580572099657,0.6638555519515623,-0.642577030812325,-0.7903177004538577,3
1776680055.779698,242,1776680055.779698,1776680055.779739,1776680055.230552,1776680055.67685,0.5591848125809299,-0.7810655972500716,-0.5510081452797436,0.8936170212765958,0.42857142857142855,0.0,-0.2456137134812202,0.27977849277369143,0.9053920387003037,-0.20627016715903954,-0.5484532633125551,0.21043752428672075,0.9999580572099657,0.6638555519515623,-0.642577030812325,-0.7903177004538577,3
1776680055.829687,243,1776680055.829687,1776680055.829732,1776680055.830454,1776680055.825372,0.5597209034310171,-0.7831996562589517,-0.5009347042328749,0.8546099290780143,-0.07142857142857142,0.0,-0.2105261710665491,-0.22160679572870343,0.8854433859463743,0.21617336479564978,-0.09496446833426679,0.10521876214336037,0.9999161144199312,0.6614769164233971,-0.6339869281045752,-0.8136157337367623,3
1776680055.879682,244,1776680055.879682,1776680055.87972,1776680055.830454,1776680055.825372,0.5602705233877311,-0.7823832712689774,-0.604419815729737,0.8758865248226951,0.21428571428571427,0.0,0.19188571365720333,-0.28393377938889847,0.7505431911240259,-0.0016474362547456694,0.2693787595557269,0.05639574006969301,0.9999161144199312,0.6614769164233971,-0.6339869281045752,-0.8136157337367623,3
1776680055.929749,245,1776680055.929749,1776680055.87972,1776680055.830454,1776680055.825372,0.56084546591573,-0.7804783729590375,-0.6913473093871011,0.9148936170212767,0.35714285714285715,0.0,0.19188571365720333,-0.28393377938889847,0.7505431911240259,-0.0016474362547456694,0.2693787595557269,0.05639574006969301,0.9999161144199312,0.6614769164233971,-0.6339869281045752,-0.8136157337367623,3
1776680055.979689,246,1776680055.979689,1776680055.979723,1776680055.830454,1776680055.973952,0.5613787530364834,-0.7858350042967631,-0.6112965683001735,0.851063829787234,-0.35714285714285715,0.0,-0.17653485656462703,-0.02216114268645242,0.9454868082155593,-0.17491933136384188,-0.3313936995846759,0.006735517216323204,0.9999161144199312,0.6580170829278841,-0.6241830065359477,-0.8390317700453858,3
1776680056.029726,247,1776680056.029726,1776680055.979723,1776680055.830454,1776680055.973952,0.5619153779302533,-0.7874104841019766,-0.6112965683001735,0.8546099290780143,0.0,0.0,-0.17653485656462703,-0.02216114268645242,0.9454868082155593,-0.17491933136384188,-0.3313936995846759,0.006735517216323204,0.9999161144199312,0.6580170829278841,-0.6241830065359477,-0.8390317700453858,3
1776680056.079719,248,1776680056.079719,1776680056.029804,1776680055.830454,1776680055.973952,0.5624714954184393,-0.7919077628186767,-0.5111496862064361,0.8865248226950355,-0.2857142857142857,0.0,0.11074559996480339,0.20914093588308233,0.8779379375247655,0.10396189839158197,-0.21511750543703587,0.1969696491022996,0.9999161144199312,0.6580170829278841,-0.6241830065359477,-0.8390317700453858,3
1776680056.129669,249,1776680056.129669,1776680056.129712,1776680055.830454,1776680056.122644,0.5630472390119623,-0.7911916356344887,-0.6012151155027374,0.9184397163120569,0.21428571428571427,0.0,-0.0690788569165932,0.4002771734788745,0.816018111874257,-0.6831658026916384,-0.10658772357309632,0.1338383918162834,0.9999161144199312,0.6543410098389014,-0.6188608776844071,-0.853857791225416,3
1776680056.179663,250,1776680056.179663,1776680056.129712,1776680055.830454,1776680056.122644,0.5636212914671569,-0.7928530507018048,-0.5644945920683669,0.9148936170212767,0.0,0.0,-0.0690788569165932,0.4002771734788745,0.816018111874257,-0.6831658026916384,-0.10658772357309632,0.1338383918162834,0.9999161144199312,0.6543410098389014,-0.6188608776844071,-0.853857791225416,3
1776680056.229664,251,1776680056.229664,1776680056.229705,1776680055.830454,1776680056.122644,0.5641975691043625,-0.7944142079633344,-0.5811857390839898,0.9184397163120569,0.0,0.0,-0.009868800950308614,-0.3393348994290967,0.7439264958393872,-0.05775316945677957,0.3624011695991505,-0.092591246986867,0.9999161144199312,0.6543410098389014,-0.6188608776844071,-0.853857791225416,3
1776680056.279715,252,1776680056.279715,1776680056.279752,1776680055.830454,1776680056.271519,0.5647612522113858,-0.7902606702950445,-0.7683268794231539,0.897163120567376,0.5714285714285714,0.0,-0.34320182875746785,0.257617350087239,0.8430772024831594,-0.2838297318890396,-0.3798433260839522,0.13467875184421116,0.9999161144199312,0.6529354524813493,-0.6111111111111112,-0.8641452344931921,3
1776680056.329717,253,1776680056.329717,1776680056.329759,1776680055.830454,1776680056.271519,0.5653130973501109,-0.791592666857634,-0.7683268794231539,0.8794326241134752,0.07142857142857142,0.0,-0.17543862865187798,-0.5069252847280191,0.809006488574825,0.40759183218446327,0.16472582064691635,0.0446117441893527,0.9999161144199312,0.6529354524813493,-0.6111111111111112,-0.8641452344931921,3
1776680056.379655,254,1776680056.379655,1776680056.329759,1776680055.830454,1776680056.271519,0.5658687252982546,-0.7936407906044115,-0.811657097075711,0.8865248226950355,0.0,0.0,-0.17543862865187798,-0.5069252847280191,0.809006488574825,0.40759183218446327,0.16472582064691635,0.0446117441893527,0.9999161144199312,0.6529354524813493,-0.6111111111111112,-0.8641452344931921,3
1776680056.429658,255,1776680056.429658,1776680056.429698,1776680056.430439,1776680056.419949,0.5664494978031224,-0.7944858206817531,-0.8483776205100815,0.9255319148936172,0.14285714285714285,0.0,-0.13596525800768827,-0.09695282840831335,0.7822436765288602,0.42739203408830506,-0.10077609595368155,0.11279463938761132,0.9999161144199312,0.6527192128878797,-0.6059757236227825,-0.8662632375189107,3
1776680056.47976,256,1776680056.47976,1776680056.479798,1776680056.430439,1776680056.419949,0.5669800702018223,-0.7980951016900603,-0.8249432501001469,0.8439716312056738,-0.14285714285714285,0.0,-0.3015350857092577,-0.35457017849555234,0.9317597576277903,0.018152765649096077,-0.14147203654269982,-0.08669924904669685,0.9999161144199312,0.6527192128878797,-0.6059757236227825,-0.8662632375189107,3
1776680056.529758,257,1776680056.529758,1776680056.479798,1776680056.430439,1776680056.419949,0.567507349331146,-0.800186193067889,-0.8516490853251435,0.8404255319148937,0.0,0.0,-0.3015350857092577,-0.35457017849555234,0.9317597576277903,0.018152765649096077,-0.14147203654269982,-0.08669924904669685,0.9999161144199312,0.6527192128878797,-0.6059757236227825,-0.8662632375189107,3
1776680056.579659,258,1776680056.579659,1776680056.529819,1776680056.430439,1776680056.568301,0.5680712994600107,-0.8053566313377257,-0.7417545733742823,0.9007092198581561,-0.2857142857142857,0.0,0.07346468514611179,0.20221623004704076,0.9132924976885484,0.08415550311836148,-0.2965093866150724,0.13467875184421116,0.9999161144199312,0.652611093091145,-0.6009337068160597,-0.8789712556732223,3
1776680056.629647,259,1776680056.629647,1776680056.579714,1776680056.430439,1776680056.568301,0.5686474435862956,-0.8074190776281869,-0.7850847910268394,0.9184397163120569,0.0,0.0,-0.03399131450192207,-0.1939056568166267,0.7924155494650641,0.46204393576237285,-0.12597193834874132,0.1338383918162834,0.9999161144199312,0.652611093091145,-0.6009337068160597,-0.8789712556732223,3
1776680056.679712,260,1776680056.679712,1776680056.629689,1776680056.430439,1776680056.568301,0.5692154435464204,-0.8117301632769981,-0.7115769795700361,0.9042553191489363,-0.21428571428571427,0.0,-0.12719268497012873,0.34349018604430376,0.8124629342226919,-0.6749162346791525,-0.011630528865386994,0.1885534118301209,0.9999161144199312,0.652611093091145,-0.6009337068160597,-0.8789712556732223,3
1776680056.729692,261,1776680056.729692,1776680056.67975,1776680056.430439,1776680056.717007,0.56975812093526,-0.8135920939558867,-0.7049005207637868,0.8652482269503546,0.0,0.0,0.120614400915112,-0.19806094343183372,0.7528145225201427,0.28547716814378526,0.32170522901013215,0.04713914276958655,0.9999161144199312,0.6527192128878797,-0.5971988795518207,-0.8944024205748864,3
1776680056.779697,262,1776680056.779697,1776680056.77974,1776680056.430439,1776680056.717007,0.5703057382281642,-0.8104268118017761,-0.888503137935639,0.8723404255319149,0.5,0.0,-0.2850880007039323,0.5567864085425931,0.8928500198124423,-0.2920792999015254,-0.3992275408595972,0.16245802148920643,0.9999161144199312,0.6527192128878797,-0.5971988795518207,-0.8944024205748864,3
1776680056.829741,263,1776680056.829741,1776680056.829821,1776680056.430439,1776680056.717007,0.5708512638499779,-0.8142079633342882,-0.8217385498731472,0.8687943262411348,-0.14285714285714285,0.0,-0.17214902833510845,-0.4390583048421998,0.8458423590014529,0.20627016715903954,0.11627619414764008,0.008416237272178712,0.9999161144199312,0.6527192128878797,-0.5971988795518207,-0.8944024205748864,3
1776680056.879753,264,1776680056.879753,1776680056.829821,1776680056.430439,1776680056.865998,0.5713920275822881,-0.8177742767115441,-0.7782748030444653,0.8617021276595745,-0.14285714285714285,0.0,-0.17214902833510845,-0.4390583048421998,0.8458423590014529,0.20627016715903954,0.11627619414764008,0.008416237272178712,0.9999161144199312,0.6559628067899232,-0.5938375350140056,-0.9074130105900151,3
1776680056.929698,265,1776680056.929698,1776680056.929742,1776680056.430439,1776680056.865998,0.5719587814404867,-0.819908335720424,-0.8049806382694619,0.9042553191489363,0.0,0.0,0.054824227736765985,-0.23407149779036932,0.7582461035530313,0.4603964995076271,-0.1860448200868471,0.07154749455819494,0.9999161144199312,0.6559628067899232,-0.5938375350140056,-0.9074130105900151,3
1776680056.979701,266,1776680056.979701,1776680056.979742,1776680056.430439,1776680056.865998,0.5724950503051348,-0.821985104554569,-0.7983041794632127,0.8546099290780143,0.0,0.0,-0.35745554135877267,0.02216114268645242,0.9597076839255052,-0.5115475372066666,-0.11240662481906855,-0.09175088695893924,0.9999161144199312,0.6559628067899232,-0.5938375350140056,-0.9074130105900151,3
1776680057.029683,267,1776680057.029683,1776680057.029725,1776680057.030504,1776680057.014652,0.5730377721976148,-0.8247923231165856,-0.7816130324475898,0.8652482269503546,-0.07142857142857142,0.0,0.15131611510026455,-0.0027705770047897526,0.7845150904768194,0.30362993379288133,0.0678265676483638,0.05134726140567591,0.9999161144199312,0.658557681911558,-0.592156862745098,-0.9089258698940998,3
1776680057.079739,268,1776680057.079739,1776680057.029725,1776680057.030504,1776680057.014652,0.5736057721577394,-0.8276425093096534,-0.7549071972225931,0.9042553191489363,-0.07142857142857142,0.0,0.15131611510026455,-0.0027705770047897526,0.7845150904768194,0.30362993379288133,0.0678265676483638,0.05134726140567591,0.9999161144199312,0.658557681911558,-0.592156862745098,-0.9089258698940998,3
1776680057.129681,269,1776680057.129681,1776680057.079777,1776680057.030504,1776680057.014652,0.5741703453375673,-0.826840446863363,-0.8348911737214582,0.9007092198581561,0.2857142857142857,0.0,0.16118399947205078,-0.36288075172596646,0.7681216153744551,0.4867988331692091,-0.29845144490591563,0.06733937592210558,0.9999161144199312,0.658557681911558,-0.592156862745098,-0.9089258698940998,3
1776680057.179623,270,1776680057.179623,1776680057.129724,1776680057.030504,1776680057.163527,0.5747348295101146,-0.8298338584932684,-0.8182000267058352,0.9007092198581561,-0.07142857142857142,0.0,-0.38377142731440667,0.30332434507056116,0.7859964007396645,-0.6600645349089266,0.12984150767731284,0.19444540977029104,0.9999161144199312,0.6630987133744187,-0.5911297852474323,-0.9116490166414524,3
1776680057.229665,271,1776680057.229665,1776680057.229705,1776680057.030504,1776680057.163527,0.5752958869023651,-0.8349040389573189,-0.7213246094271598,0.8936170212765958,-0.2857142857142857,0.0,0.13048228528689826,0.07894697233706796,0.7391862039360718,-0.1518118702117513,0.2790672301302706,0.01935987312459127,0.9999161144199312,0.6630987133744187,-0.5911297852474323,-0.9116490166414524,3
1776680057.279687,272,1776680057.279687,1776680057.279727,1776680057.030504,1776680057.163527,0.5758280169284727,-0.8331710111715842,-0.8382294031245827,0.847517730496454,0.35714285714285715,0.0,0.11951725642384059,0.0013847096104172769,0.9105273411702549,-0.018152765649096077,-0.38953179665849597,0.003367758608161602,0.9999161144199312,0.6630987133744187,-0.5911297852474323,-0.9116490166414524,3
1776680057.329631,273,1776680057.329631,1776680057.329672,1776680057.030504,1776680057.312109,0.5763614375601467,-0.8353337152678316,-0.8482440913339564,0.851063829787234,0.0,0.0,-0.23026285638864397,-0.25623264047682176,0.9641516972658829,-0.33498076958807904,-0.17054472189288858,-0.023567991760680626,0.9999161144199312,0.6674235052438101,-0.5912231559290383,-0.9173978819969744,3
1776680057.379621,274,1776680057.379621,1776680057.379656,1776680057.030504,1776680057.312109,0.5769065181455583,-0.8361214551704383,-0.8749499265589532,0.8687943262411348,0.14285714285714285,0.0,0.09539474287222713,0.03601055435853558,0.8385344571390834,-0.06270786495977407,0.05038441116356204,0.08585888901876909,0.9999161144199312,0.6674235052438101,-0.5912231559290383,-0.9173978819969744,3
1776680057.429672,275,1776680057.429672,1776680057.429712,1776680057.030504,1776680057.312109,0.5774899608688393,-0.8407333142366086,-0.8181332621177727,0.9290780141843973,-0.21428571428571427,0.0,0.054824227736765985,-0.27146791954327737,0.8067351571787083,0.3960411982931074,-0.32751685662954694,0.07575877244250959,0.9999161144199312,0.6674235052438101,-0.5912231559290383,-0.9173978819969744,3
1776680057.479644,276,1776680057.479644,1776680057.429712,1776680057.030504,1776680057.46088,0.5780457223279035,-0.8472214265253509,-0.684670850580852,0.8865248226950355,-0.42857142857142855,0.0,0.054824227736765985,-0.27146791954327737,0.8067351571787083,0.3960411982931074,-0.32751685662954694,0.07575877244250959,0.9999161144199312,0.6751000108119796,-0.5920634920634921,-0.9170953101361572,3
1776680057.529618,277,1776680057.529618,1776680057.529659,1776680057.030504,1776680057.46088,0.5785928055771251,-0.8490260670295044,-0.6613032447589798,0.8723404255319149,0.0,0.0,0.11622765610707105,0.10526340163872741,0.7534070796460177,0.21782080105039545,0.11627619414764008,0.0429278648852719,0.9999161144199312,0.6751000108119796,-0.5920634920634921,-0.9170953101361572,3
1776680057.579627,278,1776680057.579627,1776680057.579668,1776680057.030504,1776680057.46088,0.5791625411792183,-0.8515611572615298,-0.6446120977433569,0.9078014184397164,-0.07142857142857142,0.0,0.14254354206270498,-0.2825490697784812,0.8115740985338793,0.379535868898757,-0.25581344602605416,0.021043752428672072,0.9999161144199312,0.6751000108119796,-0.5920634920634921,-0.9170953101361572,3
1776680057.629614,279,1776680057.629614,1776680057.579668,1776680057.63036,1776680057.609404,0.5797387743127838,-0.8483385849326841,-0.7814795032714649,0.9184397163120569,0.5,0.0,0.14254354206270498,-0.2825490697784812,0.8115740985338793,0.379535868898757,-0.25581344602605416,0.021043752428672072,0.9998322288398626,0.68483079251811,-0.5953314659197012,-0.9210287443267776,3
1776680057.679672,280,1776680057.679672,1776680057.629656,1776680057.63036,1776680057.609404,0.5803112246369305,-0.8519335433973074,-0.7547069034584056,0.9113475177304966,-0.14285714285714285,0.0,-0.25438628651877976,0.2977843488449368,0.85344653942676,-0.4719471333989831,-0.23449444658612337,0.047979502797514305,0.9998322288398626,0.68483079251811,-0.5953314659197012,-0.9210287443267776,3
1776680057.72961,281,1776680057.72961,1776680057.679711,1776680057.63036,1776680057.609404,0.5808599100171998,-0.8603695216270411,-0.6980237681933503,0.8758865248226951,-0.6428571428571428,0.0,0.07127222932061367,-0.03462584474811831,0.7092632248051776,0.40429076630559324,0.40697395314329776,0.13299803178835562,0.9998322288398626,0.68483079251811,-0.5953314659197012,-0.9210287443267776,3
1776680057.779594,282,1776680057.779594,1776680057.729651,1776680057.63036,1776680057.758644,0.5813939091961966,-0.8578630764823834,-0.8182000267058352,0.851063829787234,0.42857142857142855,0.0,0.25767497025702696,-0.31163491830097517,0.7305944558182539,-0.034651901674067745,0.35852432664402145,0.10774300147536893,0.9998322288398626,0.6926154178830143,-0.5984126984126985,-0.9110438729198184,3
1776680057.829609,283,1776680057.829609,1776680057.779631,1776680057.63036,1776680057.758644,0.581923547018452,-0.8621025494127759,-0.7748030444652158,0.8439716312056738,-0.21428571428571427,0.0,-0.2598683426610474,0.16759038529892245,0.9340311715757496,-0.08911019862135598,0.04263799887986151,0.08249113041060749,0.9998322288398626,0.6926154178830143,-0.5984126984126985,-0.9110438729198184,3
1776680057.879664,284,1776680057.879664,1776680057.879705,1776680057.63036,1776680057.758644,0.582467114480096,-0.8612718418791178,-0.7313392976365336,0.8652482269503546,0.2857142857142857,0.0,0.12390308465335917,-0.21745150911349642,0.8059451360454366,-0.003301065878870082,0.1860448200868471,0.28282853812106873,0.9998322288398626,0.6926154178830143,-0.5984126984126985,-0.9110438729198184,3
1776680057.929604,285,1776680057.929604,1776680057.879705,1776680057.63036,1776680057.907347,0.5830404103734069,-0.8661558292752793,-0.6313259447189211,0.9148936170212767,-0.2857142857142857,0.0,0.12390308465335917,-0.21745150911349642,0.8059451360454366,-0.003301065878870082,0.1860448200868471,0.28282853812106873,0.9998322288398626,0.6973726889393448,-0.6006535947712418,-0.908320726172466,3
1776680057.979611,286,1776680057.979611,1776680057.979654,1776680057.63036,1776680057.907347,0.5835988420508844,-0.8714265253509024,-0.5210976098277473,0.8900709219858157,-0.35714285714285715,0.0,-0.16228022738479986,0.37119132495638046,0.9336361610091137,-0.6683141029214124,-0.15697940836321583,-0.05134726140567591,0.9998322288398626,0.6973726889393448,-0.6006535947712418,-0.908320726172466,3
1776680058.029597,287,1776680058.029597,1776680057.979654,1776680057.63036,1776680057.907347,0.5841550485463509,-0.8699656258951591,-0.5778475096808653,0.8865248226950355,0.2857142857142857,0.0,-0.16228022738479986,0.37119132495638046,0.9336361610091137,-0.6683141029214124,-0.15697940836321583,-0.05134726140567591,0.9998322288398626,0.6973726889393448,-0.6006535947712418,-0.908320726172466,3
1776680058.079615,288,1776680058.079615,1776680058.029637,1776680057.63036,1776680058.05613,0.5847181531060516,-0.8729733600687483,-0.5411269862464948,0.897163120567376,-0.14285714285714285,0.0,0.05701760014078646,-0.00415528661520703,0.720126386870955,0.20462273090429386,0.21317544714619263,0.12205439593594308,0.9998322288398626,0.7026705589793492,-0.6043884220354808,-0.9068078668683812,3
1776680058.129641,289,1776680058.129641,1776680058.129683,1776680057.63036,1776680058.05613,0.5853015958293325,-0.8694786594099112,-0.6713846975564162,0.9290780141843973,0.5,0.0,-0.35526308553327457,0.38088660779721184,0.8147343481706512,-0.4587428698835027,-0.18411003542256135,0.24410879187188617,0.9998322288398626,0.7026705589793492,-0.6043884220354808,-0.9068078668683812,3
1776680058.179581,290,1776680058.179581,1776680058.129683,1776680057.63036,1776680058.05613,0.5858638103162287,-0.8734316814666286,-0.5847242622513019,0.897163120567376,-0.21428571428571427,0.0,-0.35526308553327457,0.38088660779721184,0.8147343481706512,-0.4587428698835027,-0.18411003542256135,0.24410879187188617,0.9998322288398626,0.7026705589793492,-0.6043884220354808,-0.9068078668683812,3
1776680058.229576,291,1776680058.229576,1776680058.179619,1776680057.63036,1776680058.204683,0.5864288730360989,-0.8764680607275853,-0.568033115235679,0.9007092198581561,-0.14285714285714285,0.0,0.09868434318899666,-0.2299173689591175,0.6926723682472593,0.4306930999671752,0.5969028898118313,0.08585888901876909,0.9998322288398626,0.7084009082062925,-0.611577964519141,-0.9146747352496217,3
1776680058.279704,292,1776680058.279704,1776680058.279749,1776680058.230813,1776680058.204683,0.5869711053885364,-0.8714838155256374,-0.7487648551208439,0.8617021276595745,0.6428571428571428,0.0,-0.3114029700810439,0.17174567191412948,0.8802093514727249,-0.1980205991465537,-0.30232828786104465,0.1304706332081218,0.9999580572099657,0.7084009082062925,-0.611577964519141,-0.9146747352496217,3
1776680058.329638,293,1776680058.329638,1776680058.32968,1776680058.230813,1776680058.204683,0.5874909524099434,-0.8776568318533372,-0.6320603551876085,0.8297872340425533,-0.42857142857142855,0.0,-0.264254170890566,0.0650964028810296,0.9671143177915732,-0.04785616518954807,-0.3158936013907174,0.03451162761309318,0.9999580572099657,0.7084009082062925,-0.611577964519141,-0.9146747352496217,3
1776680058.379581,294,1776680058.379581,1776680058.37962,1776680058.230813,1776680058.353356,0.5880354989516723,-0.8793182469206532,-0.6454132728001069,0.8687943262411348,0.0,0.0,0.23574582910943398,-0.08587283595706474,0.7543945647866861,-0.018152765649096077,0.1937985059971051,0.16077414218512562,0.9999580572099657,0.7118607417018056,-0.6174603174603175,-0.9273827534039334,3
1776680058.429629,295,1776680058.429629,1776680058.429672,1776680058.230813,1776680058.353356,0.5886145358145715,-0.8825408192494988,-0.5685672319401789,0.921985815602837,-0.14285714285714285,0.0,0.1293860573741492,-0.29916905845535413,0.7965632842425042,0.5065990350730508,-0.1976753489522341,0.09427512629094781,0.9999580572099657,0.7118607417018056,-0.6174603174603175,-0.9273827534039334,3
1776680058.479666,296,1776680058.479666,1776680058.479705,1776680058.230813,1776680058.353356,0.5891779073961134,-0.8840876539673447,-0.5952730671651756,0.897163120567376,0.0,0.0,-0.08114011369239993,0.19529036642704398,0.827671295073306,-0.8762378997045762,-0.15116050711724358,-0.09680252487118166,0.9999580572099657,0.7118607417018056,-0.6174603174603175,-0.9273827534039334,3
1776680058.529574,297,1776680058.529574,1776680058.529614,1776680058.230813,1776680058.50232,0.5897419465322586,-0.888570610140361,-0.48531179062625185,0.9007092198581561,-0.2857142857142857,0.0,-0.11293897236882387,0.015235279066455642,0.6809203704926694,0.5726079659116949,0.3062051308161736,0.2567331477801542,0.9999580572099657,0.715644934587523,-0.623622782446312,-0.9367624810892586,3
1776680058.579577,298,1776680058.579577,1776680058.529614,1776680058.230813,1776680058.50232,0.5903115041197909,-0.8956316241764539,-0.30170917345439974,0.9078014184397164,-0.5714285714285714,0.0,-0.11293897236882387,0.015235279066455642,0.6809203704926694,0.5726079659116949,0.3062051308161736,0.2567331477801542,0.9999580572099657,0.715644934587523,-0.623622782446312,-0.9367624810892586,3
1776680058.629625,299,1776680058.629625,1776680058.579628,1776680058.230813,1776680058.50232,0.5909062062640476,-0.8950587224291034,-0.3618640672987048,0.946808510638298,0.14285714285714285,0.0,0.007675428546288132,-0.17313038152454677,0.8202645786553955,0.4158414001969491,-0.2810092884211139,0.2525250291440649,0.9999580572099657,0.715644934587523,-0.623622782446312,-0.9367624810892586,3
1776680058.679592,300,1776680058.679592,1776680058.629666,1776680058.230813,1776680058.650658,0.5914531560023484,-0.8981667144084791,-0.28174656162371475,0.8723404255319149,-0.21428571428571427,0.0,-0.25328914202750835,0.5540169893217586,0.8245111279883767,-0.3531335352371751,-0.13566040892328507,0.28198501884491567,0.9999580572099657,0.7165098929614011,-0.6295051353874884,-0.9452344931921332,3
1776680058.729617,301,1776680058.729617,1776680058.729656,1776680058.230813,1776680058.650658,0.592009763030577,-0.899641936407906,-0.25170249699559355,0.8865248226950355,-0.07142857142857142,0.0,0.11951725642384059,-0.00831057323041406,0.7726644432703738,-0.04125403343180791,0.13178356596815605,0.06818289519825863,0.9999580572099657,0.7165098929614011,-0.6295051353874884,-0.9452344931921332,3
1776680058.779569,302,1776680058.779569,1776680058.729656,1776680058.230813,1776680058.650658,0.5925499927192045,-0.8960040103122315,-0.40178929096007476,0.8617021276595745,0.42857142857142855,0.0,0.11951725642384059,-0.00831057323041406,0.7726644432703738,-0.04125403343180791,0.13178356596815605,0.06818289519825863,0.9999580572099657,0.7165098929614011,-0.6295051353874884,-0.9452344931921332,3
1776680058.829566,303,1776680058.829566,1776680058.779604,1776680058.830699,1776680058.799187,0.5930705963024953,-0.8984388427384703,-0.34503939110695686,0.8297872340425533,-0.14285714285714285,0.0,-0.3815789714889085,0.2853184889993157,0.8544341071192709,-0.11385890265881349,-0.10658772357309632,0.07491525316635654,0.9998741716298968,0.7173748513352795,-0.638375350140056,-0.9552193645990922,3
1776680058.879629,304,1776680058.879629,1776680058.829609,1776680058.830699,1776680058.799187,0.5936120275894088,-0.8979089086221713,-0.42195219655494726,0.8617021276595745,0.14285714285714285,0.0,-0.29824548539248813,0.4903052960511462,0.9918032624488179,-0.5115475372066666,-0.4476771673588735,-0.08417500971468829,0.9998741716298968,0.7173748513352795,-0.638375350140056,-0.9552193645990922,3
1776680058.929616,305,1776680058.929616,1776680058.92967,1776680058.830699,1776680058.799187,0.5941703702596058,-0.8990403895731882,-0.3618640672987048,0.8900709219858157,0.0,0.0,0.18530651302366422,-0.23268678817995203,0.8544341071192709,0.41254033431807907,-0.3042630725253304,0.08417500971468829,0.9998741716298968,0.7173748513352795,-0.638375350140056,-0.9552193645990922,3
1776680058.979567,306,1776680058.979567,1776680058.92967,1776680058.830699,1776680058.948402,0.5947105554445932,-0.9007018046405042,-0.3318200026705835,0.8617021276595745,-0.07142857142857142,0.0,0.18530651302366422,-0.23268678817995203,0.8544341071192709,0.41254033431807907,-0.3042630725253304,0.08417500971468829,0.9998741716298968,0.7171586117418098,-0.6458450046685341,-0.9585476550680787,3
1776680059.029703,307,1776680059.029703,1776680058.979615,1776680058.830699,1776680058.948402,0.5952728144351296,-0.9016041248925811,-0.35859260248364266,0.8936170212765958,0.0,0.0,0.15350857092576264,0.5235452734048921,0.8808019085986,-0.7689749354341242,0.0019347846642857665,-0.07575877244250959,0.9998741716298968,0.7171586117418098,-0.6458450046685341,-0.9585476550680787,3
1776680059.079618,308,1776680059.079618,1776680059.079657,1776680058.830699,1776680058.948402,0.5958303560398027,-0.9032798625035807,-0.3119909200160235,0.8900709219858157,-0.07142857142857142,0.0,0.037280914818691606,-0.2977843488449368,0.8553228602562409,0.2673244024946892,-0.397285482568754,0.09511864556710085,0.9998741716298968,0.7171586117418098,-0.6458450046685341,-0.9585476550680787,3
1776680059.129553,309,1776680059.129553,1776680059.079657,1776680058.830699,1776680059.097088,0.5963904343519683,-0.899112002291607,-0.4886500200293764,0.8936170212765958,0.5,0.0,0.037280914818691606,-0.2977843488449368,0.8553228602562409,0.2673244024946892,-0.397285482568754,0.09511864556710085,0.9998741716298968,0.7167261325548708,-0.6541549953314659,-0.9624810892586989,3
1776680059.179559,310,1776680059.179559,1776680059.179592,1776680058.830699,1776680059.097088,0.5969467743583554,-0.9032941850472644,-0.3985178261450127,0.8865248226950355,-0.2857142857142857,0.0,0.10855222756078291,-0.24792206724640767,0.6526762481838595,0.542904566371243,0.6782947709898679,0.11784627729985372,0.9998741716298968,0.7167261325548708,-0.6541549953314659,-0.9624810892586989,3
1776680059.229578,311,1776680059.229578,1776680059.179592,1776680058.830699,1776680059.097088,0.5975165989677291,-0.9043826983672302,-0.36513553211376687,0.9078014184397164,0.0,0.0,0.10855222756078291,-0.24792206724640767,0.6526762481838595,0.542904566371243,0.6782947709898679,0.11784627729985372,0.9998741716298968,0.7167261325548708,-0.6541549953314659,-0.9624810892586989,3
1776680059.279556,312,1776680059.279556,1776680059.279595,1776680058.830699,1776680059.246231,0.5981038245004289,-0.903981667144085,-0.43517158499132064,0.9361702127659576,0.14285714285714285,0.0,-0.24122788525170163,0.15096923883809435,0.9543748348963148,-0.1864699652551978,-0.6143377726700756,-0.0025242393320085554,0.9998741716298968,0.7158611741809925,-0.6605975723622783,-0.9709531013615734,3
1776680059.329546,313,1776680059.329546,1776680059.279595,1776680058.830699,1776680059.246231,0.5986444547218185,-0.904397020910914,-0.44518627320069437,0.8617021276595745,0.07142857142857142,0.0,-0.24122788525170163,0.15096923883809435,0.9543748348963148,-0.1864699652551978,-0.6143377726700756,-0.0025242393320085554,0.9998741716298968,0.7158611741809925,-0.6605975723622783,-0.9709531013615734,3
1776680059.379538,314,1776680059.379538,1776680059.329588,1776680058.830699,1776680059.246231,0.5991717338511421,-0.9055285018619308,-0.471892108425691,0.8404255319148937,0.0,0.0,-0.3859647997184271,0.1897503702014197,0.8912699775458989,-0.5082526646971752,0.005811627619414764,-0.11784627729985372,0.9998741716298968,0.7158611741809925,-0.6605975723622783,-0.9709531013615734,3
1776680059.429605,315,1776680059.429605,1776680059.429646,1776680059.430394,1776680059.394656,0.5997487235465913,-0.9118733887138357,-0.31479503271464815,0.9184397163120569,-0.5,0.0,0.05263177191126787,-0.12742338654122465,0.8083151994452517,0.38778543691124284,-0.1899216630419761,0.1338383918162834,0.9998322288398626,0.7160774137744621,-0.6657329598506069,-0.977912254160363,3
1776680059.479608,316,1776680059.479608,1776680059.47965,1776680059.430394,1776680059.394656,0.6003183701414042,-0.913448868519049,-0.26805982107090404,0.9078014184397164,-0.07142857142857142,0.0,0.41447314149955916,0.7105262243854772,0.8030811649716022,-0.892737035729548,0.17054472189288858,0.1767662567015553,0.9998322288398626,0.7160774137744621,-0.6657329598506069,-0.977912254160363,3
1776680059.529603,317,1776680059.529603,1776680059.529647,1776680059.430394,1776680059.394656,0.6008834773649145,-0.9141793182469207,-0.2880891974896515,0.9007092198581561,0.0,0.0,0.09978057110174572,-0.47783943620552516,0.6540588264430062,0.528052866601017,0.6124029880057899,0.15909026288104483,0.9998322288398626,0.7160774137744621,-0.6657329598506069,-0.977912254160363,3
1776680059.579508,318,1776680059.579508,1776680059.529647,1776680059.430394,1776680059.543695,0.6014431551443182,-0.9149527356058436,-0.26145012685271735,0.8936170212765958,0.0,0.0,0.09978057110174572,-0.47783943620552516,0.6540588264430062,0.528052866601017,0.6124029880057899,0.15909026288104483,0.9998322288398626,0.7210509244242621,-0.6726423902894492,-0.9788199697428139,3
1776680059.62959,319,1776680059.62959,1776680059.579542,1776680059.430394,1776680059.543695,0.6020092859515537,-0.9128043540532799,-0.3583923087194552,0.9007092198581561,0.2857142857142857,0.0,-0.10855222756078291,-0.3019384776761887,0.8408057885352002,0.2871307977679097,-0.25387866136176834,-0.015151754488501916,0.9998322288398626,0.7210509244242621,-0.6726423902894492,-0.9788199697428139,3
1776680059.679543,320,1776680059.679543,1776680059.629628,1776680059.430394,1776680059.543695,0.6025605525429558,-0.9166141506731597,-0.2850180264387769,0.8794326241134752,-0.2857142857142857,0.0,-0.4199561142203491,0.4085877467092886,0.862038287544578,-0.1848163356310734,-0.1860448200868471,0.10521876214336037,0.9998322288398626,0.7210509244242621,-0.6726423902894492,-0.9788199697428139,3
1776680059.729534,321,1776680059.729534,1776680059.67958,1776680059.430394,1776680059.692162,0.6031078583103784,-0.9166427957605272,-0.2850180264387769,0.8723404255319149,0.07142857142857142,0.0,0.048245943681749275,-0.3850418944124188,0.6680821555937128,0.5973566699491524,0.6530989285948081,0.12963027318019404,0.9998322288398626,0.7267812736512055,-0.6760037348272643,-0.9842662632375188,3
1776680059.779538,322,1776680059.779538,1776680059.729571,1776680059.430394,1776680059.692162,0.6036464858679581,-0.9116585505585793,-0.4752971024168781,0.8581560283687943,0.5714285714285714,0.0,0.2379382849349321,0.17867037775017108,0.7905392286355831,-0.07260486922700557,0.11627619414764008,0.14478202766869597,0.9998322288398626,0.7267812736512055,-0.6760037348272643,-0.9842662632375188,3
1776680059.829509,323,1776680059.829509,1776680059.779579,1776680059.430394,1776680059.692162,0.6041802180251136,-0.9135920939558866,-0.44865803177994396,0.851063829787234,-0.07142857142857142,0.0,0.00219337240402048,-0.5221605637944748,0.872802717606657,0.41254033431807907,-0.37790854141966645,0.027779269644995278,0.9998322288398626,0.7267812736512055,-0.6760037348272643,-0.9842662632375188,3
1776680059.879594,324,1776680059.879594,1776680059.879634,1776680059.430394,1776680059.84072,0.6047196021445771,-0.9147665425379548,-0.4319001201762585,0.8581560283687943,0.0,0.0,0.05372799982401693,0.2700832099328601,0.9071696275260863,-0.1270631661742938,-0.17635634951230336,0.15740638357696402,0.9998322288398626,0.7321872634879446,-0.6759103641456583,-0.9906202723146748,3
1776680059.929537,325,1776680059.929537,1776680059.879634,1776680059.430394,1776680059.84072,0.6052840418134842,-0.9202377542251505,-0.3151956202430231,0.9007092198581561,-0.42857142857142855,0.0,0.05372799982401693,0.2700832099328601,0.9071696275260863,-0.1270631661742938,-0.17635634951230336,0.15740638357696402,0.9998322288398626,0.7321872634879446,-0.6759103641456583,-0.9906202723146748,3
1776680059.979469,326,1776680059.979469,1776680059.979528,1776680059.430394,1776680059.84072,0.6058595628888062,-0.9182469206531081,-0.3985178261450127,0.9184397163120569,0.2857142857142857,0.0,0.1666669721928408,0.39612188686366745,0.740272503632281,-1.0,0.24805976011579617,0.11868663732778147,0.9998322288398626,0.7321872634879446,-0.6759103641456583,-0.9906202723146748,3
1776680060.029491,327,1776680060.029491,1776680060.02953,1776680060.030261,1776680059.989708,0.6064228454630676,-0.9200372386135779,-0.37181199092001604,0.897163120567376,-0.07142857142857142,0.0,0.11074559996480339,-0.4293630220013685,0.6507999273543786,0.5627047682750848,0.6472873009753933,0.10605912217128811,0.9998322288398626,0.736944534544275,-0.6751633986928105,-1.0,3
1776680060.079508,328,1776680060.079508,1776680060.079547,1776680060.030261,1776680059.989708,0.6070059766608671,-0.9217989114866801,-0.34510615569501935,0.9290780141843973,-0.07142857142857142,0.0,-0.21820159961283725,-0.42797831239095124,0.8342879903579448,0.1848163356310734,-0.0794570965137508,0.004208118636089356,0.9998322288398626,0.736944534544275,-0.6751633986928105,-1.0,3
1776680060.129496,329,1776680060.129496,1776680060.079547,1776680060.030261,1776680059.989708,0.6075710393807372,-0.9205958178172444,-0.4051942849512618,0.9007092198581561,0.21428571428571427,0.0,-0.21820159961283725,-0.42797831239095124,0.8342879903579448,0.1848163356310734,-0.0794570965137508,0.004208118636089356,0.9998322288398626,0.736944534544275,-0.6751633986928105,-1.0,3
1776680060.179458,330,1776680060.179458,1776680060.129539,1776680060.030261,1776680060.138722,0.60812243948306,-0.9245345173302779,-0.3318200026705835,0.8794326241134752,-0.2857142857142857,0.0,-0.25767497025702696,0.20221623004704076,0.9103297946110157,-0.0016474362547456694,-0.13953725187841406,0.08838312835077765,0.9998322288398626,0.7431073629581576,-0.6752567693744164,-0.9981845688350983,3
1776680060.229433,331,1776680060.229433,1776680060.179495,1776680060.030261,1776680060.138722,0.6086717479142925,-0.925422515038671,-0.3318200026705835,0.8758865248226951,0.0,0.0,0.08114011369239993,-0.3310254839826378,0.6880308083476424,0.5825049701789264,0.4767425790825048,0.026095390340914477,0.9998322288398626,0.7431073629581576,-0.6752567693744164,-0.9981845688350983,3
1776680060.27948,332,1776680060.27948,1776680060.279518,1776680060.030261,1776680060.138722,0.6092018752765902,-0.923403036379261,-0.43203364935238353,0.8439716312056738,0.2857142857142857,0.0,0.0789476578669018,-0.02077527529207995,0.8650997226258089,0.2574273982274577,-0.47868463737334793,-0.01430823521234887,0.9998322288398626,0.7431073629581576,-0.6752567693744164,-0.9981845688350983,3
1776680060.329449,333,1776680060.329449,1776680060.279518,1776680060.030261,1776680060.287325,0.6097689406602703,-0.9245774849613292,-0.44872479636800644,0.9042553191489363,0.0,0.0,0.0789476578669018,-0.02077527529207995,0.8650997226258089,0.2574273982274577,-0.47868463737334793,-0.01430823521234887,0.9998322288398626,0.7495945507622446,-0.673202614379085,-0.994553706505295,3
1776680060.379423,334,1776680060.379423,1776680060.379458,1776680060.030261,1776680060.287325,0.6102983114606843,-0.925007161271842,-0.44872479636800644,0.8439716312056738,0.07142857142857142,0.0,0.23464868461816255,0.5650969817730072,0.8609519878483688,-0.1683171996061017,0.048449626499276276,0.058079619373773816,0.9998322288398626,0.7495945507622446,-0.673202614379085,-0.994553706505295,3
1776680060.429429,335,1776680060.429429,1776680060.42947,1776680060.030261,1776680060.287325,0.6108590128238129,-0.9305213405900888,-0.331886767258646,0.8936170212765958,-0.42857142857142855,0.0,-0.029605486272403475,-0.05540112004019825,0.8195732895258222,0.22112186692926553,-0.18411003542256135,0.042087504857344145,0.9998322288398626,0.7495945507622446,-0.673202614379085,-0.994553706505295,3
1776680060.479438,336,1776680060.479438,1776680060.479479,1776680060.030261,1776680060.436278,0.6114354239719393,-0.9292896018332857,-0.4086660435305114,0.9184397163120569,0.21428571428571427,0.0,-0.03508754241467113,0.06094227404977776,0.7576535464271562,-0.8745842700804519,0.2500018184066394,-0.0025242393320085554,0.9998322288398626,0.7559736187695967,-0.6685340802987861,-0.9797276853252647,3
1776680060.529429,337,1776680060.529429,1776680060.479479,1776680060.030261,1776680060.436278,0.6120116126018644,-0.9311372099684905,-0.3886366671117639,0.9184397163120569,-0.07142857142857142,0.0,-0.03508754241467113,0.06094227404977776,0.7576535464271562,-0.8745842700804519,0.2500018184066394,-0.0025242393320085554,0.9998322288398626,0.7559736187695967,-0.6685340802987861,-0.9797276853252647,3
1776680060.579423,338,1776680060.579423,1776680060.579456,1776680060.030261,1776680060.436278,0.612594565785103,-0.9322400458321398,-0.41534250233676057,0.9290780141843973,0.0,0.0,-0.11184182787755245,-0.1758998007453813,0.8169069475630696,0.026402333661581914,-0.12402988005789808,-0.06818289519825863,0.9998322288398626,0.7559736187695967,-0.6685340802987861,-0.9797276853252647,3
1776680060.629405,339,1776680060.629405,1776680060.629443,1776680060.030261,1776680060.584975,0.6131395573632341,-0.929747923231166,-0.5188276138336226,0.8687943262411348,0.35714285714285715,0.0,-0.1458331423794745,0.2645432137072358,0.8682598897107384,-0.05115723106841815,-0.25387866136176834,0.0008403600279277544,0.9997902860498281,0.7657044004757271,-0.6615312791783381,-0.9712556732223903,3
1776680060.679461,340,1776680060.679461,1776680060.679497,1776680060.631665,1776680060.584975,0.6136696847255318,-0.9324978516184474,-0.4686874081986914,0.8439716312056738,-0.14285714285714285,0.0,-0.054824227736765985,-0.21052680327745482,0.7303969092590146,0.47854926515672325,0.5058152644326935,0.08333464968676053,0.9997902860498281,0.7657044004757271,-0.6615312791783381,-0.9712556732223903,3
1776680060.729465,341,1776680060.729465,1776680060.679497,1776680060.631665,1776680060.584975,0.6142349254599629,-0.9337868805499858,-0.43864334357057017,0.9007092198581561,0.0,0.0,-0.054824227736765985,-0.21052680327745482,0.7303969092590146,0.47854926515672325,0.5058152644326935,0.08333464968676053,0.9997902860498281,0.7657044004757271,-0.6615312791783381,-0.9712556732223903,3
1776680060.779399,342,1776680060.779399,1776680060.729505,1776680060.631665,1776680060.733619,0.6147839668693541,-0.9299341162990548,-0.5853251435438643,0.8758865248226951,0.5,0.0,-0.02193005772611534,0.17174567191412948,0.8748765024435345,-0.21451973517152537,0.11434140948335432,0.09595900559502861,0.9997902860498281,0.774678343604714,-0.6575163398692812,-0.9712556732223903,3
1776680060.829416,343,1776680060.829416,1776680060.829456,1776680060.631665,1776680060.733619,0.6153225944269338,-0.9314523059295331,-0.5986780611563626,0.8581560283687943,0.0,0.0,-0.17543862865187798,0.170359804519757,0.865988475762779,-0.8102289688659321,0.17247950655717437,-0.20286164704246978,0.9997902860498281,0.774678343604714,-0.6575163398692812,-0.9712556732223903,3
1776680060.879411,344,1776680060.879411,1776680060.829456,1776680060.631665,1776680060.733619,0.6158387031425623,-0.9343741048410199,-0.5352517024969956,0.822695035460993,-0.14285714285714285,0.0,-0.17543862865187798,0.170359804519757,0.865988475762779,-0.8102289688659321,0.17247950655717437,-0.20286164704246978,0.9997902860498281,0.774678343604714,-0.6575163398692812,-0.9712556732223903,3
1776680060.929458,345,1776680060.929458,1776680060.879449,1776680060.631665,1776680060.882435,0.6163998495420933,-0.9408478945860785,-0.36153024435839226,0.8936170212765958,-0.5,0.0,0.22368457233362726,0.39889246386845717,0.9139837868181218,-0.016499136024971668,-0.10658772357309632,-0.07407489313842877,0.9997902860498281,0.7849497242945183,-0.6525676937441643,-0.9715582450832072,3
1776680060.9794,346,1776680060.9794,1776680060.929498,1776680060.631665,1776680060.882435,0.6169710982679539,-0.9389716413635063,-0.4981973561223127,0.9113475177304966,0.2857142857142857,0.0,0.028508341781132047,0.00415528661520703,0.8264862633733985,0.15841400196949146,-0.3178283860550032,0.09848324492703715,0.9997902860498281,0.7849497242945183,-0.6525676937441643,-0.9715582450832072,3
1776680061.029473,347,1776680061.029473,1776680061.029518,1776680060.631665,1776680060.882435,0.6175527163419859,-0.9382268690919507,-0.5216317265322473,0.9255319148936172,0.21428571428571427,0.0,0.018640457409345803,-0.5304711370248888,0.6637368742570334,0.5065990350730508,0.525192205581781,0.057239259345846054,0.9997902860498281,0.7849497242945183,-0.6525676937441643,-0.9715582450832072,3
1776680061.079443,348,1776680061.079443,1776680061.029518,1776680060.631665,1776680061.03161,0.6181197817256661,-0.9396448009166428,-0.5349846441447456,0.9042553191489363,0.0,0.0,0.018640457409345803,-0.5304711370248888,0.6637368742570334,0.5065990350730508,0.525192205581781,0.057239259345846054,0.9997902860498281,0.7952211049843226,-0.6486461251167134,-0.972768532526475,3
1776680061.129498,349,1776680061.129498,1776680061.079482,1776680060.631665,1776680061.03161,0.6186767447830164,-0.938928673732455,-0.6151689144077981,0.8865248226950355,0.21428571428571427,0.0,-0.05263177191126787,-0.3698066153459632,0.7680228833707567,0.09571233037909614,0.0019347846642857665,-0.13973038975645355,0.9997902860498281,0.7952211049843226,-0.6486461251167134,-0.972768532526475,3
1776680061.179408,350,1776680061.179408,1776680061.179447,1776680060.631665,1776680061.179693,0.619216395924321,-0.9433973073617875,-0.5152223260782481,0.8617021276595745,-0.2857142857142857,0.0,0.07346468514611179,-0.23684207479515906,0.738791193369436,0.48514520354508467,0.42829295258322847,0.060607017954007664,0.9997902860498281,0.8064655638447399,-0.6450980392156863,-0.9712556732223903,3
1776680061.22939,351,1776680061.22939,1776680061.179447,1776680060.631665,1776680061.179693,0.6197636126844632,-0.9440418218275567,-0.5451996261183069,0.8723404255319149,0.07142857142857142,0.0,0.07346468514611179,-0.23684207479515906,0.738791193369436,0.48514520354508467,0.42829295258322847,0.060607017954007664,0.9997902860498281,0.8064655638447399,-0.6450980392156863,-0.9712556732223903,3
1776680061.279393,352,1776680061.279393,1776680061.229435,1776680061.230814,1776680061.179693,0.6203221778728614,-0.9433543397307363,-0.6220456669782348,0.8900709219858157,0.21428571428571427,0.0,0.10745599964803386,0.13573395977163868,0.85344653942676,-0.14356230219926547,0.019376941149087525,0.09006700765485845,0.9997902860498281,0.8064655638447399,-0.6450980392156863,-0.9712556732223903,3
1776680061.329474,353,1776680061.329474,1776680061.27943,1776680061.230814,1776680061.328717,0.6208771382664017,-0.9457318819822402,-0.5986112965683001,0.8829787234042554,-0.07142857142857142,0.0,0.08662308641318993,-0.5166205675688504,0.8298439770175671,0.5363024346135028,-0.31395154309987416,-0.003367758608161602,0.9997902860498281,0.8132771110390312,-0.6394957983193277,-0.9573373676248109,3
1776680061.379412,354,1776680061.379412,1776680061.329531,1776680061.230814,1776680061.328717,0.621408200205144,-0.9501289028931539,-0.5218987848844973,0.847517730496454,-0.2857142857142857,0.0,-0.2105261710665491,0.3060937642913957,0.8032787115308413,-0.9834946706056495,0.1744215648480176,-0.25420890844814564,0.9997902860498281,0.8132771110390312,-0.6394957983193277,-0.9573373676248109,3
1776680061.429387,355,1776680061.429387,1776680061.429435,1776680061.230814,1776680061.328717,0.6219775352744754,-0.9522772844457177,-0.4518627320069435,0.9078014184397164,-0.07142857142857142,0.0,-0.11513142819432198,-0.2728526291536946,0.8322140404173821,0.2541263323485876,-0.20736381952677788,0.06144737798193541,0.9997902860498281,0.8132771110390312,-0.6394957983193277,-0.9573373676248109,3
1776680061.479356,356,1776680061.479356,1776680061.479395,1776680061.230814,1776680061.477144,0.622533563755381,-0.9499140647378974,-0.6119642141807985,0.8865248226950355,0.35714285714285715,0.0,0.19078948574445426,0.27977849277369143,0.7195339122969225,-0.8696357679468362,0.2403133478320956,-0.07154749455819494,0.9997902860498281,0.8210617364039354,-0.6363211951447246,-0.9488653555219364,3
1776680061.529359,357,1776680061.529359,1776680061.529396,1776680061.230814,1776680061.477144,0.6231076162105755,-0.9530363792609569,-0.5518760849245561,0.9148936170212767,-0.14285714285714285,0.0,-0.08114011369239993,-0.5401664198657202,0.680327895918637,0.5462056322501131,0.44961195202315923,0.07575877244250959,0.9997902860498281,0.8210617364039354,-0.6363211951447246,-0.9488653555219364,3
1776680061.5794,358,1776680061.5794,1776680061.57946,1776680061.230814,1776680061.477144,0.62367757433087,-0.9567029504439989,-0.4750968086526906,0.9078014184397164,-0.21428571428571427,0.0,-0.15570194332978313,-0.4542935839086555,0.7334584268920882,0.35808203737079086,0.09883403766283831,0.06481513659009702,0.9997902860498281,0.8210617364039354,-0.6363211951447246,-0.9488653555219364,3
1776680061.629387,359,1776680061.629387,1776680061.629433,1776680061.230814,1776680061.625884,0.6242382756939987,-0.9565597250071614,-0.5384564027239952,0.8936170212765958,0.14285714285714285,0.0,-0.05372799982401693,-0.5110805713432262,0.9017380464931978,0.4504933018710169,-0.36627801255427944,0.10101064350727101,0.9997902860498281,0.8284138825819007,-0.6330532212885155,-0.9515885022692889,3
1776680061.679389,360,1776680061.679389,1776680061.629433,1776680061.230814,1776680061.625884,0.6247722748729956,-0.9579346892008022,-0.5117505674989985,0.851063829787234,0.0,0.0,-0.05372799982401693,-0.5110805713432262,0.9017380464931978,0.4504933018710169,-0.36627801255427944,0.10101064350727101,0.9997902860498281,0.8284138825819007,-0.6330532212885155,-0.9515885022692889,3
1776680061.729329,361,1776680061.729329,1776680061.729373,1776680061.230814,1776680061.625884,0.6253145517290732,-0.9592810083070754,-0.5117505674989985,0.8652482269503546,0.0,0.0,0.10964937205205433,0.28116320238410875,0.8831720545502575,-0.2640233366158191,-0.048449626499276276,0.12794639387611323,0.9997902860498281,0.8284138825819007,-0.6330532212885155,-0.9515885022692889,3
1776680061.779354,362,1776680061.779354,1776680061.729373,1776680061.230814,1776680061.775195,0.6258733394356725,-0.9592237181323404,-0.5785819201495527,0.8900709219858157,0.14285714285714285,0.0,0.10964937205205433,0.28116320238410875,0.8831720545502575,-0.2640233366158191,-0.048449626499276276,0.12794639387611323,0.9997902860498281,0.8349010703859876,-0.6282913165266107,-0.9540090771558245,3
1776680062.87929,384,1776680062.87929,1776680062.879332,1776680062.430659,1776680062.816057,0.637789589637274,-0.9713262675451162,0.03144612097743357,0.8546099290780143,-0.7142857142857143,0.0,-0.33771885603667784,-0.21468093210870665,0.7050167580240391,0.5759090317905651,0.4360466384934865,1.0,0.9997483432597937,0.8596605038382528,-0.6199813258636788,-0.8311649016641451,3
1776680063.029563,387,1776680063.029563,1776680063.029601,1776680063.0307,1776680062.965174,0.6394055613172936,-0.9677026639931253,-0.1255174255574843,0.8404255319148937,-0.5714285714285714,0.0,-0.3037275415347558,0.45567829351907274,0.8755677915731079,-0.5065990350730508,-0.2868209160405287,0.9520204972024857,0.9997064004697593,0.8589036652611093,-0.6174603174603175,-0.8012102874432677,3
1776680063.079305,388,1776680063.079305,1776680063.079346,1776680063.0307,1776680062.965174,0.6399523330410335,-0.9680320824978517,-0.11223127253304847,0.8758865248226951,0.0,0.0,-0.12609645705737965,0.18421037397579537,0.85463165367851,-0.08415550311836148,-0.2015521919073631,0.7946109543772963,0.9997064004697593,0.8589036652611093,-0.6174603174603175,-0.8012102874432677,3
1776680063.129334,389,1776680063.129334,1776680063.079346,1776680063.0307,1776680063.113438,0.6405200659793169,-0.9719134918361503,0.0013352917612498333,0.9042553191489363,-0.35714285714285715,0.0,-0.12609645705737965,0.18421037397579537,0.85463165367851,-0.08415550311836148,-0.2015521919073631,0.7946109543772963,0.9997064004697593,0.8565250297329441,-0.6140989729225023,-0.7767019667170952,3
1776680063.17933,390,1776680063.17933,1776680063.179391,1776680063.0307,1776680063.113438,0.6410918487488603,-0.966184474362647,-0.17225263720122846,0.9113475177304966,0.5714285714285714,0.0,-0.6096484554735321,-0.2590032174816115,0.8122653876634527,-0.6419117692598304,-0.12597193834874132,0.8350145799305597,0.9997064004697593,0.8565250297329441,-0.6140989729225023,-0.7767019667170952,3
1776680063.229475,391,1776680063.229475,1776680063.179391,1776680063.0307,1776680063.113438,0.6416520605719466,-0.9666571183042109,-0.17225263720122846,0.8900709219858157,0.0,0.0,-0.6096484554735321,-0.2590032174816115,0.8122653876634527,-0.6419117692598304,-0.12597193834874132,0.8350145799305597,0.9997064004697593,0.8565250297329441,-0.6140989729225023,-0.7767019667170952,3
1776680063.279284,392,1776680063.279284,1776680063.279325,1776680063.0307,1776680063.262622,0.6422239323487705,-0.9735462618160987,0.0073441046868740825,0.9148936170212767,-0.6428571428571428,0.0,-0.15789439915528125,0.15096923883809435,0.8322140404173821,0.2557737686033333,-0.14534887949782885,0.6388884501044131,0.9997064004697593,0.857065628716618,-0.6096171802054156,-0.7406959152798789,3
1776680063.329304,393,1776680063.329304,1776680063.279325,1776680063.0307,1776680063.262622,0.6427425777718915,-0.9656545402463478,-0.22312725330484712,0.8262411347517732,0.7857142857142857,0.0,-0.15789439915528125,0.15096923883809435,0.8322140404173821,0.2557737686033333,-0.14534887949782885,0.6388884501044131,0.9997064004697593,0.857065628716618,-0.6096171802054156,-0.7406959152798789,3
1776680063.379415,394,1776680063.379415,1776680063.329345,1776680063.0307,1776680063.262622,0.6432576629037949,-0.9712260097393297,-0.06255841901455468,0.8191489361702129,-0.5,0.0,0.4835519984161523,-0.05124699120894642,0.8771479163914939,0.008249568012485834,-0.05038441116356204,0.6835001942937659,0.9997064004697593,0.857065628716618,-0.6096171802054156,-0.7406959152798789,3
1776680063.429314,395,1776680063.429314,1776680063.379467,1776680063.0307,1776680063.41148,0.6438172516759182,-0.9735462618160987,0.010749098678061158,0.8936170212765958,-0.21428571428571427,0.0,-0.023026285638864396,-0.1689750949093397,0.8182895258222164,0.2821761022649152,-0.09689925299855255,0.6170043376478134,0.9997064004697593,0.8538220348145744,-0.6062558356676004,-0.7149773071104387,3
1776680063.479341,396,1776680063.479341,1776680063.479402,1776680063.0307,1776680063.41148,0.6443471565200147,-0.9677742767115441,-0.15622913606623048,0.8439716312056738,0.5714285714285714,0.0,0.47478034195711516,-0.47506885920073544,0.8945288766345265,0.39108650279011287,-0.26744397489144117,0.6742404377454341,0.9997064004697593,0.8538220348145744,-0.6062558356676004,-0.7149773071104387,3
1776680063.529317,397,1776680063.529317,1776680063.529373,1776680063.0307,1776680063.41148,0.6448830693555411,-0.9710398166714409,-0.05948724796368006,0.8546099290780143,-0.2857142857142857,0.0,-0.5,-0.24376678063120066,0.8475212158235372,-0.6468602713934462,-0.2790672301302706,0.8030303508977005,0.9997064004697593,0.8538220348145744,-0.6062558356676004,-0.7149773071104387,3
1776680063.579388,398,1776680063.579388,1776680063.579448,1776680063.0307,1776680063.560126,0.6454335348814192,-0.9704812374677744,-0.09961276538923755,0.8758865248226951,0.07142857142857142,0.0,0.17434240073912893,0.3642654613363837,0.8631245872407872,-0.08086063060887015,-0.12984150767731284,0.6961277094502591,0.9997064004697593,0.8532814358309005,-0.6045751633986928,-0.6986384266263237,3
1776680063.629297,399,1776680063.629297,1776680063.579448,1776680063.630629,1776680063.560126,0.6460199148449547,-0.9743483242623892,0.027039658165309118,0.9361702127659576,-0.35714285714285715,0.0,0.17434240073912893,0.3642654613363837,0.8631245872407872,-0.08086063060887015,-0.12984150767731284,0.6961277094502591,0.9994966865195872,0.8532814358309005,-0.6045751633986928,-0.6986384266263237,3
1776680063.679395,400,1776680063.679395,1776680063.629385,1776680063.630629,1776680063.560126,0.6466308163142512,-0.9699513033514754,-0.12351448791560957,0.971631205673759,0.42857142857142855,0.0,-0.15350857092576264,0.03185642552728376,0.820067114647999,0.34983246935830503,-0.23255966192183763,0.6658242004732554,0.9994966865195872,0.8532814358309005,-0.6045751633986928,-0.6986384266263237,3
1776680063.729309,401,1776680063.729309,1776680063.679455,1776680063.630629,1776680063.709038,0.6471905385972951,-0.9710111715840734,-0.08686072906930165,0.8936170212765958,-0.07142857142857142,0.0,-0.43092114308340684,-0.23268678817995203,0.7822436765288602,-0.8135300347448022,0.017442156484801758,0.8796294833681377,0.9994966865195872,0.8491728835549789,-0.6033613445378152,-0.6804841149773071,3
1776680063.779335,402,1776680063.779335,1776680063.729368,1776680063.630629,1776680063.709038,0.6477760729916664,-0.9748352907476369,0.03672052343437041,0.9326241134751775,-0.35714285714285715,0.0,0.054824227736765985,-0.5041547077232295,0.6906972328622375,0.6485139010175706,0.6279103598263058,0.5286180500488104,0.9994966865195872,0.8491728835549789,-0.6033613445378152,-0.6804841149773071,3
1776680063.829309,403,1776680063.829309,1776680063.829413,1776680063.630629,1776680063.709038,0.6483165251984953,-0.9675737610999715,-0.1968220056082254,0.8617021276595745,0.7142857142857143,0.0,0.1250002291446306,0.31994433374743403,0.8112779025227843,-0.34983246935830503,0.15116050711724358,0.8409097371189552,0.9994966865195872,0.8491728835549789,-0.6033613445378152,-0.6804841149773071,3
1776680063.879329,404,1776680063.879329,1776680063.87938,1776680063.630629,1776680063.857522,0.6488596476237372,-0.9745488398739618,0.003538523167312058,0.8652482269503546,-0.6428571428571428,0.0,-0.037280914818691606,-0.3947371772532502,0.7698992042002377,0.43729523172491536,0.25581344602605416,0.7070713453026718,0.9994966865195872,0.8453886906692616,-0.6034547152194211,-0.6599092284417548,3
1776680063.929269,405,1776680063.929269,1776680063.929331,1776680063.630629,1776680063.857522,0.6494241317962844,-0.9788312804354055,0.12024302310054748,0.9007092198581561,-0.42857142857142855,0.0,-0.15350857092576264,0.31994433374743403,0.8291526878879937,-0.1155125322829379,-0.2403133478320956,0.6161608183716603,0.9994966865195872,0.8453886906692616,-0.6034547152194211,-0.6599092284417548,3
1776680063.979328,406,1776680063.979328,1776680063.929331,1776680063.630629,1776680063.857522,0.6499632488939066,-0.9756516757376111,0.033315529443183334,0.8581560283687943,0.2857142857142857,0.0,-0.15350857092576264,0.31994433374743403,0.8291526878879937,-0.1155125322829379,-0.2403133478320956,0.6161608183716603,0.9994966865195872,0.8453886906692616,-0.6034547152194211,-0.6599092284417548,3
1776680064.529249,417,1776680064.529249,1776680064.479314,1776680064.230445,1776680064.452558,0.6560190372331696,-0.9683185333715268,-0.3915075443984511,0.851063829787234,-0.21428571428571427,0.0,-0.030701714185152527,-0.4072018793149161,0.8819869402985074,0.3514860989824294,-0.11046456652822532,0.8838376020042271,0.9994128009395186,0.8350091901827223,-0.6005602240896358,-0.6054462934947049,3
1776680064.579255,418,1776680064.579255,1776680064.529307,1776680064.230445,1776680064.452558,0.6565865476532519,-0.9693927241478086,-0.39484577380157565,0.9042553191489363,0.0,0.0,-0.1250002291446306,0.4224371583813717,0.8708275822216351,-0.6353096375020904,-0.044572783544147274,0.9654883723869069,0.9994128009395186,0.8350091901827223,-0.6005602240896358,-0.6054462934947049,3
1776680064.629319,419,1776680064.629319,1776680064.579318,1776680064.230445,1776680064.601499,0.6571768439371267,-0.9769693497565167,-0.20429963947122445,0.9397163120567378,-0.6428571428571428,0.0,0.005482056142267652,0.4986147114976051,0.8443609661867653,-0.04125403343180791,-0.393408639613625,0.632996452164243,0.9994128009395186,0.8365228673370094,-0.604108309990663,-0.5981845688350983,3
1776680064.679425,420,1776680064.679425,1776680064.679485,1776680064.230445,1776680064.601499,0.6577499618158767,-0.9725150386708681,-0.3682067031646415,0.9113475177304966,0.5,0.0,-0.41447314149955916,0.5650969817730072,0.7699980187557787,-0.9174919331363842,0.2655019166005979,0.34175167677099555,0.9994128009395186,0.8365228673370094,-0.604108309990663,-0.5981845688350983,3
1776680064.72923,421,1776680064.72923,1776680064.729293,1776680064.230445,1776680064.601499,0.6583062573186237,-0.9763534803781152,-0.28174656162371475,0.8900709219858157,-0.2857142857142857,0.0,-0.030701714185152527,-0.018005856071245392,0.7085720182274469,0.45709543362875704,0.7577518675036187,0.033671267585165435,0.9994128009395186,0.8365228673370094,-0.604108309990663,-0.5981845688350983,3
1776680064.779229,422,1776680064.779229,1776680064.779293,1776680064.230445,1776680064.750273,0.6588870298234915,-0.9785734746490977,-0.21498197356122314,0.9255319148936172,-0.14285714285714285,0.0,0.00219337240402048,0.0650964028810296,0.8173019581297054,0.19636696952242927,-0.07752231184946504,-0.11700275802370068,0.9994128009395186,0.8345767109957833,-0.60812324929972,-0.5978819969742813,3
1776680064.829255,423,1776680064.829255,1776680064.779293,1776680064.830352,1776680064.750273,0.6594169346675881,-0.9726725866513893,-0.4287621845373214,0.8439716312056738,0.6428571428571428,0.0,0.00219337240402048,0.0650964028810296,0.8173019581297054,0.19636696952242927,-0.07752231184946504,-0.11700275802370068,0.9993708581494842,0.8345767109957833,-0.60812324929972,-0.5978819969742813,3
1776680064.879229,424,1776680064.879229,1776680064.829306,1776680064.830352,1776680064.750273,0.6599327763613754,-0.9794614723574908,-0.251902790759781,0.822695035460993,-0.5714285714285714,0.0,-0.027412113868382992,-0.16343509868371542,0.8801105369171841,0.033004465419322074,-0.19573329066139086,-0.10690264144744116,0.9993708581494842,0.8345767109957833,-0.60812324929972,-0.5978819969742813,3
1776680064.929243,425,1776680064.929243,1776680064.879284,1776680064.830352,1776680064.898552,0.6605088759840201,-0.9794471498138071,-0.2585792495660302,0.9184397163120569,0.07142857142857142,0.0,0.15679817124253217,-0.14958452922767707,0.7286193204332321,0.35808203737079086,0.393408639613625,-0.2500007898120563,0.9993708581494842,0.8334955130284355,-0.6098972922502335,-0.6033282904689863,3
1776680064.979213,426,1776680064.979213,1776680064.979279,1776680064.830352,1776680064.898552,0.6610541345839925,-0.9751217416213122,-0.43216717852850844,0.8687943262411348,0.5,0.0,-0.028508341781132047,-0.9487530087910535,0.8674698685774667,0.3993360708025987,-0.10658772357309632,-0.28030429878906016,0.9993708581494842,0.8334955130284355,-0.6098972922502335,-0.6033282904689863,3
1776680065.029228,427,1776680065.029228,1776680064.979279,1776680064.830352,1776680064.898552,0.6615950318272233,-0.9783872815812089,-0.3420349846441447,0.8617021276595745,-0.21428571428571427,0.0,-0.028508341781132047,-0.9487530087910535,0.8674698685774667,0.3993360708025987,-0.10658772357309632,-0.28030429878906016,0.9993708581494842,0.8334955130284355,-0.6098972922502335,-0.6033282904689863,3
1776680065.079265,428,1776680065.079265,1776680065.029289,1776680064.830352,1776680065.04722,0.6621338819030043,-0.9807075336579778,-0.2785418613967152,0.8581560283687943,-0.14285714285714285,0.0,-0.1940790860612238,0.11357397486914148,0.844854791308942,-0.6155094355982486,-0.06976862593920703,-0.1523579049129469,0.9993708581494842,0.8369553465239485,-0.6149393090569562,-0.6118003025718608,3
1776680065.129187,429,1776680065.129187,1776680065.079409,1776680064.830352,1776680065.04722,0.6627025939213724,-0.9886279003150961,-0.09186807317398853,0.9078014184397164,-0.7142857142857143,0.0,-0.15899154364655269,0.2825490697784812,0.821844786025624,-0.07920700098474573,-0.2965093866150724,-0.22558927877522264,0.9993708581494842,0.8369553465239485,-0.6149393090569562,-0.6118003025718608,3
1776680065.179217,430,1776680065.179217,1776680065.179441,1776680064.830352,1776680065.04722,0.663283722455362,-0.9838728158120884,-0.22212578448390974,0.9255319148936172,0.5,0.0,-0.41557028599083057,0.29916905845535413,0.7490617983093383,-0.803626837108192,0.2810092884211139,0.035351987641020946,0.9993708581494842,0.8369553465239485,-0.6149393090569562,-0.6118003025718608,3
1776680065.229195,431,1776680065.229195,1776680065.229269,1776680064.830352,1776680065.196017,0.6638464264823006,-0.9873388713835578,-0.12204566697823474,0.897163120567376,-0.2857142857142857,0.0,0.08552594192191852,-0.38642660402283613,0.7597274138158764,0.37788843264401134,0.47093095146309,-0.04882302207366735,0.9993708581494842,0.8399827008325225,-0.6199813258636788,-0.6229954614220877,3
1776680065.279236,432,1776680065.279236,1776680065.229269,1776680064.830352,1776680065.196017,0.6644387699336256,-0.9905471211687197,-0.0351849379089331,0.9432624113475179,-0.2857142857142857,0.0,0.08552594192191852,-0.38642660402283613,0.7597274138158764,0.37788843264401134,0.47093095146309,-0.04882302207366735,0.9993708581494842,0.8399827008325225,-0.6199813258636788,-0.6229954614220877,3
1776680065.329206,433,1776680065.329206,1776680065.279294,1776680064.830352,1776680065.196017,0.6649702324051299,-0.9820538527642511,-0.28208038456402723,0.847517730496454,0.8571428571428571,0.0,-0.45394742872227123,-0.49307471527198077,0.7577523609826972,0.42739203408830506,0.03681909763388928,-0.024411511036833675,0.9993708581494842,0.8399827008325225,-0.6199813258636788,-0.6229954614220877,3
1776680065.379244,434,1776680065.379244,1776680065.329337,1776680064.830352,1776680065.345293,0.665493550710474,-0.9877828702377544,-0.16177059687541726,0.8333333333333334,-0.5,0.0,0.5383771427314408,-0.585872257065087,0.8409045205388985,0.02475489740683624,-0.02713062705934552,0.1506740256088661,0.9993708581494842,0.8430100551410963,-0.6258636788048553,-0.6329803328290469,3
1776680065.429145,435,1776680065.429145,1776680065.429187,1776680065.430004,1776680065.345293,0.6660643098962924,-0.9882268690919509,-0.14507944985979437,0.9113475177304966,0.0,0.0,-0.16556982770156936,0.5304711370248888,0.811179170519086,-0.16171506784836154,-0.11627619414764008,0.10101064350727101,0.999245029779381,0.8430100551410963,-0.6258636788048553,-0.6329803328290469,3
1776680065.47925,436,1776680065.47925,1776680065.429187,1776680065.430004,1776680065.345293,0.666623987675696,-0.9871813234030364,-0.2120443316864735,0.8900709219858157,0.14285714285714285,0.0,-0.16556982770156936,0.5304711370248888,0.811179170519086,-0.16171506784836154,-0.11627619414764008,0.10101064350727101,0.999245029779381,0.8430100551410963,-0.6258636788048553,-0.6329803328290469,3
1776680065.529235,437,1776680065.529235,1776680065.529278,1776680065.430004,1776680065.493884,0.667162259204154,-0.9913062159839588,-0.10522099078648685,0.8581560283687943,-0.35714285714285715,0.0,-0.07675428546288132,0.34072076682346925,0.8441635021793686,-0.6782173005580225,-0.08333393946887979,0.21801340153097168,0.999245029779381,0.8412801383933398,-0.6301587301587303,-0.6417549167927383,3
1776680065.579247,438,1776680065.579247,1776680065.579294,1776680065.430004,1776680065.493884,0.667700753250813,-0.990876539673446,-0.11857390839898518,0.8581560283687943,0.07142857142857142,0.0,-0.2105261710665491,0.26869850032244286,0.8258937062475235,-0.036305531298192154,-0.3158936013907174,-0.08754276832284989,0.999245029779381,0.8412801383933398,-0.6301587301587303,-0.6417549167927383,3
1776680065.629181,439,1776680065.629181,1776680065.629221,1776680065.430004,1776680065.493884,0.6682720019766738,-0.9954883987396163,0.004807050340499399,0.9113475177304966,-0.42857142857142855,0.0,0.15131611510026455,0.011079992451248612,0.8318191124025888,0.3415829013458192,-0.401162325523883,-0.07659913247043733,0.999245029779381,0.8412801383933398,-0.6301587301587303,-0.6417549167927383,3
1776680065.679131,440,1776680065.679131,1776680065.679173,1776680065.430004,1776680065.642899,0.6688677722082956,-0.9897450587224291,-0.14861797302710644,0.9503546099290782,0.5714285714285714,0.0,-0.4364031992256745,0.05678698743457074,0.7636776020340774,-0.7458736676514124,0.13566040892328507,0.03619550691717399,0.999245029779381,0.8395502216455832,-0.6358543417366948,-0.6526475037821482,3
1776680065.729176,441,1776680065.729176,1776680065.679173,1776680065.430004,1776680065.642899,0.6694423587071728,-0.9944571755943856,-0.0016023501134997998,0.9148936170212767,-0.42857142857142855,0.0,-0.4364031992256745,0.05678698743457074,0.7636776020340774,-0.7458736676514124,0.13566040892328507,0.03619550691717399,0.999245029779381,0.8395502216455832,-0.6358543417366948,-0.6526475037821482,3
1776680065.779202,442,1776680065.779202,1776680065.729215,1776680065.430004,1776680065.642899,0.670023398233882,-0.9980521340590089,0.08859660835892642,0.9255319148936172,-0.35714285714285715,0.0,0.09429851495947807,-0.4265924449965787,0.740371318187822,0.516502232709661,0.5794607333270295,-0.17592589667362754,0.999245029779381,0.8395502216455832,-0.6358543417366948,-0.6526475037821482,3
1776680065.829217,443,1776680065.829217,1776680065.829258,1776680065.430004,1776680065.791515,0.6705464495173848,-0.9877971927814381,-0.18520496728535185,0.8333333333333334,1.0,0.0,0.39802605649423384,-0.44044301445261713,0.8421884493461894,-0.05115723106841815,-0.06201494002894904,-0.0429278648852719,0.999245029779381,0.8355497891663963,-0.6394957983193277,-0.6541603630862329,3
1776680065.879192,444,1776680065.879192,1776680065.879237,1776680065.430004,1776680065.791515,0.6710801816745403,-0.9954311085648812,0.01829349712912271,0.851063829787234,-0.7142857142857143,0.0,0.02521965804288488,-0.04432112758894965,0.7727631752740721,0.2788750363860451,0.4379814231577722,-0.035351987641020946,0.999245029779381,0.8355497891663963,-0.6394957983193277,-0.6541603630862329,3
1776680065.929139,445,1776680065.929139,1776680065.929173,1776680065.430004,1776680065.791515,0.6716492942256705,-0.99538814093383,0.0216317265322473,0.9078014184397164,0.0,0.0,-0.2609645705737965,0.25207735386161473,0.8121667382115968,-0.18977103113406787,-0.08526872413316557,-0.047979502797514305,0.999245029779381,0.8355497891663963,-0.6394957983193277,-0.6541603630862329,3
1776680065.979128,446,1776680065.979128,1776680065.929173,1776680065.430004,1776680065.940118,0.6721853405721175,-0.9924663420223432,-0.058419014554680196,0.8546099290780143,0.2857142857142857,0.0,-0.2609645705737965,0.25207735386161473,0.8121667382115968,-0.18977103113406787,-0.08526872413316557,-0.047979502797514305,0.999245029779381,0.8351173099794572,-0.6418300653594772,-0.6508320726172466,3
1776680066.029096,447,1776680066.029096,1776680066.029137,1776680065.430004,1776680065.940118,0.6727279734573169,-0.9933256946433687,-0.04179463212711978,0.8652482269503546,-0.07142857142857142,0.0,-0.39583360066873574,0.09833753801873063,0.8275725630696078,-0.6699677325455368,-0.19186372133281934,0.19191801119005722,0.999245029779381,0.8351173099794572,-0.6418300653594772,-0.6508320726172466,3
1776680066.079224,448,1776680066.079224,1776680066.029137,1776680066.030728,1776680065.940118,0.6732811537052485,-0.9927241478086509,-0.05514754973961811,0.8794326241134752,0.07142857142857142,0.0,-0.39583360066873574,0.09833753801873063,0.8275725630696078,-0.6699677325455368,-0.19186372133281934,0.19191801119005722,0.9992030869893466,0.8351173099794572,-0.6418300653594772,-0.6508320726172466,3
1776680066.129185,449,1776680066.129185,1776680066.079296,1776680066.030728,1776680066.088986,0.6738615256773544,-0.9986107132626755,0.10495393243423688,0.9255319148936172,-0.5714285714285714,0.0,-0.1458331423794745,0.3102490509066027,0.8408057885352002,-0.05445829694728824,-0.2693787595557269,0.027779269644995278,0.9992030869893466,0.833711752621905,-0.642670401493931,-0.6396369137670197,3
1776680066.179111,450,1776680066.179111,1776680066.129223,1776680066.030728,1776680066.088986,0.6744525340194727,-0.9940131767401892,-0.02503672052343437,0.9432624113475179,0.42857142857142855,0.0,0.004385828229518595,-0.005539996225624306,0.8324115869766213,0.33333333333333337,-0.37790854141966645,0.06565549661802476,0.9992030869893466,0.833711752621905,-0.642670401493931,-0.6396369137670197,3
1776680066.229146,451,1776680066.229146,1776680066.229185,1776680066.030728,1776680066.088986,0.6750003293269377,-0.9969492981953596,0.09193483776205101,0.8723404255319149,-0.2857142857142857,0.0,0.014254629179827208,-0.30886434129618545,0.7302981772553163,0.4603964995076271,0.7538750245484896,-0.1422546290884621,0.9992030869893466,0.833711752621905,-0.642670401493931,-0.6396369137670197,3
1776680066.279176,452,1776680066.279176,1776680066.229185,1776680066.030728,1776680066.23728,0.675583638539298,-0.996691492409052,0.08185338496461478,0.9290780141843973,0.0,0.0,0.014254629179827208,-0.30886434129618545,0.7302981772553163,0.4603964995076271,0.7538750245484896,-0.1422546290884621,0.9992030869893466,0.8354416693696616,-0.6469654528478058,-0.6254160363086233,3
1776680066.329145,453,1776680066.329145,1776680066.279222,1776680066.030728,1776680066.23728,0.6761173706964535,-0.9871670008593527,-0.17165175590866605,0.851063829787234,0.9285714285714285,0.0,-0.10526354382253574,-0.11218810747476898,0.803476175538238,0.20132166502542378,-0.09108762537913778,-0.1666661401252958,0.9992030869893466,0.8354416693696616,-0.6469654528478058,-0.6254160363086233,3
1776680066.379204,454,1776680066.379204,1776680066.329185,1776680066.030728,1776680066.23728,0.6766474980587512,-0.9955027212833,0.06896781946855389,0.8439716312056738,-0.7857142857142857,0.0,0.24999954171073885,-0.29916905845535413,0.826782541936336,-0.13861380006564972,0.01356531352967276,-0.020203392400744317,0.9992030869893466,0.8354416693696616,-0.6469654528478058,-0.6254160363086233,3
1776680066.429082,455,1776680066.429082,1776680066.37925,1776680066.030728,1776680066.386408,0.6772091339983246,-0.9967344600401032,0.11223127253304847,0.897163120567376,-0.14285714285714285,0.0,0.28070125589589134,0.05817169704498801,0.8137467804781402,0.20791760341378518,0.29845144490591563,0.06902325522618637,0.9992030869893466,0.835225429776192,-0.6513538748832867,-0.6184568835098335,3
1776680066.479085,456,1776680066.479085,1776680066.429123,1776680066.030728,1776680066.386408,0.6777431776809616,-0.9914351188771128,-0.014621444785685674,0.851063829787234,0.5,0.0,-0.35087725730375596,0.6495839503356994,0.8188820829480914,-0.21451973517152537,-0.17247950655717437,-0.06565549661802476,0.9992030869893466,0.835225429776192,-0.6513538748832867,-0.6184568835098335,3
1776680066.529066,457,1776680066.529066,1776680066.529107,1776680066.030728,1776680066.386408,0.6783037010295295,-0.992194213692352,-0.004606756576311924,0.8936170212765958,-0.07142857142857142,0.0,-0.4627190851813084,-0.14265982339163547,0.8188820829480914,-0.6699677325455368,-0.1531025654080868,0.12373827524002388,0.9992030869893466,0.835225429776192,-0.6513538748832867,-0.6184568835098335,3
1776680066.579219,458,1776680066.579219,1776680066.579263,1776680066.030728,1776680066.535234,0.6788438862145169,-0.9936407906044114,0.028909066631058886,0.8581560283687943,-0.14285714285714285,0.0,-0.25767497025702696,0.19667623382141644,0.8387320036983226,-0.018152765649096077,-0.3313936995846759,-0.12794639387611323,0.9992030869893466,0.8358741485566007,-0.6548085901027079,-0.6054462934947049,3
1776680066.629125,459,1776680066.629125,1776680066.579263,1776680066.629949,1776680066.535234,0.6794124647219644,-1.0,0.24876485512084393,0.9078014184397164,-0.6428571428571428,0.0,-0.25767497025702696,0.19667623382141644,0.8387320036983226,-0.018152765649096077,-0.3313936995846759,-0.12794639387611323,0.9991192014092779,0.8358741485566007,-0.6548085901027079,-0.6054462934947049,3
1776680066.679191,460,1776680066.679191,1776680066.629168,1776680066.629949,1776680066.535234,0.6799850485570318,-0.9950014322543685,0.08832955000667646,0.9113475177304966,0.42857142857142855,0.0,0.04495634336497974,-0.13573395977163868,0.8395220248315942,0.30032886791401125,-0.3158936013907174,0.025251871064761428,0.9991192014092779,0.8358741485566007,-0.6548085901027079,-0.6054462934947049,3
1776680066.729168,461,1776680066.729168,1776680066.679229,1776680066.629949,1776680066.684323,0.6805322208135337,-0.9962045259238043,0.14507944985979437,0.8723404255319149,-0.14285714285714285,0.0,-0.6052626272440134,0.40304659269970905,0.74896306630564,-0.8151774709995478,0.22674076067586538,0.08669924904669685,0.9991192014092779,0.8329549140447615,-0.6558356676003735,-0.5933434190620271,3
1776680066.779081,462,1776680066.779081,1776680066.729208,1776680066.629949,1776680066.684323,0.6811230956447314,-0.997221426525351,0.20503404993991187,0.9432624113475179,-0.14285714285714285,0.0,0.27412297184087464,-0.3185596241370168,0.7481729626205257,0.4207899023305649,0.67054108507961,-0.04545526346550575,0.9991192014092779,0.8329549140447615,-0.6558356676003735,-0.5933434190620271,3
1776680066.829121,463,1776680066.829121,1776680066.779118,1776680066.629949,1776680066.684323,0.6816530449924683,-0.9902463477513608,-0.005407931633061825,0.8439716312056738,0.6428571428571428,0.0,-0.23464868461816255,-0.3102490509066027,0.7978471304979528,0.19141846738881355,-0.08914556708829455,-0.06229089725808846,0.9991192014092779,0.8329549140447615,-0.6558356676003735,-0.5933434190620271,3
1776680066.879135,464,1776680066.879135,1776680066.879178,1776680066.629949,1776680066.832904,0.6821605645055343,-0.9967058149527357,0.21164374415809856,0.8085106382978724,-0.6428571428571428,0.0,0.34978011281248456,0.1897503702014197,0.8333991546691322,0.15016443395700563,0.13953725187841406,0.024411511036833675,0.9991192014092779,0.8302519191263921,-0.6570494864612512,-0.5854765506807866,3
1776680066.929058,465,1776680066.929058,1776680066.929101,1776680066.629949,1776680066.832904,0.6827093388930842,-0.996863362933257,0.23494458539190813,0.8758865248226951,-0.07142857142857142,0.0,-0.3015350857092577,0.4418277240630344,0.8154256373002244,-0.13696636381090405,-0.1899216630419761,-0.06649901589417781,0.9991192014092779,0.8302519191263921,-0.6570494864612512,-0.5854765506807866,3
1776680066.979053,466,1776680066.979053,1776680066.979095,1776680066.629949,1776680066.832904,0.6832589143461579,-0.9976797479232312,0.2783415676325277,0.8758865248226951,-0.14285714285714285,0.0,0.19078948574445426,-0.9279777334989736,0.8505825683529256,0.6237590036107343,-0.10658772357309632,-0.08501536974261605,0.9991192014092779,0.8302519191263921,-0.6570494864612512,-0.5854765506807866,3
1776680067.029096,467,1776680067.029096,1776680067.029135,1776680066.629949,1776680066.982042,0.6838468074334609,-0.9918647951876254,0.15803177994391776,0.9361702127659576,0.5,0.0,-0.5723684572333627,-0.009695282840831335,0.7538020902126535,-0.6617119711636722,0.13759519358757083,0.11952699735570924,0.9991192014092779,0.8274408044112876,-0.6613445378151261,-0.5718608169440241,3
1776680067.079072,468,1776680067.079072,1776680067.029135,1776680066.629949,1776680066.982042,0.6844006107323556,-0.987868805499857,0.027907597810121514,0.8829787234042554,0.35714285714285715,0.0,-0.5723684572333627,-0.009695282840831335,0.7538020902126535,-0.6617119711636722,0.13759519358757083,0.11952699735570924,0.9991192014092779,0.8274408044112876,-0.6613445378151261,-0.5718608169440241,3
1776680067.12911,469,1776680067.12911,1776680067.129151,1776680066.629949,1776680067.130531,0.6849907290016695,-0.9892151246061301,0.09807717986380024,0.9397163120567378,-0.14285714285714285,0.0,-0.3892544000351966,-0.40304659269970905,0.7662452945449741,0.4438911701132767,0.0019347846642857665,0.028619629672923027,0.9991192014092779,0.8233322521353659,-0.6652661064425771,-0.5649016641452345,3
1776680067.179113,470,1776680067.179113,1776680067.179153,1776680066.629949,1776680067.130531,0.6855693208281666,-0.9846462331710113,-0.048804913873681396,0.921985815602837,0.42857142857142855,0.0,-0.3673243423090813,0.6094181093619568,0.7318783020737023,-0.8877885335959322,0.2965093866150724,0.2811446588169879,0.9991192014092779,0.8233322521353659,-0.6652661064425771,-0.5649016641452345,3
1776680067.229124,471,1776680067.229124,1776680067.179153,1776680067.230013,1776680067.130531,0.6861101735677572,-0.9876396448009168,0.03131259180130859,0.8617021276595745,-0.2857142857142857,0.0,-0.3673243423090813,0.6094181093619568,0.7318783020737023,-0.8877885335959322,0.2965093866150724,0.2811446588169879,0.9990772586192435,0.8233322521353659,-0.6652661064425771,-0.5649016641452345,3
1776680067.279094,472,1776680067.279094,1776680067.229179,1776680067.230013,1776680067.130531,0.68668386999383,-0.9875537095388142,0.03465082120443317,0.9148936170212767,0.0,0.0,0.09320137046820665,-0.026315271517704252,0.7753307852331264,0.23267250082062144,0.4205392666729705,0.19191801119005722,0.9990772586192435,0.8233322521353659,-0.6652661064425771,-0.5649016641452345,3
1776680067.329028,473,1776680067.329028,1776680067.279149,1776680067.230013,1776680067.281159,0.6872105705758309,-0.9774563162417647,-0.28541861396715185,0.8404255319148937,1.0,0.0,-0.26315794297781697,-0.26731263292807034,0.762097559767534,0.26237590036107344,0.12015303710276906,0.015992114516429668,0.9990772586192435,0.8169531841280139,-0.6677871148459383,-0.557034795763994,3
1776680067.379044,474,1776680067.379044,1776680067.379081,1776680067.230013,1776680067.281159,0.6877246321240092,-0.9853193927241478,-0.05167579116036854,0.8191489361702129,-0.7142857142857143,0.0,0.39364022826471523,0.34072076682346925,0.8860359430722494,0.1105578367799434,-0.2577555043168974,0.021884112456599828,0.9990772586192435,0.8169531841280139,-0.6677871148459383,-0.557034795763994,3
1776680067.429068,475,1776680067.429068,1776680067.429116,1776680067.230013,1776680067.428049,0.6882633931925096,-0.9876109997135493,0.025170249699559354,0.8581560283687943,-0.21428571428571427,0.0,-0.22916662847589495,0.30886434129618545,0.8340904437987056,-0.06435530121451974,-0.2848861313762429,-0.1489901463047853,0.9990772586192435,0.8121959130716834,-0.6717086834733894,-0.5437216338880484,3
1776680067.47904,476,1776680067.47904,1776680067.429116,1776680067.230013,1776680067.428049,0.6888127461273823,-0.9889716413635062,0.05855254373080518,0.8758865248226951,-0.14285714285714285,0.0,-0.22916662847589495,0.30886434129618545,0.8340904437987056,-0.06435530121451974,-0.2848861313762429,-0.1489901463047853,0.9990772586192435,0.8121959130716834,-0.6717086834733894,-0.5437216338880484,3
1776680067.529069,477,1776680067.529069,1776680067.529112,1776680067.230013,1776680067.428049,0.6894138567958306,-0.9837868805499858,-0.06843370276405396,0.9574468085106385,0.5,0.0,-0.44298239985921356,-0.02077527529207995,0.7613075386342624,-0.7128692022320903,0.17247950655717437,0.001683879304080801,0.9990772586192435,0.8121959130716834,-0.6717086834733894,-0.5437216338880484,3
1776680067.579059,478,1776680067.579059,1776680067.529112,1776680067.230013,1776680067.576746,0.6899722439696678,-0.9861214551704383,-0.005007344104686873,0.8900709219858157,-0.21428571428571427,0.0,-0.44298239985921356,-0.02077527529207995,0.7613075386342624,-0.7128692022320903,0.17247950655717437,0.001683879304080801,0.9990772586192435,0.8112228349010703,-0.6776844070961718,-0.524659606656581,3
1776680067.629007,479,1776680067.629007,1776680067.579108,1776680067.230013,1776680067.576746,0.6905568882912347,-0.9918647951876254,0.16510882627854187,0.9326241134751775,-0.5714285714285714,0.0,-0.11074559996480339,-0.16066452167892567,0.802883618412363,0.2673244024946892,0.14341409483354306,-0.2811446588169879,0.9990772586192435,0.8112228349010703,-0.6776844070961718,-0.524659606656581,3
1776680067.679087,480,1776680067.679087,1776680067.629045,1776680067.230013,1776680067.576746,0.6911251997768411,-0.9885419650529935,0.10488716784617438,0.9042553191489363,0.2857142857142857,0.0,-0.49451702727921004,-0.3947371772532502,0.776219620921939,0.39768863454785314,-0.0872107824240088,-0.21801340153097168,0.9990772586192435,0.8112228349010703,-0.6776844070961718,-0.524659606656581,3
1776680067.729015,481,1776680067.729015,1776680067.729053,1776680067.230013,1776680067.725426,0.6916629372616163,-0.9932684044686336,0.23153959140072106,0.8581560283687943,-0.5,0.0,0.07675428546288132,0.2977843488449368,0.8607544412891296,0.04125403343180791,0.15697940836321583,-0.003367758608161602,0.9990772586192435,0.8110065953076008,-0.6829131652661066,-0.5177004538577912,3
1776680067.779217,482,1776680067.779217,1776680067.779258,1776680067.230013,1776680067.725426,0.6922393039061023,-0.9919077628186767,0.20142876218453734,0.9148936170212767,0.07142857142857142,0.0,-0.643639769975454,-0.6717450930221519,0.7396800290582486,0.31187950180536717,0.01356531352967276,0.07575877244250959,0.9990772586192435,0.8110065953076008,-0.6829131652661066,-0.5177004538577912,3
1776680067.82901,483,1776680067.82901,1776680067.829048,1776680067.830095,1776680067.725426,0.6927444647262367,-0.9835720423947294,-0.018026438776872745,0.8085106382978724,0.7857142857142857,0.0,0.47149074164034566,-0.804709633572956,0.8923562772421081,0.28877823402265534,-0.10852978186393955,0.15656602354903626,0.9989514302491402,0.8110065953076008,-0.6829131652661066,-0.5177004538577912,3
1776680067.87907,484,1776680067.87907,1776680067.829048,1776680067.830095,1776680067.874412,0.6932836263274991,-0.9893583500429677,0.1424088663372947,0.8581560283687943,-0.5714285714285714,0.0,0.47149074164034566,-0.804709633572956,0.8923562772421081,0.28877823402265534,-0.10852978186393955,0.15656602354903626,0.9989514302491402,0.8146826683965833,-0.6890756302521008,-0.5031770045385779,3
1776680067.929005,485,1776680067.929005,1776680067.929048,1776680067.830095,1776680067.874412,0.6938347594079806,-0.9896877685476941,0.18907731339297637,0.8794326241134752,-0.07142857142857142,0.0,-0.12171062882786106,0.4044324600940815,0.8203633932109365,-0.004948502133615751,0.09689925299855255,0.03956326552533559,0.9989514302491402,0.8146826683965833,-0.6890756302521008,-0.5031770045385779,3
1776680067.979053,486,1776680067.979053,1776680067.979093,1776680067.830095,1776680067.874412,0.6943804630443552,-0.9920653107991979,0.27593804246227804,0.8687943262411348,-0.2857142857142857,0.0,0.35087725730375596,-0.3351796128138897,0.8922575452384097,0.5379498708682485,-0.29457460195078666,-0.012627515156493359,0.9989514302491402,0.8146826683965833,-0.6890756302521008,-0.5031770045385779,3
1776680068.028993,487,1776680068.028993,1776680068.029033,1776680067.830095,1776680068.023041,0.6949671990370125,-0.9884130621598397,0.18260114835091468,0.9361702127659576,0.2857142857142857,0.0,-0.5493421715944984,0.5013852885023948,0.7627888488971074,-0.762372803676384,0.20736381952677788,0.010100116576259513,0.9989514302491402,0.8219266947778138,-0.6985060690943045,-0.49379727685325264,3
1776680068.079064,488,1776680068.079064,1776680068.079108,1776680067.830095,1776680068.023041,0.6955175755556102,-0.9900887997708393,0.2695286420082788,0.8758865248226951,-0.21428571428571427,0.0,-0.08004388577965087,-0.23545736518474178,0.7918229923391891,0.3729337371410168,0.32170522901013215,-0.3333322802505916,0.9989514302491402,0.8219266947778138,-0.6985060690943045,-0.49379727685325264,3
1776680068.128994,489,1776680068.128994,1776680068.129033,1776680067.830095,1776680068.023041,0.6961242936827261,-0.9928816957891722,0.356189077313393,0.9680851063829788,-0.35714285714285715,0.0,-0.6535085709257628,-0.5083099943384365,0.7586411141196672,0.3514860989824294,-0.034884312969603516,-0.31649664645800885,0.9989514302491402,0.8219266947778138,-0.6985060690943045,-0.49379727685325264,3
1776680068.179012,490,1776680068.179012,1776680068.129033,1776680067.830095,1776680068.172188,0.6966827253602036,-0.986909195073045,0.20930698357591135,0.8900709219858157,0.5,0.0,-0.6535085709257628,-0.5083099943384365,0.7586411141196672,0.3514860989824294,-0.034884312969603516,-0.31649664645800885,0.9989514302491402,0.8259271272570007,-0.7052287581699347,-0.48774583963691376,3
1776680068.229012,491,1776680068.229012,1776680068.179055,1776680067.830095,1776680068.172188,0.6972103160150088,-0.9913778287023777,0.3829616771264521,0.8404255319148937,-0.5,0.0,-0.406797712953271,0.1232692577099728,0.7512343977017567,-0.6468602713934462,0.35852432664402145,0.03787938622125479,0.9989514302491402,0.8259271272570007,-0.7052287581699347,-0.48774583963691376,3
1776680068.279036,492,1776680068.279036,1776680068.279074,1776680067.830095,1776680068.172188,0.697791355541718,-0.9917502148381554,0.41300574175457333,0.9255319148936172,-0.14285714285714285,0.0,-0.8190783986273321,-0.27700791576890166,0.76338132347114,0.23597356669949154,-0.19961013361651986,0.011783995880340313,0.9989514302491402,0.8259271272570007,-0.7052287581699347,-0.48774583963691376,3
1776680068.328979,493,1776680068.328979,1776680068.329019,1776680067.830095,1776680068.320441,0.6983201922984493,-0.9835433973073618,0.2296034183469088,0.8439716312056738,0.7142857142857143,0.0,0.406797712953271,-0.5775628416186283,0.9188228107251354,0.3234301356967231,-0.16860266360204534,0.060607017954007664,0.9989514302491402,0.8321980754676181,-0.7132586367880486,-0.491679273827534,3
1776680068.379011,494,1776680068.379011,1776680068.329019,1776680067.830095,1776680068.320441,0.6988746631519472,-0.9857920366657119,0.29309654159433834,0.8829787234042554,-0.2857142857142857,0.0,0.406797712953271,-0.5775628416186283,0.9188228107251354,0.3234301356967231,-0.16860266360204534,0.060607017954007664,0.9989514302491402,0.8321980754676181,-0.7132586367880486,-0.491679273827534,3
1776680068.428972,495,1776680068.428972,1776680068.37905,1776680068.429735,1776680068.320441,0.6994149373442151,-0.9843168146662847,0.27974362398184005,0.8617021276595745,0.07142857142857142,0.0,-0.3015350857092577,0.6232686788179951,0.9100335985999207,-0.3597356669949152,-0.39147385494933923,0.18518565322195932,0.9989933730391747,0.8321980754676181,-0.7132586367880486,-0.491679273827534,3
1776680068.478985,496,1776680068.478985,1776680068.429012,1776680068.429735,1776680068.468945,0.699955834587446,-0.985018619306789,0.3298170650287088,0.8617021276595745,-0.14285714285714285,0.0,0.13706148592043732,0.14542924261247003,0.8230297351736892,0.05445829694728824,0.13371835063244183,0.0008403600279277544,0.9989933730391747,0.8379284246945615,-0.7211017740429505,-0.4953101361573374,3
1776680068.529023,497,1776680068.529023,1776680068.479024,1776680068.429735,1776680068.468945,0.7005347379394246,-0.9805070180464053,0.19955935371878755,0.921985815602837,0.35714285714285715,0.0,0.34320182875746785,-0.3337949032034724,0.9125024765552767,0.48349776729033894,-0.3701548555094084,0.16245802148920643,0.9989933730391747,0.8379284246945615,-0.7211017740429505,-0.4953101361573374,3
1776680068.579033,498,1776680068.579033,1776680068.579072,1776680068.429735,1776680068.468945,0.701084446903419,-0.9792609567459182,0.1928828949125384,0.8758865248226951,0.07142857142857142,0.0,-0.023026285638864396,-0.36288075172596646,0.7960695416721701,0.3729337371410168,0.2500018184066394,-0.11279463938761132,0.9989933730391747,0.8379284246945615,-0.7211017740429505,-0.4953101361573374,3
1776680068.628972,499,1776680068.628972,1776680068.629011,1776680068.429735,1776680068.617035,0.7016712273997164,-0.9808650816384992,0.2495660301775938,0.9361702127659576,-0.21428571428571427,0.0,-0.3991222844069829,-0.4418277240630344,0.7730593712851671,0.2970278020351412,-0.10465293890881054,-0.07828301177451813,0.9989933730391747,0.8443074927019137,-0.7293183940242765,-0.49803328290468984,3
1776680068.678969,500,1776680068.678969,1776680068.629011,1776680068.429735,1776680068.617035,0.7022296590771939,-0.9773274133486108,0.13940445987448258,0.8900709219858157,0.2857142857142857,0.0,-0.3991222844069829,-0.4418277240630344,0.7730593712851671,0.2970278020351412,-0.10465293890881054,-0.07828301177451813,0.9989933730391747,0.8443074927019137,-0.7293183940242765,-0.49803328290468984,3
1776680068.729008,501,1776680068.729008,1776680068.679007,1776680068.429735,1776680068.617035,0.7027596974322112,-0.9848610713262677,0.3999866470823875,0.8439716312056738,-0.7857142857142857,0.0,-0.33771885603667784,0.7271473708463053,0.729310692114648,-0.8003257712293219,0.393408639613625,0.03198738828108463,0.9989933730391747,0.8443074927019137,-0.7293183940242765,-0.49803328290468984,3
1776680068.778975,502,1776680068.778975,1776680068.72905,1776680068.429735,1776680068.76602,0.7033312576835535,-0.9851904898309941,0.4266257177193217,0.9113475177304966,-0.14285714285714285,0.0,0.324561371348122,0.43351830861657553,0.8671735900145292,-0.042901469686553576,0.04069594058901828,0.03451162761309318,0.9989933730391747,0.8507946805060006,-0.7397759103641457,-0.5052950075642966,3
1776680068.829006,503,1776680068.829006,1776680068.829048,1776680068.429735,1776680068.76602,0.7038365075109685,-0.9776997994843886,0.22626518894378422,0.8049645390070923,0.6428571428571428,0.0,0.3673243423090813,-0.983380011323127,0.9011455719191652,0.5346549983587572,-0.21317544714619263,-0.10353488283927957,0.9989933730391747,0.8507946805060006,-0.7397759103641457,-0.5052950075642966,3
1776680068.878967,504,1776680068.878967,1776680068.879006,1776680068.429735,1776680068.76602,0.704405709069379,-0.9763678029217989,0.21291227133128587,0.9078014184397164,0.07142857142857142,0.0,-0.1250002291446306,0.34903018226992805,0.877740473517369,-0.47854926515672325,-0.4980615785224355,0.12710287459996017,0.9989933730391747,0.8507946805060006,-0.7397759103641457,-0.5052950075642966,3
1776680068.928998,505,1776680068.928998,1776680068.879006,1776680068.429735,1776680068.914854,0.7049623606012478,-0.9757949011744487,0.19955935371878755,0.8865248226950355,0.0,0.0,-0.1250002291446306,0.34903018226992805,0.877740473517369,-0.47854926515672325,-0.4980615785224355,0.12710287459996017,0.9989933730391747,0.8613904205860092,-0.7499533146591971,-0.5107413010590015,3
1776680068.979007,506,1776680068.979007,1776680068.929038,1776680068.429735,1776680068.914854,0.7055477169810582,-0.9781008307075338,0.3230738416343971,0.9326241134751775,-0.2857142857142857,0.0,-0.018640457409345803,-0.44459830106782416,0.7877739895654471,0.41254033431807907,0.3236400136744179,-0.06313125728601622,0.9989933730391747,0.8613904205860092,-0.7499533146591971,-0.5107413010590015,3
1776680069.028947,507,1776680069.028947,1776680068.979048,1776680069.029458,1776680068.914854,0.7061299581060533,-0.9707533657977658,0.11637067699292296,0.9290780141843973,0.6428571428571428,0.0,0.40789485744454246,-0.15096923883809435,0.8812956511689342,0.48514520354508467,-0.34108217015921966,0.09595900559502861,0.9989094874591058,0.8613904205860092,-0.7499533146591971,-0.5107413010590015,3
1776680069.078947,508,1776680069.078947,1776680069.028986,1776680069.029458,1776680069.063097,0.7066617321030392,-0.969736465196219,0.08966484176792629,0.847517730496454,0.07142857142857142,0.0,-0.42982399859213544,0.3393348994290967,0.7440252278430854,-0.6798647368127683,0.2906977589956577,0.27777690020882634,0.9989094874591058,0.8718780408692831,-0.7586367880485528,-0.5089258698940998,3
1776680069.128978,509,1776680069.128978,1776680069.129018,1776680069.029458,1776680069.063097,0.707251805868713,-0.972343168146663,0.2032314060622246,0.9397163120567378,-0.2857142857142857,0.0,-0.37828937117213896,-0.30332434507056116,0.7693067296262053,0.35643460111604514,-0.0872107824240088,0.0,0.9989094874591058,0.8718780408692831,-0.7586367880485528,-0.5089258698940998,3
1776680069.178941,510,1776680069.178941,1776680069.178982,1776680069.029458,1776680069.063097,0.7078165570631015,-0.9667860211973648,0.016424088663372947,0.9007092198581561,0.5,0.0,-0.06140342837030505,0.8199449126394116,0.687932076343944,-0.7475211039061581,0.5329458914920391,0.11616239799577294,0.9989094874591058,0.8718780408692831,-0.7586367880485528,-0.5089258698940998,3
1776680069.229021,511,1776680069.229021,1776680069.178982,1776680069.029458,1776680069.211477,0.708338095222837,-0.9732025207676883,0.23708105220990786,0.8297872340425533,-0.6428571428571428,0.0,-0.06140342837030505,0.8199449126394116,0.687932076343944,-0.7475211039061581,0.5329458914920391,0.11616239799577294,0.9989094874591058,0.8847442966807222,-0.7672268907563026,-0.5089258698940998,3
1776680069.27899,512,1776680069.27899,1776680069.229064,1776680069.029458,1776680069.211477,0.7088940792001023,-0.974706387854483,0.3038456402723995,0.8865248226950355,-0.21428571428571427,0.0,0.1984649142907424,0.6855956624781901,0.9043057390040945,-0.1980205991465537,-0.2616250736454689,0.060607017954007664,0.9989094874591058,0.8847442966807222,-0.7672268907563026,-0.5089258698940998,3
1776680069.328917,513,1776680069.328917,1776680069.27903,1776680069.029458,1776680069.211477,0.7094050254934653,-0.968963047837296,0.1337962344772333,0.8156028368794327,0.5,0.0,-0.6129380557903015,-0.06786697988581934,0.7625913023378682,0.15676656571474581,0.08526872413316557,-0.18518565322195932,0.9989094874591058,0.8847442966807222,-0.7672268907563026,-0.5089258698940998,3
1776680069.378952,514,1776680069.378952,1776680069.378997,1776680069.029458,1776680069.360355,0.710003999987183,-0.9678602119736466,0.12711977567098412,0.9539007092198583,0.07142857142857142,0.0,-0.12719268497012873,0.31578904713222705,0.856507974507991,-0.4917473353028248,-0.41279285438926994,-0.011783995880340313,0.9989094874591058,0.8977186722888961,-0.7777777777777778,-0.49894099848714063,3
1776680069.428921,515,1776680069.428921,1776680069.378997,1776680069.029458,1776680069.360355,0.7105577587824374,-0.9696648524778001,0.1905461343303512,0.8829787234042554,-0.21428571428571427,0.0,-0.12719268497012873,0.31578904713222705,0.856507974507991,-0.4917473353028248,-0.41279285438926994,-0.011783995880340313,0.9989094874591058,0.8977186722888961,-0.7777777777777778,-0.49894099848714063,3
1776680069.478934,516,1776680069.478934,1776680069.478974,1776680069.029458,1776680069.360355,0.7111275833918113,-0.9741478086508165,0.33408999866470823,0.9078014184397164,-0.5,0.0,0.27850880007039325,-0.3019384776761887,0.8704324891031568,0.4554418040046327,-0.3100747001447452,-0.13636263114829195,0.9989094874591058,0.8977186722888961,-0.7777777777777778,-0.49894099848714063,3
1776680069.529005,517,1776680069.529005,1776680069.478974,1776680069.029458,1776680069.508855,0.7116957613664967,-0.9689344027499285,0.22045666978234743,0.9042553191489363,0.42857142857142855,0.0,0.27850880007039325,-0.3019384776761887,0.8704324891031568,0.4554418040046327,-0.3100747001447452,-0.13636263114829195,0.9989094874591058,0.9116661260676829,-0.7855275443510739,-0.4950075642965204,3
1776680069.578974,518,1776680069.578974,1776680069.529045,1776680069.029458,1776680069.508855,0.7122250431596304,-0.968375823546262,0.20042729336359993,0.8439716312056738,0.0,0.0,-0.2686399991200846,0.13157867315643165,0.7496543554352133,-0.6056062379616383,0.3740316984645375,0.07239101383434798,0.9989094874591058,0.9116661260676829,-0.7855275443510739,-0.4950075642965204,3
1776680069.628907,519,1776680069.628907,1776680069.628945,1776680069.629645,1776680069.508855,0.7128205908730512,-0.9685047264394158,0.2504339698224062,0.9503546099290782,-0.07142857142857142,0.0,-0.8026313136220067,-0.5332405562457234,0.7533083476423194,0.3102320655506215,-0.14341409483354306,0.07323137386227573,0.998825601879037,0.9116661260676829,-0.7855275443510739,-0.4950075642965204,3
1776680069.678925,520,1776680069.678925,1776680069.678963,1776680069.629645,1776680069.657118,0.7133525428845978,-0.9635777714122029,0.11683802910936039,0.847517730496454,0.42857142857142855,0.0,0.20394697043301005,0.6648203871861103,0.7071893574164575,-0.6864668685705084,0.6608526145050662,0.17929365528178914,0.998825601879037,0.9274516163909612,-0.7951447245564893,-0.491679273827534,3
1776680069.728952,521,1776680069.728952,1776680069.678963,1776680069.629645,1776680069.657118,0.7138802670503237,-0.9711543970209111,0.35064761650420617,0.8404255319148937,-0.7857142857142857,0.0,0.20394697043301005,0.6648203871861103,0.7071893574164575,-0.6864668685705084,0.6608526145050662,0.17929365528178914,0.998825601879037,0.9274516163909612,-0.7951447245564893,-0.491679273827534,3
1776680069.778974,522,1776680069.778974,1776680069.779013,1776680069.629645,1776680069.657118,0.7144457748065961,-0.9737754225150387,0.49092001602350116,0.9007092198581561,-0.35714285714285715,0.0,-0.41557028599083057,0.20775622627266505,0.7882677321357813,0.05280466732316383,-0.23643650487696663,-0.020203392400744317,0.998825601879037,0.9274516163909612,-0.7951447245564893,-0.491679273827534,3
1776680069.828907,523,1776680069.828907,1776680069.779013,1776680069.629645,1776680069.805918,0.7149435480224541,-0.9711687195645948,0.43423688075844574,0.7943262411347519,0.14285714285714285,0.0,-0.41557028599083057,0.20775622627266505,0.7882677321357813,0.05280466732316383,-0.23643650487696663,-0.020203392400744317,0.998825601879037,0.9383717158611742,-0.8033613445378152,-0.48562783661119513,3
1776680069.878917,524,1776680069.878917,1776680069.828945,1776680069.629645,1776680069.805918,0.715524320527322,-0.9670867946147237,0.33408999866470823,0.9255319148936172,0.2857142857142857,0.0,0.4133769135868101,-0.12603867693080736,0.9108236197331925,0.4455447997374012,-0.4186044820086847,-0.04882302207366735,0.998825601879037,0.9383717158611742,-0.8033613445378152,-0.48562783661119513,3
1776680069.928896,525,1776680069.928896,1776680069.878956,1776680069.629645,1776680069.805918,0.7160647727341506,-0.9662274419936981,0.37748698090532784,0.8617021276595745,0.0,0.0,-0.44078902745519305,-0.08448696856269226,0.8380407145687492,-0.4504933018710169,-0.521315362626652,-0.08080725110652669,0.998825601879037,0.9383717158611742,-0.8033613445378152,-0.48562783661119513,3
1776680069.978918,526,1776680069.978918,1776680069.928935,1776680069.629645,1776680069.954492,0.7166479929392304,-0.9651675737611001,0.3741487515022032,0.9290780141843973,0.0,0.0,0.28070125589589134,-0.6592792331765308,0.773750742966583,0.5445520026259887,0.459300422597703,-0.3981474168406886,0.998825601879037,0.9490755757379176,-0.8149393090569562,-0.4777609682299546,3
1776680070.028889,527,1776680070.028889,1776680070.028926,1776680069.629645,1776680069.954492,0.7172194641832924,-0.96055571469493,0.27734009881159033,0.9113475177304966,0.35714285714285715,0.0,0.13596525800768827,-0.07756226272665068,0.7526169759609035,-0.4735945696537287,0.5484532633125551,0.022727631732752874,0.998825601879037,0.9490755757379176,-0.8149393090569562,-0.4777609682299546,3
1776680070.078916,528,1776680070.078916,1776680070.078954,1776680069.629645,1776680069.954492,0.7177471883490183,-0.9634345459753653,0.3808919748965149,0.8404255319148937,-0.35714285714285715,0.0,0.614035200281573,-0.908587167817311,0.819178361511029,0.5198032985885311,0.24805976011579617,-0.1506740256088661,0.998825601879037,0.9490755757379176,-0.8149393090569562,-0.4777609682299546,3
1776680070.12899,529,1776680070.12899,1776680070.078954,1776680069.629645,1776680070.103364,0.7183399323331051,-0.9630621598395875,0.40432634530644945,0.9432624113475179,-0.07142857142857142,0.0,0.614035200281573,-0.908587167817311,0.819178361511029,0.5198032985885311,0.24805976011579617,-0.1506740256088661,0.998825601879037,0.9592388366309871,-0.8241830065359478,-0.46807866868381237,3
1776680070.178928,530,1776680070.178928,1776680070.129031,1776680069.629645,1776680070.103364,0.7188931125810368,-0.9541105700372386,0.2009614100680999,0.8829787234042554,0.7857142857142857,0.0,-0.49561417177048145,-0.11080339786435171,0.8007110190199446,0.15016443395700563,-0.46705410850796103,0.05639574006969301,0.998825601879037,0.9592388366309871,-0.8241830065359478,-0.46807866868381237,3
1776680070.228906,531,1776680070.228906,1776680070.228961,1776680070.229672,1776680070.103364,0.7194403293411789,-0.960025780578631,0.3744825744425157,0.8723404255319149,-0.6428571428571428,0.0,-0.31030674216829485,0.6606651005709033,0.8731976456214503,-0.5099001009519208,-0.42829295258322847,0.2904044153653197,0.9986997735089339,0.9592388366309871,-0.8241830065359478,-0.46807866868381237,3
1776680070.278907,532,1776680070.278907,1776680070.278944,1776680070.229672,1776680070.252059,0.7200077952576209,-0.9597106846175881,0.42455601548938443,0.9042553191489363,-0.07142857142857142,0.0,-0.2774125721576442,-0.03739642175290807,0.7829349656584336,0.06270786495977407,-0.20930587781762108,0.16161450221305337,0.9986997735089339,0.9690777381338522,-0.8313725490196079,-0.46596066565809374,3
1776680070.328894,533,1776680070.328894,1776680070.328934,1776680070.229672,1776680070.252059,0.7205037883278702,-0.9551274706387854,0.3143944451862732,0.7907801418439717,0.35714285714285715,0.0,0.3662281143963323,-0.26177263670244605,0.9316610256240919,0.40429076630559324,-0.42829295258322847,0.20538588637447833,0.9986997735089339,0.9690777381338522,-0.8313725490196079,-0.46596066565809374,3
1776680070.378873,534,1776680070.378873,1776680070.328934,1776680070.229672,1776680070.252059,0.7210642671727978,-0.9521197364651962,0.22760048070503405,0.8936170212765958,0.21428571428571427,0.0,0.3662281143963323,-0.26177263670244605,0.9316610256240919,0.40429076630559324,-0.42829295258322847,0.20538588637447833,0.9986997735089339,0.9690777381338522,-0.8313725490196079,-0.46596066565809374,3
1776680070.428862,535,1776680070.428862,1776680070.378911,1776680070.229672,1776680070.400973,0.7216204291646241,-0.9515181896304784,0.24429162772065696,0.8865248226950355,0.0,0.0,-0.2456137134812202,0.30332434507056116,0.8556192213710211,-0.4653450016412429,-0.5096921073878224,0.21043752428672075,0.9986997735089339,0.9809709157746783,-0.8413632119514473,-0.4583963691376702,3
1776680070.478946,536,1776680070.478946,1776680070.478987,1776680070.229672,1776680070.400973,0.7222133511632719,-0.9551131480951017,0.36132995059420486,0.9432624113475179,-0.42857142857142855,0.0,0.14035108623720688,0.06232698366019504,0.8708275822216351,0.3597356669949152,-0.40503916847901195,0.03451162761309318,0.9986997735089339,0.9809709157746783,-0.8413632119514473,-0.4583963691376702,3
1776680070.528891,537,1776680070.528891,1776680070.478987,1776680070.229672,1776680070.400973,0.7227956367919071,-0.9512460613004871,0.28134597409533985,0.9290780141843973,0.2857142857142857,0.0,0.14035108623720688,0.06232698366019504,0.8708275822216351,0.3597356669949152,-0.40503916847901195,0.03451162761309318,0.9986997735089339,0.9809709157746783,-0.8413632119514473,-0.4583963691376702,3
1776680070.578871,538,1776680070.578871,1776680070.578911,1776680070.229672,1776680070.549514,0.7233094313182441,-0.9519765110283587,0.348043797569769,0.8191489361702129,-0.14285714285714285,0.0,0.4528502842309998,-0.9972294229952102,0.7814536553955884,0.6617119711636722,0.3992275408595972,-0.13131415248427483,0.9986997735089339,0.9896204995134609,-0.8478057889822597,-0.44326777609682294,3
1776680070.628847,539,1776680070.628847,1776680070.628885,1776680070.229672,1776680070.549514,0.7238854864372486,-0.9524491549699228,0.3847643210041394,0.9184397163120569,-0.14285714285714285,0.0,-0.6129380557903015,-0.28116320238410875,0.7807623662660151,0.33498076958807904,-0.23255966192183763,-0.11700275802370068,0.9986997735089339,0.9896204995134609,-0.8478057889822597,-0.44326777609682294,3
1776680070.678868,540,1776680070.678868,1776680070.678905,1776680070.229672,1776680070.549514,0.7244174384487955,-0.9485963907189917,0.3079182801442115,0.847517730496454,0.2857142857142857,0.0,0.07127222932061367,0.44044301445261713,0.7171636837934222,-0.5016505329394351,0.6879832415644117,-0.033671267585165435,0.9986997735089339,0.9896204995134609,-0.8478057889822597,-0.44326777609682294,3
1776680070.728892,541,1776680070.728892,1776680070.728931,1776680070.229672,1776680070.698296,0.724969595113002,-0.952792896018333,0.46494859126719185,0.8794326241134752,-0.5,0.0,-0.3728073150298713,0.21745150911349642,0.8249061385550125,-0.5561026365173445,-0.3430242284500629,0.11027040005560276,0.9986997735089339,0.9957833279273435,-0.8534080298786182,-0.43751891074130106,3
1776680070.778936,542,1776680070.778936,1776680070.778974,1776680070.229672,1776680070.698296,0.7255286498414425,-0.952964766542538,0.4949926558953131,0.8900709219858157,-0.14285714285714285,0.0,-0.34978011281248456,0.3324101935930551,0.7940944062871483,0.008249568012485834,-0.19961013361651986,0.0,0.9986997735089339,0.9957833279273435,-0.8534080298786182,-0.43751891074130106,3
1776680070.828883,543,1776680070.828883,1776680070.828922,1776680070.829639,1776680070.698296,0.7260375489673553,-0.9438842738470353,0.2748698090532781,0.8120567375886526,0.7857142857142857,0.0,0.5076754285462881,-0.47506885920073544,0.9110211662924316,0.4554418040046327,-0.27132081784657014,0.07407489313842877,0.9985739451388307,0.9957833279273435,-0.8534080298786182,-0.43751891074130106,3
1776680070.878918,544,1776680070.878918,1776680070.878958,1776680070.829639,1776680070.847181,0.7266341647681414,-0.9359209395588658,0.041060221658432365,0.9503546099290782,0.7142857142857143,0.0,-0.7149119992960677,-0.24376678063120066,0.8264862633733985,-0.531353932479887,-0.6104682033415041,0.2971367733334176,0.9985739451388307,0.9998918802032651,-0.8585434173669468,-0.4357034795763993,3
1776680070.928913,545,1776680070.928913,1776680070.878958,1776680070.829639,1776680070.847181,0.7271860099068664,-0.9358206817530793,0.041060221658432365,0.8794326241134752,0.0,0.0,-0.7149119992960677,-0.24376678063120066,0.8264862633733985,-0.531353932479887,-0.6104682033415041,0.2971367733334176,0.9985739451388307,0.9998918802032651,-0.8585434173669468,-0.4357034795763993,3
1776680070.978909,546,1776680070.978909,1776680070.928956,1776680070.829639,1776680070.847181,0.7277845393641819,-0.9421512460613006,0.23801575644278275,0.9539007092198583,-0.6428571428571428,0.0,0.14254354206270498,-0.6371192482740335,0.7622951063267732,0.5990102995732769,0.5271342638726242,0.01851951309666352,0.9985739451388307,0.9998918802032651,-0.8585434173669468,-0.4357034795763993,3
1776680071.028827,547,1776680071.028827,1776680071.028867,1776680070.829639,1776680070.99626,0.7283710083349978,-0.9378974505872244,0.1080251034851115,0.9361702127659576,0.35714285714285715,0.0,-0.0010962279127490573,0.5997228265211255,0.6755876040153216,-0.6402643330050848,0.7344980833994021,0.09680252487118166,0.9985739451388307,1.0,-0.861531279178338,-0.4393343419062027,3
1776680071.078904,548,1776680071.078904,1776680071.078943,1776680070.829639,1776680070.99626,0.7288902323054416,-0.9397737038097969,0.20830551475497397,0.8262411347517732,-0.21428571428571427,0.0,0.32675382717362017,-0.7631579252048409,0.7738494749702813,0.5792039043000564,0.3798433260839522,-0.11868663732778147,0.9985739451388307,1.0,-0.861531279178338,-0.4393343419062027,3
1776680071.128823,549,1776680071.128823,1776680071.078943,1776680070.829639,1776680070.99626,0.7294634391914722,-0.9427814379833859,0.31165709707571104,0.9148936170212767,-0.35714285714285715,0.0,0.32675382717362017,-0.7631579252048409,0.7738494749702813,0.5792039043000564,0.3798433260839522,-0.11868663732778147,0.9985739451388307,1.0,-0.861531279178338,-0.4393343419062027,3
1776680071.178843,550,1776680071.178843,1776680071.178882,1776680070.829639,1776680071.14491,0.7299909853426372,-0.9391148668003438,0.20142876218453734,0.8404255319148937,0.2857142857142857,0.0,0.003289600316769538,0.44321359145740685,0.7089669462422401,-0.4801967014114689,0.7189907115788862,-0.08417500971468829,0.9985739451388307,0.9974051248783652,-0.8635854341736695,-0.4405446293494705,3
1776680071.228825,551,1776680071.228825,1776680071.178882,1776680070.829639,1776680071.14491,0.7305560035588671,-0.9428673732454885,0.3348911737214581,0.9007092198581561,-0.42857142857142855,0.0,0.003289600316769538,0.44321359145740685,0.7089669462422401,-0.4801967014114689,0.7189907115788862,-0.08417500971468829,0.9985739451388307,0.9974051248783652,-0.8635854341736695,-0.4405446293494705,3
1776680071.278864,552,1776680071.278864,1776680071.228864,1776680070.829639,1776680071.14491,0.731114924776387,-0.9441134345459755,0.3850313793563894,0.8900709219858157,-0.21428571428571427,0.0,-0.3859647997184271,0.21883621872391365,0.8116729130894201,-0.5693069000328249,-0.2635671319363121,-0.003367758608161602,0.9985739451388307,0.9974051248783652,-0.8635854341736695,-0.4405446293494705,3
1776680071.32889,553,1776680071.32889,1776680071.278914,1776680070.829639,1776680071.293554,0.7316224887930933,-0.9395875107419077,0.27814127386834026,0.8085106382978724,0.35714285714285715,0.0,-0.4364031992256745,0.37396074417721503,0.796365737683265,-0.008249568012485834,-0.20542903486249212,-0.23653291462763523,0.9985739451388307,0.9976213644718347,-0.8673202614379085,-0.4387291981845688,3
1776680071.37889,554,1776680071.37889,1776680071.328927,1776680070.829639,1776680071.293554,0.7321942270589965,-0.9345316528215413,0.16130324475897984,0.9113475177304966,0.42857142857142855,0.0,0.3859647997184271,-0.4072018793149161,0.8915661735569939,0.44059010423440664,-0.24224813249638139,-0.13131415248427483,0.9985739451388307,0.9976213644718347,-0.8673202614379085,-0.4387291981845688,3
1776680071.428815,555,1776680071.428815,1776680071.428855,1776680071.429532,1776680071.293554,0.7327185689480656,-0.9326840446863364,0.07464280945386567,0.8368794326241135,0.14285714285714285,0.0,0.7116223989792982,-0.9570635820214676,0.7901441355171048,0.5412509367471185,0.4224813249638137,-0.09680252487118166,0.9984900595587619,0.9976213644718347,-0.8673202614379085,-0.4387291981845688,3
1776680071.478873,556,1776680071.478873,1776680071.428855,1776680071.429532,1776680071.442346,0.733317854967265,-0.9353337152678317,0.18159967952997733,0.9539007092198583,-0.2857142857142857,0.0,0.7116223989792982,-0.9570635820214676,0.7901441355171048,0.5412509367471185,0.4224813249638137,-0.09680252487118166,0.9984900595587619,0.9961076873175478,-0.8709617180205416,-0.4444780635400908,3
1776680071.528876,557,1776680071.528876,1776680071.528926,1776680071.429532,1776680071.442346,0.733885320883707,-0.9348467487825838,0.16824676191747898,0.9042553191489363,0.0,0.0,0.17543862865187798,0.5803322608394629,0.6992888984282128,-0.6056062379616383,0.794570965137508,0.15740638357696402,0.9984900595587619,0.9961076873175478,-0.8709617180205416,-0.4444780635400908,3
1776680071.578879,558,1776680071.578879,1776680071.578916,1776680071.429532,1776680071.442346,0.7343994269355256,-0.9430249212260098,0.4152757377486981,0.8191489361702129,-0.8571428571428571,0.0,0.6885961133404338,-0.4182830295501199,0.8720126139215427,0.2706254683735593,-0.0794570965137508,0.08838312835077765,0.9984900595587619,0.9961076873175478,-0.8709617180205416,-0.4444780635400908,3
1776680071.628787,559,1776680071.628787,1776680071.578916,1776680071.429532,1776680071.591003,0.734961463407861,-0.9440418218275567,0.5152223260782481,0.897163120567376,-0.21428571428571427,0.0,0.6885961133404338,-0.4182830295501199,0.8720126139215427,0.2706254683735593,-0.0794570965137508,0.08838312835077765,0.9984900595587619,0.994485890366526,-0.8720821661998134,-0.46021180030257186,3
1776680071.678856,560,1776680071.678856,1776680071.678895,1776680071.429532,1776680071.591003,0.7354583020472744,-0.9392151246061301,0.4015889971958873,0.7907801418439717,0.35714285714285715,0.0,0.27083337152410514,0.3850418944124188,0.7717756075815613,-0.3415829013458192,0.4961267938581498,-0.07323137386227573,0.9984900595587619,0.994485890366526,-0.8720821661998134,-0.46021180030257186,3
1776680071.728832,561,1776680071.728832,1776680071.678895,1776680071.429532,1776680071.591003,0.736045527579974,-0.9402320252076769,0.4749632794765656,0.9361702127659576,-0.21428571428571427,0.0,0.27083337152410514,0.3850418944124188,0.7717756075815613,-0.3415829013458192,0.4961267938581498,-0.07323137386227573,0.9984900595587619,0.994485890366526,-0.8720821661998134,-0.46021180030257186,3
1776680071.778812,562,1776680071.778812,1776680071.728871,1776680071.429532,1776680071.739801,0.736603870250171,-0.9439702091091378,0.6551609026572306,0.8900709219858157,-0.5,0.0,-0.6754386286518781,0.018005856071245392,0.7977483984942544,-0.48349776729033894,-0.48837310794789174,-0.06818289519825863,0.9984900595587619,0.9897286193101956,-0.8732026143790851,-0.46323751891074133,3
1776680071.828781,563,1776680071.828781,1776680071.778856,1776680071.429532,1776680071.739801,0.7371418747567877,-0.9379690633056432,0.5117505674989985,0.8581560283687943,0.42857142857142855,0.0,-0.19956114220349144,0.5110805713432262,0.7863914113063003,0.04950360144429374,0.13953725187841406,-0.4225589278775223,0.9984900595587619,0.9897286193101956,-0.8732026143790851,-0.46323751891074133,3
1776680071.878794,564,1776680071.878794,1776680071.878833,1776680071.429532,1776680071.739801,0.7377115213516006,-0.9308364365511315,0.3347576445453332,0.9078014184397164,0.5714285714285714,0.0,-0.5811401136924,-0.1883656605910024,0.8087102100118876,-0.3514860989824294,-0.5794607333270295,-0.07070713453026718,0.9984900595587619,0.9897286193101956,-0.8732026143790851,-0.46323751891074133,3
1776680071.928837,565,1776680071.928837,1776680071.878833,1776680071.429532,1776680071.888552,0.738234928664225,-0.9299914064737899,0.3347576445453332,0.8333333333333334,0.0,0.0,-0.5811401136924,-0.1883656605910024,0.8087102100118876,-0.3514860989824294,-0.5794607333270295,-0.07070713453026718,0.9984900595587619,0.9823764731322304,-0.8707749766573296,-0.4726172465960666,3
1776680071.978885,566,1776680071.978885,1776680071.928878,1776680071.429532,1776680071.888552,0.7388430264041879,-0.9333142366084217,0.44839097342769396,0.9680851063829788,-0.42857142857142855,0.0,0.5800438857796508,-0.5027699981128122,0.8854433859463743,0.2821761022649152,-0.07364546889433603,-0.1439385083925429,0.9984900595587619,0.9823764731322304,-0.8707749766573296,-0.4726172465960666,3
1776680072.028821,567,1776680072.028821,1776680072.028862,1776680072.029556,1776680071.888552,0.7394340792499464,-0.9291750214838157,0.3616637735345173,0.9432624113475179,0.2857142857142857,0.0,0.3881581721224476,0.20221623004704076,0.7132134955752213,-0.5214507348432769,0.9031007470014475,0.14478202766869597,0.9985320023487962,0.9823764731322304,-0.8707749766573296,-0.4726172465960666,3
1776680072.078797,568,1776680072.078797,1776680072.078835,1776680072.029556,1776680072.041172,0.7399657197360116,-0.9332569464336866,0.5051408732808118,0.847517730496454,-0.5,0.0,0.3541668576205255,-0.8351801917058673,0.8203633932109365,0.45709543362875704,0.04069594058901828,0.10690264144744116,0.9985320023487962,0.9782679208563088,-0.8677871148459384,-0.48139183055975787,3
1776680072.128814,569,1776680072.128814,1776680072.078835,1776680072.029556,1776680072.041172,0.7405399502057671,-0.9311372099684905,0.5051408732808118,0.9148936170212767,0.07142857142857142,0.0,0.3541668576205255,-0.8351801917058673,0.8203633932109365,0.45709543362875704,0.04069594058901828,0.10690264144744116,0.9985320023487962,0.9782679208563088,-0.8677871148459384,-0.48139183055975787,3
1776680072.178828,570,1776680072.178828,1776680072.178866,1776680072.029556,1776680072.041172,0.7410495168862833,-0.9255943855628761,0.37161169715582854,0.8120567375886526,0.42857142857142855,0.0,0.20723657074977958,0.5207758541840575,0.7340509014661207,-0.4521469314951413,0.7034906133849276,0.16498226082121498,0.9985320023487962,0.9782679208563088,-0.8677871148459384,-0.48139183055975787,3
1776680072.228801,571,1776680072.228801,1776680072.178866,1776680072.029556,1776680072.1855,0.7416122209132218,-0.9288885706101404,0.5184270263052477,0.897163120567376,-0.42857142857142855,0.0,0.20723657074977958,0.5207758541840575,0.7340509014661207,-0.4521469314951413,0.7034906133849276,0.16498226082121498,0.9985320023487962,0.977078603092226,-0.8646125116713352,-0.48381240544629345,3
1776680072.278896,572,1776680072.278896,1776680072.228844,1776680072.029556,1776680072.1855,0.7421739458600756,-0.927484961329132,0.548471090933369,0.8936170212765958,0.0,0.0,-0.5504383995072474,0.31578904713222705,0.8239185708625016,-0.5445520026259887,-0.3430242284500629,0.17340165734161897,0.9985320023487962,0.977078603092226,-0.8646125116713352,-0.48381240544629345,3
1776680072.328796,573,1776680072.328796,1776680072.278936,1776680072.029556,1776680072.1855,0.7426956620343718,-0.9210971068461759,0.3686072906930164,0.8333333333333334,0.5,0.0,-0.24013165733895261,0.2299173689591175,0.8127592127856293,0.0,-0.14147203654269982,-0.007575877244250958,0.9985320023487962,0.977078603092226,-0.8646125116713352,-0.48381240544629345,3
1776680072.37881,574,1776680072.37881,1776680072.37885,1776680072.029556,1776680072.33439,0.7432875604492946,-0.9136064164995704,0.20496728535184935,0.9432624113475179,0.6428571428571428,0.0,-0.8421046842661964,-0.13573395977163868,0.8076239103156782,-0.4323405362219208,-0.6550409868856514,0.1422546290884621,0.9985320023487962,0.9752405665477348,-0.8620915032679739,-0.49228441754916796,3
1776680072.428848,575,1776680072.428848,1776680072.37885,1776680072.029556,1776680072.33439,0.7438220046646935,-0.9137926095674592,0.23167312057684605,0.851063829787234,-0.07142857142857142,0.0,-0.8421046842661964,-0.13573395977163868,0.8076239103156782,-0.4323405362219208,-0.6550409868856514,0.1422546290884621,0.9985320023487962,0.9752405665477348,-0.8620915032679739,-0.49228441754916796,3
1776680072.478761,576,1776680072.478761,1776680072.4788,1776680072.029556,1776680072.33439,0.7444151491815425,-0.9202807218562018,0.45166243824275604,0.946808510638298,-0.7142857142857143,0.0,-0.3717101705385999,0.5540169893217586,0.8078213743230749,0.4257445978335594,-0.1937985059971051,-0.049663382101595106,0.9985320023487962,0.9752405665477348,-0.8620915032679739,-0.49228441754916796,3
1776680072.52879,577,1776680072.52879,1776680072.4788,1776680072.029556,1776680072.482631,0.7449783427485235,-0.915468347178459,0.3648017091734544,0.897163120567376,0.35714285714285715,0.0,-0.3717101705385999,0.5540169893217586,0.8078213743230749,0.4257445978335594,-0.1937985059971051,-0.049663382101595106,0.9985320023487962,0.9713482538652827,-0.8601307189542484,-0.49894099848714063,3
1776680072.578763,578,1776680072.578763,1776680072.578804,1776680072.029556,1776680072.482631,0.7455010825065448,-0.918848467487826,0.4849112030978769,0.8333333333333334,-0.42857142857142855,0.0,0.5635958841958032,-0.35457017849555234,0.8892948421608771,0.23927463257836162,-0.13566040892328507,0.0446117441893527,0.9985320023487962,0.9713482538652827,-0.8601307189542484,-0.49894099848714063,3
1776680072.628729,579,1776680072.628729,1776680072.578804,1776680072.629499,1776680072.482631,0.7460748234362578,-0.9203666571183042,0.584991320603552,0.9148936170212767,-0.2857142857142857,0.0,0.5635958841958032,-0.35457017849555234,0.8892948421608771,0.23927463257836162,-0.13566040892328507,0.0446117441893527,0.9984481167687275,0.9713482538652827,-0.8601307189542484,-0.49894099848714063,3
1776680072.678763,580,1776680072.678763,1776680072.678804,1776680072.629499,1776680072.631426,0.7465867488097057,-0.9131910627327414,0.42468954466550946,0.8156028368794327,0.5714285714285714,0.0,0.297149257479739,0.3227149107522238,0.7706893078853521,-0.41914246607581923,0.525192205581781,0.20706976567855914,0.9984481167687275,0.9648610660611957,-0.8569561157796451,-0.5116490166414523,3
1776680072.728748,581,1776680072.728748,1776680072.72879,1776680072.629499,1776680072.631426,0.7471517225222956,-0.912030936694357,0.39798370944051276,0.9007092198581561,0.0,0.0,-0.668859428018339,0.04570583719936692,0.8397195713908334,-0.5891071019366666,-0.5600765185513845,0.3131320470980725,0.9984481167687275,0.9648610660611957,-0.8569561157796451,-0.5116490166414523,3
1776680072.778743,582,1776680072.778743,1776680072.778794,1776680072.629499,1776680072.631426,0.7477190994314571,-0.9109424233743915,0.43804246227800775,0.9042553191489363,0.0,0.0,-0.04495634336497974,0.6911356587038145,0.8226348071588958,-0.037952967552937825,0.011630528865386994,-0.013467875184421116,0.9984481167687275,0.9648610660611957,-0.8569561157796451,-0.5116490166414523,3
1776680072.82877,583,1776680072.82877,1776680072.828808,1776680072.629499,1776680072.780183,0.7482756619560454,-0.9090518476081353,0.3812257978368273,0.8865248226950355,0.07142857142857142,0.0,-0.1293860573741492,0.21052680327745482,0.80752517831198,0.453794367749887,-0.2403133478320956,-0.001683879304080801,0.9984481167687275,0.9567520813060871,-0.8536881419234361,-0.5213313161875945,3
1776680072.878811,584,1776680072.878811,1776680072.87885,1776680072.629499,1776680072.780183,0.7488768171281338,-0.9022199942709825,0.2208572573107224,0.9574468085106385,0.5714285714285714,0.0,-0.40350902921502385,-0.38088660779721184,0.8348804649319773,-0.38613800065649717,-0.7131790839594714,0.11868663732778147,0.9984481167687275,0.9567520813060871,-0.8536881419234361,-0.5213313161875945,3
1776680072.92876,585,1776680072.92876,1776680072.87885,1776680072.629499,1776680072.928553,0.7493970201786626,-0.9009452878831281,0.20750433969822407,0.8297872340425533,0.07142857142857142,0.0,-0.40350902921502385,-0.38088660779721184,0.8348804649319773,-0.38613800065649717,-0.7131790839594714,0.11868663732778147,0.9984481167687275,0.9482106173640393,-0.8498599439775911,-0.524659606656581,3
1776680072.978793,586,1776680072.978793,1776680072.928818,1776680072.629499,1776680072.928553,0.7499849132659656,-0.9039386995130336,0.29770329817065033,0.9361702127659576,-0.35714285714285715,0.0,0.19517531397397284,-0.8559554669979472,0.7546908433496236,0.6188105014771187,0.455423579642574,-0.13804651045237273,0.9984481167687275,0.9482106173640393,-0.8498599439775911,-0.524659606656581,3
1776680073.028756,587,1776680073.028756,1776680073.028813,1776680072.629499,1776680072.928553,0.750560745866769,-0.9016757376109997,0.2577113099212178,0.9184397163120569,0.14285714285714285,0.0,-0.0690788569165932,0.5318558466353062,0.6945486890767402,-0.5363024346135028,0.6976717121389554,-0.049663382101595106,0.9984481167687275,0.9482106173640393,-0.8498599439775911,-0.524659606656581,3
1776680073.078768,588,1776680073.078768,1776680073.078819,1776680072.629499,1776680073.077368,0.7510906062072253,-0.9103408765396737,0.5381893443717453,0.8439716312056738,-0.9285714285714285,0.0,0.8135963424850644,-0.34349018604430376,0.8695437359661868,0.30032886791401125,-0.05813809707382004,-0.1632983815171342,0.9984481167687275,0.9380473564709698,-0.8449112978524744,-0.5273827534039335,3
1776680073.128694,589,1776680073.128694,1776680073.078819,1776680072.629499,1776680073.077368,0.751659585247435,-0.91314809510169,0.6548270797169182,0.9078014184397164,-0.42857142857142855,0.0,0.8135963424850644,-0.34349018604430376,0.8695437359661868,0.30032886791401125,-0.05813809707382004,-0.1632983815171342,0.9984481167687275,0.9380473564709698,-0.8449112978524744,-0.5273827534039335,3
1776680073.178773,590,1776680073.178773,1776680073.128738,1776680072.629499,1776680073.077368,0.7521473896478836,-0.9037238613577773,0.44752303378288155,0.7765957446808511,0.7857142857142857,0.0,-0.5317979420979017,0.23268678817995203,0.7845150904768194,0.03135083579519766,-0.31395154309987416,-0.22053764086298022,0.9984481167687275,0.9380473564709698,-0.8449112978524744,-0.5273827534039335,3
1776680073.228718,591,1776680073.228718,1776680073.178828,1776680073.229185,1776680073.225728,0.7527274945981483,-0.9017473503294187,0.4108692749365736,0.9255319148936172,0.07142857142857142,0.0,0.4462720001759831,-0.0027705770047897526,0.7885640932505614,-0.31353313142949163,0.42829295258322847,-0.001683879304080801,0.9983642311886588,0.9281003351713699,-0.8380952380952381,-0.5231467473524962,3
1776680073.278711,592,1776680073.278711,1776680073.27875,1776680073.229185,1776680073.225728,0.7532681248195379,-0.9021197364651963,0.45760448658031777,0.8617021276595745,-0.14285714285714285,0.0,-0.1732452562478575,0.38088660779721184,0.8011060295865804,-0.036305531298192154,0.1782911341765891,0.008416237272178712,0.9983642311886588,0.9281003351713699,-0.8380952380952381,-0.5231467473524962,3
1776680073.328683,593,1776680073.328683,1776680073.328713,1776680073.229185,1776680073.225728,0.7538175222580508,-0.9016184474362646,0.49766323941781276,0.8758865248226951,-0.07142857142857142,0.0,-0.2993417133052372,0.3351796128138897,0.820067114647999,0.36798523500740105,-0.14341409483354306,0.1388900297285258,0.9983642311886588,0.9281003351713699,-0.8380952380952381,-0.5231467473524962,3
1776680073.382009,594,1776680073.382009,1776680073.328713,1776680073.229185,1776680073.374742,0.7544391046009999,-0.8947865940991121,0.2946988917078382,0.9290780141843973,0.5,0.0,-0.2993417133052372,0.3351796128138897,0.820067114647999,0.36798523500740105,-0.14341409483354306,0.1388900297285258,0.9983642311886588,0.9206400691966699,-0.8352941176470589,-0.5231467473524962,3
1776680073.428745,595,1776680073.428745,1776680073.428783,1776680073.229185,1776680073.374742,0.7549258409140834,-0.8947579490117445,0.3415008679396448,0.8297872340425533,-0.07142857142857142,0.0,0.6184210285110916,-0.6717450930221519,0.8410033350944394,0.3811894985228814,0.03876115592473252,0.07407489313842877,0.9983642311886588,0.9206400691966699,-0.8352941176470589,-0.5231467473524962,3
1776680073.478724,596,1776680073.478724,1776680073.428783,1776680073.229185,1776680073.374742,0.7555042102223795,-0.898825551417932,0.488316197089064,0.921985815602837,-0.5,0.0,0.6184210285110916,-0.6717450930221519,0.8410033350944394,0.3811894985228814,0.03876115592473252,0.07407489313842877,0.9983642311886588,0.9206400691966699,-0.8352941176470589,-0.5231467473524962,3
1776680073.528724,597,1776680073.528724,1776680073.528767,1776680073.229185,1776680073.527314,0.7560448404437691,-0.8954024634775137,0.3981840032047002,0.8617021276595745,0.21428571428571427,0.0,0.19517531397397284,0.34626076304909353,0.7665415731079117,-0.3399354650910735,0.48061942203763375,-0.058079619373773816,0.9983642311886588,0.914152881392583,-0.8322128851540617,-0.5307110438729198,3
1776680073.579421,598,1776680073.579421,1776680073.579459,1776680073.229185,1776680073.527314,0.7565775045135592,-0.9030936694356918,0.6859393777540392,0.8368794326241135,-0.8571428571428571,0.0,0.4846491429074237,0.6855956624781901,0.9064783383965129,-0.16501613372723165,0.0019347846642857665,-0.1666661401252958,0.9983642311886588,0.914152881392583,-0.8322128851540617,-0.5307110438729198,3
1776680073.628667,599,1776680073.628667,1776680073.628707,1776680073.229185,1776680073.527314,0.7571233861644947,-0.9083357204239474,0.9094672185872613,0.8829787234042554,-0.7142857142857143,0.0,-0.2521929141147593,0.6814403758629832,0.7991308942015585,-0.04785616518954807,0.03100747001447452,-0.42339928790545,0.9983642311886588,0.914152881392583,-0.8322128851540617,-0.5307110438729198,3
1776680073.678682,600,1776680073.678682,1776680073.678715,1776680073.229185,1776680073.672774,0.7576283689700684,-0.9003867086794616,0.7325410602216584,0.8049645390070923,0.5714285714285714,0.0,0.6063597717352849,-0.12603867693080736,0.8106853453969093,-0.305277370047627,0.4341118538292007,-0.14814662702863227,0.9983642311886588,0.9074494539950265,-0.8289449112978525,-0.534947049924357,3
1776680073.728709,601,1776680073.728709,1776680073.678715,1776680073.229185,1776680073.672774,0.7582270319383045,-0.8932684044686338,0.5889304312992389,0.9539007092198583,0.5,0.0,0.6063597717352849,-0.12603867693080736,0.8106853453969093,-0.305277370047627,0.4341118538292007,-0.14814662702863227,0.9983642311886588,0.9074494539950265,-0.8289449112978525,-0.534947049924357,3
1776680073.780321,602,1776680073.780321,1776680073.728756,1776680073.229185,1776680073.672774,0.7588058017793624,-0.8886565454024635,0.47175857924956605,0.8936170212765958,0.2857142857142857,0.0,-0.7192978275255864,-0.14404453300205275,0.7934031171575749,-0.38613800065649717,-0.5581417338870988,-0.10774300147536893,0.9983642311886588,0.9074494539950265,-0.8289449112978525,-0.534947049924357,3
1776680073.828728,603,1776680073.828728,1776680073.780375,1776680073.829198,1776680073.821622,0.7593744247904503,-0.8852907476367804,0.42649218854319665,0.9361702127659576,0.21428571428571427,0.0,0.2609645705737965,-0.20360093965745804,0.7390874719323736,0.19636696952242927,0.7034906133849276,-0.07996689107859895,0.9982384028185556,0.9019353443615526,-0.8284780578898226,-0.529500756429652,3
1776680073.878735,604,1776680073.878735,1776680073.878781,1776680073.829198,1776680073.821622,0.7599818549758097,-0.8783156688627901,0.23621311256509547,0.9680851063829788,0.5714285714285714,0.0,-0.34539428458296595,-0.42105244877095444,0.8139443270373794,-0.394387568668983,-0.49224995090302076,0.23316515601947357,0.9982384028185556,0.9019353443615526,-0.8284780578898226,-0.529500756429652,3
1776680073.928681,605,1776680073.928681,1776680073.928721,1776680073.829198,1776680073.821622,0.7605241763355276,-0.8776997994843886,0.2529042595807184,0.8652482269503546,0.0,0.0,0.23574582910943398,-0.9612188686366747,0.790341682076344,0.5478530685048587,0.18023319246743233,0.05471502001383751,0.9982384028185556,0.9019353443615526,-0.8284780578898226,-0.529500756429652,3
1776680073.980194,606,1776680073.980194,1776680073.928721,1776680073.829198,1776680073.970013,0.7611203025962712,-0.8821254654826698,0.4041928161303245,0.921985815602837,-0.5,0.0,0.23574582910943398,-0.9612188686366747,0.790341682076344,0.5478530685048587,0.18023319246743233,0.05471502001383751,0.9982384028185556,0.8995567088333873,-0.8292250233426705,-0.5261724659606656,3
1776680074.028674,607,1776680074.028674,1776680074.028708,1776680073.829198,1776680073.970013,0.7616466916527905,-0.8783299914064738,0.2973694752303378,0.8652482269503546,0.2857142857142857,0.0,0.2116223989792982,0.4944594248823981,0.7371124190991943,-0.4735945696537287,0.6472873009753933,0.13467875184421116,0.9982384028185556,0.8995567088333873,-0.8292250233426705,-0.5261724659606656,3
1776680074.078659,608,1776680074.078659,1776680074.0787,1776680073.829198,1776680073.970013,0.7621717010964629,-0.8840160412489259,0.5176258512484978,0.8368794326241135,-0.6428571428571428,0.0,0.28289462829991185,0.07479168572186093,0.8867272322018228,0.10230826876745755,0.10465293890881054,0.023567991760680626,0.9982384028185556,0.8995567088333873,-0.8292250233426705,-0.5261724659606656,3
1776680074.128687,609,1776680074.128687,1776680074.0787,1776680073.829198,1776680074.117944,0.7627372978600158,-0.8847608135204814,0.6044865803177994,0.9007092198581561,-0.21428571428571427,0.0,0.28289462829991185,0.07479168572186093,0.8867272322018228,0.10230826876745755,0.10465293890881054,0.023567991760680626,0.9982384028185556,0.8995567088333873,-0.8317460317460318,-0.518910741301059,3
1776680074.179841,610,1776680074.179841,1776680074.128724,1776680073.829198,1776680074.117944,0.7632538961156867,-0.8781294757949012,0.4439845106155695,0.8049645390070923,0.5,0.0,-0.28289462829991185,0.1758998007453813,0.8136480484744419,-0.02145383152796616,-0.11046456652822532,-0.010100116576259513,0.9982384028185556,0.8995567088333873,-0.8317460317460318,-0.518910741301059,3
1776680074.228669,611,1776680074.228669,1776680074.228721,1776680073.829198,1776680074.117944,0.7638209169957266,-0.874119163563449,0.372212578448391,0.9255319148936172,0.2857142857142857,0.0,-0.8190783986273321,-0.19113623759579215,0.7959707271166292,-0.41254033431807907,-0.6298451444905916,0.13973038975645355,0.9982384028185556,0.8995567088333873,-0.8317460317460318,-0.518910741301059,3
1776680074.278656,612,1776680074.278656,1776680074.228721,1776680073.829198,1776680074.26706,0.7643681337558688,-0.8731309080492696,0.3621978902390172,0.8723404255319149,0.0,0.0,-0.8190783986273321,-0.19113623759579215,0.7959707271166292,-0.41254033431807907,-0.6298451444905916,0.13973038975645355,0.9982384028185556,0.896204995134609,-0.8329598506069095,-0.5167927382753403,3
1776680074.328671,613,1776680074.328671,1776680074.278693,1776680073.829198,1776680074.26706,0.7649358666941521,-0.8771555428244057,0.5191614367739351,0.9042553191489363,-0.5,0.0,-0.009868800950308614,0.48337943243114945,0.7976495839387134,-0.009903197636610244,0.23643650487696663,-0.06144737798193541,0.9982384028185556,0.896204995134609,-0.8329598506069095,-0.5167927382753403,3
1776680074.381331,614,1776680074.381331,1776680074.381373,1776680073.829198,1776680074.26706,0.7655333725677426,-0.8718848467487826,0.41721191080251036,0.9042553191489363,0.35714285714285715,0.0,-0.4627190851813084,-0.3822713174076291,0.8189808149517898,-0.31187950180536717,-0.46898889317224673,0.10858652075152196,0.9982384028185556,0.896204995134609,-0.8329598506069095,-0.5167927382753403,3
1776680074.428679,615,1776680074.428679,1776680074.381373,1776680074.429148,1776680074.415689,0.7660200643771858,-0.8715840733314237,0.42669248230738416,0.8191489361702129,-0.07142857142857142,0.0,-0.4627190851813084,-0.3822713174076291,0.8189808149517898,-0.31187950180536717,-0.46898889317224673,0.10858652075152196,0.9983222883986244,0.8897178073305221,-0.8328664799253035,-0.5234493192133131,3
1776680074.478647,616,1776680074.478647,1776680074.428719,1776680074.429148,1776680074.415689,0.766602706034943,-0.8710971068461759,0.49005207637868875,0.9290780141843973,-0.07142857142857142,0.0,0.5109650288630577,-0.34349018604430376,0.8958127228899748,0.2574273982274577,-0.12597193834874132,0.08080725110652669,0.9983222883986244,0.8897178073305221,-0.8328664799253035,-0.5234493192133131,3
1776680074.528793,617,1776680074.528793,1776680074.528833,1776680074.429148,1776680074.415689,0.7671560642974353,-0.8654826697221428,0.356189077313393,0.8794326241134752,0.42857142857142855,0.0,0.31907839862733206,0.23545736518474178,0.7790835094439309,-0.38613800065649717,0.48061942203763375,0.2230650394432141,0.9983222883986244,0.8897178073305221,-0.8328664799253035,-0.5234493192133131,3
1776680074.584828,618,1776680074.584828,1776680074.584867,1776680074.429148,1776680074.564352,0.767759711673376,-0.8716700085935263,0.5843904393109894,0.8581560283687943,-0.6428571428571428,0.0,0.20723657074977958,0.4903052960511462,0.8991704365341435,-0.018152765649096077,0.0019347846642857665,0.20959716425879296,0.9983222883986244,0.8836630987133743,-0.8341736694677871,-0.5325264750378215,3
1776680074.628625,619,1776680074.628625,1776680074.628663,1776680074.429148,1776680074.564352,0.7682470265337824,-0.8721856201661415,0.6545600213646682,0.8865248226950355,-0.21428571428571427,0.0,-0.05701760014078646,0.8060943431833734,0.8198696506406024,-0.06435530121451974,0.03876115592473252,-0.01851951309666352,0.9983222883986244,0.8836630987133743,-0.8341736694677871,-0.5325264750378215,3
1776680074.678657,620,1776680074.678657,1776680074.628663,1776680074.429148,1776680074.564352,0.768763357767612,-0.863391578344314,0.4207504339698224,0.822695035460993,0.7142857142857143,0.0,-0.05701760014078646,0.8060943431833734,0.8198696506406024,-0.06435530121451974,0.03876115592473252,-0.01851951309666352,0.9983222883986244,0.8836630987133743,-0.8341736694677871,-0.5325264750378215,3
1776680074.72861,621,1776680074.72861,1776680074.728647,1776680074.429148,1776680074.712833,0.7693457324035278,-0.8593382984818104,0.3473761516891441,0.9290780141843973,0.2857142857142857,0.0,-0.41118445776131196,-0.4099724563197058,0.8320165764099855,-0.40098970042672316,-0.6996137704297987,0.10101064350727101,0.9983222883986244,0.8800951454211265,-0.834733893557423,-0.5428139183055976,3
1776680074.778612,622,1776680074.778612,1776680074.728647,1776680074.429148,1776680074.712833,0.76989094649986,-0.8584359782297337,0.3473761516891441,0.8687943262411348,0.0,0.0,-0.41118445776131196,-0.4099724563197058,0.8320165764099855,-0.40098970042672316,-0.6996137704297987,0.10101064350727101,0.9983222883986244,0.8800951454211265,-0.834733893557423,-0.5428139183055976,3
1776680074.828605,623,1776680074.828605,1776680074.828643,1776680074.429148,1776680074.712833,0.7704560982270107,-0.8617874534517331,0.4908532514354386,0.9007092198581561,-0.42857142857142855,0.0,-0.09100891464270854,0.4307477316117858,0.8289551413287545,0.41254033431807907,-0.22287119134729386,-0.1203705166318623,0.9983222883986244,0.8800951454211265,-0.834733893557423,-0.5428139183055976,3
1776680074.878741,624,1776680074.878741,1776680074.878818,1776680074.429148,1776680074.864618,0.7710361141699947,-0.8575336579776569,0.4071972225931366,0.921985815602837,0.2857142857142857,0.0,-0.5921051425554577,-0.14265982339163547,0.7931068385946374,-0.40759183218446327,-0.3546547573154499,0.026095390340914477,0.9983222883986244,0.8806357444048004,-0.8351073762838469,-0.5479576399394857,3
1776680074.928655,625,1776680074.928655,1776680074.928692,1776680074.429148,1776680074.864618,0.7715648619194456,-0.85865081638499,0.4505274402456937,0.8439716312056738,-0.21428571428571427,0.0,0.7368420570221831,-0.5318558466353062,0.8421884493461894,0.38778543691124284,0.06201494002894904,-0.16750965940144882,0.9983222883986244,0.8806357444048004,-0.8351073762838469,-0.5479576399394857,3
1776680074.978597,626,1776680074.978597,1776680074.928692,1776680074.429148,1776680074.864618,0.7721561817870455,-0.8609424233743913,0.5805848577914274,0.9432624113475179,-0.35714285714285715,0.0,0.7368420570221831,-0.5318558466353062,0.8421884493461894,0.38778543691124284,0.06201494002894904,-0.16750965940144882,0.9983222883986244,0.8806357444048004,-0.8351073762838469,-0.5479576399394857,3
1776680075.028632,627,1776680075.028632,1776680075.028666,1776680075.029039,1776680075.010907,0.7726859976238617,-0.8565883700945288,0.4937241287221258,0.8439716312056738,0.2857142857142857,0.0,0.3804827435761594,0.040165840973742616,0.7672328622374852,-0.3531335352371751,0.4961267938581498,-0.0008403600279277544,0.9982803456085899,0.8832306195264352,-0.8357609710550887,-0.5591527987897125,3
1776680075.078729,628,1776680075.078729,1776680075.028666,1776680075.029039,1776680075.010907,0.7732211984011444,-0.8624892580922373,0.6977567098411003,0.851063829787234,-0.7142857142857143,0.0,0.3804827435761594,0.040165840973742616,0.7672328622374852,-0.3531335352371751,0.4961267938581498,-0.0008403600279277544,0.9982803456085899,0.8832306195264352,-0.8357609710550887,-0.5591527987897125,3
1776680075.128597,629,1776680075.128597,1776680075.128633,1776680075.029039,1776680075.010907,0.773778205962135,-0.860613004869665,0.7243957804780344,0.8900709219858157,0.0,0.0,-0.25328914202750835,0.3698066153459632,0.8106853453969093,-0.05775316945677957,0.021318999439930757,0.01935987312459127,0.9982803456085899,0.8832306195264352,-0.8357609710550887,-0.5591527987897125,3
1776680075.178615,630,1776680075.178615,1776680075.180629,1776680075.029039,1776680075.159251,0.7742766467325962,-0.8531366370667431,0.5507410869274936,0.7943262411347519,0.5714285714285714,0.0,0.6293860573741492,-0.4238230257757442,0.8913687921014397,0.06930380334813549,-0.04263799887986151,0.10774300147536893,0.9982803456085899,0.8867985728186831,-0.8374416433239963,-0.5763993948562783,3
1776680075.22857,631,1776680075.22857,1776680075.228603,1776680075.029039,1776680075.159251,0.7748722834532973,-0.8451160126038386,0.3572573107223928,0.9503546099290782,0.6428571428571428,0.0,-0.6249993125661083,-0.3393348994290967,0.789749124950469,-0.3894390665353673,-0.544576420357426,0.18350177391787847,0.9982803456085899,0.8867985728186831,-0.8374416433239963,-0.5763993948562783,3
1776680075.278598,632,1776680075.278598,1776680075.278635,1776680075.029039,1776680075.159251,0.7754021437937539,-0.8434975651675739,0.3338897049005208,0.8439716312056738,0.07142857142857142,0.0,-0.12609645705737965,0.29916905845535413,0.7585423821159689,0.0709574329722599,0.4573656379334173,-0.0058919979401701565,0.9982803456085899,0.8867985728186831,-0.8374416433239963,-0.5763993948562783,3
1776680075.328583,633,1776680075.328583,1776680075.328622,1776680075.029039,1776680075.307799,0.7759894583337339,-0.8482812947579491,0.4807050340499399,0.9361702127659576,-0.5714285714285714,0.0,-0.31359634248506435,0.08448696856269226,0.7751333212257298,0.4174888364516948,-0.0717034106034928,-0.06313125728601622,0.9982803456085899,0.8914477240782787,-0.8375350140056023,-0.5924357034795764,3
1776680075.378836,634,1776680075.378836,1776680075.378876,1776680075.029039,1776680075.307799,0.7765798881285294,-0.8469063305643083,0.5042061690479369,0.9361702127659576,0.0,0.0,-0.46052571277728793,0.26038792709202874,0.7788860454365342,-0.5495066981289831,0.05232646945440527,-0.033671267585165435,0.9982803456085899,0.8914477240782787,-0.8375350140056023,-0.5924357034795764,3
1776680075.428575,635,1776680075.428575,1776680075.378876,1776680075.029039,1776680075.307799,0.7770914129692154,-0.8549269550272129,0.7930965415943384,0.8191489361702129,-0.9285714285714285,0.0,-0.46052571277728793,0.26038792709202874,0.7788860454365342,-0.5495066981289831,0.05232646945440527,-0.033671267585165435,0.9982803456085899,0.8914477240782787,-0.8375350140056023,-0.5924357034795764,3
1776680075.478585,636,1776680075.478585,1776680075.428612,1776680075.029039,1776680075.457106,0.7776880732736415,-0.8583786880549986,0.9467218587261317,0.9503546099290782,-0.5714285714285714,0.0,0.5131574846885558,0.3656513287307562,0.8753703275657112,0.08745656899723156,0.14922572245295782,-0.2037020070703975,0.9982803456085899,0.8986917504595091,-0.838468720821662,-0.6024205748865356,3
1776680075.528617,637,1776680075.528617,1776680075.528653,1776680075.029039,1776680075.457106,0.7782199362779078,-0.8502148381552564,0.7930297770062759,0.847517730496454,0.5714285714285714,0.0,0.5109650288630577,-0.10526340163872741,0.7716768755778629,-0.32508376532084754,0.6143377726700756,-0.1321545125122026,0.9982803456085899,0.8986917504595091,-0.838468720821662,-0.6024205748865356,3
1776680075.578627,638,1776680075.578627,1776680075.528653,1776680075.029039,1776680075.457106,0.7787985726080451,-0.8487109710684618,0.8097209240218988,0.921985815602837,-0.07142857142857142,0.0,0.5109650288630577,-0.10526340163872741,0.7716768755778629,-0.32508376532084754,0.6143377726700756,-0.1321545125122026,0.9982803456085899,0.8986917504595091,-0.838468720821662,-0.6024205748865356,3
1776680075.628619,639,1776680075.628619,1776680075.578668,1776680075.629055,1776680075.605731,0.7793703553775886,-0.8479232311658551,0.8531179062625184,0.9113475177304966,-0.14285714285714285,0.0,-0.23903451284768118,0.1772856681397538,0.9202053889842822,-0.30198249753813566,-0.16472582064691635,-0.14478202766869597,0.9981125744484524,0.9044220996864526,-0.8368814192343604,-0.6084720121028744,3
1776680075.678694,640,1776680075.678694,1776680075.678734,1776680075.629055,1776680075.605731,0.7798982575578753,-0.8407189916929247,0.7026972893577247,0.8404255319148937,0.5,0.0,0.5734646851461118,-0.4584488705238625,0.9101323306036191,0.07755956473000006,-0.1531025654080868,0.027779269644995278,0.9981125744484524,0.9044220996864526,-0.8368814192343604,-0.6084720121028744,3
1776680075.728562,641,1776680075.728562,1776680075.728767,1776680075.629055,1776680075.605731,0.780506132779637,-0.8315239186479519,0.4696221124315663,0.971631205673759,0.7142857142857143,0.0,-0.4682011413235761,-0.3365654802082622,0.8091052205785233,-0.40593820256033897,-0.6065913603863751,0.2466330312038947,0.9981125744484524,0.9044220996864526,-0.8368814192343604,-0.6084720121028744,3
1776680075.778634,642,1776680075.778634,1776680075.728767,1776680075.629055,1776680075.75513,0.7810520144305724,-0.828143798338585,0.41280544799038593,0.8687943262411348,0.21428571428571427,0.0,-0.4682011413235761,-0.3365654802082622,0.8091052205785233,-0.40593820256033897,-0.6065913603863751,0.2466330312038947,0.9981125744484524,0.910152448913396,-0.8366946778711485,-0.6193645990922844,3
1776680075.82864,643,1776680075.82864,1776680075.828676,1776680075.629055,1776680075.75513,0.7816285590896194,-0.831996562589516,0.5563493123247429,0.9184397163120569,-0.5,0.0,-0.46491245758532884,0.09556811879789608,0.783231244221371,0.4339941658460452,-0.1976753489522341,0.08249113041060749,0.9981125744484524,0.910152448913396,-0.8366946778711485,-0.6193645990922844,3
1776680075.87863,644,1776680075.87863,1776680075.878669,1776680075.629055,1776680075.75513,0.7821913076201982,-0.8290604411343455,0.5029376418747497,0.897163120567376,0.14285714285714285,0.0,-0.3355264002111797,0.0235458522968697,0.8002172764496104,-0.4356416021007909,-0.14728366416211458,0.13636263114829195,0.9981125744484524,0.910152448913396,-0.8366946778711485,-0.6193645990922844,3
1776680075.928622,645,1776680075.928622,1776680075.928659,1776680075.629055,1776680075.903171,0.7827052801610962,-0.8299627613864223,0.5830551475497395,0.8191489361702129,-0.21428571428571427,0.0,0.3344292557199083,-0.1939056568166267,0.8598656881521596,0.21617336479564978,0.22287119134729386,-0.004208118636089356,0.9981125744484524,0.9160990377338091,-0.8330532212885154,-0.6254160363086233,3
1776680075.978611,646,1776680075.978611,1776680075.928659,1776680075.629055,1776680075.903171,0.78330145092548,-0.8275708965912346,0.53965816530912,0.9503546099290782,0.07142857142857142,0.0,0.3344292557199083,-0.1939056568166267,0.8598656881521596,0.21617336479564978,0.22287119134729386,-0.004208118636089356,0.9981125744484524,0.9160990377338091,-0.8330532212885154,-0.6254160363086233,3
1776680076.028553,647,1776680076.028553,1776680075.97865,1776680075.629055,1776680075.903171,0.7838435942706371,-0.821870524205099,0.4262918947790092,0.8652482269503546,0.42857142857142855,0.0,-0.8146925703978135,-0.4487535876830312,0.7614062706379606,0.36303673287378535,-0.16472582064691635,0.020203392400744317,0.9981125744484524,0.9160990377338091,-0.8330532212885154,-0.6254160363086233,3
1776680076.078631,648,1776680076.078631,1776680076.078676,1776680075.629055,1776680076.051593,0.7843897429434139,-0.8286307648238328,0.6469488583255442,0.8687943262411348,-0.7857142857142857,0.0,0.03508754241467113,0.585872257065087,0.9131936831330075,-0.1666635699819773,-0.05038441116356204,0.12205439593594308,0.9981125744484524,0.9183695534652395,-0.8280112044817928,-0.6317700453857791,3
1776680076.128594,649,1776680076.128594,1776680076.12863,1776680075.629055,1776680076.051593,0.7849368261926353,-0.8305070180464051,0.7336760582187208,0.8723404255319149,-0.35714285714285715,0.0,-0.05153462741999645,0.5803322608394629,0.8189808149517898,-0.05445829694728824,0.14341409483354306,-0.03198738828108463,0.9981125744484524,0.9183695534652395,-0.8280112044817928,-0.6317700453857791,3
1776680076.178549,650,1776680076.178549,1776680076.178587,1776680075.629055,1776680076.051593,0.7854391387797957,-0.8258665138928675,0.6469488583255442,0.8014184397163121,0.2857142857142857,0.0,0.47039451372759655,-0.6481992407252821,0.940845330867785,0.2706254683735593,-0.2771324454659849,-0.03871974624918254,0.9981125744484524,0.9183695534652395,-0.8280112044817928,-0.6317700453857791,3
1776680076.228518,651,1776680076.228518,1776680076.178587,1776680076.22902,1776680076.200813,0.786019421744621,-0.8190489830993986,0.4734944585391908,0.9255319148936172,0.5,0.0,0.47039451372759655,-0.6481992407252821,0.940845330867785,0.2706254683735593,-0.2771324454659849,-0.03871974624918254,0.9980706316584179,0.9190182722456481,-0.8258636788048552,-0.648714069591528,3
1776680076.278551,652,1776680076.278551,1776680076.228556,1776680076.22902,1776680076.200813,0.7865537769527396,-0.8171154397020911,0.440112164507945,0.851063829787234,0.07142857142857142,0.0,-0.466008685498078,-0.35595604588992485,0.8178945152555805,-0.3069309996717514,-0.463177265552832,0.12205439593594308,0.9980706316584179,0.9190182722456481,-0.8258636788048552,-0.648714069591528,3
1776680076.328582,653,1776680076.328582,1776680076.328619,1776680076.22902,1776680076.200813,0.7871505707680866,-0.8201518189630479,0.5870610228334892,0.9503546099290782,-0.42857142857142855,0.0,-0.7993417133052372,-0.24653735763599038,0.775232053229428,0.5412509367471185,-0.1976753489522341,0.12710287459996017,0.9980706316584179,0.9190182722456481,-0.8258636788048552,-0.648714069591528,3
1776680076.378548,654,1776680076.378548,1776680076.328619,1776680076.22902,1776680076.349149,0.7877330344112827,-0.8134918361501003,0.4136066230471358,0.9290780141843973,0.5,0.0,-0.7993417133052372,-0.24653735763599038,0.775232053229428,0.5412509367471185,-0.1976753489522341,0.12710287459996017,0.9980706316584179,0.9173964752946264,-0.8222222222222223,-0.6623298033282905,3
1776680076.428623,655,1776680076.428623,1776680076.428658,1776680076.22902,1776680076.349149,0.7882724185307461,-0.8167144084789459,0.5740419281613032,0.8581560283687943,-0.42857142857142855,0.0,0.22697325607187444,0.4224371583813717,0.8920599986791705,0.05775316945677957,0.017442156484801758,0.1801340153097169,0.9980706316584179,0.9173964752946264,-0.8222222222222223,-0.6623298033282905,3
1776680076.478544,656,1776680076.478544,1776680076.428658,1776680076.22902,1776680076.349149,0.7888545261448207,-0.8186765969636208,0.6807317398851649,0.9290780141843973,-0.35714285714285715,0.0,0.22697325607187444,0.4224371583813717,0.8920599986791705,0.05775316945677957,0.017442156484801758,0.1801340153097169,0.9980706316584179,0.9173964752946264,-0.8222222222222223,-0.6623298033282905,3
1776680076.528567,657,1776680076.528567,1776680076.478582,1776680076.22902,1776680076.498462,0.7893909285203893,-0.8126181609853911,0.5437975697689945,0.8546099290780143,0.42857142857142855,0.0,-0.6271926849701287,-0.23822678440557635,0.7850088330471536,0.44224373385853105,-0.27519038717514166,-0.08249113041060749,0.9980706316584179,0.9195588712293221,-0.8219421101774043,-0.6704992435703478,3
1776680076.578532,658,1776680076.578532,1776680076.528605,1776680076.22902,1776680076.498462,0.7899136237747704,-0.8169722142652536,0.7105755107490986,0.8333333333333334,-0.5714285714285714,0.0,0.42872777067938633,-0.2119115128878721,0.8645071654999339,-0.05445829694728824,-0.025195842395059755,-0.026095390340914477,0.9980706316584179,0.9195588712293221,-0.8219421101774043,-0.6704992435703478,3
1776680076.628523,659,1776680076.628523,1776680076.578573,1776680076.22902,1776680076.498462,0.7904676050882258,-0.8157977656831854,0.723928428361597,0.8829787234042554,-0.07142857142857142,0.0,0.1228068567406101,0.47783943620552516,0.8928500198124423,-0.24587676433610178,-0.08333393946887979,0.057239259345846054,0.9980706316584179,0.9195588712293221,-0.8219421101774043,-0.6704992435703478,3
1776680076.678536,660,1776680076.678536,1776680076.678576,1776680076.22902,1776680076.646867,0.7909793524471128,-0.8104268118017761,0.6371344638803578,0.8156028368794327,0.35714285714285715,0.0,0.43421074340017635,-0.4418277240630344,0.9099347840443799,0.1254095365501694,-0.20348697657164888,-0.08501536974261605,0.9980706316584179,0.9220456265542221,-0.8213818860877685,-0.6662632375189107,3
1776680076.728516,661,1776680076.728516,1776680076.678576,1776680076.22902,1776680076.646867,0.7915708948329138,-0.8050272128329993,0.5070102817465616,0.9432624113475179,0.35714285714285715,0.0,0.43421074340017635,-0.4418277240630344,0.9099347840443799,0.1254095365501694,-0.20348697657164888,-0.08501536974261605,0.9980706316584179,0.9220456265542221,-0.8213818860877685,-0.6662632375189107,3
1776680076.778527,662,1776680076.778527,1776680076.778568,1776680076.22902,1776680076.646867,0.7921117030688642,-0.8037095388140935,0.5070102817465616,0.8617021276595745,0.0,0.0,-0.04276297096095926,-0.22022208611828614,0.7499505514463082,0.2821761022649152,0.46124248088854625,-0.27188490226865614,0.9980706316584179,0.9220456265542221,-0.8213818860877685,-0.6662632375189107,3
1776680076.828579,663,1776680076.828579,1776680076.778568,1776680076.829154,1776680076.79734,0.7927042690383903,-0.8058435978229734,0.6373347576445454,0.9432624113475179,-0.35714285714285715,0.0,-0.04276297096095926,-0.22022208611828614,0.7499505514463082,0.2821761022649152,0.46124248088854625,-0.27188490226865614,0.9981545172384867,0.9208563087901395,-0.8183940242763772,-0.6617246596066566,3
1776680076.878538,664,1776680076.878538,1776680076.828622,1776680076.829154,1776680076.79734,0.7932711564075097,-0.801246061300487,0.5305781813326211,0.9042553191489363,0.2857142857142857,0.0,-0.6765348565646271,-0.31163491830097517,0.7698004721965395,0.47854926515672325,-0.1937985059971051,-0.15740638357696402,0.9981545172384867,0.9208563087901395,-0.8183940242763772,-0.6617246596066566,3
1776680076.928579,665,1776680076.928579,1776680076.928616,1776680076.829154,1776680076.79734,0.7937901133561122,-0.8049269550272129,0.7009614100680999,0.8262411347517732,-0.5,0.0,0.3015350857092577,0.09695282840831335,0.8998617256637168,-0.011550633891355914,0.0019347846642857665,0.026935750368842232,0.9981545172384867,0.9208563087901395,-0.8183940242763772,-0.6617246596066566,3
1776680076.978624,666,1776680076.978624,1776680076.978665,1776680076.829154,1776680076.944444,0.7943602939946077,-0.8037238613577772,0.7410869274936573,0.9078014184397164,-0.07142857142857142,0.0,-0.78508708412541,-0.4099724563197058,0.7715780610223221,0.37458736676514126,-0.1531025654080868,0.0530311407097567,0.9981545172384867,0.918585793058709,-0.8176470588235295,-0.6502269288956127,3
1776680077.028526,667,1776680077.028526,1776680077.028563,1776680076.829154,1776680076.944444,0.7948686590768378,-0.7961902033801204,0.5378555214314328,0.8120567375886526,0.5714285714285714,0.0,0.6721490283351085,-0.31578904713222705,0.887122160216616,0.033004465419322074,0.005811627619414764,0.09511864556710085,0.9981545172384867,0.918585793058709,-0.8176470588235295,-0.6502269288956127,3
1776680077.078554,668,1776680077.078554,1776680077.078593,1776680076.829154,1776680076.944444,0.795458599331591,-0.7946576912059582,0.5745760448658033,0.9397163120567378,0.0,0.0,-0.0833334860964204,0.8144049164137873,0.872802717606657,-0.6138619993435028,-0.18023319246743233,0.1868695325260401,0.9981545172384867,0.918585793058709,-0.8176470588235295,-0.6502269288956127,3
1776680077.128531,669,1776680077.128531,1776680077.078593,1776680076.829154,1776680077.092929,0.7960147613234173,-0.7974219421369236,0.7047002269995994,0.8865248226950355,-0.42857142857142855,0.0,-0.0833334860964204,0.8144049164137873,0.872802717606657,-0.6138619993435028,-0.18023319246743233,0.1868695325260401,0.9981545172384867,0.9171802357011569,-0.819234360410831,-0.6423600605143721,3
1776680077.178523,670,1776680077.178523,1776680077.128576,1776680076.829154,1776680077.092929,0.7965487605024141,-0.7970352334574621,0.7480972092402189,0.851063829787234,-0.14285714285714285,0.0,-0.1798244568813966,0.27977849277369143,0.7386924613657377,0.12046103441655363,0.5503880479768408,-0.06144737798193541,0.9981545172384867,0.9171802357011569,-0.819234360410831,-0.6423600605143721,3
1776680077.22849,671,1776680077.22849,1776680077.228532,1776680076.829154,1776680077.092929,0.7971245485995774,-0.7906617015181897,0.6313259447189211,0.9184397163120569,0.42857142857142855,0.0,-0.3815789714889085,0.03601055435853558,0.7933043851538766,-0.3960411982931074,-0.10465293890881054,-0.06229089725808846,0.9981545172384867,0.9171802357011569,-0.819234360410831,-0.6423600605143721,3
1776680077.278623,672,1776680077.278623,1776680077.278663,1776680076.829154,1776680077.242817,0.7976444401246244,-0.7926668576339159,0.748497796768594,0.8262411347517732,-0.35714285714285715,0.0,0.04605257127772879,-0.2631573463128633,0.7516294908202351,0.4257445978335594,0.5910839885658591,-0.4082475334169481,0.9981545172384867,0.914152881392583,-0.8205415499533147,-0.6332829046898638,3
1776680077.328484,673,1776680077.328484,1776680077.328522,1776680076.829154,1776680077.242817,0.7982459513258348,-0.7947865940991121,0.8750166911470156,0.9609929078014185,-0.42857142857142855,0.0,-0.8070171418515253,-0.3822713174076291,0.7711831330075287,0.48184413766621453,-0.3062051308161736,-0.47053843067503653,0.9981545172384867,0.914152881392583,-0.8205415499533147,-0.6332829046898638,3
1776680077.378494,674,1776680077.378494,1776680077.328522,1776680076.829154,1776680077.242817,0.7988177340953782,-0.7887854482956174,0.7748030444652158,0.9113475177304966,0.35714285714285715,0.0,-0.8070171418515253,-0.3822713174076291,0.7711831330075287,0.48184413766621453,-0.3062051308161736,-0.47053843067503653,0.9981545172384867,0.914152881392583,-0.8205415499533147,-0.6332829046898638,3
1776680077.428482,675,1776680077.428482,1776680077.428523,1776680077.428936,1776680077.39183,0.7993628146807896,-0.7896161558292754,0.8449058619308318,0.8687943262411348,-0.2857142857142857,0.0,-0.19298194156995238,0.05540112004019825,0.9053920387003037,-0.3316797037092089,-0.1744215648480176,-0.10353488283927957,0.9981545172384867,0.9139366417991134,-0.8205415499533147,-0.615733736762481,3
1776680077.478476,676,1776680077.478476,1776680077.428523,1776680077.428936,1776680077.39183,0.7999345974503331,-0.7880120309366944,0.8816263853652023,0.9113475177304966,-0.07142857142857142,0.0,-0.19298194156995238,0.05540112004019825,0.9053920387003037,-0.3316797037092089,-0.1744215648480176,-0.10353488283927957,0.9981545172384867,0.9139366417991134,-0.8205415499533147,-0.615733736762481,3
1776680077.528514,677,1776680077.528514,1776680077.528557,1776680077.428936,1776680077.39183,0.8004598739158469,-0.7807648238327127,0.7346107624515957,0.8368794326241135,0.5,0.0,0.5690788569165932,-0.16620451790454996,0.876160348698983,-0.10726296427045207,-0.03876115592473252,0.049663382101595106,0.9981545172384867,0.9139366417991134,-0.8205415499533147,-0.615733736762481,3
1776680077.578522,678,1776680077.578522,1776680077.578561,1776680077.428936,1776680077.540023,0.8010585813877232,-0.7793468920080207,0.7780077446922152,0.9539007092198583,-0.07142857142857142,0.0,-0.22916662847589495,0.6537392369509065,0.8737902027473253,-0.4735945696537287,-0.25581344602605416,0.20959716425879296,0.9981545172384867,0.9158827981403393,-0.8243697478991597,-0.5969742813918305,3
1776680077.628464,679,1776680077.628464,1776680077.628505,1776680077.428936,1776680077.540023,0.8016142983431473,-0.7794185047264395,0.8547202563760181,0.8865248226950355,-0.21428571428571427,0.0,-0.16337737187607126,0.14542924261247003,0.7525182439572051,0.13696636381090405,0.5096921073878224,0.03282774830901238,0.9981545172384867,0.9158827981403393,-0.8243697478991597,-0.5969742813918305,3
1776680077.678559,680,1776680077.678559,1776680077.628505,1776680077.428936,1776680077.540023,0.8021336113208717,-0.7744056144371241,0.7410201629055948,0.8262411347517732,0.2857142857142857,0.0,-0.16337737187607126,0.14542924261247003,0.7525182439572051,0.13696636381090405,0.5096921073878224,0.03282774830901238,0.9981545172384867,0.9158827981403393,-0.8243697478991597,-0.5969742813918305,3
1776680077.728463,681,1776680077.728463,1776680077.6786,1776680077.428936,1776680077.687876,0.8027064176741402,-0.7666427957605271,0.587728668714114,0.9148936170212767,0.5714285714285714,0.0,0.42543817036261683,-0.3698066153459632,0.9308710044908203,0.22112186692926553,-0.3527126990246067,0.06649901589417781,0.9981545172384867,0.9166396367174829,-0.830905695611578,-0.5779122541603631,3
1776680077.778458,682,1776680077.778458,1776680077.7285,1776680077.428936,1776680077.687876,0.803238191671126,-0.7658550558579205,0.6110962745359861,0.847517730496454,-0.07142857142857142,0.0,-0.3289471995776406,-0.13850453677642843,0.8102903348302735,-0.3300322674544633,-0.31395154309987416,0.1043784021154326,0.9981545172384867,0.9166396367174829,-0.830905695611578,-0.5779122541603631,3
1776680077.828505,683,1776680077.828505,1776680077.778497,1776680077.428936,1776680077.687876,0.8038574598247838,-0.7676167287310227,0.7113766858058486,0.9858156028368796,-0.35714285714285715,0.0,0.1063597717352848,-0.3254843299730584,0.7476792200501915,0.37623480301988693,0.6530989285948081,-0.0892266476269307,0.9981545172384867,0.9166396367174829,-0.830905695611578,-0.5779122541603631,3
1776680077.878507,684,1776680077.878507,1776680077.878545,1776680077.428936,1776680077.83691,0.8044292425943274,-0.7620739043254082,0.6212444919214849,0.9113475177304966,0.35714285714285715,0.0,-0.3037275415347558,-0.04570583719936692,0.7708867718927487,-0.46369756538649726,0.13371835063244183,0.09427512629094781,0.9981545172384867,0.9200994702129959,-0.8395891690009337,-0.5588502269288956,3
1776680077.928452,685,1776680077.928452,1776680077.878545,1776680077.428936,1776680077.83691,0.8049560766872488,-0.7654969922658265,0.767926291894779,0.8404255319148937,-0.5,0.0,-0.3037275415347558,-0.04570583719936692,0.7708867718927487,-0.46369756538649726,0.13371835063244183,0.09427512629094781,0.9981545172384867,0.9200994702129959,-0.8395891690009337,-0.5588502269288956,3
1776680077.978524,686,1776680077.978524,1776680077.978567,1776680077.428936,1776680077.83691,0.805524388172855,-0.7662704096247495,0.8648684737615169,0.9042553191489363,-0.2857142857142857,0.0,-0.8475876569869866,-0.1648198082941327,0.7717756075815613,0.4306930999671752,-0.33914738549493395,-0.025251871064761428,0.9981545172384867,0.9200994702129959,-0.8395891690009337,-0.5588502269288956,3
1776680078.028448,687,1776680078.028448,1776680078.028489,1776680078.028926,1776680077.986189,0.8060241195488826,-0.761314809510169,0.7748698090532782,0.797872340425532,0.2857142857142857,0.0,0.6600877715593018,-0.2950137718401471,0.8940351340641923,0.033004465419322074,-0.03294225467876029,-0.013467875184421116,0.9981964600285211,0.9207481889934047,-0.8442577030812325,-0.5328290468986384,3
1776680078.078458,688,1776680078.078458,1776680078.028489,1776680078.028926,1776680077.986189,0.8066204238241871,-0.7555141793182469,0.6446788623314194,0.9503546099290782,0.35714285714285715,0.0,0.6600877715593018,-0.2950137718401471,0.8940351340641923,0.033004465419322074,-0.03294225467876029,-0.013467875184421116,0.9981964600285211,0.9207481889934047,-0.8442577030812325,-0.5328290468986384,3
1776680078.128513,689,1776680078.128513,1776680078.078496,1776680078.028926,1776680077.986189,0.8071772533706167,-0.7523488971641364,0.6112298037121111,0.8865248226950355,0.14285714285714285,0.0,-0.4199561142203491,0.30332434507056116,0.8121667382115968,-0.5643522045298304,-0.16472582064691635,0.1818178946137977,0.9981964600285211,0.9207481889934047,-0.8442577030812325,-0.5328290468986384,3
1776680078.178505,690,1776680078.178505,1776680078.128553,1776680078.028926,1776680078.134495,0.8077155248990746,-0.7471784588942997,0.49445853919081323,0.8581560283687943,0.35714285714285715,0.0,0.08223725818367134,-0.35734075550034217,0.7257555144630828,0.3547871648612995,0.7422517693096601,0.05976349867785462,0.9981964600285211,0.9247486214725915,-0.8511671335200747,-0.5040847201210287,3
1776680078.228411,691,1776680078.228411,1776680078.228448,1776680078.028926,1776680078.134495,0.8083017268480492,-0.7407762818676598,0.3344905861930832,0.9361702127659576,0.5,0.0,-0.1381577138331864,-0.0886422551778993,0.8056487749306565,-0.32838483119971756,-0.1531025654080868,0.32912416161450225,0.9981964600285211,0.9247486214725915,-0.8511671335200747,-0.5040847201210287,3
1776680078.278458,692,1776680078.278458,1776680078.278498,1776680078.028926,1776680078.134495,0.8088407104347508,-0.7413491836150101,0.4013219388436373,0.8581560283687943,-0.14285714285714285,0.0,0.06798262900384414,0.11357397486914148,0.7474816734909523,0.44224373385853105,0.6337219874457205,-0.024411511036833675,0.9981964600285211,0.9247486214725915,-0.8511671335200747,-0.5040847201210287,3
1776680078.328424,693,1776680078.328424,1776680078.278498,1776680078.028926,1776680078.283145,0.8094479181019091,-0.7444571755943857,0.5180932033649353,0.9680851063829788,-0.42857142857142855,0.0,0.06798262900384414,0.11357397486914148,0.7474816734909523,0.44224373385853105,0.6337219874457205,-0.024411511036833675,0.9981964600285211,0.9303708509028003,-0.8575163398692811,-0.4816944024205749,3
1776680078.378498,694,1776680078.378498,1776680078.378536,1776680078.028926,1776680078.283145,0.8100249523009986,-0.7387138355771985,0.4077313392976365,0.9184397163120569,0.42857142857142855,0.0,-0.19736868637799332,0.03739642175290807,0.7211139545634659,-0.4950484011816949,0.4476771673588735,0.06565549661802476,0.9981964600285211,0.9303708509028003,-0.8575163398692811,-0.4816944024205749,3
1776680078.428424,695,1776680078.428424,1776680078.378536,1776680078.028926,1776680078.283145,0.8105272203845186,-0.7434545975365225,0.5777807450928027,0.8014184397163121,-0.5714285714285714,0.0,-0.19736868637799332,0.03739642175290807,0.7211139545634659,-0.4950484011816949,0.4476771673588735,0.06565549661802476,0.9981964600285211,0.9303708509028003,-0.8575163398692811,-0.4816944024205749,3
1776680078.478502,696,1776680078.478502,1776680078.428466,1776680078.028926,1776680078.431782,0.811097801555776,-0.745445431108565,0.6747229269595407,0.9078014184397164,-0.35714285714285715,0.0,0.2817984003871628,0.3379501898186794,0.8975903942676001,-0.2128722989167797,-0.06201494002894904,0.0530311407097567,0.9981964600285211,0.9366417991134176,-0.8600373482726424,-0.45748865355521934,3
1776680078.528394,697,1776680078.528394,1776680078.478541,1776680078.028926,1776680078.431782,0.8115971769026821,-0.7373961615582929,0.5048738149285619,0.797872340425532,0.6428571428571428,0.0,-0.3848685718056781,0.4542935839086555,0.7926130960243032,0.35808203737079086,-0.2616250736454689,-0.11195427935968358,0.9981964600285211,0.9366417991134176,-0.8600373482726424,-0.45748865355521934,3
1776680078.578426,698,1776680078.578426,1776680078.528433,1776680078.028926,1776680078.431782,0.8122005127531412,-0.733772558006302,0.41467485645613567,0.9609929078014185,0.21428571428571427,0.0,0.5350875424146712,-0.13988924638684572,0.8986766114119666,-0.036305531298192154,-0.11046456652822532,-0.06733937592210558,0.9981964600285211,0.9366417991134176,-0.8600373482726424,-0.45748865355521934,3
1776680078.628386,699,1776680078.628386,1776680078.578485,1776680078.628894,1776680078.580793,0.8127608135835079,-0.7355199083357205,0.5147549739618107,0.8936170212765958,-0.2857142857142857,0.0,-0.12171062882786106,-0.12603867693080736,0.815129358737287,-0.5759090317905651,-0.13566040892328507,0.04124714482941639,0.9981964600285211,0.9445345442750568,-0.8644257703081233,-0.4332829046898638,3
1776680078.678495,700,1776680078.678495,1776680078.678534,1776680078.628894,1776680078.580793,0.8133004647248128,-0.7341735892294472,0.5147549739618107,0.8581560283687943,0.0,0.0,0.5361837703274202,-0.14265982339163547,0.9358087604015322,0.305277370047627,-0.27519038717514166,-0.07828301177451813,0.9981964600285211,0.9445345442750568,-0.8644257703081233,-0.4332829046898638,3
1776680078.72839,701,1776680078.72839,1776680078.728437,1776680078.628894,1776680078.580793,0.8138731375671605,-0.7277570896591236,0.3448390973427694,0.9148936170212767,0.5,0.0,-0.34978011281248456,-0.19667623382141644,0.7784909523180557,-0.3102320655506215,-0.005811627619414764,0.06902325522618637,0.9981964600285211,0.9445345442750568,-0.8644257703081233,-0.4332829046898638,3
1776680078.778408,702,1776680078.778408,1776680078.778447,1776680078.628894,1776680078.730469,0.8143762512198448,-0.7269263821254656,0.3448390973427694,0.8014184397163121,0.0,0.0,0.4561398845477694,0.0470917045937394,0.7771084566107516,0.4504933018710169,0.5542648909319698,-0.06313125728601622,0.9981964600285211,0.950805492485674,-0.8688141923436041,-0.41301059001512863,3
1776680078.828396,703,1776680078.828396,1776680078.828435,1776680078.628894,1776680078.730469,0.8149614740887345,-0.7302492122600974,0.48838296167712647,0.9326241134751775,-0.42857142857142855,0.0,-0.844298056670217,-0.2409973614103661,0.7763183529256372,0.36798523500740105,-0.26744397489144117,0.060607017954007664,0.9981964600285211,0.950805492485674,-0.8688141923436041,-0.41301059001512863,3
1776680078.878626,704,1776680078.878626,1776680078.878681,1776680078.628894,1776680078.878426,0.8155202617953338,-0.7274849613291321,0.4246227800774469,0.8865248226950355,0.14285714285714285,0.0,-0.25548251443152886,0.03601055435853558,0.7143985272751288,-0.5032979691941808,0.6259683015354626,0.12457863526795164,0.9981964600285211,0.9571845604930261,-0.8734827264239029,-0.4039334341906203,3
1776680078.928382,705,1776680078.928382,1776680078.878681,1776680078.628894,1776680078.878426,0.8160672560372749,-0.7299341162990548,0.5608225397249299,0.8758865248226951,-0.35714285714285715,0.0,-0.25548251443152886,0.03601055435853558,0.7143985272751288,-0.5032979691941808,0.6259683015354626,0.12457863526795164,0.9981964600285211,0.9571845604930261,-0.8734827264239029,-0.4039334341906203,3
1776680078.978436,706,1776680078.978436,1776680078.978475,1776680078.628894,1776680078.878426,0.816626444276636,-0.7320108851331998,0.6611029509947923,0.8900709219858157,-0.35714285714285715,0.0,-0.291666284758949,0.06094227404977776,0.8173019581297054,0.20462273090429386,-0.5038732061418503,-0.07407489313842877,0.9981964600285211,0.9571845604930261,-0.8734827264239029,-0.4039334341906203,3
1776680079.028386,707,1776680079.028386,1776680079.02843,1776680078.628894,1776680079.02711,0.8171131805897196,-0.7275995416786022,0.5544131392709307,0.7765957446808511,0.2857142857142857,0.0,0.5471487991904779,-0.21883621872391365,0.9326485933166028,0.2343199370753671,-0.3430242284500629,-0.1043784021154326,0.9981964600285211,0.965726024435074,-0.8785247432306256,-0.389409984871407,3
1776680079.078386,708,1776680079.078386,1776680079.078428,1776680078.628894,1776680079.02711,0.8177049899973619,-0.7238613577771413,0.49098678061156364,0.9432624113475179,0.21428571428571427,0.0,-0.730262856388644,-0.08448696856269226,0.7966620162462026,-0.5957092336944069,-0.30232828786104465,-0.08080725110652669,0.9981964600285211,0.965726024435074,-0.8785247432306256,-0.389409984871407,3
1776680079.128375,709,1776680079.128375,1776680079.128415,1776680078.628894,1776680079.02711,0.8182478899044026,-0.7283013463191064,0.6511550273734811,0.8652482269503546,-0.5714285714285714,0.0,0.25438628651877976,-0.3767313211820048,0.7405687821952187,0.44059010423440664,0.6182146156252046,-0.39646353753660774,0.9981964600285211,0.965726024435074,-0.8785247432306256,-0.389409984871407,3
1776680079.178382,710,1776680079.178382,1776680079.128415,1776680078.628894,1776680079.175426,0.8188086357711717,-0.7251074190776282,0.5743757511016157,0.8936170212765958,0.14285714285714285,0.0,0.25438628651877976,-0.3767313211820048,0.7405687821952187,0.44059010423440664,0.6182146156252046,-0.39646353753660774,0.9981964600285211,0.9737268893934479,-0.8820728291316526,-0.3718608169440242,3
1776680079.228361,711,1776680079.228361,1776680079.228404,1776680079.228886,1776680079.175426,0.8193734759728407,-0.7185333715267832,0.4442515689678195,0.9007092198581561,0.5,0.0,0.21600822720881677,-0.5346264236400958,0.7844163584731211,-0.14356230219926547,0.3565895419797357,-0.08249113041060749,0.9981964600285211,0.9737268893934479,-0.8820728291316526,-0.3718608169440242,3
1776680079.278386,712,1776680079.278386,1776680079.228404,1776680079.228886,1776680079.175426,0.8198944800888934,-0.7202950443998856,0.5143543864334357,0.8297872340425533,-0.2857142857142857,0.0,0.21600822720881677,-0.5346264236400958,0.7844163584731211,-0.14356230219926547,0.3565895419797357,-0.08249113041060749,0.9981964600285211,0.9737268893934479,-0.8820728291316526,-0.3718608169440242,3
1776680079.328337,713,1776680079.328337,1776680079.278425,1776680079.228886,1776680079.324286,0.820490383831436,-0.723102262961902,0.664441180397917,0.9503546099290782,-0.42857142857142855,0.0,0.3651318864835832,-0.16343509868371542,0.8595693270373794,0.24587676433610178,0.021318999439930757,-0.10269452281135182,0.9981964600285211,0.9778354416693695,-0.8850606909430438,-0.36006051437216335,3
1776680079.37843,714,1776680079.37843,1776680079.37847,1776680079.228886,1776680079.324286,0.8210588288279629,-0.7205671727298769,0.627653892375484,0.9042553191489363,0.07142857142857142,0.0,0.18092068479414564,0.1814409547549608,0.7352360157178708,-0.36138310324966094,0.7325560251085589,0.1666661401252958,0.9981964600285211,0.9778354416693695,-0.8850606909430438,-0.36006051437216335,3
1776680079.428392,715,1776680079.428392,1776680079.37847,1776680079.228886,1776680079.324286,0.8216192186656099,-0.7210111715840734,0.7143810922686606,0.8936170212765958,-0.21428571428571427,0.0,0.18092068479414564,0.1814409547549608,0.7352360157178708,-0.36138310324966094,0.7325560251085589,0.1666661401252958,0.9981964600285211,0.9778354416693695,-0.8850606909430438,-0.36006051437216335,3
1776680079.478365,716,1776680079.478365,1776680079.428434,1776680079.228886,1776680079.473258,0.8221797420141779,-0.7212403322830135,0.7944318333555882,0.8936170212765958,-0.21428571428571427,0.0,-0.18530651302366422,0.3019384776761887,0.8492988046493198,-0.5099001009519208,-0.25193660307092514,0.19865352840638043,0.9981964600285211,0.9855119472375391,-0.888515406162465,-0.3485627836611195,3
1776680079.528389,717,1776680079.528389,1776680079.528432,1776680079.228886,1776680079.473258,0.8226826776523013,-0.7157261529647666,0.6675123514487915,0.8014184397163121,0.35714285714285715,0.0,0.6864027409364133,0.040165840973742616,0.886924778761062,-0.011550633891355914,-0.17247950655717437,0.07575877244250959,0.9981964600285211,0.9855119472375391,-0.888515406162465,-0.3485627836611195,3
1776680079.57836,718,1776680079.57836,1776680079.578401,1776680079.228886,1776680079.473258,0.8232852569408768,-0.7109281008307076,0.5941380691681133,0.9609929078014185,0.2857142857142857,0.0,-0.7598683426610474,-0.1592798120685084,0.7924155494650641,-0.5775564680453107,-0.14147203654269982,0.027779269644995278,0.9981964600285211,0.9855119472375391,-0.888515406162465,-0.3485627836611195,3
1776680079.628343,719,1776680079.628343,1776680079.578401,1776680079.228886,1776680079.622698,0.8238458247930849,-0.7107562303065026,0.6542261984243557,0.8936170212765958,-0.14285714285714285,0.0,-0.7598683426610474,-0.1592798120685084,0.7924155494650641,-0.5775564680453107,-0.14147203654269982,0.027779269644995278,0.9981964600285211,0.988539301546113,-0.8905695611577965,-0.34493192133131617,3
1776680079.678383,720,1776680079.678383,1776680079.628385,1776680079.228886,1776680079.622698,0.824397936953651,-0.7039959896877687,0.4871811990920016,0.8794326241134752,0.5,0.0,0.28289462829991185,-0.4875347190463565,0.7174599623563598,0.4356416021007909,0.8158899645774388,-0.1203705166318623,0.9981964600285211,0.988539301546113,-0.8905695611577965,-0.34493192133131617,3
1776680079.728325,721,1776680079.728325,1776680079.67843,1776680079.228886,1776680079.622698,0.8249668269865803,-0.6990833572042395,0.39377754039257573,0.9078014184397164,0.35714285714285715,0.0,0.31798217071458296,-0.21468093210870665,0.9561524237220974,0.1155125322829379,-0.3178283860550032,-0.006735517216323204,0.9981964600285211,0.988539301546113,-0.8905695611577965,-0.34493192133131617,3
1776680079.77844,722,1776680079.77844,1776680079.728368,1776680079.228886,1776680079.771165,0.8254909463574482,-0.7009596104268119,0.4807717986380024,0.8333333333333334,-0.2857142857142857,0.0,-0.19188571365720333,-0.2631573463128633,0.7958719951129308,-0.19636696952242927,-0.10852978186393955,0.03956326552533559,0.9981964600285211,0.9904854578873391,-0.8929038281979459,-0.3425113464447806,3
1776680079.828323,723,1776680079.828323,1776680079.828363,1776680079.828761,1776680079.771165,0.8260837793488157,-0.7038670867946148,0.623981840032047,0.946808510638298,-0.42857142857142855,0.0,-0.898026056494234,-0.11080339786435171,0.7768120954959714,0.39274013241423733,-0.45155401031400244,-0.028619629672923027,0.9981545172384867,0.9904854578873391,-0.8929038281979459,-0.3425113464447806,3
1776680079.878391,724,1776680079.878391,1776680079.828363,1776680079.828761,1776680079.771165,0.826618490586056,-0.7008307075336581,0.5905995460008011,0.851063829787234,0.14285714285714285,0.0,-0.898026056494234,-0.11080339786435171,0.7768120954959714,0.39274013241423733,-0.45155401031400244,-0.028619629672923027,0.9981545172384867,0.9904854578873391,-0.8929038281979459,-0.3425113464447806,3
1776680079.928331,725,1776680079.928331,1776680079.878433,1776680079.828761,1776680079.919496,0.8271874696262655,-0.6992122600973933,0.5972760048070503,0.9078014184397164,0.0,0.0,0.5142537126013048,0.1939056568166267,0.7344459945845991,-0.28877823402265534,0.6976717121389554,0.053871500737684465,0.9981545172384867,0.991566655854687,-0.89234360410831,-0.3485627836611195,3
1776680079.978441,726,1776680079.978441,1776680079.928375,1776680079.828761,1776680079.919496,0.8277673075546887,-0.6982526496705815,0.6440779810388569,0.921985815602837,-0.07142857142857142,0.0,-0.5515346274199965,0.027701138912076727,0.7829349656584336,-0.516502232709661,-0.08526872413316557,0.15824990285311705,0.9981545172384867,0.991566655854687,-0.89234360410831,-0.3485627836611195,3
1776680080.028362,727,1776680080.028362,1776680080.028403,1776680079.828761,1776680079.919496,0.8282869765615349,-0.6909195073044974,0.46074242221925493,0.8297872340425533,0.5714285714285714,0.0,0.49451702727921004,-0.25207735386161473,0.8907761524237221,0.05445829694728824,-0.09689925299855255,0.22138116013913328,0.9981545172384867,0.991566655854687,-0.89234360410831,-0.3485627836611195,3
1776680080.07834,728,1776680080.07834,1776680080.028403,1776680079.828761,1776680080.068295,0.8288895558501104,-0.6824262389000287,0.2639204166110295,0.9609929078014185,0.7142857142857143,0.0,0.49451702727921004,-0.25207735386161473,0.8907761524237221,0.05445829694728824,-0.09689925299855255,0.22138116013913328,0.9981545172384867,0.987998702562439,-0.8883286647992531,-0.3494704992435703,3
1776680080.128344,729,1776680080.128344,1776680080.07838,1776680079.828761,1776680080.068295,0.8294481655421487,-0.6838584932684045,0.3406996928828949,0.8900709219858157,-0.21428571428571427,0.0,-0.2850880007039323,-0.25623264047682176,0.7970571093646811,-0.602311365452147,-0.29457460195078666,0.3653196685316762,0.9981545172384867,0.987998702562439,-0.8883286647992531,-0.3494704992435703,3
1776680080.178368,730,1776680080.178368,1776680080.128385,1776680079.828761,1776680080.068295,0.8300113591091297,-0.6815095961042682,0.2838830284417145,0.897163120567376,0.14285714285714285,0.0,0.25767497025702696,-0.09833753801873063,0.717064951789724,0.44224373385853105,0.8430205916367842,0.07239101383434798,0.9981545172384867,0.987998702562439,-0.8883286647992531,-0.3494704992435703,3
1776680080.228359,731,1776680080.228359,1776680080.228408,1776680079.828761,1776680080.217187,0.8305941787814477,-0.6764107705528503,0.163773534517292,0.9290780141843973,0.42857142857142855,0.0,-0.1337718856036678,-0.1177281037003933,0.7679241513670586,-0.2689780321188136,0.16666787893775958,0.10185100353519876,0.9981545172384867,0.9829170721159044,-0.8867413632119515,-0.3579425113464448,3
1776680080.278327,732,1776680080.278327,1776680080.278364,1776680079.828761,1776680080.217187,0.8310901718516968,-0.6774563162417646,0.19047936974228868,0.7907801418439717,-0.14285714285714285,0.0,0.3804827435761594,0.1800550873605883,0.7698004721965395,0.48844626942395475,0.41279285438926994,-0.03956326552533559,0.9981545172384867,0.9829170721159044,-0.8867413632119515,-0.3579425113464448,3
1776680080.328289,733,1776680080.328289,1776680080.278364,1776680079.828761,1776680080.217187,0.8316615985921185,-0.6805070180464051,0.29716918146615035,0.9113475177304966,-0.35714285714285715,0.0,0.3804827435761594,0.1800550873605883,0.7698004721965395,0.48844626942395475,0.41279285438926994,-0.03956326552533559,0.9981545172384867,0.9829170721159044,-0.8867413632119515,-0.3579425113464448,3
1776680080.378319,734,1776680080.378319,1776680080.378363,1776680079.828761,1776680080.365702,0.8322092603886627,-0.6790031509596105,0.28047803445052744,0.8723404255319149,0.07142857142857142,0.0,0.43749942713842355,0.18421037397579537,0.7083744716682077,-0.3514860989824294,0.6627873991693518,-0.008416237272178712,0.9981545172384867,0.976646123905287,-0.8828197945845006,-0.3685325264750378,3
1776680080.428285,735,1776680080.428285,1776680080.378363,1776680080.428772,1776680080.365702,0.8327941272284308,-0.6825121741621313,0.4072639871811991,0.9326241134751775,-0.42857142857142855,0.0,0.43749942713842355,0.18421037397579537,0.7083744716682077,-0.3514860989824294,0.6627873991693518,-0.008416237272178712,0.9981125744484524,0.976646123905287,-0.8828197945845006,-0.3685325264750378,3
1776680080.478353,736,1776680080.478353,1776680080.478391,1776680080.428772,1776680080.365702,0.8333623497067567,-0.6842595244915497,0.5075443984510616,0.9042553191489363,-0.2857142857142857,0.0,-0.14035108623720688,-0.1925209472062094,0.8078213743230749,0.21451973517152537,-0.5077500490969793,-0.17929365528178914,0.9981125744484524,0.976646123905287,-0.8828197945845006,-0.3685325264750378,3
1776680080.528344,737,1776680080.528344,1776680080.478391,1776680080.428772,1776680080.514553,0.8338405858245581,-0.6780721856201662,0.35064761650420617,0.7624113475177305,0.5,0.0,-0.14035108623720688,-0.1925209472062094,0.8078213743230749,0.21451973517152537,-0.5077500490969793,-0.17929365528178914,0.9981125744484524,0.9708076548816088,-0.8777777777777779,-0.38154311649016637,3
1776680080.57832,738,1776680080.57832,1776680080.578363,1776680080.428772,1776680080.514553,0.834429858524708,-0.6742194213692352,0.24389104019228203,0.9397163120567378,0.2857142857142857,0.0,-0.2993417133052372,-0.36149604211554914,0.7593324032492406,-0.5214507348432769,-0.3100747001447452,0.05976349867785462,0.9981125744484524,0.9708076548816088,-0.8777777777777779,-0.38154311649016637,3
1776680080.628313,739,1776680080.628313,1776680080.628353,1776680080.428772,1776680080.514553,0.8349571376540316,-0.6736035519908337,0.26058218720790494,0.8404255319148937,0.0,0.0,0.5120612567758067,-0.5554016989321758,0.758048556993792,0.3712863008862712,0.5465112050217118,-0.0446117441893527,0.9981125744484524,0.9708076548816088,-0.8777777777777779,-0.38154311649016637,3
1776680080.678316,740,1776680080.678316,1776680080.628353,1776680080.428772,1776680080.662919,0.8355401353409104,-0.6750071612718419,0.3473761516891441,0.9290780141843973,-0.21428571428571427,0.0,0.5120612567758067,-0.5554016989321758,0.758048556993792,0.3712863008862712,0.5465112050217118,-0.0446117441893527,0.9981125744484524,0.9626986701265001,-0.8753501400560224,-0.39515885022692887,3
1776680080.728366,741,1776680080.728366,1776680080.728405,1776680080.428772,1776680080.662919,0.8361080907973949,-0.6719134918361502,0.26051542261984245,0.9042553191489363,0.21428571428571427,0.0,-0.2894738289334509,-0.00415528661520703,0.727730567296262,-0.3382818354669491,0.5639533615065137,0.11279463938761132,0.9981125744484524,0.9626986701265001,-0.8753501400560224,-0.39515885022692887,3
1776680080.778278,742,1776680080.778278,1776680080.778326,1776680080.428772,1776680080.662919,0.8366168119087469,-0.6769979948438843,0.4504606756576312,0.8120567375886526,-0.5714285714285714,0.0,-0.20504411492428146,0.35734075550034217,0.9164527473253203,0.12376210029542373,-0.20542903486249212,-0.003367758608161602,0.9981125744484524,0.9626986701265001,-0.8753501400560224,-0.39515885022692887,3
1776680080.828265,743,1776680080.828265,1776680080.828305,1776680080.428772,1776680080.81202,0.8371997650919855,-0.682168433113721,0.6306582988382962,0.9290780141843973,-0.6428571428571428,0.0,-0.3475876569869864,0.27700791576890166,0.8222397140404174,0.2557737686033333,-0.6104682033415041,-0.09511864556710085,0.9981125744484524,0.9541572061844522,-0.8740429505135389,-0.41301059001512863,3
1776680080.878294,744,1776680080.878294,1776680080.828305,1776680080.428772,1776680080.81202,0.8377095987943431,-0.6813377255800631,0.6440112164507945,0.8120567375886526,-0.07142857142857142,0.0,-0.3475876569869864,0.27700791576890166,0.8222397140404174,0.2557737686033333,-0.6104682033415041,-0.09511864556710085,0.9981125744484524,0.9541572061844522,-0.8740429505135389,-0.41301059001512863,3
1776680080.928304,745,1776680080.928304,1776680080.878336,1776680080.428772,1776680080.81202,0.8382926409848621,-0.6788026353480379,0.6306582988382962,0.9290780141843973,0.07142857142857142,0.0,0.7982454853924882,0.07617755311623339,0.74896306630564,-0.4504933018710169,0.7693823963690056,-0.10690264144744116,0.9981125744484524,0.9541572061844522,-0.8740429505135389,-0.41301059001512863,3
1776680080.978279,746,1776680080.978279,1776680080.928347,1776680080.428772,1776680080.960104,0.8388621540687542,-0.6827986250358065,0.7808118573908399,0.9078014184397164,-0.5714285714285714,0.0,-0.7379382849349321,0.13157867315643165,0.7661464799894334,-0.5808575339241807,-0.1899216630419761,-0.10016712423111795,0.9981125744484524,0.9456157422424045,-0.8696545284780579,-0.43812405446293495,3
1776680081.028252,747,1776680081.028252,1776680081.02829,1776680081.028795,1776680080.960104,0.8393800874336318,-0.6744199369808078,0.5972760048070503,0.8262411347517732,0.6428571428571428,0.0,-0.08004388577965087,-0.4362877278374101,0.9007504788006869,0.029703399540451994,-0.11046456652822532,-0.3796279037440251,0.9981125744484524,0.9456157422424045,-0.8696545284780579,-0.43812405446293495,3
1776680081.078271,748,1776680081.078271,1776680081.078311,1776680081.028795,1776680080.960104,0.83996094894578,-0.6705958178172444,0.5371878755508078,0.9255319148936172,0.21428571428571427,0.0,0.2379382849349321,-0.7396120729079712,0.7852063796063928,-0.45709543362875704,-0.28294407308539965,-0.04882302207366735,0.9981125744484524,0.9456157422424045,-0.8696545284780579,-0.43812405446293495,3
1776680081.128237,749,1776680081.128237,1776680081.078311,1776680081.028795,1776680081.108914,0.8404902307389136,-0.6706531079919794,0.5705701695820536,0.8439716312056738,-0.14285714285714285,0.0,0.2379382849349321,-0.7396120729079712,0.7852063796063928,-0.45709543362875704,-0.28294407308539965,-0.04882302207366735,0.9981125744484524,0.9363174397232132,-0.8633053221288516,-0.45718608169440245,3
1776680081.178317,750,1776680081.178317,1776680081.128278,1776680081.028795,1776680081.108914,0.8410696236309345,-0.6683471784588944,0.56055548137268,0.921985815602837,0.07142857142857142,0.0,0.49780662759597955,-0.14958452922767707,0.8420896347906486,0.16996463586084737,0.12402988005789808,-0.11195427935968358,0.9981125744484524,0.9363174397232132,-0.8633053221288516,-0.45718608169440245,3
1776680081.228242,751,1776680081.228242,1776680081.228283,1776680081.028795,1776680081.108914,0.8416628126514236,-0.6631624176453739,0.4238883696087595,0.946808510638298,0.35714285714285715,0.0,0.015350857092576263,-0.2880890660041055,0.7687141725003303,-0.2821761022649152,0.5639533615065137,0.15404178421702772,0.9981125744484524,0.9363174397232132,-0.8633053221288516,-0.45718608169440245,3
1776680081.278309,752,1776680081.278309,1776680081.228283,1776680081.028795,1776680081.257966,0.8421775417542054,-0.6656975078773991,0.5441981572973695,0.8191489361702129,-0.35714285714285715,0.0,0.015350857092576263,-0.2880890660041055,0.7687141725003303,-0.2821761022649152,0.5639533615065137,0.15404178421702772,0.9981125744484524,0.9249648610660611,-0.8583566760037349,-0.4720121028744327,3
1776680081.328243,753,1776680081.328243,1776680081.278348,1776680081.028795,1776680081.257966,0.8427576467044698,-0.6691778859925523,0.6908799572706636,0.9255319148936172,-0.5,0.0,-0.032895086589173006,0.2922431948353573,0.8585818418967112,0.2821761022649152,-0.12402988005789808,0.042087504857344145,0.9981125744484524,0.9249648610660611,-0.8583566760037349,-0.4720121028744327,3
1776680081.378242,754,1776680081.378242,1776680081.328283,1776680081.028795,1776680081.257966,0.8432782947914008,-0.6674448582068175,0.6875417278675391,0.8297872340425533,0.0,0.0,-0.4320173709961559,0.0706375568906091,0.8055500429269581,0.2838297318890396,-0.6802295556541537,0.031143869004931587,0.9981125744484524,0.9249648610660611,-0.8583566760037349,-0.4720121028744327,3
1776680081.428263,755,1776680081.428263,1776680081.378284,1776680081.028795,1776680081.406356,0.8438459387224039,-0.6655686049842452,0.7008946454800374,0.9042553191489363,0.0,0.0,0.7280694839846236,0.23545736518474178,0.7311870129441289,-0.42903947034305073,0.821708865823411,0.042087504857344145,0.9981125744484524,0.9128554438317656,-0.8548085901027078,-0.49349470499243564,3
1776680081.478252,756,1776680081.478252,1776680081.478291,1776680081.028795,1776680081.406356,0.8444265332127108,-0.6650386708679462,0.7442916277206569,0.9255319148936172,-0.14285714285714285,0.0,0.22587702815912536,-0.5290864274144716,0.709954513934751,0.2277239986870057,-0.3720896401736942,-0.11531887871961988,0.9981125744484524,0.9128554438317656,-0.8548085901027078,-0.49349470499243564,3
1776680081.528379,757,1776680081.528379,1776680081.478291,1776680081.028795,1776680081.406356,0.8449416183446141,-0.6574477227155543,0.5702363466417412,0.8191489361702129,0.5714285714285714,0.0,0.22587702815912536,-0.5290864274144716,0.709954513934751,0.2277239986870057,-0.3720896401736942,-0.11531887871961988,0.9981125744484524,0.9128554438317656,-0.8548085901027078,-0.49349470499243564,3
1776680081.57831,758,1776680081.57831,1776680081.52842,1776680081.028795,1776680081.554776,0.8455303570010813,-0.652964766542538,0.47356122312725335,0.9397163120567378,0.2857142857142857,0.0,0.4364031992256745,-0.13019396354601437,0.9335373464535729,0.009903197636610244,-0.2500018184066394,-0.007575877244250958,0.9981125744484524,0.9009622661909396,-0.8478057889822597,-0.5170953101361573,3
1776680081.62823,759,1776680081.62823,1776680081.62827,1776680081.628751,1776680081.554776,0.8460613299325432,-0.6524634775136064,0.48691414073975164,0.847517730496454,-0.07142857142857142,0.0,0.6710518838438371,-0.5664816913834245,0.7471853949280147,0.46369756538649726,0.6569757715499371,-0.08333464968676053,0.9980706316584179,0.9009622661909396,-0.8478057889822597,-0.5170953101361573,3
1776680081.678285,760,1776680081.678285,1776680081.62827,1776680081.628751,1776680081.554776,0.8466382751243521,-0.6511171584073332,0.5237014287621845,0.9184397163120569,0.0,0.0,0.6710518838438371,-0.5664816913834245,0.7471853949280147,0.46369756538649726,0.6569757715499371,-0.08333464968676053,0.9980706316584179,0.9009622661909396,-0.8478057889822597,-0.5170953101361573,3
1776680081.728284,761,1776680081.728284,1776680081.728325,1776680081.628751,1776680081.702939,0.8472078327118846,-0.6475221999427099,0.44692215249031914,0.9078014184397164,0.21428571428571427,0.0,0.05811382805353552,-0.36842074795159074,0.7398775756174878,-0.1980205991465537,0.6453525163111076,0.06565549661802476,0.9980706316584179,0.8882041301762352,-0.8417366946778712,-0.5467473524962179,3
1776680081.778267,762,1776680081.778267,1776680081.728325,1776680081.628751,1776680081.702939,0.8477239414275132,-0.6485677456316242,0.5269728935772466,0.822695035460993,-0.21428571428571427,0.0,0.05811382805353552,-0.36842074795159074,0.7398775756174878,-0.1980205991465537,0.6453525163111076,0.06565549661802476,0.9980706316584179,0.8882041301762352,-0.8417366946778712,-0.5467473524962179,3
1776680081.828262,763,1776680081.828262,1776680081.828302,1776680081.628751,1776680081.702939,0.8482869569799332,-0.650716127184188,0.6404726932834824,0.897163120567376,-0.35714285714285715,0.0,-0.3410084563534474,-0.012465859845621088,0.8256961596882842,0.2986814316592656,-0.6027145174312462,0.10858652075152196,0.9980706316584179,0.8882041301762352,-0.8417366946778712,-0.5467473524962179,3
1776680081.878232,764,1776680081.878232,1776680081.828302,1776680081.628751,1776680081.853873,0.848829456354212,-0.6468920080206245,0.5470690345840566,0.8652482269503546,0.21428571428571427,0.0,-0.3410084563534474,-0.012465859845621088,0.8256961596882842,0.2986814316592656,-0.6027145174312462,0.10858652075152196,0.9980706316584179,0.8792301870472483,-0.838468720821662,-0.5760968229954614,3
1776680081.928211,765,1776680081.928211,1776680081.878277,1776680081.628751,1776680081.853873,0.8494255381113154,-0.6453165282154111,0.5470690345840566,0.9503546099290782,0.0,0.0,0.5657892565998237,-0.16066452167892567,0.8815919297318716,-0.46204393576237285,0.8003898663834802,0.32996452164242995,0.9980706316584179,0.8792301870472483,-0.838468720821662,-0.5760968229954614,3
1776680081.978234,766,1776680081.978234,1776680081.928252,1776680081.628751,1776680081.853873,0.8500088473236758,-0.6466485247780006,0.6205768460408599,0.9290780141843973,-0.2857142857142857,0.0,-0.8168859428018339,0.011079992451248612,0.796365737683265,-0.5924081678155367,-0.2693787595557269,0.37794718368816954,0.9980706316584179,0.8792301870472483,-0.838468720821662,-0.5760968229954614,3
1776680082.028259,767,1776680082.028259,1776680081.978274,1776680081.628751,1776680082.000425,0.8505251340538651,-0.6386565454024635,0.4268260114835092,0.822695035460993,0.6428571428571428,0.0,0.2796050279831423,-0.16759038529892245,0.7084732036719059,0.1848163356310734,-0.10271088061796732,0.11616239799577294,0.9980706316584179,0.8701481241215265,-0.8336134453781513,-0.6006051437216339,3
1776680082.078203,768,1776680082.078203,1776680082.078243,1776680081.628751,1776680082.000425,0.8511028358075577,-0.6303065024348324,0.21010815863266125,0.921985815602837,0.7142857142857143,0.0,-0.16337737187607126,-0.13850453677642843,0.8296464304583279,-0.5379498708682485,-0.5872071456107301,0.2121214035908015,0.9980706316584179,0.8701481241215265,-0.8336134453781513,-0.6006051437216339,3
1776680082.128285,769,1776680082.128285,1776680082.078243,1776680081.628751,1776680082.000425,0.8516377695629992,-0.6297765683185335,0.21010815863266125,0.851063829787234,0.0,0.0,-0.16337737187607126,-0.13850453677642843,0.8296464304583279,-0.5379498708682485,-0.5872071456107301,0.2121214035908015,0.9980706316584179,0.8701481241215265,-0.8336134453781513,-0.6006051437216339,3
1776680082.178229,770,1776680082.178229,1776680082.178274,1776680081.628751,1776680082.149236,0.8522178745132638,-0.6313234030363793,0.29676859393777544,0.9255319148936172,-0.21428571428571427,0.0,-0.4364031992256745,-0.18698095098058512,0.8847520968168009,0.39108650279011287,-0.1899216630419761,-0.030303508977003832,0.9980706316584179,0.861498540382744,-0.8281045751633987,-0.6169440242057488,3
1776680082.228156,771,1776680082.228156,1776680082.228194,1776680082.22856,1776680082.149236,0.8527844503569014,-0.6269407046691493,0.18013085859260247,0.9042553191489363,0.35714285714285715,0.0,-0.16228022738479986,0.09141283218268904,0.7259529784704795,-0.36633779875265543,0.5794607333270295,0.01430823521234887,0.9982384028185556,0.861498540382744,-0.8281045751633987,-0.6169440242057488,3
1776680082.278193,772,1776680082.278193,1776680082.228194,1776680082.22856,1776680082.149236,0.8532988679342016,-0.632225723288456,0.3738816931499533,0.8191489361702129,-0.5714285714285714,0.0,-0.16228022738479986,0.09141283218268904,0.7259529784704795,-0.36633779875265543,0.5794607333270295,0.01430823521234887,0.9982384028185556,0.861498540382744,-0.8281045751633987,-0.6169440242057488,3
1776680082.328324,773,1776680082.328324,1776680082.328367,1776680082.22856,1776680082.297673,0.8538656217924002,-0.6355199083357205,0.5245026038189344,0.9007092198581561,-0.42857142857142855,0.0,-0.4440786277719626,0.04570583719936692,0.8027848864086646,0.19636696952242927,-0.5523228326411266,-0.19865352840638043,0.9982384028185556,0.8523083576602876,-0.8239962651727357,-0.6420574886535552,3
1776680082.37821,774,1776680082.37821,1776680082.37825,1776680082.22856,1776680082.297673,0.8543717171889792,-0.6299484388427385,0.3646014154092669,0.8085106382978724,0.42857142857142855,0.0,0.5581138280535355,-0.4819947228207322,0.7353347477215691,-0.46369756538649726,0.7732592393241347,-0.033671267585165435,0.9982384028185556,0.8523083576602876,-0.8239962651727357,-0.6420574886535552,3
1776680082.428225,775,1776680082.428225,1776680082.428266,1776680082.22856,1776680082.297673,0.8549548483867787,-0.62820108851332,0.34123380958739485,0.9290780141843973,0.07142857142857142,0.0,-0.8168859428018339,-0.01939056568166267,0.8026860718531238,-0.5709543362875705,-0.3120167584355884,0.04545526346550575,0.9982384028185556,0.8523083576602876,-0.8239962651727357,-0.6420574886535552,3
1776680082.47829,776,1776680082.47829,1776680082.428266,1776680082.22856,1776680082.446961,0.8555007745413544,-0.6294614723574907,0.428161303244759,0.8687943262411348,-0.21428571428571427,0.0,-0.8168859428018339,-0.01939056568166267,0.8026860718531238,-0.5709543362875705,-0.3120167584355884,0.04545526346550575,0.9982384028185556,0.8472267272137527,-0.819514472455649,-0.6620272314674734,3
1776680082.528194,777,1776680082.528194,1776680082.478329,1776680082.22856,1776680082.446961,0.8560337501366263,-0.6269263821254655,0.36153024435839226,0.851063829787234,0.14285714285714285,0.0,0.38377142731440667,-0.5013852885023948,0.7613075386342624,0.11881359816180798,-0.3701548555094084,-0.015151754488501916,0.9982384028185556,0.8472267272137527,-0.819514472455649,-0.6620272314674734,3
1776680082.578255,778,1776680082.578255,1776680082.528246,1776680082.22856,1776680082.446961,0.8566173263708278,-0.6201804640504154,0.20109493924422486,0.9290780141843973,0.5714285714285714,0.0,0.30592091393877624,-0.16205038907329816,0.8779379375247655,0.42739203408830506,-0.1782911341765891,0.06144737798193541,0.9982384028185556,0.8472267272137527,-0.819514472455649,-0.6620272314674734,3
1776680082.628169,779,1776680082.628169,1776680082.62821,1776680082.22856,1776680082.594904,0.857132723028213,-0.6211114293898597,0.23774869809053278,0.822695035460993,-0.14285714285714285,0.0,0.7807012558958913,-0.7160662206111016,0.849496351208559,0.394387568668983,0.06976862593920703,-0.049663382101595106,0.9982384028185556,0.8412801383933398,-0.8169000933706817,-0.6874432677760969,3
1776680082.678243,780,1776680082.678243,1776680082.62821,1776680082.22856,1776680082.594904,0.8577233753412095,-0.6261672873102264,0.4116036854052611,0.9397163120567378,-0.5714285714285714,0.0,0.7807012558958913,-0.7160662206111016,0.849496351208559,0.394387568668983,0.06976862593920703,-0.049663382101595106,0.9982384028185556,0.8412801383933398,-0.8169000933706817,-0.6874432677760969,3
1776680082.728131,781,1776680082.728131,1776680082.728175,1776680082.22856,1776680082.594904,0.8582784247420303,-0.6257805786307649,0.4548671384697556,0.8865248226950355,-0.07142857142857142,0.0,0.11074559996480339,0.5180052771792678,0.7101520604939903,-0.5115475372066666,0.8255784351519825,-0.13467875184421116,0.9982384028185556,0.8412801383933398,-0.8169000933706817,-0.6874432677760969,3
1776680082.778245,782,1776680082.778245,1776680082.778291,1776680082.22856,1776680082.743487,0.8588160732195251,-0.6339301059868233,0.7191881426091601,0.8546099290780143,-0.9285714285714285,0.0,-0.5712713127420913,0.08448696856269226,0.7996247193237354,-0.003301065878870082,-0.1782911341765891,-0.1818178946137977,0.9982384028185556,0.8364147475402746,-0.8181139122315593,-0.7116490166414523,3
1776680082.828889,783,1776680082.828889,1776680082.778291,1776680082.22856,1776680082.743487,0.8593906597184023,-0.640647378974506,0.9692215249031914,0.9042553191489363,-0.8571428571428571,0.0,-0.5712713127420913,0.08448696856269226,0.7996247193237354,-0.003301065878870082,-0.1782911341765891,-0.1818178946137977,0.9982384028185556,0.8364147475402746,-0.8181139122315593,-0.7116490166414523,3
1776680082.87817,784,1776680082.87817,1776680082.829225,1776680082.831396,1776680082.743487,0.8599040982156176,-0.6347035233457463,0.8770196287888904,0.8297872340425533,0.35714285714285715,0.0,-0.1326756576909187,0.4473688780726139,0.8195732895258222,0.1798678334974576,-0.2965093866150724,-0.4250831672095308,0.9981125744484524,0.8364147475402746,-0.8181139122315593,-0.7116490166414523,3
1776680082.928207,785,1776680082.928207,1776680082.878211,1776680082.831396,1776680082.895115,0.8605140206048295,-0.6271125751933544,0.7032981706502871,0.971631205673759,0.5,0.0,0.02521965804288488,-0.17313038152454677,0.9131936831330075,-0.4521469314951413,-0.1744215648480176,-0.20286164704246978,0.9981125744484524,0.833711752621905,-0.8178338001867415,-0.7237518910741301,3
1776680082.978146,786,1776680082.978146,1776680082.928241,1776680082.831396,1776680082.895115,0.8610962172261843,-0.6251360641649958,0.6999599412471625,0.9290780141843973,0.0,0.0,-0.6995611422034914,-0.0706375568906091,0.7819473979659226,-0.4719471333989831,-0.30038622957020145,-0.08333464968676053,0.9981125744484524,0.833711752621905,-0.8178338001867415,-0.7237518910741301,3
1776680083.028209,787,1776680083.028209,1776680083.028244,1776680082.831396,1776680082.895115,0.8616441460445698,-0.6189916929246635,0.5528775537454934,0.8723404255319149,0.42857142857142855,0.0,-0.15131611510026455,-0.6565098139556962,0.8662848368775592,0.47854926515672325,-0.12984150767731284,-0.09848324492703715,0.9981125744484524,0.833711752621905,-0.8178338001867415,-0.7237518910741301,3
1776680083.079863,788,1776680083.079863,1776680083.079949,1776680082.831396,1776680083.040986,0.8622668409785248,-0.6114150673159553,0.3597943650687675,0.9609929078014185,0.5714285714285714,0.0,-0.06798262900384414,-0.34349018604430376,0.782046129969621,-0.3844905644017515,-0.521315362626652,0.1439385083925429,0.9981125744484524,0.8330630338414963,-0.8178338001867415,-0.734947049924357,3
1776680083.128126,789,1776680083.128126,1776680083.079949,1776680082.831396,1776680083.040986,0.8627566480427833,-0.6105557146949299,0.3726799305648284,0.8085106382978724,0.0,0.0,-0.06798262900384414,-0.34349018604430376,0.782046129969621,-0.3844905644017515,-0.521315362626652,0.1439385083925429,0.9981125744484524,0.8330630338414963,-0.8178338001867415,-0.734947049924357,3
1776680083.178149,790,1776680083.178149,1776680083.128165,1776680082.831396,1776680083.040986,0.8633377320731327,-0.6145373818390146,0.5029376418747497,0.9255319148936172,-0.5,0.0,0.41557028599083057,-0.6828250854734005,0.810882809404306,0.4455447997374012,0.06008015536466327,-0.003367758608161602,0.9981125744484524,0.8330630338414963,-0.8178338001867415,-0.734947049924357,3
1776680083.228229,791,1776680083.228229,1776680083.178207,1776680082.831396,1776680083.188999,0.8638949176486841,-0.6131767401890577,0.4928561890773134,0.8865248226950355,0.0,0.0,-0.5361837703274202,-0.009695282840831335,0.789749124950469,0.5099001009519208,-0.12402988005789808,0.023567991760680626,0.9981125744484524,0.833711752621905,-0.8206349206349207,-0.7343419062027231,3
1776680083.278144,792,1776680083.278144,1776680083.228279,1776680082.831396,1776680083.188999,0.8644104478169897,-0.6169578917215699,0.6528241420750435,0.822695035460993,-0.5,0.0,0.11074559996480339,0.4390583048421998,0.7182500660414741,-0.4917473353028248,0.8313973363979547,0.050503742129522855,0.9981125744484524,0.833711752621905,-0.8206349206349207,-0.7343419062027231,3
1776680083.328115,793,1776680083.328115,1776680083.278233,1776680082.831396,1776680083.188999,0.8649842332503429,-0.6165855055857921,0.696221124315663,0.9148936170212767,-0.14285714285714285,0.0,-0.5098678843717863,0.14404453300205275,0.9094409589222031,0.11385890265881349,-0.19961013361651986,-0.057239259345846054,0.9981125744484524,0.833711752621905,-0.8206349206349207,-0.7343419062027231,3
1776680083.37834,794,1776680083.37834,1776680083.328157,1776680082.831396,1776680083.337589,0.8655004309732519,-0.611257519335434,0.6090265723060488,0.8191489361702129,0.35714285714285715,0.0,-0.3563593134460236,0.01939056568166267,0.8222397140404174,0.18977103113406787,-0.38372016903908124,-0.07743949249836508,0.9981125744484524,0.8390096226619094,-0.826704014939309,-0.7358547655068078,3
1776680083.428131,795,1776680083.428131,1776680083.378382,1776680083.428604,1776680083.337589,0.8661119109898714,-0.6080349470065884,0.5325811189744959,0.9787234042553193,0.14285714285714285,0.0,0.3442980566702169,-0.06094227404977776,0.9612877261920486,-0.3069309996717514,-0.3488358560694777,0.0530311407097567,0.9980706316584179,0.8390096226619094,-0.826704014939309,-0.7358547655068078,3
1776680083.478131,796,1776680083.478131,1776680083.478166,1776680083.428604,1776680083.337589,0.8666637561285964,-0.6073331423660843,0.5626251836026172,0.8794326241134752,-0.07142857142857142,0.0,0.7434203410771998,-0.6551251043452789,0.7598261458195747,0.4867988331692091,0.594960831520988,-0.03703586694510175,0.9980706316584179,0.8390096226619094,-0.826704014939309,-0.7358547655068078,3
1776680083.528092,797,1776680083.528092,1776680083.528129,1776680083.428604,1776680083.486119,0.8671795088151032,-0.604511601260384,0.5159567365469355,0.822695035460993,0.14285714285714285,0.0,-0.2445174855684712,-0.35041604966430057,0.8772467309470348,0.4752481992778531,-0.3100747001447452,-0.060607017954007664,0.9980706316584179,0.8470104876202832,-0.8303454715219422,-0.7367624810892587,3
1776680083.578181,798,1776680083.578181,1776680083.528129,1776680083.428604,1776680083.486119,0.8677522261610912,-0.5994987109710685,0.37214581386032847,0.9113475177304966,0.35714285714285715,0.0,-0.2445174855684712,-0.35041604966430057,0.8772467309470348,0.4752481992778531,-0.3100747001447452,-0.060607017954007664,0.9980706316584179,0.8470104876202832,-0.8303454715219422,-0.7367624810892587,3
1776680083.628097,799,1776680083.628097,1776680083.57824,1776680083.428604,1776680083.486119,0.8682565414120613,-0.6000143225436838,0.4454533315529443,0.8049645390070923,-0.14285714285714285,0.0,0.07675428546288132,-0.2880890660041055,0.7407663287544578,-0.2376210029542372,0.6860484569001258,0.16245802148920643,0.9980706316584179,0.8470104876202832,-0.8303454715219422,-0.7367624810892587,3
1776680083.678153,800,1776680083.678153,1776680083.628132,1776680083.428604,1776680083.635321,0.8688468821995765,-0.6037668289888285,0.5925357190546133,0.9397163120567378,-0.5,0.0,0.7543853699402575,-0.22437621494953797,0.9329448718795403,0.17326570173971748,-0.36046638493486466,0.10858652075152196,0.9980706316584179,0.8573899881068223,-0.8339869281045752,-0.7373676248108926,3
1776680083.728098,801,1776680083.728098,1776680083.678207,1776680083.428604,1776680083.635321,0.8694024656440799,-0.5993268404468635,0.4857791427426893,0.8865248226950355,0.2857142857142857,0.0,-0.28618422861668136,-0.005539996225624306,0.8371518788799367,0.26237590036107344,-0.5755838903719005,0.12457863526795164,0.9980706316584179,0.8573899881068223,-0.8339869281045752,-0.7373676248108926,3
1776680083.778153,802,1776680083.778153,1776680083.728138,1776680083.428604,1776680083.635321,0.8699438524273532,-0.603079346892008,0.6595673654693551,0.8617021276595745,-0.5,0.0,0.3475876569869864,0.28670319860973303,0.7374086151102892,-0.48349776729033894,0.8139551799131529,0.338383918162834,0.9980706316584179,0.8573899881068223,-0.8339869281045752,-0.7373676248108926,3
1776680083.828099,803,1776680083.828099,1776680083.778199,1776680083.428604,1776680083.785533,0.8705263160705493,-0.605514179318247,0.7796100948057151,0.9290780141843973,-0.42857142857142855,0.0,-0.8081133697642744,0.07340697611144366,0.7999209153348302,-0.20627016715903954,-0.27132081784657014,0.2878770167850858,0.9980706316584179,0.8667964104227484,-0.838468720821662,-0.7373676248108926,3
1776680083.878176,804,1776680083.878176,1776680083.828132,1776680083.428604,1776680083.785533,0.871047498201163,-0.5978229733600688,0.6291894779009214,0.8297872340425533,0.5714285714285714,0.0,-0.016447085005325324,0.3324101935930551,0.8375468894465725,0.17491933136384188,-0.3236400136744179,0.15404178421702772,0.9980706316584179,0.8667964104227484,-0.838468720821662,-0.7373676248108926,3
1776680083.928114,805,1776680083.928114,1776680083.878225,1776680083.428604,1776680083.785533,0.8716296503188776,-0.5917645373818391,0.4791694485245026,0.9290780141843973,0.42857142857142855,0.0,0.2993417133052372,-0.5235452734048921,0.7750345066701889,-0.4207899023305649,0.5058152644326935,0.20286164704246978,0.9980706316584179,0.8667964104227484,-0.838468720821662,-0.7373676248108926,3
1776680083.978155,806,1776680083.978155,1776680083.978232,1776680083.428604,1776680083.932284,0.872179359282872,-0.5904898309939846,0.48250767792762717,0.8758865248226951,0.0,0.0,0.05592137222803741,-0.5747922646138385,0.7854039261656319,0.08415550311836148,0.21124066248190684,0.058079619373773816,0.9980706316584179,0.8733917180235701,-0.8458450046685342,-0.735249621785174,3
1776680084.028089,807,1776680084.028089,1776680083.978232,1776680084.028635,1776680083.932284,0.8727085075650848,-0.5885419650529934,0.45914007210575514,0.8439716312056738,0.07142857142857142,0.0,0.05592137222803741,-0.5747922646138385,0.7854039261656319,0.08415550311836148,0.21124066248190684,0.058079619373773816,0.9981125744484524,0.8733917180235701,-0.8458450046685342,-0.735249621785174,3
1776680084.078155,808,1776680084.078155,1776680084.078203,1776680084.028635,1776680083.932284,0.8732943979885779,-0.5836579776568319,0.3287488316197089,0.9326241134751775,0.35714285714285715,0.0,-0.11293897236882387,0.16343509868371542,0.8119691916523577,-0.36138310324966094,-0.5561996755962555,0.06818289519825863,0.9981125744484524,0.8733917180235701,-0.8458450046685342,-0.735249621785174,3
1776680084.128154,809,1776680084.128154,1776680084.078203,1776680084.028635,1776680084.080932,0.8738106402151271,-0.5828415926668578,0.3587928962478302,0.822695035460993,0.0,0.0,-0.11293897236882387,0.16343509868371542,0.8119691916523577,-0.36138310324966094,-0.5561996755962555,0.06818289519825863,0.9981125744484524,0.8793383068439831,-0.8506069094304389,-0.7325264750378214,3
1776680084.178136,810,1776680084.178136,1776680084.128196,1776680084.028635,1776680084.080932,0.8743868288450524,-0.58685190489831,0.5090132193884364,0.9184397163120569,-0.5,0.0,0.7182015996128374,-0.5152358579584332,0.8474224838198389,0.40593820256033897,-0.06589178298407802,-0.1818178946137977,0.9981125744484524,0.8793383068439831,-0.8506069094304389,-0.7325264750378214,3
1776680084.228071,811,1776680084.228071,1776680084.228106,1776680084.028635,1776680084.229179,0.874935781247163,-0.5847894586078488,0.46895446655094136,0.8758865248226951,0.07142857142857142,0.0,0.2105261710665491,0.3337949032034724,0.7208176760005284,-0.49834946706056493,0.7887593375180931,-0.05471502001383751,0.9981125744484524,0.8870148124121526,-0.8559290382819794,-0.7285930408472011,3
1776680084.278164,812,1776680084.278164,1776680084.228106,1776680084.028635,1776680084.229179,0.8754708930171654,-0.590045832139788,0.679663506476165,0.851063829787234,-0.6428571428571428,0.0,0.2105261710665491,0.3337949032034724,0.7208176760005284,-0.49834946706056493,0.7887593375180931,-0.05471502001383751,0.9981125744484524,0.8870148124121526,-0.8559290382819794,-0.7285930408472011,3
1776680084.328095,813,1776680084.328095,1776680084.27821,1776680084.028635,1776680084.229179,0.8760264764616686,-0.5889429962761387,0.7063025771130992,0.8865248226950355,-0.07142857142857142,0.0,-0.7192978275255864,0.04432112758894965,0.9167489433364153,0.06765636709338982,-0.14147203654269982,-0.042087504857344145,0.9981125744484524,0.8870148124121526,-0.8559290382819794,-0.7285930408472011,3
1776680084.378134,814,1776680084.378134,1776680084.378183,1776680084.028635,1776680084.379344,0.876513969336636,-0.5822543683758237,0.5593537187875551,0.7765957446808511,0.5,0.0,0.41447314149955916,-0.27977849277369143,0.8876159853387927,0.409239268439209,-0.22287119134729386,0.05555538004176526,0.9981125744484524,0.8939344794031786,-0.8626517273576098,-0.7246596066565809,3
1776680084.428043,815,1776680084.428043,1776680084.378183,1776680084.028635,1776680084.379344,0.877115881070608,-0.5777714122028073,0.4693550540793163,0.9609929078014185,0.2857142857142857,0.0,0.41447314149955916,-0.27977849277369143,0.8876159853387927,0.409239268439209,-0.22287119134729386,0.05555538004176526,0.9981125744484524,0.8939344794031786,-0.8626517273576098,-0.7246596066565809,3
1776680084.478086,816,1776680084.478086,1776680084.478124,1776680084.028635,1776680084.379344,0.8776837475198122,-0.5786450873675165,0.5261717185204968,0.9042553191489363,-0.21428571428571427,0.0,0.758771198169776,-0.6994462319342286,0.8336953506802273,0.4323405362219208,0.1550373500723726,-0.1489901463047853,0.9981125744484524,0.8939344794031786,-0.8626517273576098,-0.7246596066565809,3
1776680084.52809,817,1776680084.52809,1776680084.528137,1776680084.028635,1776680084.526603,0.8782489882542432,-0.5779289601833286,0.5829216183736146,0.9007092198581561,-0.07142857142857142,0.0,-0.5241225135516135,0.11911397109476578,0.7886628252542598,0.516502232709661,-0.11046456652822532,-0.1203705166318623,0.9981125744484524,0.9029084225321655,-0.8715219421101774,-0.7198184568835098,3
1776680084.578073,818,1776680084.578073,1776680084.578146,1776680084.028635,1776680084.526603,0.87880724191716,-0.5756373531939273,0.5595540125517425,0.8900709219858157,0.07142857142857142,0.0,0.05372799982401693,0.5152358579584332,0.7124234744419495,-0.4867988331692091,0.794570965137508,-0.1666661401252958,0.9981125744484524,0.9029084225321655,-0.8715219421101774,-0.7198184568835098,3
1776680084.628093,819,1776680084.628093,1776680084.628139,1776680084.628681,1776680084.526603,0.8793215704871796,-0.5828559152105415,0.803244758979837,0.8191489361702129,-0.8571428571428571,0.0,0.668859428018339,0.14404453300205275,0.9045032030114912,0.1155125322829379,-0.13759519358757083,-0.24494915189981392,0.9979867460783493,0.9029084225321655,-0.8715219421101774,-0.7198184568835098,3
1776680084.678084,820,1776680084.678084,1776680084.628139,1776680084.628681,1776680084.675198,0.879909330063562,-0.5863076482383272,0.9935905995460007,0.9361702127659576,-0.5714285714285714,0.0,0.668859428018339,0.14404453300205275,0.9045032030114912,0.1155125322829379,-0.13759519358757083,-0.24494915189981392,0.9979867460783493,0.9114498864742133,-0.8811391223155929,-0.7180030257186082,3
1776680084.728037,821,1776680084.728037,1776680084.72808,1776680084.628681,1776680084.675198,0.8804738587397495,-0.5836006874820968,0.9935905995460007,0.9007092198581561,0.0,0.0,0.1250002291446306,-0.06786697988581934,0.7281255778628979,-0.36468416912853097,1.0,-0.23316515601947357,0.9979867460783493,0.9114498864742133,-0.8811391223155929,-0.7180030257186082,3
1776680084.778138,822,1776680084.778138,1776680084.778185,1776680084.628681,1776680084.675198,0.8810512489679606,-0.5794041821827557,0.9333689411136333,0.9184397163120569,0.14285714285714285,0.0,-0.5986843431889967,-0.22714679195432774,0.7601224243825123,-0.45709543362875704,-0.19186372133281934,-0.12626251457203244,0.9979867460783493,0.9114498864742133,-0.8811391223155929,-0.7180030257186082,3
1776680084.828039,823,1776680084.828039,1776680084.778185,1776680084.628681,1776680084.823671,0.8816287282034522,-0.5782297336006875,1.0,0.921985815602837,-0.14285714285714285,0.0,-0.5986843431889967,-0.22714679195432774,0.7601224243825123,-0.45709543362875704,-0.19186372133281934,-0.12626251457203244,0.9979867460783493,0.9205319493999351,-0.8920634920634921,-0.7095310136157337,3
1776680084.878132,824,1776680084.878132,1776680084.828072,1776680084.628681,1776680084.823671,0.8821589890766706,-0.5706531079919794,0.8361597008946455,0.8439716312056738,0.5,0.0,-0.19517531397397284,-0.12049868070518305,0.7668377691190067,0.33333333333333337,0.19186372133281934,-0.15656602354903626,0.9979867460783493,0.9205319493999351,-0.8920634920634921,-0.7095310136157337,3
1776680084.928021,825,1776680084.928021,1776680084.878178,1776680084.628681,1776680084.823671,0.8827782127266882,-0.562446290461186,0.676258512484978,0.9893617021276597,0.5714285714285714,0.0,-0.14035108623720688,-0.5526311219273862,0.7685167084929336,-0.5115475372066666,0.5775186750361863,0.06481513659009702,0.9979867460783493,0.9205319493999351,-0.8920634920634921,-0.7095310136157337,3
1776680084.97809,826,1776680084.97809,1776680084.928064,1776680084.628681,1776680084.97241,0.8833441210157227,-0.561314809510169,0.6929496595006008,0.9007092198581561,-0.07142857142857142,0.0,-0.5789467412883794,-0.03878113136332534,0.7853051941619338,-0.4719471333989831,-0.3953506979044682,0.1338383918162834,0.9979867460783493,0.9297221321223915,-0.8986928104575164,-0.6889561270801815,3
1776680085.028019,827,1776680085.028019,1776680085.028054,1776680084.628681,1776680084.97241,0.8838662377227807,-0.5581352048123747,0.6429429830417946,0.8333333333333334,0.14285714285714285,0.0,-0.062499656283054116,-0.13157867315643165,0.8575943567560428,0.5247518007221469,-0.13178356596815605,0.0008403600279277544,0.9979867460783493,0.9297221321223915,-0.8986928104575164,-0.6889561270801815,3
1776680085.078136,828,1776680085.078136,1776680085.028054,1776680084.628681,1776680084.97241,0.8844236903201734,-0.5535376682898884,0.5693684069969289,0.8865248226950355,0.2857142857142857,0.0,-0.062499656283054116,-0.13157867315643165,0.8575943567560428,0.5247518007221469,-0.13178356596815605,0.0008403600279277544,0.9979867460783493,0.9297221321223915,-0.8986928104575164,-0.6889561270801815,3
1776680085.128042,829,1776680085.128042,1776680085.078207,1776680084.628681,1776680085.121069,0.884941223152289,-0.5556860498424521,0.6593003071171051,0.8262411347517732,-0.35714285714285715,0.0,-0.06798262900384414,0.05540112004019825,0.7962670056795668,-0.28877823402265534,-0.4903078926121775,0.07407489313842877,0.9979867460783493,0.9366417991134176,-0.904201680672269,-0.675642965204236,3
1776680085.178097,830,1776680085.178097,1776680085.128088,1776680084.628681,1776680085.121069,0.8855515460742627,-0.5559008879977084,0.7461610361864067,0.971631205673759,-0.21428571428571427,0.0,0.6907894857444543,-0.4155124525453301,0.8818881257429666,0.2277239986870057,-0.0872107824240088,-0.07239101383434798,0.9979867460783493,0.9366417991134176,-0.904201680672269,-0.675642965204236,3
1776680085.228007,831,1776680085.228007,1776680085.178157,1776680085.228421,1776680085.121069,0.8860980062725211,-0.5532225723288456,0.7228601949525971,0.8723404255319149,0.07142857142857142,0.0,-0.48793874322419334,-0.10803282085956196,0.7581472889974904,0.4669986312653673,-0.12790672301302708,-0.05555538004176526,0.9979867460783493,0.9366417991134176,-0.904201680672269,-0.675642965204236,3
1776680085.278074,832,1776680085.278074,1776680085.228047,1776680085.228421,1776680085.271108,0.886646202112748,-0.5548983099398453,0.8298170650287088,0.8723404255319149,-0.35714285714285715,0.0,0.40131565681100334,0.1883656605910024,0.7096583179236561,-0.4141877705728248,0.872093276986973,0.06733937592210558,0.9979867460783493,0.9388041950481132,-0.9058823529411765,-0.6653555219364599,3
1776680085.32805,833,1776680085.32805,1776680085.278121,1776680085.228421,1776680085.271108,0.8872022750972939,-0.5548266972214266,0.9265589531312591,0.8865248226950355,-0.21428571428571427,0.0,-1.0,-0.10526340163872741,0.7640726951525558,-0.47689563553259884,-0.3062051308161736,0.052187621433603656,0.9979867460783493,0.9388041950481132,-0.9058823529411765,-0.6653555219364599,3
1776680085.378051,834,1776680085.378051,1776680085.328093,1776680085.228421,1776680085.271108,0.8876939513144417,-0.5511887711257519,0.8731472826812658,0.7836879432624114,0.14285714285714285,0.0,-0.0690788569165932,0.11080339786435171,0.8185858043851539,0.2244229328081356,-0.12597193834874132,-0.024411511036833675,0.9979867460783493,0.9388041950481132,-0.9058823529411765,-0.6653555219364599,3
1776680085.428021,835,1776680085.428021,1776680085.428077,1776680085.228421,1776680085.418195,0.8882785066287283,-0.5437267258665139,0.7130458005074108,0.9326241134751775,0.5,0.0,-0.6228068567406101,-0.04986112381457395,0.8086114780081892,-0.3712863008862712,-0.48449626499276277,0.1666661401252958,0.9979867460783493,0.9412909503730132,-0.9086834733893557,-0.6602118003025719,3
1776680085.478137,836,1776680085.478137,1776680085.478245,1776680085.228421,1776680085.418195,0.8888137964132916,-0.5411629905471212,0.6996261183068501,0.851063829787234,0.07142857142857142,0.0,0.7554825144315289,-0.25207735386161473,0.9157613756439044,0.1980205991465537,-0.2771324454659849,0.1043784021154326,0.9979867460783493,0.9412909503730132,-0.9086834733893557,-0.6602118003025719,3
1776680085.528004,837,1776680085.528004,1776680085.528072,1776680085.228421,1776680085.418195,0.8893795711914052,-0.5363935835004296,0.5831219121378022,0.9042553191489363,0.2857142857142857,0.0,-0.6578943991552813,-0.42105244877095444,0.7943906848500858,0.6089073038405084,-0.14922572245295782,0.10774300147536893,0.9979867460783493,0.9412909503730132,-0.9086834733893557,-0.6602118003025719,3
1776680085.578091,838,1776680085.578091,1776680085.528072,1776680085.228421,1776680085.566914,0.8899611002581568,-0.5283013463191063,0.40926692482307386,0.9255319148936172,0.6428571428571428,0.0,-0.6578943991552813,-0.42105244877095444,0.7943906848500858,0.6089073038405084,-0.14922572245295782,0.10774300147536893,0.9979867460783493,0.9393447940317872,-0.9086834733893557,-0.6553706505295007,3
1776680085.628044,839,1776680085.628044,1776680085.57814,1776680085.228421,1776680085.566914,0.8904856646654271,-0.5301346319106274,0.48591267191881427,0.8368794326241135,-0.2857142857142857,0.0,0.22916662847589495,0.09141283218268904,0.7438277638356888,-0.41914246607581923,0.7538750245484896,0.3518517933472551,0.9979867460783493,0.9393447940317872,-0.9086834733893557,-0.6553706505295007,3
1776680085.67805,840,1776680085.67805,1776680085.628123,1776680085.228421,1776680085.566914,0.8910778301021911,-0.5330421082784303,0.6128321538256108,0.9432624113475179,-0.42857142857142855,0.0,0.46710491341082705,-0.16620451790454996,0.8956152588825783,0.2656769662399435,-0.20542903486249212,0.2702010229645754,0.9979867460783493,0.9393447940317872,-0.9086834733893557,-0.6553706505295007,3
1776680085.727987,841,1776680085.727987,1776680085.6781,1776680085.228421,1776680085.715424,0.8916266934970213,-0.5292752792896019,0.5461343303511818,0.8758865248226951,0.21428571428571427,0.0,-0.09429851495947807,0.23545736518474178,0.8281651201954828,0.20627016715903954,-0.5038732061418503,0.17424201736954675,0.9979867460783493,0.9346956427721916,-0.9088702147525678,-0.6583963691376701,3
1776680085.778024,842,1776680085.778024,1776680085.728036,1776680085.228421,1776680085.715424,0.8921590015376898,-0.5336150100257806,0.719855788489785,0.847517730496454,-0.5714285714285714,0.0,0.24013165733895261,0.4570641609134452,0.73632231541408,-0.4587428698835027,0.6957369274746696,0.23737327465556293,0.9979867460783493,0.9346956427721916,-0.9088702147525678,-0.6583963691376701,3
1776680085.828063,843,1776680085.828063,1776680085.82813,1776680085.829239,1776680085.715424,0.8927201479372208,-0.5323832712689774,0.7733342235278408,0.8936170212765958,-0.07142857142857142,0.0,-0.1337718856036678,0.4473688780726139,0.7976495839387134,0.12211466404067804,0.0717034106034928,0.137206150424445,0.9979867460783493,0.9346956427721916,-0.9088702147525678,-0.6583963691376701,3
1776680085.878052,844,1776680085.878052,1776680085.82813,1776680085.829239,1776680085.863707,0.8932160520001895,-0.5248066456602694,0.5897316063559889,0.7907801418439717,0.5714285714285714,0.0,-0.1337718856036678,0.4473688780726139,0.7976495839387134,0.12211466404067804,0.0717034106034928,0.137206150424445,0.9979867460783493,0.9256135798464699,-0.9084033613445378,-0.6617246596066566,3
1776680085.928051,845,1776680085.928051,1776680085.878102,1776680085.829239,1776680085.863707,0.8938167176322356,-0.5187911773130908,0.4728935772466284,0.9574468085106385,0.42857142857142855,0.0,0.31250011457231536,-0.1592798120685084,0.822535992603355,-0.3168280039389829,0.3042630725253304,0.07070713453026718,0.9979867460783493,0.9256135798464699,-0.9084033613445378,-0.6617246596066566,3
1776680085.978052,846,1776680085.978052,1776680085.9281,1776680085.829239,1776680085.863707,0.8943618872249275,-0.5189916929246634,0.5429963947122446,0.8687943262411348,-0.14285714285714285,0.0,-0.5559204556495151,0.14265982339163547,0.8083151994452517,-0.379535868898757,-0.5290690485369101,0.11531887871961988,0.9979867460783493,0.9256135798464699,-0.9084033613445378,-0.6617246596066566,3
1776680086.027991,847,1776680086.027991,1776680085.978247,1776680085.829239,1776680086.012173,0.8949419921751921,-0.519607562303065,0.5996795299773001,0.9255319148936172,-0.21428571428571427,0.0,0.5756580575501323,-0.5969534073002909,0.7342484480253599,0.19141846738881355,0.5426343620665828,-0.22222152016706104,0.9979867460783493,0.9158827981403393,-0.9070961718020543,-0.6656580937972768,3
1776680086.078013,848,1776680086.078013,1776680086.028035,1776680085.829239,1776680086.012173,0.8955072329096232,-0.5122457748496133,0.4460542128455068,0.9007092198581561,0.5714285714285714,0.0,-0.6008767990144948,0.06648227027540207,0.7858976687359661,0.513201166830791,-0.13178356596815605,-0.16750965940144882,0.9979867460783493,0.9158827981403393,-0.9070961718020543,-0.6656580937972768,3
1776680086.127971,849,1776680086.127971,1776680086.128014,1776680085.829239,1776680086.012173,0.8959942362445479,-0.5140647378974507,0.5361196421418081,0.7765957446808511,-0.2857142857142857,0.0,0.7061403428370305,-0.5609416951578001,0.8968002905824858,0.1815152697522033,-0.13371835063244183,-0.06733937592210558,0.9979867460783493,0.9158827981403393,-0.9070961718020543,-0.6656580937972768,3
1776680086.178019,850,1776680086.178019,1776680086.178068,1776680085.829239,1776680086.161202,0.8965800821644008,-0.5168433113720997,0.6530912004272934,0.9326241134751775,-0.42857142857142855,0.0,-0.44298239985921356,0.04986112381457395,0.7683191619336944,0.3894390665353673,-0.1589141930275016,-0.010943635852412559,0.9979867460783493,0.9075575737917613,-0.9019607843137255,-0.6617246596066566,3
1776680086.228094,851,1776680086.228094,1776680086.228142,1776680085.829239,1776680086.161202,0.897107494804645,-0.5116155829275281,0.5595540125517425,0.8404255319148937,0.35714285714285715,0.0,0.29824548539248813,0.35734075550034217,0.7816512019548276,-0.3712863008862712,0.474807794418219,0.03703586694510175,0.9979867460783493,0.9075575737917613,-0.9019607843137255,-0.6617246596066566,3
1776680086.283555,852,1776680086.283555,1776680086.283597,1776680085.829239,1776680086.161202,0.8977647245634104,-0.5098395875107419,0.5595540125517425,0.9432624113475179,0.0,0.0,-0.7949558850757186,0.07617755311623339,0.7814536553955884,-0.4867988331692091,-0.46124248088854625,0.12963027318019404,0.9979867460783493,0.9075575737917613,-0.9019607843137255,-0.6617246596066566,3
1776680086.327991,853,1776680086.327991,1776680086.328049,1776680085.829239,1776680086.310006,0.8982690398143808,-0.5116585505585792,0.6633729469889171,0.9042553191489363,-0.35714285714285715,0.0,-0.24780708588524072,0.25623264047682176,0.7481729626205257,0.16501613372723165,0.43023501087407173,-0.16750965940144882,0.9979867460783493,0.9003135474105308,-0.8973856209150327,-0.6526475037821482,3
1776680086.377982,854,1776680086.377982,1776680086.378035,1776680085.829239,1776680086.310006,0.8987651663955506,-0.5086364938413063,0.6199759647482975,0.7907801418439717,0.14285714285714285,0.0,-0.27850880007039325,-0.030470558132911284,0.8199683826443006,0.5181496689644067,-0.09302241004342356,-0.1422546290884621,0.9979867460783493,0.9003135474105308,-0.8973856209150327,-0.6526475037821482,3
1776680086.427997,855,1776680086.427997,1776680086.378035,1776680086.42887,1776680086.310006,0.8993594680070451,-0.5068604984245202,0.5865936707170517,0.946808510638298,0.0,0.0,-0.27850880007039325,-0.030470558132911284,0.8199683826443006,0.5181496689644067,-0.09302241004342356,-0.1422546290884621,0.9980706316584179,0.9003135474105308,-0.8973856209150327,-0.6526475037821482,3
1776680086.477982,856,1776680086.477982,1776680086.478029,1776680086.42887,1776680086.458381,0.899900142732075,-0.5110570037238614,0.7634530644945922,0.8617021276595745,-0.5714285714285714,0.0,0.7401316573389527,0.0027705770047897526,0.89729403315282,0.1270631661742938,-0.09883403766283831,-0.27609302090474547,0.9980706316584179,0.8909071250946047,-0.8929038281979459,-0.6544629349470499,3
1776680086.528054,857,1776680086.528054,1776680086.528101,1776680086.42887,1776680086.458381,0.9004727710707826,-0.5082354626181611,0.7501001468820937,0.9113475177304966,0.07142857142857142,0.0,-0.8289471995776406,-0.5443217064809273,0.8066363426231673,0.5330013687346327,-0.3081399154804594,-0.5202018127766317,0.9980706316584179,0.8909071250946047,-0.8929038281979459,-0.6544629349470499,3
1776680086.578034,858,1776680086.578034,1776680086.578081,1776680086.42887,1776680086.458381,0.9010486481752262,-0.5011458034947007,0.5732407531045534,0.9184397163120569,0.5,0.0,0.08004388577965087,-0.2977843488449368,0.7268417316074495,-0.305277370047627,0.9651156870303965,-0.21043752428672075,0.9980706316584179,0.8909071250946047,-0.8929038281979459,-0.6544629349470499,3
1776680086.627959,859,1776680086.627959,1776680086.628018,1776680086.42887,1776680086.6068,0.9015707648822844,-0.500415353766829,0.6165709707571104,0.8333333333333334,-0.07142857142857142,0.0,0.22478080024637634,-0.13850453677642843,0.9489432538634263,-0.19306590364355922,-0.4244161096280995,-0.09932676420319021,0.9980706316584179,0.8842036976970482,-0.8911297852474324,-0.6665658093797276,3
1776680086.677957,860,1776680086.677957,1776680086.628018,1776680086.42887,1776680086.6068,0.9021583464441059,-0.5043970209109138,0.7901588997195887,0.9361702127659576,-0.5714285714285714,0.0,0.22478080024637634,-0.13850453677642843,0.9489432538634263,-0.19306590364355922,-0.4244161096280995,-0.09932676420319021,0.9980706316584179,0.8842036976970482,-0.8911297852474324,-0.6665658093797276,3
1776680086.728022,861,1776680086.728022,1776680086.728064,1776680086.42887,1776680086.6068,0.9027220295511292,-0.5022486393583501,0.7868206703164642,0.897163120567376,0.0,0.0,0.23684205702218306,0.3282549069778481,0.7579497424382512,-0.5115475372066666,0.6821716139449968,0.0892266476269307,0.9980706316584179,0.8842036976970482,-0.8911297852474324,-0.6665658093797276,3
1776680086.777966,862,1776680086.777966,1776680086.778013,1776680086.42887,1776680086.755502,0.9033043596834047,-0.5000429676310513,0.8101215115502738,0.9290780141843973,0.0,0.0,-0.5570176001407865,-0.08033283973144044,0.7724668967111346,-0.3184816335631074,-0.47093095146309,0.12457863526795164,0.9980706316584179,0.8802032652178614,-0.8893557422969188,-0.6774583963691376,3
1776680086.828021,863,1776680086.828021,1776680086.828063,1776680086.42887,1776680086.755502,0.9038746738328209,-0.4992552277284446,0.8268794231539591,0.9078014184397164,-0.14285714285714285,0.0,-0.39802605649423384,0.03601055435853558,0.7544932967903843,0.32508376532084754,0.19961013361651986,0.0,0.9980706316584179,0.8802032652178614,-0.8893557422969188,-0.6774583963691376,3
1776680086.877952,864,1776680086.877952,1776680086.828063,1776680086.42887,1776680086.755502,0.9043610541167827,-0.4923087940418219,0.6801976231806649,0.7765957446808511,0.5,0.0,-0.39802605649423384,0.03601055435853558,0.7544932967903843,0.32508376532084754,0.19961013361651986,0.0,0.9980706316584179,0.8802032652178614,-0.8893557422969188,-0.6774583963691376,3
1776680086.927919,865,1776680086.927919,1776680086.877996,1776680086.42887,1776680086.904015,0.9049481016349213,-0.48965912346032664,0.6368006409400454,0.9361702127659576,0.07142857142857142,0.0,0.22258742784235586,-0.36288075172596646,0.8964052800158501,-0.46204393576237285,0.3740316984645375,0.07575877244250959,0.9980706316584179,0.8726348794464266,-0.8845938375350141,-0.686232980332829,3
1776680086.97795,866,1776680086.97795,1776680086.92796,1776680086.42887,1776680086.904015,0.905484682025051,-0.48872815812088233,0.6501535585525438,0.8546099290780143,-0.07142857142857142,0.0,-0.6129380557903015,0.12603867693080736,0.79399567428345,-0.3696388646315255,-0.38953179665849597,0.08333464968676053,0.9980706316584179,0.8726348794464266,-0.8845938375350141,-0.686232980332829,3
1776680087.027915,867,1776680087.027915,1776680086.977997,1776680087.028637,1776680086.904015,0.9060627398078653,-0.4833428816957892,0.5467352116437442,0.921985815602837,0.35714285714285715,0.0,0.6392539417459355,-0.24238207102078338,0.8831720545502575,0.4141877705728248,0.7383749263545311,-0.10353488283927957,0.9981964600285211,0.8726348794464266,-0.8845938375350141,-0.686232980332829,3
1776680087.077993,868,1776680087.077993,1776680087.027958,1776680087.028637,1776680087.052948,0.9066420881962461,-0.4789458607848754,0.4464548003738817,0.921985815602837,0.2857142857142857,0.0,-0.7182015996128374,-0.4459830106782414,0.7698004721965395,0.49340096492694924,-0.13371835063244183,-0.057239259345846054,0.9981964600285211,0.8663639312358092,-0.8801120448179272,-0.6995461422087745,3
1776680087.127909,869,1776680087.127909,1776680087.12795,1776680087.028637,1776680087.052948,0.9071530789932494,-0.4821397880263535,0.596408065162238,0.8156028368794327,-0.42857142857142855,0.0,0.6030701714185154,0.03462584474811831,0.9255381554616299,0.07425849885112999,-0.22092913305645065,-0.010943635852412559,0.9981964600285211,0.8663639312358092,-0.8801120448179272,-0.6995461422087745,3
1776680087.17794,870,1776680087.17794,1776680087.177986,1776680087.028637,1776680087.052948,0.9077298461704973,-0.48692351761672875,0.8035118173320871,0.9184397163120569,-0.6428571428571428,0.0,-0.19736868637799332,0.09833753801873063,0.8213509609034474,0.4999969033153106,-0.33333575787551917,-0.0429278648852719,0.9981964600285211,0.8663639312358092,-0.8801120448179272,-0.6995461422087745,3
1776680087.22796,871,1776680087.22796,1776680087.228003,1776680087.028637,1776680087.198426,0.9082573923216624,-0.4841735892294472,0.7501001468820937,0.8404255319148937,0.07142857142857142,0.0,0.26644754329458653,0.4986147114976051,0.7640726951525558,-0.4141877705728248,0.7073674563400566,-0.04124714482941639,0.9981964600285211,0.8592280246513135,-0.8789915966386556,-0.7152798789712557,3
1776680087.277938,872,1776680087.277938,1776680087.228003,1776680087.028637,1776680087.198426,0.9088599271065977,-0.4762675451160126,0.6032848177326746,0.9609929078014185,0.5714285714285714,0.0,0.26644754329458653,0.4986147114976051,0.7640726951525558,-0.4141877705728248,0.7073674563400566,-0.04124714482941639,0.9981964600285211,0.8592280246513135,-0.8789915966386556,-0.7152798789712557,3
1776680087.327899,873,1776680087.327899,1776680087.277981,1776680087.028637,1776680087.198426,0.9094402545750633,-0.47600973932970503,0.6400053411670451,0.9255319148936172,-0.14285714285714285,0.0,-0.7072365707497796,-0.00415528661520703,0.7846138224805178,-0.3828369347776271,-0.3701548555094084,0.15404178421702772,0.9981964600285211,0.8592280246513135,-0.8789915966386556,-0.7152798789712557,3
1776680087.378097,874,1776680087.378097,1776680087.378144,1776680087.028637,1776680087.343889,0.9099538265831992,-0.46723002005156117,0.41881426091601015,0.8156028368794327,0.7142857142857143,0.0,-0.2796050279831423,-0.5706369779986314,0.8596681415929204,0.5825049701789264,-0.13371835063244183,0.09511864556710085,0.9981964600285211,0.8537139150178397,-0.8789915966386556,-0.724357034795764,3
1776680087.427888,875,1776680087.427888,1776680087.378144,1776680087.028637,1776680087.343889,0.9105320623805745,-0.46107132626754516,0.27587127787421556,0.9255319148936172,0.5,0.0,-0.2796050279831423,-0.5706369779986314,0.8596681415929204,0.5825049701789264,-0.13371835063244183,0.09511864556710085,0.9981964600285211,0.8537139150178397,-0.8789915966386556,-0.724357034795764,3
1776680087.477925,876,1776680087.477925,1776680087.427933,1776680087.028637,1776680087.343889,0.9110799021916798,-0.4632053852764252,0.3559887835492055,0.8723404255319149,-0.2857142857142857,0.0,-0.521929141147593,-0.00415528661520703,0.7629863954563466,-0.30362993379288133,-0.41279285438926994,0.37037130644391864,0.9981964600285211,0.8537139150178397,-0.8789915966386556,-0.724357034795764,3
1776680087.527925,877,1776680087.527925,1776680087.527965,1776680087.028637,1776680087.490181,0.9116807013346465,-0.46289028931538245,0.4127386834023234,0.9574468085106385,-0.07142857142857142,0.0,-0.9210523421330982,0.1592798120685084,0.7488643343019417,0.5544552002625989,-0.09689925299855255,0.1321545125122026,0.9981964600285211,0.8516596388798788,-0.8830065359477124,-0.7246596066565809,3
1776680087.577928,878,1776680087.577928,1776680087.577971,1776680087.028637,1776680087.490181,0.9122591596502229,-0.45959610426811803,0.32928294832420885,0.921985815602837,0.21428571428571427,0.0,0.3322367998944102,0.23961265179994884,0.7123247424382512,-0.4455447997374012,0.8391510223082127,0.23737327465556293,0.9981964600285211,0.8516596388798788,-0.8830065359477124,-0.7246596066565809,3
1776680087.627898,879,1776680087.627898,1776680087.577971,1776680087.028637,1776680087.490181,0.9127462519924281,-0.46168719564594674,0.4227533716116971,0.7765957446808511,-0.2857142857142857,0.0,0.3322367998944102,0.23961265179994884,0.7123247424382512,-0.4455447997374012,0.8391510223082127,0.23737327465556293,0.9981964600285211,0.8516596388798788,-0.8830065359477124,-0.7246596066565809,3
1776680087.677942,880,1776680087.677942,1776680087.677986,1776680087.629372,1776680087.635984,0.9133053067208686,-0.46342022343168154,0.5329817065028709,0.8900709219858157,-0.2857142857142857,0.0,-0.17214902833510845,0.34210547643388645,0.8023898758420288,0.22937143494175136,-0.01356531352967276,0.12121087665979002,0.9980706316584179,0.8498216023353876,-0.8853408029878619,-0.7331316187594553,3
1776680087.727858,881,1776680087.727858,1776680087.7279,1776680087.629372,1776680087.635984,0.913842866191083,-0.462030936694357,0.5196287888903726,0.8581560283687943,0.0,0.0,0.2817984003871628,0.6343486712692439,0.787872804120988,-0.4108928980633334,0.46898889317224673,0.10185100353519876,0.9980706316584179,0.8498216023353876,-0.8853408029878619,-0.7331316187594553,3
1776680087.777925,882,1776680087.777925,1776680087.77797,1776680087.629372,1776680087.635984,0.9144555478059885,-0.45835004296763115,0.45947389504606756,0.9751773049645391,0.21428571428571427,0.0,-0.6622802273847999,0.36149604211554914,0.79695829480914,-0.4356416021007909,0.06395699831979228,0.0429278648852719,0.9980706316584179,0.8498216023353876,-0.8853408029878619,-0.7331316187594553,3
1776680087.827969,883,1776680087.827969,1776680087.828011,1776680087.629372,1776680087.781663,0.9150057018063851,-0.45928100830707536,0.5329817065028709,0.8758865248226951,-0.21428571428571427,0.0,-0.23684205702218306,-0.00415528661520703,0.7101520604939903,0.379535868898757,0.6802295556541537,-0.229797397411312,0.9980706316584179,0.8510109200994702,-0.8900093370681607,-0.7413010590015128,3
1776680087.877964,884,1776680087.877964,1776680087.87801,1776680087.629372,1776680087.781663,0.915512776283049,-0.4515325121741621,0.3294164775003338,0.8085106382978724,0.6428571428571428,0.0,-0.528508341781132,-0.25623264047682176,0.7873789789988113,-0.14686336807813555,-0.1531025654080868,-0.07154749455819494,0.9980706316584179,0.8510109200994702,-0.8900093370681607,-0.7413010590015128,3
1776680087.927957,885,1776680087.927957,1776680087.87801,1776680087.629372,1776680087.927539,0.9160844700453119,-0.4470495560011459,0.22593136600347175,0.9113475177304966,0.35714285714285715,0.0,-0.528508341781132,-0.25623264047682176,0.7873789789988113,-0.14686336807813555,-0.1531025654080868,-0.07154749455819494,0.9980706316584179,0.8559844307492701,-0.8979458450046686,-0.7428139183055975,3
1776680087.977936,886,1776680087.977936,1776680087.977984,1776680087.629372,1776680087.927539,0.9165694262127866,-0.44938413062159843,0.32601148350914677,0.773049645390071,-0.2857142857142857,0.0,0.7214911999296069,-0.15512452545330135,0.9608927156254128,0.38613800065649717,-0.397285482568754,-0.08417500971468829,0.9980706316584179,0.8559844307492701,-0.8979458450046686,-0.7428139183055975,3
1776680088.027861,887,1776680088.027861,1776680088.027901,1776680087.629372,1776680087.927539,0.9171538480161523,-0.4520338012030937,0.42602483642675926,0.9326241134751775,-0.35714285714285715,0.0,-0.7467099413939694,-0.05678698743457074,0.7873789789988113,0.39108650279011287,-0.2926325436599434,-0.025251871064761428,0.9980706316584179,0.8559844307492701,-0.8979458450046686,-0.7428139183055975,3
1776680088.077886,888,1776680088.077886,1776680088.027901,1776680087.629372,1776680088.075992,0.9177148609047626,-0.4494557433400172,0.39264254239551344,0.8936170212765958,0.14285714285714285,0.0,-0.7467099413939694,-0.05678698743457074,0.7873789789988113,0.39108650279011287,-0.2926325436599434,-0.025251871064761428,0.9980706316584179,0.8657152124554005,-0.9024276377217554,-0.7385779122541604,3
1776680088.127851,889,1776680088.127851,1776680088.077936,1776680087.629372,1776680088.075992,0.9182886463381159,-0.4519478659409912,0.4927226599011884,0.9148936170212767,-0.35714285714285715,0.0,0.40789485744454246,0.5997228265211255,0.7931068385946374,-0.18977103113406787,0.459300422597703,0.052187621433603656,0.9980706316584179,0.8657152124554005,-0.9024276377217554,-0.7385779122541604,3
1776680088.177875,890,1776680088.177875,1776680088.127895,1776680087.629372,1776680088.075992,0.9188653690117238,-0.45630191922085367,0.65970089464548,0.9184397163120569,-0.5714285714285714,0.0,0.06359680077432554,0.2506926442511974,0.8637171443666622,-0.49340096492694924,-0.20930587781762108,0.09680252487118166,0.9980706316584179,0.8657152124554005,-0.9024276377217554,-0.7385779122541604,3
1776680088.227894,891,1776680088.227894,1776680088.177919,1776680088.228631,1776680088.224574,0.9193684826644081,-0.45469779432827273,0.6964214180798504,0.8014184397163121,0.0,0.0,-0.16556982770156936,-0.17867037775017108,0.7034367157574957,0.41254033431807907,0.6608526145050662,-0.193601890494138,0.9979867460783493,0.8765271921288788,-0.9098039215686275,-0.7340393343419062,3
1776680088.277897,892,1776680088.277897,1776680088.227937,1776680088.228631,1776680088.224574,0.9199624727504212,-0.4505585792036666,0.5996127653892375,0.946808510638298,0.21428571428571427,0.0,0.7478070858852408,0.6772850892477761,0.8328065975432571,-0.3448839672246893,0.23061760363099437,-0.10269452281135182,0.9979867460783493,0.8765271921288788,-0.9098039215686275,-0.7340393343419062,3
1776680088.32783,893,1776680088.32783,1776680088.277942,1776680088.228631,1776680088.224574,0.9205092889778014,-0.45469779432827273,0.7730004005875284,0.8723404255319149,-0.5714285714285714,0.0,-0.49451702727921004,0.09556811879789608,0.7707880398890503,-0.2541263323485876,-0.34108217015921966,-0.21043752428672075,0.9979867460783493,0.8765271921288788,-0.9098039215686275,-0.7340393343419062,3
1776680088.377912,894,1776680088.377912,1776680088.327871,1776680088.228631,1776680088.37335,0.9210439112077612,-0.44626181609853915,0.5991454132728,0.851063829787234,0.6428571428571428,0.0,0.23903451284768118,-0.4792241458159424,0.7238791110817593,0.4653450016412429,0.802324651047766,-0.36784390786368476,0.9979867460783493,0.8864742134284787,-0.9177404295051355,-0.7325264750378214,3
1776680088.427877,895,1776680088.427877,1776680088.427921,1776680088.228631,1776680088.37335,0.9216219689905757,-0.44028931538241195,0.43897716651088264,0.921985815602837,0.42857142857142855,0.0,0.08552594192191852,-0.6717450930221519,0.7955757165499934,0.014851699770225997,-0.03681909763388928,-0.07239101383434798,0.9979867460783493,0.8864742134284787,-0.9177404295051355,-0.7325264750378214,3
1776680088.477865,896,1776680088.477865,1776680088.427921,1776680088.228631,1776680088.37335,0.9221380777062042,-0.4406330564308222,0.5090799839764989,0.822695035460993,-0.14285714285714285,0.0,0.08552594192191852,-0.6717450930221519,0.7955757165499934,0.014851699770225997,-0.03681909763388928,-0.07239101383434798,0.9979867460783493,0.8864742134284787,-0.9177404295051355,-0.7325264750378214,3
1776680088.527828,897,1776680088.527828,1776680088.477911,1776680088.228631,1776680088.521447,0.9227184941819501,-0.44278143798338593,0.6091601014821739,0.9255319148936172,-0.35714285714285715,0.0,0.06688548451257272,-0.3601113325051319,0.9058857812706379,-0.32178269944197746,-0.4573656379334173,-0.05471502001383751,0.9979867460783493,0.8933938804195048,-0.9257703081232493,-0.7328290468986384,3
1776680088.57789,898,1776680088.57789,1776680088.577934,1776680088.228631,1776680088.521447,0.923295439373759,-0.4403752506445145,0.5857257310722392,0.9184397163120569,0.07142857142857142,0.0,0.24890331379798977,0.6689745160173621,0.7538020902126535,-0.5643522045298304,0.6627873991693518,0.09680252487118166,0.9979867460783493,0.8933938804195048,-0.9257703081232493,-0.7328290468986384,3
1776680088.627833,899,1776680088.627833,1776680088.577934,1776680088.228631,1776680088.521447,0.9238422556011392,-0.44097679747923235,0.6490853251435439,0.8723404255319149,-0.21428571428571427,0.0,0.24890331379798977,0.6689745160173621,0.7538020902126535,-0.5643522045298304,0.6627873991693518,0.09680252487118166,0.9979867460783493,0.8933938804195048,-0.9257703081232493,-0.7328290468986384,3
1776680088.677903,900,1776680088.677903,1776680088.627876,1776680088.228631,1776680088.670794,0.9244216929968004,-0.4427527928960184,0.7493657364134063,0.921985815602837,-0.35714285714285715,0.0,0.406797712953271,-0.05540112004019825,0.9067746169594506,-0.453794367749887,-0.455423579642574,0.1489901463047853,0.9979867460783493,0.8986917504595091,-0.9303454715219421,-0.7328290468986384,3
1776680088.727808,901,1776680088.727808,1776680088.677948,1776680088.228631,1776680088.670794,0.9249235160439183,-0.43878544829561733,0.6994258245426626,0.8014184397163121,0.21428571428571427,0.0,-0.4923245714537119,-0.24930793464078016,0.7055105005943733,0.4603964995076271,0.5135689503429516,0.0,0.9979867460783493,0.8986917504595091,-0.9303454715219421,-0.7328290468986384,3
1776680088.777956,902,1776680088.777956,1776680088.778003,1776680088.228631,1776680088.670794,0.9255192417719,-0.4339157834431395,0.5989451195086126,0.946808510638298,0.2857142857142857,0.0,-0.5592100559662846,0.141273955997263,0.7715780610223221,-0.2953803657803955,-0.2906977589956577,0.060607017954007664,0.9979867460783493,0.8986917504595091,-0.9303454715219421,-0.7328290468986384,3
1776680088.827816,903,1776680088.827816,1776680088.778003,1776680088.828678,1776680088.819263,0.9260828803752833,-0.43371526783156694,0.6422753371611697,0.9007092198581561,-0.14285714285714285,0.0,-0.5592100559662846,0.141273955997263,0.7715780610223221,-0.2953803657803955,-0.2906977589956577,0.060607017954007664,0.9979867460783493,0.9033409017191047,-0.9338001867413632,-0.7228441754916792,3
1776680088.877867,904,1776680088.877867,1776680088.877925,1776680088.828678,1776680088.819263,0.9266284059970971,-0.42628186765969645,0.47182534383762853,0.8687943262411348,0.5714285714285714,0.0,-0.7719295994368542,-0.3975065964740847,0.7852063796063928,0.08250806686361582,-0.22674076067586538,0.058079619373773816,0.9979867460783493,0.9033409017191047,-0.9338001867413632,-0.7228441754916792,3
1776680088.927796,905,1776680088.927796,1776680088.877925,1776680088.828678,1776680088.819263,0.9272082439255203,-0.4206817530793469,0.3184670850580852,0.9255319148936172,0.42857142857142855,0.0,-0.7719295994368542,-0.3975065964740847,0.7852063796063928,0.08250806686361582,-0.22674076067586538,0.058079619373773816,0.9979867460783493,0.9033409017191047,-0.9338001867413632,-0.7228441754916792,3
1776680088.977878,906,1776680088.977878,1776680088.927835,1776680088.828678,1776680088.968241,0.9277186561752006,-0.42132626754511604,0.3887034316998264,0.8120567375886526,-0.14285714285714285,0.0,-0.44298239985921356,-0.3324101935930551,0.7714793290186237,-0.10891040052519772,-0.28294407308539965,0.07239101383434798,0.9979867460783493,0.9069088550113525,-0.9364145658263305,-0.7155824508320725,3
1776680089.02779,907,1776680089.02779,1776680088.977927,1776680088.828678,1776680088.968241,0.9283097090209592,-0.42737038097966207,0.5986112965683001,0.9432624113475179,-0.7142857142857143,0.0,0.37061394262585085,0.06786697988581934,0.9479556861709153,0.3184816335631074,-0.2810092884211139,-0.06733937592210558,0.9979867460783493,0.9069088550113525,-0.9364145658263305,-0.7155824508320725,3
1776680089.077869,908,1776680089.077869,1776680089.027831,1776680088.828678,1776680088.968241,0.9288601745468373,-0.4257805786307649,0.5819201495526772,0.8758865248226951,0.0,0.0,-0.8706139426258509,0.030470558132911284,0.7712817824593846,0.46204393576237285,-0.44961195202315923,-0.053871500737684465,0.9979867460783493,0.9069088550113525,-0.9364145658263305,-0.7155824508320725,3
1776680089.1278,909,1776680089.1278,1776680089.127842,1776680088.828678,1776680089.1171,0.9294312007544969,-0.4213119450014323,0.5086126318600614,0.9113475177304966,0.2857142857142857,0.0,-0.22697325607187444,-0.2880890660041055,0.8298439770175671,-0.40098970042672316,-0.2015521919073631,0.1405707497843813,0.9979867460783493,0.9098280895231917,-0.9392156862745099,-0.7116490166414523,3
1776680089.17792,910,1776680089.17792,1776680089.127842,1776680088.828678,1776680089.1171,0.9300155335505823,-0.42061014036092814,0.5253037788756844,0.9290780141843973,-0.07142857142857142,0.0,-0.22697325607187444,-0.2880890660041055,0.8298439770175671,-0.40098970042672316,-0.2015521919073631,0.1405707497843813,0.9979867460783493,0.9098280895231917,-0.9392156862745099,-0.7116490166414523,3
1776680089.227784,911,1776680089.227784,1776680089.177968,1776680088.828678,1776680089.1171,0.930541388563419,-0.41641363506158696,0.44204833756175727,0.8404255319148937,0.2857142857142857,0.0,-0.14364068655397638,-0.7188367976158913,0.6779576674151366,0.5825049701789264,0.7674403380781625,0.030303508977003832,0.9979867460783493,0.9098280895231917,-0.9392156862745099,-0.7116490166414523,3
1776680089.277903,912,1776680089.277903,1776680089.277947,1776680088.828678,1776680089.266355,0.9311501983616253,-0.41224577484961333,0.3617973027106423,0.9680851063829788,0.2857142857142857,0.0,-0.5032896003167696,-0.11911397109476578,0.7616037346453574,-0.2128722989167797,-0.2965093866150724,0.3476436747111657,0.9979867460783493,0.9115580062709481,-0.9429505135387489,-0.7013615733736762,3
1776680089.327832,913,1776680089.327832,1776680089.277947,1776680088.828678,1776680089.266355,0.9317079624844995,-0.4127040962474936,0.40178929096007476,0.8900709219858157,-0.14285714285714285,0.0,-0.5032896003167696,-0.11911397109476578,0.7616037346453574,-0.2128722989167797,-0.2965093866150724,0.3476436747111657,0.9979867460783493,0.9115580062709481,-0.9429505135387489,-0.7013615733736762,3
1776680089.378052,914,1776680089.378052,1776680089.327874,1776680088.828678,1776680089.266355,0.9322598966305048,-0.4058865654540247,0.2408198691414074,0.8758865248226951,0.5714285714285714,0.0,0.25438628651877976,-0.34764547265951073,0.7040291903315282,0.4917473353028248,0.887600648807489,0.09343476626302005,0.9979867460783493,0.9115580062709481,-0.9429505135387489,-0.7013615733736762,3
1776680089.427779,915,1776680089.427779,1776680089.42782,1776680089.428234,1776680089.415333,0.9328374203696366,-0.40093096533944433,0.10468687408198692,0.9255319148936172,0.42857142857142855,0.0,-0.22368457233362726,-0.36288075172596646,0.7851076476026945,-0.08250806686361582,-0.1976753489522341,0.23316515601947357,0.997860917708246,0.913612282408909,-0.9468720821661999,-0.6919818456883509,3
1776680089.477842,916,1776680089.477842,1776680089.42782,1776680089.428234,1776680089.415333,0.9333298531486682,-0.40355199083357207,0.20496728535184935,0.7836879432624114,-0.2857142857142857,0.0,-0.22368457233362726,-0.36288075172596646,0.7851076476026945,-0.08250806686361582,-0.1976753489522341,0.23316515601947357,0.997860917708246,0.913612282408909,-0.9468720821661999,-0.6919818456883509,3
1776680089.527769,917,1776680089.527769,1776680089.527809,1776680089.428234,1776680089.415333,0.9339009238599681,-0.40799197937553716,0.36500200293764185,0.9113475177304966,-0.5,0.0,-0.5657892565998237,0.16343509868371542,0.8026860718531238,0.39274013241423733,-0.41085079609842673,0.0462956234934335,0.997860917708246,0.913612282408909,-0.9468720821661999,-0.6919818456883509,3
1776680089.577823,918,1776680089.577823,1776680089.57787,1776680089.428234,1776680089.563718,0.9344555727280269,-0.4063019192208537,0.3215382561089598,0.8829787234042554,0.07142857142857142,0.0,0.39583360066873574,0.6925203683142318,0.7988346981904636,-0.46369756538649726,0.3701548555094084,0.04882302207366735,0.997860917708246,0.9179370742783003,-0.9517273576097107,-0.6822995461422088,3
1776680089.627758,919,1776680089.627758,1776680089.627799,1776680089.428234,1776680089.563718,0.9350444893990549,-0.4053995989687769,0.34490586193083184,0.9397163120567378,0.0,0.0,-0.23026285638864397,0.17313038152454677,0.8262887993660019,-0.438942667979661,-0.14922572245295782,0.0008403600279277544,0.997860917708246,0.9179370742783003,-0.9517273576097107,-0.6822995461422088,3
1776680089.677847,920,1776680089.677847,1776680089.677896,1776680089.428234,1776680089.563718,0.935610753717211,-0.40946720137496423,0.5054079316330619,0.9007092198581561,-0.5,0.0,-0.07017508482934226,-0.3047090546809784,0.6975113096024302,0.4669986312653673,0.7713171810332914,-0.2121214035908015,0.997860917708246,0.9179370742783003,-0.9517273576097107,-0.6822995461422088,3
1776680089.727808,921,1776680089.727808,1776680089.727851,1776680089.428234,1776680089.712949,0.936104254583608,-0.4039816671440848,0.3386299906529577,0.7872340425531916,0.42857142857142855,0.0,0.5668854845125728,0.02216114268645242,0.8731976456214503,-0.12871060242903948,-0.003876842955128998,-0.08333464968676053,0.997860917708246,0.9188020326521785,-0.9545284780578899,-0.6726172465960665,3
1776680089.777853,922,1776680089.777853,1776680089.727851,1776680089.428234,1776680089.712949,0.9366876082996085,-0.3994414207963335,0.23841634397115768,0.9290780141843973,0.35714285714285715,0.0,0.5668854845125728,0.02216114268645242,0.8731976456214503,-0.12871060242903948,-0.003876842955128998,-0.08333464968676053,0.997860917708246,0.9188020326521785,-0.9545284780578899,-0.6726172465960665,3
1776680089.827762,923,1776680089.827762,1776680089.827801,1776680089.428234,1776680089.712949,0.9372098140139472,-0.4024205098825552,0.3551208439043931,0.8333333333333334,-0.35714285714285715,0.0,0.27412297184087464,-0.4972300018871878,0.7537032756571127,0.33498076958807904,0.5969028898118313,-0.05892313864992686,0.997860917708246,0.9188020326521785,-0.9545284780578899,-0.6726172465960665,3
1776680089.877828,924,1776680089.877828,1776680089.827801,1776680089.428234,1776680089.862258,0.9377817302944113,-0.4014322543683759,0.3584590733075177,0.9113475177304966,0.0,0.0,0.27412297184087464,-0.4972300018871878,0.7537032756571127,0.33498076958807904,0.5969028898118313,-0.05892313864992686,0.997860917708246,0.9183695534652395,-0.9585434173669468,-0.6523449319213314,3
1776680089.927798,925,1776680089.927798,1776680089.877874,1776680089.428234,1776680089.862258,0.9383449683650326,-0.39616155829275285,0.2582454266257177,0.897163120567376,0.42857142857142855,0.0,-0.7006573701162405,0.08587283595706474,0.803476175538238,0.34983246935830503,-0.40503916847901195,0.016835633792582717,0.997860917708246,0.9183695534652395,-0.9585434173669468,-0.6523449319213314,3
1776680089.97788,926,1776680089.97788,1776680089.977926,1776680089.428234,1776680089.862258,0.938868776210419,-0.39981380693211116,0.37187875550807853,0.8333333333333334,-0.42857142857142855,0.0,-0.1962715418867219,0.024930561907286975,0.8232272817329283,-0.5032979691941808,-0.18216797713171812,0.11952699735570924,0.997860917708246,0.9183695534652395,-0.9585434173669468,-0.6523449319213314,3
1776680090.027788,927,1776680090.027788,1776680090.027828,1776680090.028556,1776680090.01136,0.9394442082784604,-0.40592953308507596,0.5918680731739885,0.9184397163120569,-0.7142857142857143,0.0,-0.4364031992256745,0.3642654613363837,0.8173019581297054,0.30198249753813566,-0.6046493020955318,-0.1489901463047853,0.9977350893381428,0.9158827981403393,-0.961624649859944,-0.6360060514372163,3
1776680090.077922,928,1776680090.077922,1776680090.027828,1776680090.028556,1776680090.01136,0.9399685946711699,-0.4087510741907763,0.735745760448658,0.8333333333333334,-0.42857142857142855,0.0,-0.4364031992256745,0.3642654613363837,0.8173019581297054,0.30198249753813566,-0.6046493020955318,-0.1489901463047853,0.9977350893381428,0.9158827981403393,-0.961624649859944,-0.6360060514372163,3
1776680090.127738,929,1776680090.127738,1776680090.077968,1776680090.028556,1776680090.01136,0.9405648544428341,-0.4037811515325122,0.6027507010281746,0.9539007092198583,0.2857142857142857,0.0,0.7160082272088167,0.5124652809536435,0.8532489928675209,-0.24752420059084745,0.16666787893775958,-0.07996689107859895,0.9977350893381428,0.9158827981403393,-0.961624649859944,-0.6360060514372163,3
1776680090.177812,930,1776680090.177812,1776680090.177859,1776680090.028556,1776680090.160395,0.9411215059747028,-0.4057433400171871,0.719588730137535,0.8865248226950355,-0.35714285714285715,0.0,0.33004342749038973,-0.4390583048421998,0.740272503632281,0.39768863454785314,0.6104682033415041,-0.32154828437025124,0.9977350893381428,0.9103686885068655,-0.9612511671335202,-0.6236006051437216,3
1776680090.227842,931,1776680090.227842,1776680090.177859,1776680090.028556,1776680090.160395,0.9416450022946077,-0.3981953594958465,0.5524769662171184,0.8333333333333334,0.5714285714285714,0.0,0.33004342749038973,-0.4390583048421998,0.740272503632281,0.39768863454785314,0.6104682033415041,-0.32154828437025124,0.9977350893381428,0.9103686885068655,-0.9612511671335202,-0.6236006051437216,3
1776680090.27781,932,1776680090.27781,1776680090.227884,1776680090.028556,1776680090.160395,0.9422314712654236,-0.3937696934975652,0.4391106956870076,0.9361702127659576,0.2857142857142857,0.0,-0.24671085797249165,-0.2825490697784812,0.859964420155858,-0.09900720288858748,0.04263799887986151,-0.3829956623521867,0.9977350893381428,0.9103686885068655,-0.9612511671335202,-0.6236006051437216,3
1776680090.327729,933,1776680090.327729,1776680090.277855,1776680090.028556,1776680090.309484,0.9427607975621976,-0.3962188484674879,0.575911336627053,0.8439716312056738,-0.35714285714285715,0.0,0.1315785131996473,-0.8864271829148137,0.7938968597279091,0.12211466404067804,0.09689925299855255,-0.09595900559502861,0.9977350893381428,0.9020434641582874,-0.9641456582633053,-0.6193645990922844,3
1776680090.377823,934,1776680090.377823,1776680090.377872,1776680090.028556,1776680090.309484,0.9433225670126913,-0.39394156402177033,0.5324475897983709,0.8936170212765958,0.07142857142857142,0.0,-0.35306971312925406,0.46537357635990406,0.8236223748514067,0.3069309996717514,-0.6337219874457205,-0.09848324492703715,0.9977350893381428,0.9020434641582874,-0.9641456582633053,-0.6193645990922844,3
1776680090.427725,935,1776680090.427725,1776680090.377872,1776680090.028556,1776680090.309484,0.9438976430516111,-0.38961615582927533,0.4457871544932568,0.9184397163120569,0.2857142857142857,0.0,-0.35306971312925406,0.46537357635990406,0.8236223748514067,0.3069309996717514,-0.6337219874457205,-0.09848324492703715,0.9977350893381428,0.9020434641582874,-0.9641456582633053,-0.6193645990922844,3
1776680090.477741,936,1776680090.477741,1776680090.427766,1776680090.028556,1776680090.45881,0.9444073432430481,-0.3913778287023776,0.5326478835625584,0.8120567375886526,-0.2857142857142857,0.0,-0.1250002291446306,-0.5069252847280191,0.7937981277242108,-0.05280466732316383,0.27132081784657014,0.128786753904041,0.9977350893381428,0.8959887555411395,-0.9678804855275444,-0.6042360060514371,3
1776680090.527825,937,1776680090.527825,1776680090.477843,1776680090.028556,1776680090.45881,0.9449892283389212,-0.39491549699226586,0.6763920416611029,0.9255319148936172,-0.5,0.0,-0.04276297096095926,-0.24653735763599038,0.8542365605600317,-0.5049515988183052,-0.34690107140519194,-0.06481513659009702,0.9977350893381428,0.8959887555411395,-0.9678804855275444,-0.6042360060514371,3
1776680090.577749,938,1776680090.577749,1776680090.527865,1776680090.028556,1776680090.45881,0.9455112115350588,-0.3932111142938986,0.6964214180798504,0.8333333333333334,0.0,0.0,-0.44736822808873217,0.17451509113496402,0.822535992603355,0.34653140347943495,-0.6395336150651354,-0.0058919979401701565,0.9977350893381428,0.8959887555411395,-0.9678804855275444,-0.6042360060514371,3
1776680090.627736,939,1776680090.627736,1776680090.577847,1776680090.628467,1776680090.60728,0.9460985260750389,-0.3862217129762246,0.5261717185204968,0.9361702127659576,0.5,0.0,0.5723684572333627,0.5844875474546698,0.8320165764099855,-0.34983246935830503,0.22092913305645065,0.06733937592210558,0.9976931465481084,0.8930695210293004,-0.9744164332399627,-0.589409984871407,3
1776680090.677734,940,1776680090.677734,1776680090.627775,1776680090.628467,1776680090.60728,0.9466769843906152,-0.3861930678888571,0.5595540125517425,0.921985815602837,-0.14285714285714285,0.0,-0.4462720001759831,-0.07756226272665068,0.7859964007396645,-0.48514520354508467,-0.11821825243848331,0.08165077038267973,0.9976931465481084,0.8930695210293004,-0.9744164332399627,-0.589409984871407,3
1776680090.727769,941,1776680090.727769,1776680090.677879,1776680090.628467,1776680090.60728,0.9472046195490608,-0.3811801775995417,0.4492589130725063,0.8404255319148937,0.35714285714285715,0.0,0.22368457233362726,-0.5761769742242558,0.7280268458591995,0.47854926515672325,0.744186553973946,-0.07154749455819494,0.9976931465481084,0.8930695210293004,-0.9744164332399627,-0.589409984871407,3
1776680090.777733,942,1776680090.777733,1776680090.727809,1776680090.628467,1776680090.75665,0.9477960284239411,-0.37775708965912347,0.34917879556683135,0.9432624113475179,0.21428571428571427,0.0,0.4583332569517899,-0.22853150156474503,0.891467524105138,-0.013204263515480328,-0.07558025355862179,0.03619550691717399,0.9976931465481084,0.8897178073305221,-0.9793650793650793,-0.5694402420574887,3
1776680090.827766,943,1776680090.827766,1776680090.777855,1776680090.628467,1776680090.75665,0.9483171215472742,-0.37831566886279006,0.40599546000801173,0.8297872340425533,-0.14285714285714285,0.0,-0.3640347419923118,-0.5346264236400958,0.7556784110421344,-0.003301065878870082,-0.0872107824240088,0.07659913247043733,0.9976931465481084,0.8897178073305221,-0.9793650793650793,-0.5694402420574887,3
1776680090.877747,944,1776680090.877747,1776680090.827807,1776680090.628467,1776680090.75665,0.9488820062525835,-0.37791463763964483,0.4193483776205101,0.9007092198581561,-0.07142857142857142,0.0,0.6798244568813966,-0.2825490697784812,0.7765158994848764,0.32178269944197746,0.5000036368132788,-0.03871974624918254,0.9976931465481084,0.8897178073305221,-0.9793650793650793,-0.5694402420574887,3
1776680090.927758,945,1776680090.927758,1776680090.927799,1776680090.628467,1776680090.905679,0.9494385242735316,-0.37608135204812376,0.3759513953798905,0.8865248226950355,0.07142857142857142,0.0,0.01973668532209486,-0.5831028378442525,0.7770096420552106,-0.013204263515480328,0.4399234814486155,0.028619629672923027,0.9976931465481084,0.8865823332252134,-0.9865546218487395,-0.5373676248108926,3
1776680090.977707,946,1776680090.977707,1776680090.927799,1776680090.628467,1776680090.905679,0.9499764397728678,-0.37510741907762823,0.4192816130324476,0.8581560283687943,0.0,0.0,0.01973668532209486,-0.5831028378442525,0.7770096420552106,-0.013204263515480328,0.4399234814486155,0.028619629672923027,0.9976931465481084,0.8865823332252134,-0.9865546218487395,-0.5373676248108926,3
1776680091.027732,947,1776680091.027732,1776680090.977753,1776680090.628467,1776680090.905679,0.9505619741672391,-0.37606702950444,0.4693550540793163,0.9326241134751775,-0.21428571428571427,0.0,-0.5131574846885558,-0.6994462319342286,0.7891565678245938,-0.38613800065649717,-0.18216797713171812,0.1439385083925429,0.9976931465481084,0.8865823332252134,-0.9865546218487395,-0.5373676248108926,3
1776680091.07773,948,1776680091.07773,1776680091.027776,1776680090.628467,1776680091.055434,0.9511070992562909,-0.373403036379261,0.42929630124182133,0.8687943262411348,0.14285714285714285,0.0,-0.46381531309405744,0.03739642175290807,0.8115740985338793,0.38778543691124284,-0.4205392666729705,0.06986677450233941,0.9976931465481084,0.8847442966807222,-0.9921568627450981,-0.5125567322239032,3
1776680091.127783,949,1776680091.127783,1776680091.127838,1776680090.628467,1776680091.055434,0.9517352236343525,-0.3706674305356632,0.37254640138870343,1.0,0.14285714285714285,0.0,-0.7324562287926646,0.22714679195432774,0.7578510929863955,-0.5148486030855366,-0.15116050711724358,0.2971367733334176,0.9976931465481084,0.8847442966807222,-0.9921568627450981,-0.5125567322239032,3
1776680091.177706,950,1776680091.177706,1776680091.127838,1776680090.628467,1776680091.055434,0.952315150570056,-0.3739186479518763,0.48918413673387634,0.9255319148936172,-0.42857142857142855,0.0,-0.7324562287926646,0.22714679195432774,0.7578510929863955,-0.5148486030855366,-0.15116050711724358,0.2971367733334176,0.9976931465481084,0.8847442966807222,-0.9921568627450981,-0.5125567322239032,3
1776680091.227726,951,1776680091.227726,1776680091.227768,1776680090.628467,1776680091.203922,0.9528382018535589,-0.36839014608994564,0.36226465482707976,0.8333333333333334,0.42857142857142855,0.0,0.3464914290742374,-0.3254843299730584,0.9003555507858936,0.09405870075497173,-0.0794570965137508,0.12373827524002388,0.9976931465481084,0.8847442966807222,-0.9957983193277311,-0.47927382753403935,3
1776680091.277814,952,1776680091.277814,1776680091.227768,1776680091.229378,1776680091.203922,0.9534193303875483,-0.3616442280148955,0.15516090265723062,0.9255319148936172,0.5714285714285714,0.0,0.3464914290742374,-0.3254843299730584,0.9003555507858936,0.09405870075497173,-0.0794570965137508,0.12373827524002388,0.9976931465481084,0.8847442966807222,-0.9957983193277311,-0.47927382753403935,3
1776680091.327724,953,1776680091.327724,1776680091.327767,1776680091.229378,1776680091.203922,0.9539240461712807,-0.3626897737038098,0.22519695553478436,0.8049645390070923,-0.14285714285714285,0.0,0.2883766844421795,-0.21468093210870665,0.7800710771364417,0.3382818354669491,0.4224813249638137,0.09006700765485845,0.9976931465481084,0.8847442966807222,-0.9957983193277311,-0.47927382753403935,3
1776680091.377694,954,1776680091.377694,1776680091.327767,1776680091.229378,1776680091.35245,0.9544866611909388,-0.36352048123746783,0.29523300841233807,0.897163120567376,-0.14285714285714285,0.0,0.2883766844421795,-0.21468093210870665,0.7800710771364417,0.3382818354669491,0.4224813249638137,0.09006700765485845,0.9976931465481084,0.8849605362741918,-0.999906629318394,-0.43630862329803327,3
1776680091.427669,955,1776680091.427669,1776680091.377735,1776680091.229378,1776680091.35245,0.9550426451682043,-0.3605700372386136,0.19181466150353854,0.8865248226950355,0.21428571428571427,0.0,-0.472587886131617,0.2229915053391207,0.8104877988376701,0.37788843264401134,-0.5116268920521083,0.011783995880340313,0.9976931465481084,0.8849605362741918,-0.999906629318394,-0.43630862329803327,3
1776680091.477688,956,1776680091.477688,1776680091.42771,1776680091.229378,1776680091.35245,0.9555746861870313,-0.3607991979375538,0.23854987314728265,0.847517730496454,-0.07142857142857142,0.0,-0.07017508482934226,-0.15096923883809435,0.7706893078853521,-0.07755956473000006,0.40697395314329776,0.03451162761309318,0.9976931465481084,0.8849605362741918,-0.999906629318394,-0.43630862329803327,3
1776680091.527658,957,1776680091.527658,1776680091.477734,1776680091.229378,1776680091.502322,0.9561461574310933,-0.36658550558579206,0.4286954199492589,0.9113475177304966,-0.6428571428571428,0.0,-0.4495616004927527,-0.23130207856953477,0.801007297582882,-0.4108928980633334,-0.17635634951230336,-0.011783995880340313,0.9976931465481084,0.8822575413558221,-1.0,-0.3948562783661119,3
1776680091.577703,958,1776680091.577703,1776680091.577747,1776680091.229378,1776680091.502322,0.9566652033869762,-0.3662274419936981,0.43203364935238353,0.8262411347517732,-0.07142857142857142,0.0,0.5186404574093458,-0.15650923506371864,0.879221783780214,-0.08086063060887015,0.021318999439930757,-0.07575877244250959,0.9976931465481084,0.8822575413558221,-1.0,-0.3948562783661119,3
1776680091.627642,959,1776680091.627642,1776680091.577747,1776680091.229378,1776680091.502322,0.9572629762824081,-0.3614007447722716,0.34530644945920685,0.9539007092198583,0.35714285714285715,0.0,0.5186404574093458,-0.15650923506371864,0.879221783780214,-0.08086063060887015,0.021318999439930757,-0.07575877244250959,0.9976931465481084,0.8822575413558221,-1.0,-0.3948562783661119,3
1776680091.677823,960,1776680091.677823,1776680091.627684,1776680091.229378,1776680091.651358,0.9578145098956515,-0.36193067888857067,0.3889037254640139,0.8758865248226951,-0.14285714285714285,0.0,-0.8322367998944101,0.2756232061584844,0.7576535464271562,-0.48844626942395475,-0.16472582064691635,0.01935987312459127,0.9976931465481084,0.8785814682668396,-0.9993464052287583,-0.35703479576399394,3
1776680091.727695,961,1776680091.727695,1776680091.72774,1776680091.229378,1776680091.651358,0.9583382732373978,-0.3559438556287597,0.23574576044865803,0.8368794326241135,0.5,0.0,0.059210055966284585,-0.8144049164137873,0.8692474574032493,0.4158414001969491,-0.044572783544147274,0.023567991760680626,0.9976931465481084,0.8785814682668396,-0.9993464052287583,-0.35703479576399394,3
1776680091.777728,962,1776680091.777728,1776680091.72774,1776680091.229378,1776680091.651358,0.9589149514073654,-0.353852764250931,0.19895847242622514,0.9184397163120569,0.14285714285714285,0.0,0.059210055966284585,-0.8144049164137873,0.8692474574032493,0.4158414001969491,-0.044572783544147274,0.023567991760680626,0.9976931465481084,0.8785814682668396,-0.9993464052287583,-0.35703479576399394,3
1776680091.8277,963,1776680091.8277,1776680091.827743,1776680091.828453,1776680091.800288,0.9594154393452767,-0.3605270696075623,0.3824943250100147,0.797872340425532,-0.7142857142857143,0.0,0.8486838848997356,0.5457064160913445,0.9406477843085458,-0.18977103113406787,-0.24418291716066712,0.01935987312459127,0.9976512037580741,0.8730673586333657,-0.9990662931839404,-0.33010590015128594,3
1776680091.877673,964,1776680091.877673,1776680091.827743,1776680091.828453,1776680091.800288,0.9599915389679216,-0.36519621884846754,0.5793163306182402,0.9184397163120569,-0.5714285714285714,0.0,0.8486838848997356,0.5457064160913445,0.9406477843085458,-0.18977103113406787,-0.24418291716066712,0.01935987312459127,0.9976512037580741,0.8730673586333657,-0.9990662931839404,-0.33010590015128594,3
1776680091.927688,965,1776680091.927688,1776680091.877727,1776680091.828453,1776680091.800288,0.9605236244903889,-0.3665711830421083,0.6895446655094138,0.847517730496454,-0.2857142857142857,0.0,-0.3892544000351966,0.3822713174076291,0.8130554913485669,0.33498076958807904,-0.525192205581781,-0.1700338987334574,0.9976512037580741,0.8730673586333657,-0.9990662931839404,-0.33010590015128594,3
1776680091.977655,966,1776680091.977655,1776680091.9777,1776680091.828453,1776680091.948994,0.9611082688119558,-0.3617731309080493,0.5894645480037388,0.9326241134751775,0.2857142857142857,0.0,-0.7083327986625286,0.1177281037003933,0.779873613129045,-0.4702935037748587,-0.1220950953936123,-0.19444540977029104,0.9976512037580741,0.8711212022921396,-0.9991596638655463,-0.3046898638426626,3
1776680092.027675,967,1776680092.027675,1776680091.9777,1776680091.828453,1776680091.948994,0.9616917115352368,-0.36584073331423667,0.7798103885699025,0.9290780141843973,-0.5714285714285714,0.0,-0.7083327986625286,0.1177281037003933,0.779873613129045,-0.4702935037748587,-0.1220950953936123,-0.19444540977029104,0.9976512037580741,0.8711212022921396,-0.9991596638655463,-0.3046898638426626,3
1776680092.077715,968,1776680092.077715,1776680092.027717,1776680091.828453,1776680091.948994,0.9622261112469955,-0.3631194500143226,0.7531045533449059,0.851063829787234,0.07142857142857142,0.0,-0.2752191997536237,-0.26869850032244286,0.7493580768722758,0.6039588017068926,0.1589141930275016,-0.387203780988276,0.9976512037580741,0.8711212022921396,-0.9991596638655463,-0.3046898638426626,3
1776680092.127669,969,1776680092.127669,1776680092.077809,1776680091.828453,1776680092.098,0.9628151169253041,-0.35740475508450303,0.636333288823608,0.9397163120567378,0.35714285714285715,0.0,-0.3464914290742374,-0.4168971621557474,0.8378431680095101,-0.07920700098474573,0.0717034106034928,-0.40235553547677794,0.9976512037580741,0.8672288896096875,-0.9949579831932774,-0.2844175491679274,3
1776680092.177716,970,1776680092.177716,1776680092.127711,1776680091.828453,1776680092.098,0.963376485843036,-0.3585505585792037,0.7533048471090933,0.8936170212765958,-0.2857142857142857,0.0,-0.2796050279831423,0.10803282085956196,0.7703929467705719,-0.3993360708025987,0.0,0.00925975654833176,0.9976512037580741,0.8672288896096875,-0.9949579831932774,-0.2844175491679274,3
1776680092.227618,971,1776680092.227618,1776680092.17776,1776680091.828453,1776680092.098,0.9639136892841288,-0.3501575479805214,0.540058752837495,0.8581560283687943,0.6428571428571428,0.0,0.3278509716648916,0.4986147114976051,0.8876159853387927,-0.15676656571474581,0.005811627619414764,-0.06144737798193541,0.9976512037580741,0.8672288896096875,-0.9949579831932774,-0.2844175491679274,3
1776680092.277658,972,1776680092.277658,1776680092.227657,1776680091.828453,1776680092.246858,0.964510349588555,-0.344313950157548,0.4230871945520096,0.9503546099290782,0.42857142857142855,0.0,-0.16556982770156936,-0.7631579252048409,0.9039107284374587,0.3597356669949152,-0.3178283860550032,-0.09848324492703715,0.9976512037580741,0.8617147799762136,-0.9901960784313726,-0.26081694402420574,3
1776680092.327652,973,1776680092.327652,1776680092.277707,1776680091.828453,1776680092.246858,0.965002070309343,-0.3461758808364366,0.4965282414207504,0.7836879432624114,-0.2857142857142857,0.0,-0.15241234301301357,-0.5567864085425931,0.8038711861048738,-0.04785616518954807,0.20930587781762108,0.12963027318019404,0.9976512037580741,0.8617147799762136,-0.9901960784313726,-0.26081694402420574,3
1776680092.377629,974,1776680092.377629,1776680092.327691,1776680091.828453,1776680092.246858,0.965573764071606,-0.3490976797479233,0.6233141941514221,0.9113475177304966,-0.42857142857142855,0.0,0.6557010267512607,0.24930793464078016,0.9388701954827632,-0.09571233037909614,-0.3759664831288232,0.13467875184421116,0.9976512037580741,0.8617147799762136,-0.9901960784313726,-0.26081694402420574,3
1776680092.427599,975,1776680092.427599,1776680092.377674,1776680091.828453,1776680092.395361,0.9661164414604457,-0.34818103695216274,0.6700494057951663,0.8652482269503546,-0.07142857142857142,0.0,-0.4813595425906543,0.21329622249828936,0.8138455124818386,0.3481850331035593,-0.544576420357426,0.005051637912242403,0.9976512037580741,0.8596605038382528,-0.988608776844071,-0.24538577912254161,3
1776680092.477829,976,1776680092.477829,1776680092.427642,1776680092.428811,1776680092.395361,0.9666841298950889,-0.3441850472643942,0.5727734009881159,0.9007092198581561,0.21428571428571427,0.0,-0.04605257127772879,0.13988924638684572,0.7890578358208956,-0.31518056768423725,0.544576420357426,0.08080725110652669,0.9976092609680397,0.8596605038382528,-0.988608776844071,-0.24538577912254161,3
1776680092.527604,977,1776680092.527604,1776680092.477876,1776680092.428811,1776680092.395361,0.9672622766851837,-0.343311372099685,0.6060221658432368,0.9255319148936172,-0.07142857142857142,0.0,-0.4692982858148475,0.06232698366019504,0.7821449445251618,-0.47854926515672325,-0.10271088061796732,0.08249113041060749,0.9976092609680397,0.8596605038382528,-0.988608776844071,-0.24538577912254161,3
1776680092.577617,978,1776680092.577617,1776680092.527644,1776680092.428811,1776680092.544519,0.9677852389614061,-0.3410627327413349,0.5793163306182402,0.8333333333333334,0.07142857142857142,0.0,-0.36184228616681363,-0.20637151666224776,0.7735531964073438,0.4801967014114689,-0.007753685910257996,-0.09427512629094781,0.9976092609680397,0.8574981079035571,-0.9859010270774977,-0.23116490166414522,3
1776680092.627647,979,1776680092.627647,1776680092.577662,1776680092.428811,1776680092.544519,0.9683930251758874,-0.33792609567459186,0.5225664307651222,0.9680851063829788,0.14285714285714285,0.0,0.25767497025702696,-0.36288075172596646,0.8815919297318716,0.04455509931067799,-0.025195842395059755,0.026095390340914477,0.9976092609680397,0.8574981079035571,-0.9859010270774977,-0.23116490166414522,3
1776680092.677613,980,1776680092.677613,1776680092.627688,1776680092.428811,1776680092.544519,0.9689422445998394,-0.3379833858493269,0.5959407130458005,0.8758865248226951,-0.14285714285714285,0.0,-0.9035081126365014,0.21468093210870665,0.766047747985735,-0.4141877705728248,-0.29845144490591563,0.10690264144744116,0.9976092609680397,0.8574981079035571,-0.9859010270774977,-0.23116490166414522,3
1776680092.727689,981,1776680092.727689,1776680092.677662,1776680092.428811,1776680092.692535,0.9694746861514285,-0.3314236608421656,0.4220857257310723,0.847517730496454,0.5,0.0,0.8070171418515253,-0.16343509868371542,0.8059451360454366,0.21617336479564978,0.3798433260839522,0.003367758608161602,0.9976092609680397,0.8526327170504918,-0.9829131652661065,-0.22571860816944023,3
1776680092.777668,982,1776680092.777668,1776680092.72773,1776680092.428811,1776680092.692535,0.9700306701286938,-0.3274419936980808,0.311924155427961,0.8865248226950355,0.2857142857142857,0.0,-0.22587702815912536,-0.717452088005474,0.8758640701360454,0.5214507348432769,-0.2500018184066394,-0.024411511036833675,0.9976092609680397,0.8526327170504918,-0.9829131652661065,-0.22571860816944023,3
1776680092.827694,983,1776680092.827694,1776680092.827735,1776680092.428811,1776680092.692535,0.9705361869779502,-0.331695789172157,0.472292695954066,0.8049645390070923,-0.5,0.0,0.6030701714185154,0.1689750949093397,1.0,-0.2491716368455931,-0.5135689503429516,0.15824990285311705,0.9976092609680397,0.8526327170504918,-0.9829131652661065,-0.22571860816944023,3
1776680092.877664,984,1776680092.877664,1776680092.877713,1776680092.428811,1776680092.841657,0.9711278183710315,-0.33606416499570324,0.6223794899185472,0.9432624113475179,-0.5714285714285714,0.0,-0.39364022826471523,-0.1288092539355971,0.7975508519350153,0.4257445978335594,-0.27132081784657014,0.08754276832284989,0.9976092609680397,0.8488485241647745,-0.9801120448179272,-0.2193645990922844,3
1776680092.927619,985,1776680092.927619,1776680092.927659,1776680092.428811,1776680092.841657,0.9716857605084667,-0.33225436837582356,0.5690345840566163,0.8900709219858157,0.21428571428571427,0.0,0.291666284758949,0.4459830106782414,0.779873613129045,-0.438942667979661,0.6627873991693518,0.2904044153653197,0.9976092609680397,0.8488485241647745,-0.9801120448179272,-0.2193645990922844,3
1776680092.977649,986,1776680092.977649,1776680092.927659,1776680092.428811,1776680092.841657,0.9722801956308819,-0.32990547121168723,0.5256376018159968,0.946808510638298,0.07142857142857142,0.0,0.291666284758949,0.4459830106782414,0.779873613129045,-0.438942667979661,0.6627873991693518,0.2904044153653197,0.9976092609680397,0.8488485241647745,-0.9801120448179272,-0.2193645990922844,3
1776680093.027626,987,1776680093.027626,1776680093.027667,1776680093.028406,1776680092.990069,0.9728607901211888,-0.33129475794901175,0.6357324075310454,0.9255319148936172,-0.2857142857142857,0.0,-0.37499977085536945,0.03462584474811831,0.7876752575617487,0.4719471333989831,-0.16860266360204534,-0.04882302207366735,0.9976512037580741,0.8452805708725267,-0.9785247432306257,-0.22420574886535552,3
1776680093.077643,988,1776680093.077643,1776680093.027667,1776680093.028406,1776680092.990069,0.9733838414046917,-0.3289745058722429,0.6190412605154226,0.8333333333333334,0.07142857142857142,0.0,-0.37499977085536945,0.03462584474811831,0.7876752575617487,0.4719471333989831,-0.16860266360204534,-0.04882302207366735,0.9976512037580741,0.8452805708725267,-0.9785247432306257,-0.22420574886535552,3
1776680093.127668,989,1776680093.127668,1776680093.077686,1776680093.028406,1776680092.990069,0.973982548876568,-0.3214551704382698,0.431966884764321,0.9539007092198583,0.5714285714285714,0.0,0.10416639933126431,-0.4515230069038657,0.8800118049134857,0.15676656571474581,-0.044572783544147274,0.05639574006969301,0.9976512037580741,0.8452805708725267,-0.9785247432306257,-0.22420574886535552,3
1776680093.177639,990,1776680093.177639,1776680093.177683,1776680093.028406,1776680093.138759,0.9745207313977455,-0.3196218848467488,0.4086660435305114,0.8581560283687943,0.07142857142857142,0.0,0.3717101705385999,-0.23684207479515906,0.7813549233918902,0.3234301356967231,0.38372016903908124,0.08417500971468829,0.9976512037580741,0.8414963779868093,-0.9764705882352942,-0.2372163388804841,3
1776680093.227613,991,1776680093.227613,1776680093.227655,1776680093.028406,1776680093.138759,0.9750543745476205,-0.31284732168433116,0.22513019094672185,0.851063829787234,0.5714285714285714,0.0,-0.04605257127772879,-0.5941828302955011,0.8707287676660943,0.38613800065649717,-0.03876115592473252,0.030303508977003832,0.9976512037580741,0.8414963779868093,-0.9764705882352942,-0.2372163388804841,3
1776680093.277631,992,1776680093.277631,1776680093.277676,1776680093.028406,1776680093.138759,0.9756286940246565,-0.3115010025780579,0.1783949793029777,0.9148936170212767,0.07142857142857142,0.0,-0.07675428546288132,-0.18559508358621266,0.7662452945449741,-0.10230826876745755,0.4224813249638137,0.07912337180244589,0.9976512037580741,0.8414963779868093,-0.9764705882352942,-0.2372163388804841,3
1776680093.327605,993,1776680093.327605,1776680093.277676,1776680093.028406,1776680093.287582,0.9761202812345239,-0.3182325981094243,0.4019228201361998,0.7836879432624114,-0.7142857142857143,0.0,-0.07675428546288132,-0.18559508358621266,0.7662452945449741,-0.10230826876745755,0.4224813249638137,0.07912337180244589,0.9976512037580741,0.8368472267272137,-0.9765639589169002,-0.24357034795763993,3
1776680093.377621,994,1776680093.377621,1776680093.32765,1776680093.028406,1776680093.287582,0.9767035014396039,-0.3228444571755944,0.5622245960742422,0.9290780141843973,-0.5714285714285714,0.0,0.8421046842661964,0.3878113136332534,0.9543748348963148,-0.09405870075497173,-0.3682200708451227,-0.06144737798193541,0.9976512037580741,0.8368472267272137,-0.9765639589169002,-0.24357034795763993,3
1776680093.427549,995,1776680093.427549,1776680093.377665,1776680093.028406,1776680093.287582,0.9772345188747059,-0.3213978802635349,0.5588863666711177,0.847517730496454,0.0,0.0,-0.41776274181632866,0.2825490697784812,0.8067351571787083,0.2920792999015254,-0.5096921073878224,-0.17424201736954675,0.9976512037580741,0.8368472267272137,-0.9765639589169002,-0.24357034795763993,3
1776680093.477591,996,1776680093.477591,1776680093.427592,1776680093.028406,1776680093.436005,0.977813511233965,-0.31912059581781727,0.5355187608492455,0.921985815602837,0.07142857142857142,0.0,0.33662262812392874,0.12742338654122465,0.7664428411042136,-0.4207899023305649,0.7577518675036187,0.0,0.9976512037580741,0.8290626013623095,-0.9757236227824463,-0.2447806354009077,3
1776680093.527612,997,1776680093.527612,1776680093.477634,1776680093.028406,1776680093.436005,0.9783812441722485,-0.317659696362074,0.5288423020429963,0.9042553191489363,0.0,0.0,-0.8092105142555458,0.2409973614103661,0.7494568088759742,-0.4752481992778531,-0.1550373500723726,0.021043752428672072,0.9976512037580741,0.8290626013623095,-0.9757236227824463,-0.2447806354009077,3
1776680093.577617,998,1776680093.577617,1776680093.527651,1776680093.028406,1776680093.436005,0.9788817766137999,-0.30993984531652824,0.35184937908933106,0.797872340425532,0.6428571428571428,0.0,-0.4188598863076001,-0.21606679950307914,0.7429389281468762,0.4653450016412429,0.25581344602605416,-0.057239259345846054,0.9976512037580741,0.8290626013623095,-0.9757236227824463,-0.2447806354009077,3
1776680093.62754,999,1776680093.62754,1776680093.62758,1776680093.628341,1776680093.584646,0.9794771908163,-0.3074906903466056,0.2985712378154627,0.9503546099290782,0.14285714285714285,0.0,-0.7182015996128374,0.32687019736743084,0.7777996631884824,-0.39108650279011287,-0.3527126990246067,0.08249113041060749,0.9976092609680397,0.8211698562006703,-0.9753501400560224,-0.24659606656580937,3
1776680093.67755,1000,1776680093.67755,1776680093.62758,1776680093.628341,1776680093.584646,0.9800113680098578,-0.31246061300486966,0.4588062491654426,0.851063829787234,-0.5714285714285714,0.0,-0.7182015996128374,0.32687019736743084,0.7777996631884824,-0.39108650279011287,-0.3527126990246067,0.08249113041060749,0.9976092609680397,0.8211698562006703,-0.9753501400560224,-0.24659606656580937,3
1776680093.727535,1001,1776680093.727535,1776680093.6776,1776680093.628341,1776680093.584646,0.9805719358620659,-0.3112145517043827,0.4888503137935639,0.8936170212765958,0.0,0.0,0.8837714273144067,0.3379501898186794,0.9372900706643772,-0.09405870075497173,-0.20542903486249212,0.0025242393320085554,0.9976092609680397,0.8211698562006703,-0.9753501400560224,-0.24659606656580937,3
1776680093.777526,1002,1776680093.777526,1776680093.727592,1776680093.628341,1776680093.733504,0.9811192416294884,-0.30992552277284446,0.4888503137935639,0.8723404255319149,0.0,0.0,-0.5953947428722272,-0.26177263670244605,0.8359667646281865,0.5594037023962146,-0.27519038717514166,-0.16582578009736804,0.9976092609680397,0.8165207049410746,-0.9773109243697479,-0.2556732223903177,3
1776680093.82777,1003,1776680093.82777,1776680093.827805,1776680093.628341,1776680093.733504,0.9816314340247775,-0.3144800916642796,0.6599011884096675,0.8120567375886526,-0.5714285714285714,0.0,0.5010962279127491,0.2977843488449368,0.9406477843085458,-0.424090968209435,-0.3875970119942102,-0.1767662567015553,0.9976092609680397,0.8165207049410746,-0.9773109243697479,-0.2556732223903177,3
1776680093.877591,1004,1776680093.877591,1776680093.827805,1776680093.628341,1776680093.733504,0.9822037508380036,-0.32122600973932974,0.9293630658298838,0.9148936170212767,-0.8571428571428571,0.0,0.5010962279127491,0.2977843488449368,0.9406477843085458,-0.424090968209435,-0.3875970119942102,-0.1767662567015553,0.9976092609680397,0.8165207049410746,-0.9773109243697479,-0.2556732223903177,3
1776680093.927513,1005,1776680093.927513,1776680093.927557,1776680093.628341,1776680093.881919,0.9827614259535973,-0.3201518189630479,0.9626785952730671,0.8900709219858157,-0.14285714285714285,0.0,0.048245943681749275,0.6204981018132054,0.7698992042002377,-0.5808575339241807,0.7403097110188168,-0.19444540977029104,0.9976092609680397,0.8112228349010703,-0.977124183006536,-0.2686838124054463,3
1776680093.977606,1006,1776680093.977606,1776680093.977654,1776680093.628341,1776680093.881919,0.9833696127008406,-0.31015468347178465,0.755307784750968,0.9680851063829788,0.7142857142857143,0.0,-0.2894738289334509,0.09556811879789608,0.783823801347246,-0.41914246607581923,-0.07364546889433603,0.01935987312459127,0.9976092609680397,0.8112228349010703,-0.977124183006536,-0.2686838124054463,3
1776680094.027503,1007,1776680094.027503,1776680094.027558,1776680093.628341,1776680093.881919,0.9839491836074225,-0.3087653967344601,0.7820136199759647,0.9255319148936172,-0.07142857142857142,0.0,-0.11951725642384059,-0.8864271829148137,0.6979064027209088,0.7326694041359321,0.5620185768422278,-0.16919037945730434,0.9976092609680397,0.8112228349010703,-0.977124183006536,-0.2686838124054463,3
1776680094.077502,1008,1776680094.077502,1776680094.077543,1776680093.628341,1776680094.031717,0.9844785544078364,-0.3010312231452306,0.5916677794098011,0.8439716312056738,0.5714285714285714,0.0,-0.23245622879266442,-0.734072076682347,0.9094409589222031,0.3316797037092089,-0.2848861313762429,-0.10690264144744116,0.9976092609680397,0.8041950481133096,-0.9768440709617181,-0.27443267776096825,3
1776680094.127597,1009,1776680094.127597,1776680094.077543,1776680093.628341,1776680094.031717,0.9850937727302344,-0.2971211687195646,0.5482040325811189,0.9787234042553193,0.21428571428571427,0.0,-0.23245622879266442,-0.734072076682347,0.9094409589222031,0.3316797037092089,-0.2848861313762429,-0.10690264144744116,0.9976092609680397,0.8041950481133096,-0.9768440709617181,-0.27443267776096825,3
1776680094.177537,1010,1776680094.177537,1776680094.177592,1776680093.628341,1776680094.180476,0.9856293740402791,-0.2985677456316242,0.6149018560555481,0.8546099290780143,-0.2857142857142857,0.0,0.6535085709257628,0.23684207479515906,0.9235631026284506,-0.06930380334813549,-0.3062051308161736,0.11195427935968358,0.9976092609680397,0.7967347821386095,-0.9755368814192343,-0.28350983358547655,3
1776680094.2291,1011,1776680094.2291,1776680094.229159,1776680094.230478,1776680094.180476,0.9861823317700095,-0.29398453165282157,0.5253705434637468,0.8546099290780143,0.2857142857142857,0.0,-0.21820159961283725,-0.2229915053391207,0.8733951921806895,0.5445520026259887,-0.29457460195078666,-0.01430823521234887,0.9975673181780053,0.7967347821386095,-0.9755368814192343,-0.28350983358547655,3
1776680094.27752,1012,1776680094.27752,1776680094.229159,1776680094.230478,1776680094.180476,0.9867059616008352,-0.2919650529934117,0.5060088129256243,0.8617021276595745,0.07142857142857142,0.0,-0.21820159961283725,-0.2229915053391207,0.8733951921806895,0.5445520026259887,-0.29457460195078666,-0.01430823521234887,0.9975673181780053,0.7967347821386095,-0.9755368814192343,-0.28350983358547655,3
1776680094.328052,1013,1776680094.328052,1776680094.328092,1776680094.230478,1776680094.327421,0.9872164628577961,-0.29361214551704384,0.5903324876485512,0.8049645390070923,-0.2857142857142857,0.0,0.5427629709609593,0.0706375568906091,0.959213941355171,-0.2920792999015254,-0.4224813249638137,0.029459989700850786,0.9975673181780053,0.7913287923018704,-0.9744164332399627,-0.2992435703479576,3
1776680094.377481,1014,1776680094.377481,1776680094.328092,1776680094.230478,1776680094.327421,0.9878060915870676,-0.2947579490117445,0.7058352249966617,0.9503546099290782,-0.2857142857142857,0.0,0.5427629709609593,0.0706375568906091,0.959213941355171,-0.2920792999015254,-0.4224813249638137,0.029459989700850786,0.9975673181780053,0.7913287923018704,-0.9744164332399627,-0.2992435703479576,3
1776680094.427579,1015,1776680094.427579,1776680094.377517,1776680094.230478,1776680094.327421,0.988336574978487,-0.29223718132340304,0.6657097075711044,0.8439716312056738,0.07142857142857142,0.0,-0.38706102763117617,-0.25484793086640445,0.7686153579447893,0.468646067520113,0.005811627619414764,-0.08501536974261605,0.9975673181780053,0.7913287923018704,-0.9744164332399627,-0.2992435703479576,3
1776680094.4781,1016,1776680094.4781,1776680094.427628,1776680094.230478,1776680094.477139,0.9889457408058151,-0.2859495846462332,0.5476699158766191,0.9609929078014185,0.42857142857142855,0.0,0.6776310844773761,0.6537392369509065,0.7880703506802272,-0.5412509367471185,0.5096921073878224,0.16414190079328722,0.9975673181780053,0.7859228024651314,-0.9726423902894492,-0.3119515885022693,3
1776680094.527477,1017,1776680094.527477,1776680094.527512,1776680094.230478,1776680094.477139,0.9895062196507427,-0.28799770839301064,0.6663773534517292,0.9042553191489363,-0.35714285714285715,0.0,-0.0833334860964204,-0.36149604211554914,0.7524195119535068,0.513201166830791,0.3992275408595972,-0.01430823521234887,0.9975673181780053,0.7859228024651314,-0.9726423902894492,-0.3119515885022693,3
1776680094.57749,1018,1776680094.57749,1776680094.527512,1776680094.230478,1776680094.477139,0.9900179670096295,-0.2827699799484389,0.5427961009480572,0.8156028368794327,0.35714285714285715,0.0,-0.0833334860964204,-0.36149604211554914,0.7524195119535068,0.513201166830791,0.3992275408595972,-0.01430823521234887,0.9975673181780053,0.7859228024651314,-0.9726423902894492,-0.3119515885022693,3
1776680094.627586,1019,1776680094.627586,1776680094.577535,1776680094.230478,1776680094.625669,0.9905974934125713,-0.2762389000286451,0.40566163706769925,0.921985815602837,0.5,0.0,-0.22807040056314584,-0.7229920842310983,0.8683587042662793,0.5247518007221469,-0.23061760363099437,0.017675993820510473,0.9975673181780053,0.780624932425127,-0.9690943043884221,-0.31527987897125564,3
1776680094.677527,1020,1776680094.677527,1776680094.627629,1776680094.230478,1776680094.625669,0.9911109319097865,-0.27810083070753366,0.49572706636400055,0.8191489361702129,-0.2857142857142857,0.0,-0.5800438857796508,0.05817169704498801,0.7807623662660151,-0.2425756984572317,-0.3759664831288232,0.12457863526795164,0.9975673181780053,0.780624932425127,-0.9690943043884221,-0.31527987897125564,3
1776680094.727469,1021,1776680094.727469,1776680094.727503,1776680094.230478,1776680094.625669,0.9916732799076033,-0.27747063878544836,0.5223661370009347,0.897163120567376,-0.07142857142857142,0.0,-0.5635958841958032,-0.2922431948353573,0.8314240192841105,0.5528015706384745,-0.4341118538292007,0.12373827524002388,0.9975673181780053,0.780624932425127,-0.9690943043884221,-0.31527987897125564,3
1776680094.777468,1022,1776680094.777468,1776680094.727503,1776680094.230478,1776680094.77448,0.992249557544809,-0.27600973932970496,0.5223661370009347,0.9184397163120569,0.0,0.0,-0.5635958841958032,-0.2922431948353573,0.8314240192841105,0.5528015706384745,-0.4341118538292007,0.12373827524002388,0.9975673181780053,0.7766244999459401,-0.9635854341736695,-0.3074130105900151,3
1776680094.827511,1023,1776680094.827511,1776680094.777517,1776680094.828274,1776680094.77448,0.9927842687820494,-0.2811228874248067,0.7128455067432234,0.851063829787234,-0.6428571428571428,0.0,0.324561371348122,0.47091473036948356,0.7794785200105667,-0.4554418040046327,0.6821716139449968,0.25589278775222646,0.9975673181780053,0.7766244999459401,-0.9635854341736695,-0.3074130105900151,3
1776680094.877558,1024,1776680094.877558,1776680094.827552,1776680094.828274,1776680094.77448,0.9933857354796194,-0.28478945860784877,0.9133395646948858,0.9574468085106385,-0.5714285714285714,0.0,0.4813595425906543,0.4418277240630344,0.968101885484084,-0.24092206883310727,-0.5348806761563248,0.1422546290884621,0.9975673181780053,0.7766244999459401,-0.9635854341736695,-0.3074130105900151,3
1776680094.927466,1025,1776680094.927466,1776680094.877597,1776680094.828274,1776680094.924728,0.9939254311245643,-0.28169578917215704,0.859994658832955,0.8617021276595745,0.07142857142857142,0.0,-0.39583360066873574,0.03739642175290807,0.7890578358208956,0.4521469314951413,-0.18798687837769035,-0.10521876214336037,0.9975673181780053,0.7745702238079792,-0.9563025210084034,-0.2944024205748865,3
1776680094.977494,1026,1776680094.977494,1776680094.977545,1776680094.828274,1776680094.924728,0.9945062036294322,-0.2735605843597823,0.703031112298037,0.9255319148936172,0.5714285714285714,0.0,-0.8366226281239288,0.17174567191412948,0.7594311352529389,-0.4917473353028248,-0.24418291716066712,0.10774300147536893,0.9975673181780053,0.7745702238079792,-0.9563025210084034,-0.2944024205748865,3
1776680095.027457,1027,1776680095.027457,1776680095.027503,1776680094.828274,1776680094.924728,0.9950710438311012,-0.27450587224291034,0.8097876886099612,0.9007092198581561,-0.2857142857142857,0.0,-0.3760959987681185,-0.033241135137701036,0.7492592623167349,0.468646067520113,0.2596902889811831,-0.01430823521234887,0.9975673181780053,0.7745702238079792,-0.9563025210084034,-0.2944024205748865,3
1776680095.077539,1028,1776680095.077539,1776680095.077577,1776680094.828274,1776680095.0722,0.9955811890589403,-0.266055571469493,0.595740419281613,0.8120567375886526,0.6428571428571428,0.0,-0.03618377032742018,-0.4986147114976051,0.8828756934354776,0.305277370047627,-0.025195842395059755,0.030303508977003832,0.9975673181780053,0.7692723537679749,-0.945845004668534,-0.2826021180030257,3
1776680095.127927,1029,1776680095.127927,1776680095.127993,1776680094.828274,1776680095.0722,0.9961798075235363,-0.26072758521913497,0.5049405795166244,0.946808510638298,0.35714285714285715,0.0,-0.7138157713833186,0.3725760345667978,0.7747383106590938,-0.3316797037092089,-0.34495901311434873,0.09427512629094781,0.9975673181780053,0.7692723537679749,-0.945845004668534,-0.2826021180030257,3
1776680095.17753,1030,1776680095.17753,1776680095.17757,1776680094.828274,1776680095.0722,0.9967053065072511,-0.26442280148954456,0.6440112164507945,0.8439716312056738,-0.5,0.0,0.8157887983105625,0.3047090546809784,0.9233655560692114,-0.037952967552937825,-0.23643650487696663,-0.058079619373773816,0.9975673181780053,0.7692723537679749,-0.945845004668534,-0.2826021180030257,3
1776680095.22743,1031,1776680095.22743,1776680095.22747,1776680094.828274,1776680095.220497,0.9972649397830147,-0.26340590088799776,0.6573641340632929,0.8936170212765958,-0.07142857142857142,0.0,-0.6381577138331864,-0.3171749145265995,0.8080189208823141,0.5594037023962146,-0.25193660307092514,-0.11616239799577294,0.9975673181780053,0.7677586766136879,-0.9373482726423903,-0.27110438729198183,3
1776680095.277413,1032,1776680095.277413,1776680095.277456,1776680094.828274,1776680095.220497,0.9978097088429446,-0.2566599828129476,0.5271731873414341,0.8687943262411348,0.5,0.0,0.2379382849349321,0.04432112758894965,0.7592336712455422,-0.36138310324966094,0.7325560251085589,0.010100116576259513,0.9975673181780053,0.7677586766136879,-0.9373482726423903,-0.27110438729198183,3
1776680095.327439,1033,1776680095.327439,1776680095.277456,1776680094.828274,1776680095.220497,0.998308416635247,-0.2568318533371527,0.5539457871544933,0.7943262411347519,-0.14285714285714285,0.0,0.2379382849349321,0.04432112758894965,0.7592336712455422,-0.36138310324966094,0.7325560251085589,0.010100116576259513,0.9975673181780053,0.7677586766136879,-0.9373482726423903,-0.27110438729198183,3
1776680095.377471,1034,1776680095.377471,1776680095.377522,1776680094.828274,1776680095.368868,0.9988806889448331,-0.259596104268118,0.6975564160769129,0.9113475177304966,-0.42857142857142855,0.0,-0.40241188472375244,0.011079992451248612,0.7709855864482895,0.37623480301988693,0.08139188117803656,-0.04882302207366735,0.9975673181780053,0.7662449994594009,-0.9316526610644258,-0.26384266263237516,3
1776680095.42743,1035,1776680095.42743,1776680095.377522,1776680094.828274,1776680095.368868,0.9993876299105763,-0.2578917215697508,0.7142475630925357,0.8085106382978724,0.0,0.0,-0.40241188472375244,0.011079992451248612,0.7709855864482895,0.37623480301988693,0.08139188117803656,-0.04882302207366735,0.9975673181780053,0.7662449994594009,-0.9316526610644258,-0.26384266263237516,3
1776680095.477492,1036,1776680095.477492,1776680095.477551,1776680095.429023,1776680095.368868,1.0,-0.2514895445431109,0.5604887167846174,0.9751773049645391,0.42857142857142855,0.0,-0.7149119992960677,0.344874895654721,0.7864901433099987,-0.42244353195468937,-0.40503916847901195,0.07070713453026718,0.9974834325979365,0.7662449994594009,-0.9316526610644258,-0.26384266263237516,3
