timestamp,frame,odom_time,imu_time,voltage_time,current_time,x,y,z,vx,vy,vz,ax,ay,az,gx,gy,gz,voltage,current0,current1,current2,fault_label
1776592545.602115,0,1776592545.602115,1776592545.552457,1776592545.602115,1776592545.602115,3.868571,0.394268,0.278943,0.000000,0.000000,0.000000,0.056225,-0.027515,9.906450,0.003730,0.001066,0.001599,0.0000,0.0000,0.0000,0.0000,1
1776592545.652268,1,1776592545.652268,1776592545.602163,1776592545.652268,1776592545.652268,3.868571,0.394268,0.278943,0.000000,0.000000,0.000000,0.069385,-0.015552,9.895684,0.003730,0.000799,0.001865,0.0000,0.0000,0.0000,0.0000,1
1776592545.703659,2,1776592545.703659,1776592545.660597,1776592545.703659,1776592545.691870,3.868571,0.394268,0.278943,0.000000,0.000000,0.000000,0.071777,-0.040674,9.870562,0.005062,0.001332,0.001865,0.0000,-0.1719,-0.1959,0.0374,1
1776592545.753808,3,1776592545.753808,1776592545.703705,1776592545.753808,1776592545.691870,3.868571,0.394268,0.278943,0.000000,0.000000,0.000000,0.056225,-0.027515,9.839458,0.004529,0.001332,0.001865,0.0000,-0.1719,-0.1959,0.0374,1
1776592545.811019,4,1776592545.811019,1776592545.753860,1776592545.811019,1776592545.691870,3.868571,0.394268,0.278943,0.000000,0.000000,0.000000,0.068188,-0.049048,9.894487,0.005062,0.000799,0.001865,0.0000,-0.1719,-0.1959,0.0374,1
1776592545.852123,5,1776592545.852123,1776592545.852171,1776592545.852642,1776592545.844702,3.868571,0.394268,0.278943,0.000000,0.000000,0.000000,0.051440,-0.025122,9.864580,0.004263,0.001599,0.001865,24.4870,-0.1807,-0.1921,0.0418,1
1776592545.902118,6,1776592545.902118,1776592545.852171,1776592545.852642,1776592545.844702,3.868571,0.394268,0.278943,0.000000,0.000000,0.000000,0.051440,-0.025122,9.864580,0.004263,0.001599,0.001865,24.4870,-0.1807,-0.1921,0.0418,1
1776592545.952166,7,1776592545.952166,1776592545.952206,1776592545.852642,1776592545.844702,3.868571,0.394268,0.278943,0.000000,0.000000,0.000000,0.061011,-0.023926,9.883721,0.003997,0.000799,0.002398,24.4870,-0.1807,-0.1921,0.0418,1
1776592546.002080,8,1776592546.002080,1776592545.952206,1776592545.852642,1776592545.988938,3.868571,0.394268,0.278943,0.000000,0.000000,0.000000,0.061011,-0.023926,9.883721,0.003997,0.000799,0.002398,24.4870,-0.1886,-0.1873,0.0446,1
1776592546.052122,9,1776592546.052122,1776592546.002126,1776592545.852642,1776592545.988938,3.868571,0.394268,0.278943,0.000000,0.000000,0.000000,0.052637,-0.023926,9.870562,0.003997,0.000533,0.002132,24.4870,-0.1886,-0.1873,0.0446,1
1776592546.102068,10,1776592546.102068,1776592546.052169,1776592545.852642,1776592545.988938,3.868571,0.394268,0.278943,0.000000,0.000000,0.000000,0.053833,-0.021533,9.837066,0.003997,0.001599,0.002132,24.4870,-0.1886,-0.1873,0.0446,1
1776592546.152092,11,1776592546.152092,1776592546.102106,1776592545.852642,1776592546.136312,3.868571,0.394268,0.278943,0.000000,0.000000,0.000000,0.033496,-0.026318,9.849029,0.004529,0.001066,0.002132,24.4870,-0.1934,-0.1845,0.0464,1
1776592546.202074,12,1776592546.202074,1776592546.152133,1776592545.852642,1776592546.136312,3.868571,0.394268,0.278943,0.000000,0.000000,0.000000,0.045459,-0.037085,9.916021,0.003464,0.000799,0.001865,24.4870,-0.1934,-0.1845,0.0464,1
1776592546.252104,13,1776592546.252104,1776592546.202113,1776592545.852642,1776592546.136312,3.868571,0.394268,0.278943,0.000000,0.000000,0.000000,0.071777,-0.020337,9.887310,0.004796,0.000533,0.002664,24.4870,-0.1934,-0.1845,0.0464,1
1776592546.302101,14,1776592546.302101,1776592546.252162,1776592545.852642,1776592546.290411,3.868571,0.394268,0.278943,0.000000,0.000000,0.000000,0.066992,-0.020337,9.881329,0.003730,0.000266,0.001599,24.4870,-0.1962,-0.1854,0.0468,1
1776592546.356483,15,1776592546.356483,1776592546.302139,1776592545.852642,1776592546.290411,3.868571,0.394268,0.278943,0.000000,0.000000,0.000000,0.049048,-0.032300,9.866973,0.004263,0.001066,0.001599,24.4870,-0.1962,-0.1854,0.0468,1
1776592546.402077,16,1776592546.402077,1776592546.356521,1776592545.852642,1776592546.290411,3.868571,0.394268,0.278943,0.000000,0.000000,0.000000,0.051440,-0.035889,9.884917,0.003997,0.001066,0.002398,24.4870,-0.1962,-0.1854,0.0468,1
1776592546.452076,17,1776592546.452076,1776592546.452113,1776592546.452480,1776592546.435497,3.868571,0.394268,0.278943,0.000000,0.000000,0.000000,0.063403,-0.033496,9.883721,0.003997,0.001066,0.002398,24.4870,-0.2027,-0.1868,0.0463,1
1776592546.502057,18,1776592546.502057,1776592546.452113,1776592546.452480,1776592546.435497,3.868571,0.394268,0.278943,0.000000,0.000000,0.000000,0.063403,-0.033496,9.883721,0.003997,0.001066,0.002398,24.4870,-0.2027,-0.1868,0.0463,1
1776592546.554084,19,1776592546.554084,1776592546.502092,1776592546.452480,1776592546.435497,3.868571,0.394268,0.278943,0.000000,0.000000,0.000000,0.056225,-0.022729,9.878936,0.004263,0.000799,0.002398,24.4870,-0.2027,-0.1868,0.0463,1
1776592546.603703,20,1776592546.603703,1776592546.554129,1776592546.452480,1776592546.581720,3.868571,0.394268,0.278943,0.000000,0.000000,0.000000,0.063403,-0.031103,9.880133,0.003997,0.000000,0.002132,24.4870,-0.2069,-0.1893,0.0430,1
1776592546.653217,21,1776592546.653217,1776592546.603743,1776592546.452480,1776592546.581720,3.868571,0.394268,0.278943,0.000000,0.000000,0.000000,0.058618,-0.028711,9.866973,0.004529,0.000799,0.002132,24.4870,-0.2069,-0.1893,0.0430,1
1776592546.702204,22,1776592546.702204,1776592546.653266,1776592546.452480,1776592546.581720,3.868571,0.394268,0.278943,0.000000,0.000000,0.000000,0.049048,-0.040674,9.889703,0.004529,0.001066,0.001865,24.4870,-0.2069,-0.1893,0.0430,1
1776592546.752138,23,1776592546.752138,1776592546.702284,1776592546.452480,1776592546.730040,3.868571,0.394268,0.278943,0.000000,0.000000,0.000000,0.041870,-0.041870,9.882524,0.004263,0.001332,0.001066,24.4870,-0.2092,-0.1905,0.0393,1
1776592546.802447,24,1776592546.802447,1776592546.752192,1776592546.452480,1776592546.730040,3.868571,0.394268,0.278943,0.000000,0.000000,0.000000,0.055029,-0.016748,9.881329,0.004529,0.000799,0.002132,24.4870,-0.2092,-0.1905,0.0393,1
1776592546.856551,25,1776592546.856551,1776592546.802496,1776592546.452480,1776592546.730040,3.868571,0.394268,0.278943,0.000000,0.000000,0.000000,0.063403,-0.016748,9.876543,0.004529,0.000533,0.002132,24.4870,-0.2092,-0.1905,0.0393,1
1776592546.903413,26,1776592546.903413,1776592546.856594,1776592546.452480,1776592546.878402,3.868571,0.394268,0.278943,0.000000,0.000000,0.000000,0.059814,0.003589,9.866973,0.003997,0.001599,0.001865,24.4870,-0.2138,-0.1910,0.0318,1
1776592546.952073,27,1776592546.952073,1776592546.952110,1776592546.452480,1776592546.878402,3.868571,0.394268,0.278943,0.000000,0.000000,0.000000,0.063403,-0.038281,9.871758,0.004529,0.001332,0.001865,24.4870,-0.2138,-0.1910,0.0318,1
1776592547.002026,28,1776592547.002026,1776592547.002073,1776592546.452480,1776592546.878402,3.868571,0.394268,0.278943,0.000000,0.000000,0.000000,0.050244,-0.043066,9.912432,0.004263,0.001599,0.001332,24.4870,-0.2138,-0.1910,0.0318,1
1776592547.052056,29,1776592547.052056,1776592547.002073,1776592547.059515,1776592547.026984,3.868571,0.394268,0.278943,0.000000,0.000000,0.000000,0.050244,-0.043066,9.912432,0.004263,0.001599,0.001332,24.4850,-0.2148,-0.1900,0.0288,1
1776592547.101993,30,1776592547.101993,1776592547.052099,1776592547.059515,1776592547.026984,3.868571,0.394268,0.278943,0.000000,0.000000,0.000000,0.051440,0.000000,9.900469,0.003997,0.000799,0.001865,24.4850,-0.2148,-0.1900,0.0288,1
1776592547.152034,31,1776592547.152034,1776592547.102041,1776592547.059515,1776592547.026984,3.868571,0.394268,0.278943,0.000000,0.000000,0.000000,0.057422,-0.027515,9.890899,0.003197,0.001332,0.001865,24.4850,-0.2148,-0.1900,0.0288,1
1776592547.202000,32,1776592547.202000,1776592547.152168,1776592547.059515,1776592547.175433,3.868571,0.394268,0.278943,0.000000,0.000000,0.000000,0.056225,-0.014355,9.865777,0.003730,0.001332,0.001865,24.4850,-0.2140,-0.1894,0.0265,1
1776592547.252142,33,1776592547.252142,1776592547.252187,1776592547.059515,1776592547.175433,3.868571,0.394268,0.278943,0.000000,0.000000,0.000000,0.062207,-0.037085,9.876543,0.003997,0.001066,0.001865,24.4850,-0.2140,-0.1894,0.0265,1
1776592547.301995,34,1776592547.301995,1776592547.252187,1776592547.059515,1776592547.175433,3.868571,0.394268,0.278943,0.000000,0.000000,0.000000,0.062207,-0.037085,9.876543,0.003997,0.001066,0.001865,24.4850,-0.2140,-0.1894,0.0265,1
1776592547.351967,35,1776592547.351967,1776592547.302039,1776592547.059515,1776592547.324822,3.868571,0.394268,0.278943,0.000000,0.000000,0.000000,0.049048,-0.041870,9.876543,0.003730,0.001066,0.001865,24.4850,-0.2127,-0.1907,0.0214,1
1776592547.402022,36,1776592547.402022,1776592547.352104,1776592547.059515,1776592547.324822,3.868571,0.394268,0.278943,0.000000,0.000000,0.000000,0.031103,-0.043066,9.866973,0.003997,0.001066,0.001599,24.4850,-0.2127,-0.1907,0.0214,1
1776592547.451996,37,1776592547.451996,1776592547.402075,1776592547.059515,1776592547.324822,3.868571,0.394268,0.278943,0.000000,0.000000,0.000000,0.052637,-0.045459,9.880133,0.003730,0.000266,0.002398,24.4850,-0.2127,-0.1907,0.0214,1
1776592547.501972,38,1776592547.501972,1776592547.452069,1776592547.059515,1776592547.471800,3.868571,0.394268,0.278943,0.000000,0.000000,0.000000,0.065796,-0.014355,9.872954,0.004263,0.001332,0.002132,24.4850,-0.2109,-0.1915,0.0163,1
1776592547.551977,39,1776592547.551977,1776592547.502006,1776592547.059515,1776592547.471800,3.868571,0.394268,0.278943,0.000000,0.000000,0.000000,0.058618,-0.043066,9.858599,0.004529,0.001066,0.001599,24.4850,-0.2109,-0.1915,0.0163,1
1776592547.603215,40,1776592547.603215,1776592547.552046,1776592547.059515,1776592547.471800,3.868571,0.394268,0.278943,0.000000,0.000000,0.000000,0.057422,-0.025122,9.856207,0.004263,0.001332,0.001865,24.4850,-0.2109,-0.1915,0.0163,1
1776592547.651984,41,1776592547.651984,1776592547.603261,1776592547.656143,1776592547.625500,3.868571,0.394268,0.278943,0.000000,0.000000,0.000000,0.056225,-0.023926,9.860991,0.005062,0.001332,0.001865,24.4880,-0.2062,-0.1928,0.0109,1
1776592547.701991,42,1776592547.701991,1776592547.702025,1776592547.656143,1776592547.625500,3.868571,0.394268,0.278943,0.000000,0.000000,0.000000,0.050244,-0.027515,9.833477,0.004263,0.000533,0.002132,24.4880,-0.2062,-0.1928,0.0109,1
1776592547.751921,43,1776592547.751921,1776592547.702025,1776592547.656143,1776592547.625500,3.868571,0.394268,0.278943,0.000000,0.000000,0.000000,0.050244,-0.027515,9.833477,0.004263,0.000533,0.002132,24.4880,-0.2062,-0.1928,0.0109,1
1776592547.802628,44,1776592547.802628,1776592547.751960,1776592547.656143,1776592547.769406,3.868571,0.394268,0.278943,0.000000,0.000000,0.000000,0.057422,-0.029907,9.883721,0.003997,0.001066,0.001865,24.4880,-0.2009,-0.1909,0.0044,1
1776592547.851980,45,1776592547.851980,1776592547.802681,1776592547.656143,1776592547.769406,3.868571,0.394268,0.278943,0.000000,0.000000,0.000000,0.059814,-0.025122,9.870562,0.004796,0.001599,0.002132,24.4880,-0.2009,-0.1909,0.0044,1
1776592547.901958,46,1776592547.901958,1776592547.852059,1776592547.656143,1776592547.769406,3.868571,0.394268,0.278943,0.000000,0.000000,0.000000,0.061011,-0.016748,9.878936,0.004796,0.001066,0.001599,24.4880,-0.2009,-0.1909,0.0044,1
1776592547.951915,47,1776592547.951915,1776592547.902002,1776592547.656143,1776592547.919461,3.868571,0.394268,0.278943,0.000000,0.000000,0.000000,0.050244,-0.064599,9.882524,0.004796,0.000533,0.002132,24.4880,-0.1976,-0.1914,-0.0026,1
1776592548.001960,48,1776592548.001960,1776592547.951949,1776592547.656143,1776592547.919461,3.868571,0.394268,0.278943,0.000000,0.000000,0.000000,0.070581,-0.031103,9.858599,0.003997,0.001066,0.001332,24.4880,-0.1976,-0.1914,-0.0026,1
1776592548.051992,49,1776592548.051992,1776592548.052254,1776592547.656143,1776592547.919461,3.868571,0.394268,0.278943,0.000000,0.000000,0.000000,0.057422,-0.029907,9.892096,0.004263,0.000799,0.002398,24.4880,-0.1976,-0.1914,-0.0026,1
1776592548.102949,50,1776592548.102949,1776592548.052254,1776592547.656143,1776592548.070227,3.868571,0.394268,0.278943,0.000000,0.000000,0.000000,0.057422,-0.029907,9.892096,0.004263,0.000799,0.002398,24.4880,-0.1929,-0.1926,-0.0111,1
1776592548.151900,51,1776592548.151900,1776592548.102993,1776592547.656143,1776592548.070227,3.868571,0.394268,0.278943,0.000000,0.000000,0.000000,0.055029,-0.029907,9.869366,0.004796,0.001332,0.002132,24.4880,-0.1929,-0.1926,-0.0111,1
1776592548.201891,52,1776592548.201891,1776592548.151934,1776592547.656143,1776592548.070227,3.868571,0.394268,0.278943,0.000000,0.000000,0.000000,0.040674,-0.040674,9.898077,0.004529,0.000799,0.001865,24.4880,-0.1929,-0.1926,-0.0111,1
1776592548.253936,53,1776592548.253936,1776592548.201935,1776592548.254448,1776592548.226958,3.868571,0.394268,0.278943,0.000000,0.000000,0.000000,0.043066,-0.022729,9.866973,0.004529,0.001332,0.002132,24.4860,-0.1894,-0.1920,-0.0180,1
1776592548.301936,54,1776592548.301936,1776592548.253985,1776592548.254448,1776592548.226958,3.868571,0.394268,0.278943,0.000000,0.000000,0.000000,0.051440,-0.020337,9.872954,0.004529,0.001332,0.001332,24.4860,-0.1894,-0.1920,-0.0180,1
1776592548.351879,55,1776592548.351879,1776592548.301980,1776592548.254448,1776592548.226958,3.868571,0.394268,0.278943,0.000000,0.000000,0.000000,0.064599,-0.028711,9.890899,0.003997,0.000266,0.001599,24.4860,-0.1894,-0.1920,-0.0180,1
1776592548.401931,56,1776592548.401931,1776592548.351916,1776592548.254448,1776592548.381402,3.868571,0.394268,0.278943,0.000000,0.000000,0.000000,0.055029,-0.023926,9.859796,0.003730,0.001066,0.001865,24.4860,-0.1867,-0.1933,-0.0279,1
1776592548.451926,57,1776592548.451926,1776592548.402087,1776592548.254448,1776592548.381402,3.868571,0.394268,0.278943,0.000000,0.000000,0.000000,0.057422,-0.015552,9.869366,0.004529,0.001066,0.001066,24.4860,-0.1867,-0.1933,-0.0279,1
1776592548.501956,58,1776592548.501956,1776592548.501995,1776592548.254448,1776592548.381402,3.868571,0.394268,0.278943,0.000000,0.000000,0.000000,0.034692,-0.031103,9.864580,0.004529,0.001066,0.002132,24.4860,-0.1867,-0.1933,-0.0279,1
1776592548.551858,59,1776592548.551858,1776592548.551892,1776592548.254448,1776592548.524879,3.868571,0.394268,0.278943,0.000000,0.000000,0.000000,0.062207,-0.037085,9.892096,0.004263,0.000799,0.002664,24.4860,-0.1873,-0.1918,-0.0349,1
1776592548.601863,60,1776592548.601863,1776592548.551892,1776592548.254448,1776592548.524879,3.868571,0.394268,0.278943,0.000000,0.000000,0.000000,0.062207,-0.037085,9.892096,0.004263,0.000799,0.002664,24.4860,-0.1873,-0.1918,-0.0349,1
1776592548.651898,61,1776592548.651898,1776592548.651951,1776592548.254448,1776592548.524879,3.868571,0.394268,0.278943,0.000000,0.000000,0.000000,0.055029,-0.021533,9.850225,0.004263,0.001599,0.001599,24.4860,-0.1873,-0.1918,-0.0349,1
1776592548.705965,62,1776592548.705965,1776592548.651951,1776592548.254448,1776592548.675326,3.868571,0.394268,0.278943,0.000000,0.000000,0.000000,0.055029,-0.021533,9.850225,0.004263,0.001599,0.001599,24.4860,-0.1863,-0.1917,-0.0403,1
1776592548.752221,63,1776592548.752221,1776592548.752288,1776592548.254448,1776592548.675326,3.868571,0.394268,0.278943,0.000000,0.000000,0.000000,0.069385,-0.017944,9.872954,0.004263,0.000533,0.002132,24.4860,-0.1863,-0.1917,-0.0403,1
1776592548.801876,64,1776592548.801876,1776592548.801922,1776592548.254448,1776592548.675326,3.868571,0.394268,0.278943,0.000000,0.000000,0.000000,0.044263,-0.039477,9.864580,0.004529,0.001332,0.001599,24.4860,-0.1863,-0.1917,-0.0403,1
1776592548.851917,65,1776592548.851917,1776592548.851964,1776592548.852757,1776592548.826768,3.868571,0.394268,0.278943,0.000000,0.000000,0.000000,0.059814,-0.035889,9.878936,0.004263,0.001332,0.001599,24.4850,-0.1842,-0.1901,-0.0424,1
1776592548.902000,66,1776592548.902000,1776592548.902044,1776592548.852757,1776592548.826768,3.868571,0.394268,0.278943,0.000000,0.000000,0.000000,0.071777,-0.038281,9.864580,0.004796,0.000799,0.001599,24.4850,-0.1842,-0.1901,-0.0424,1
1776592548.951881,67,1776592548.951881,1776592548.902044,1776592548.852757,1776592548.826768,3.868571,0.394268,0.278943,0.000000,0.000000,0.000000,0.071777,-0.038281,9.864580,0.004796,0.000799,0.001599,24.4850,-0.1842,-0.1901,-0.0424,1
1776592549.001846,68,1776592549.001846,1776592549.001889,1776592548.852757,1776592548.978052,3.868571,0.394268,0.278943,0.000000,0.000000,0.000000,0.056225,-0.026318,9.858599,0.004263,0.000799,0.001332,24.4850,-0.1832,-0.1918,-0.0427,1
1776592549.055396,69,1776592549.055396,1776592549.055443,1776592548.852757,1776592548.978052,3.868571,0.394268,0.278943,0.000000,0.000000,0.000000,0.071777,-0.021533,9.874151,0.004263,0.001066,0.001599,24.4850,-0.1832,-0.1918,-0.0427,1
1776592549.108761,70,1776592549.108761,1776592549.055443,1776592548.852757,1776592548.978052,3.868571,0.394268,0.278943,0.000000,0.000000,0.000000,0.071777,-0.021533,9.874151,0.004263,0.001066,0.001599,24.4850,-0.1832,-0.1918,-0.0427,1
1776592549.151868,71,1776592549.151868,1776592549.108805,1776592548.852757,1776592549.129458,3.868571,0.394268,0.278943,0.000000,0.000000,0.000000,0.072973,-0.032300,9.883721,0.004263,0.001332,0.002132,24.4850,-0.1791,-0.1926,-0.0421,1
1776592549.201881,72,1776592549.201881,1776592549.151914,1776592548.852757,1776592549.129458,3.868571,0.394268,0.278943,0.000000,0.000000,0.000000,0.050244,-0.027515,9.923199,0.003997,0.001332,0.002398,24.4850,-0.1791,-0.1926,-0.0421,1
1776592549.251836,73,1776592549.251836,1776592549.201933,1776592548.852757,1776592549.129458,3.868571,0.394268,0.278943,0.000000,0.000000,0.000000,0.063403,-0.031103,9.866973,0.004529,0.001066,0.001865,24.4850,-0.1791,-0.1926,-0.0421,1
1776592549.301864,74,1776592549.301864,1776592549.251885,1776592548.852757,1776592549.281095,3.868571,0.394268,0.278943,0.000000,0.000000,0.000000,0.044263,-0.034692,9.892096,0.005062,0.000799,0.001332,24.4850,-0.1785,-0.1917,-0.0456,1
1776592549.351882,75,1776592549.351882,1776592549.301914,1776592548.852757,1776592549.281095,3.868571,0.394268,0.278943,0.000000,0.000000,0.000000,0.074170,-0.029907,9.882524,0.003997,0.001865,0.001865,24.4850,-0.1785,-0.1917,-0.0456,1
1776592549.403713,76,1776592549.403713,1776592549.351934,1776592548.852757,1776592549.281095,3.868571,0.394268,0.278943,0.000000,0.000000,0.000000,0.061011,-0.026318,9.881329,0.004263,0.001066,0.002132,24.4850,-0.1785,-0.1917,-0.0456,1
1776592549.451848,77,1776592549.451848,1776592549.403758,1776592549.452302,1776592549.431795,3.868571,0.394268,0.278943,0.000000,0.000000,0.000000,0.052637,-0.044263,9.856207,0.004529,0.000799,0.001332,24.4840,-0.1803,-0.1918,-0.0510,1
1776592549.501823,78,1776592549.501823,1776592549.451897,1776592549.452302,1776592549.431795,3.868571,0.394268,0.278943,0.000000,0.000000,0.000000,0.040674,-0.040674,9.871758,0.004263,0.000799,0.001599,24.4840,-0.1803,-0.1918,-0.0510,1
1776592549.551828,79,1776592549.551828,1776592549.551876,1776592549.452302,1776592549.431795,3.868571,0.394268,0.278943,0.000000,0.000000,0.000000,0.044263,-0.051440,9.882524,0.005329,0.001332,0.002664,24.4840,-0.1803,-0.1918,-0.0510,1
1776592549.603374,80,1776592549.603374,1776592549.551876,1776592549.452302,1776592549.583279,3.868571,0.394268,0.278943,0.000000,0.000000,0.000000,0.044263,-0.051440,9.882524,0.005329,0.001332,0.002664,24.4840,-0.1840,-0.1938,-0.0529,1
1776592549.652748,81,1776592549.652748,1776592549.652774,1776592549.452302,1776592549.583279,3.868571,0.394268,0.278943,0.000000,0.000000,0.000000,0.050244,-0.016748,9.869366,0.003997,0.001066,0.001599,24.4840,-0.1840,-0.1938,-0.0529,1
1776592549.708561,82,1776592549.708561,1776592549.652774,1776592549.452302,1776592549.583279,3.868571,0.394268,0.278943,0.000000,0.000000,0.000000,0.050244,-0.016748,9.869366,0.003997,0.001066,0.001599,24.4840,-0.1840,-0.1938,-0.0529,1
1776592549.751797,83,1776592549.751797,1776592549.751844,1776592549.452302,1776592549.734048,3.868571,0.394268,0.278943,0.000000,0.000000,0.000000,0.046655,-0.008374,9.883721,0.004796,0.001332,0.002398,24.4840,-0.1854,-0.1949,-0.0527,1
1776592549.807865,84,1776592549.807865,1776592549.807902,1776592549.452302,1776592549.734048,3.868571,0.394268,0.278943,0.000000,0.000000,0.000000,0.070581,-0.038281,9.882524,0.004263,0.001332,0.001332,24.4840,-0.1854,-0.1949,-0.0527,1
1776592549.855985,85,1776592549.855985,1776592549.807902,1776592549.452302,1776592549.734048,3.868571,0.394268,0.278943,0.000000,0.000000,0.000000,0.070581,-0.038281,9.882524,0.004263,0.001332,0.001332,24.4840,-0.1854,-0.1949,-0.0527,1
1776592549.906363,86,1776592549.906363,1776592549.856139,1776592549.452302,1776592549.885518,3.868571,0.394268,0.278943,0.000000,0.000000,0.000000,0.045459,-0.035889,9.869366,0.004529,0.000533,0.002132,24.4840,-0.1858,-0.1922,-0.0489,1
1776592549.951788,87,1776592549.951788,1776592549.906407,1776592549.452302,1776592549.885518,3.868571,0.394268,0.278943,0.000000,0.000000,0.000000,0.058618,-0.034692,9.877740,0.004263,0.001332,0.002132,24.4840,-0.1858,-0.1922,-0.0489,1
1776592550.009901,88,1776592550.009901,1776592549.951842,1776592549.452302,1776592549.885518,3.868571,0.394268,0.278943,0.000000,0.000000,0.000000,0.031103,-0.034692,9.882524,0.003997,0.001066,0.002398,24.4840,-0.1858,-0.1922,-0.0489,1
1776592550.051779,89,1776592550.051779,1776592550.009949,1776592550.052170,1776592550.036752,3.868571,0.394268,0.278943,0.000000,0.000000,0.000000,0.046655,-0.019141,9.876543,0.003997,0.001066,0.001865,24.4850,-0.1838,-0.1898,-0.0446,1
1776592550.101756,90,1776592550.101756,1776592550.051816,1776592550.052170,1776592550.036752,3.868571,0.394268,0.278943,0.000000,0.000000,0.000000,0.047851,-0.038281,9.871758,0.004263,0.000799,0.001332,24.4850,-0.1838,-0.1898,-0.0446,1
1776592550.151741,91,1776592550.151741,1776592550.101788,1776592550.052170,1776592550.036752,3.868571,0.394268,0.278943,0.000000,0.000000,0.000000,0.059814,-0.023926,9.864580,0.003997,0.000799,0.002398,24.4850,-0.1838,-0.1898,-0.0446,1
1776592550.201835,92,1776592550.201835,1776592550.151790,1776592550.052170,1776592550.187772,3.868571,0.394268,0.278943,0.000000,0.000000,0.000000,0.034692,-0.025122,9.900469,0.004529,0.001599,0.001599,24.4850,-0.1804,-0.1850,-0.0438,1
1776592550.251788,93,1776592550.251788,1776592550.251837,1776592550.052170,1776592550.187772,3.868571,0.394268,0.278943,0.000000,0.000000,0.000000,0.052637,-0.031103,9.869366,0.004529,0.001332,0.001599,24.4850,-0.1804,-0.1850,-0.0438,1
1776592550.301791,94,1776592550.301791,1776592550.251837,1776592550.052170,1776592550.187772,3.868571,0.394268,0.278943,0.000000,0.000000,0.000000,0.052637,-0.031103,9.869366,0.004529,0.001332,0.001599,24.4850,-0.1804,-0.1850,-0.0438,1
1776592550.351799,95,1776592550.351799,1776592550.351851,1776592550.052170,1776592550.338925,3.868571,0.394268,0.278943,0.000000,0.000000,0.000000,0.066992,-0.029907,9.883721,0.003997,0.000533,0.002132,24.4850,-0.1784,-0.1806,-0.0409,1
1776592550.401734,96,1776592550.401734,1776592550.351851,1776592550.052170,1776592550.338925,3.868571,0.394268,0.278943,0.000000,0.000000,0.000000,0.066992,-0.029907,9.883721,0.003997,0.000533,0.002132,24.4850,-0.1784,-0.1806,-0.0409,1
1776592550.454854,97,1776592550.454854,1776592550.408426,1776592550.052170,1776592550.338925,3.868571,0.394268,0.278943,0.000000,0.000000,0.000000,0.065796,-0.041870,9.837066,0.003997,0.001066,0.002398,24.4850,-0.1784,-0.1806,-0.0409,1
1776592550.501722,98,1776592550.501722,1776592550.455135,1776592550.052170,1776592550.490644,3.868571,0.394268,0.278943,0.000000,0.000000,0.000000,0.046655,-0.041870,9.875347,0.004796,0.000533,0.002398,24.4850,-0.1770,-0.1783,-0.0376,1
1776592550.551758,99,1776592550.551758,1776592550.501759,1776592550.052170,1776592550.490644,3.868571,0.394268,0.278943,0.000000,0.000000,0.000000,0.049048,-0.014355,9.892096,0.004796,0.001066,0.000799,24.4850,-0.1770,-0.1783,-0.0376,1
1776592550.602666,100,1776592550.602666,1776592550.551801,1776592550.052170,1776592550.490644,3.868571,0.394268,0.278943,0.000000,0.000000,0.000000,0.053833,-0.031103,9.905254,0.004796,0.000799,0.001865,24.4850,-0.1770,-0.1783,-0.0376,1
1776592550.657127,101,1776592550.657127,1776592550.602705,1776592550.657562,1776592550.642210,3.868571,0.394268,0.278943,0.000000,0.000000,0.000000,0.056225,-0.028711,9.900469,0.003997,0.001599,0.001332,24.4840,-0.1758,-0.1756,-0.0322,1
1776592550.701694,102,1776592550.701694,1776592550.657175,1776592550.657562,1776592550.642210,3.868571,0.394268,0.278943,0.000000,0.000000,0.000000,0.074170,-0.022729,9.884917,0.004796,0.000000,0.001599,24.4840,-0.1758,-0.1756,-0.0322,1
1776592550.751703,103,1776592550.751703,1776592550.751735,1776592550.657562,1776592550.642210,3.868571,0.394268,0.278943,0.000000,0.000000,0.000000,0.032300,-0.033496,9.878936,0.004796,0.001066,0.002398,24.4840,-0.1758,-0.1756,-0.0322,1
1776592550.801749,104,1776592550.801749,1776592550.751735,1776592550.657562,1776592550.793790,3.868571,0.394268,0.278943,0.000000,0.000000,0.000000,0.032300,-0.033496,9.878936,0.004796,0.001066,0.002398,24.4840,-0.1715,-0.1753,-0.0276,1
1776592550.851820,105,1776592550.851820,1776592550.801799,1776592550.657562,1776592550.793790,3.868571,0.394268,0.278943,0.000000,0.000000,0.000000,0.044263,-0.025122,9.888506,0.004263,0.001599,0.001599,24.4840,-0.1715,-0.1753,-0.0276,1
1776592550.902079,106,1776592550.902079,1776592550.902128,1776592550.657562,1776592550.793790,3.868571,0.394268,0.278943,0.000000,0.000000,0.000000,0.041870,-0.045459,9.883721,0.003997,0.000533,0.001865,24.4840,-0.1715,-0.1753,-0.0276,1
1776592550.951711,107,1776592550.951711,1776592550.951753,1776592550.657562,1776592550.793790,3.868571,0.394268,0.278943,0.000000,0.000000,0.000000,0.061011,-0.020337,9.888506,0.003997,0.001599,0.001865,24.4840,-0.1715,-0.1753,-0.0276,1
1776592551.001681,108,1776592551.001681,1776592550.951753,1776592550.657562,1776592550.958004,3.868818,0.394495,0.277894,0.006000,0.003000,0.000000,0.061011,-0.020337,9.888506,0.003997,0.001599,0.001865,24.4840,-0.1647,-0.1747,-0.0218,1
1776592551.051739,109,1776592551.051739,1776592551.001724,1776592550.657562,1776592550.958004,3.869678,0.395313,0.274340,0.021000,0.011000,0.000000,0.059814,-0.025122,9.871758,0.004263,0.000533,0.002132,24.4840,-0.1647,-0.1747,-0.0218,1
1776592551.101799,110,1776592551.101799,1776592551.052828,1776592550.657562,1776592551.095691,3.870084,0.395531,0.273589,0.009000,0.002000,0.000000,0.055029,-0.056225,9.882524,0.004263,-0.000266,0.002398,24.4840,-0.1586,-0.1734,-0.0205,1
1776592551.151700,111,1776592551.151700,1776592551.101844,1776592550.657562,1776592551.095691,3.870455,0.395687,0.273290,0.008000,0.001000,0.000000,0.244043,0.019141,9.649249,0.003464,-0.007993,-0.040499,24.4840,-0.1586,-0.1734,-0.0205,1
1776592551.201699,112,1776592551.201699,1776592551.201750,1776592550.657562,1776592551.095691,3.871129,0.395876,0.273440,0.014000,0.000000,0.000000,0.479711,-0.099292,9.932769,0.003197,-0.019184,0.003997,24.4840,-0.1586,-0.1734,-0.0205,1
1776592551.251723,113,1776592551.251723,1776592551.251770,1776592551.252175,1776592551.248258,3.873326,0.396752,0.271689,0.047000,0.005000,0.000000,0.299072,-0.023926,9.868170,0.008793,0.006128,-0.001066,24.4790,-0.1522,-0.1718,-0.0220,1
1776592551.301934,114,1776592551.301934,1776592551.251770,1776592551.252175,1776592551.248258,3.877168,0.398864,0.265262,0.085000,0.020000,0.000000,0.299072,-0.023926,9.868170,0.008793,0.006128,-0.001066,24.4790,-0.1522,-0.1718,-0.0220,1
1776592551.351657,115,1776592551.351657,1776592551.301976,1776592551.252175,1776592551.248258,3.882287,0.402213,0.253129,0.117000,0.038000,0.000000,0.422289,0.001196,9.951909,0.021049,0.009325,-0.015187,24.4790,-0.1522,-0.1718,-0.0220,1
1776592551.401769,116,1776592551.401769,1776592551.351692,1776592551.252175,1776592551.397890,3.887191,0.406220,0.236374,0.115000,0.053000,0.000000,0.315820,0.348119,9.685138,0.012789,0.019983,-0.035969,24.4790,-0.1470,-0.1708,-0.0213,1
1776592551.451712,117,1776592551.451712,1776592551.404173,1776592551.252175,1776592551.397890,3.892339,0.410702,0.216609,0.121000,0.063000,0.000000,0.224902,0.425878,10.015313,0.006128,0.001865,-0.104711,24.4790,-0.1470,-0.1708,-0.0213,1
1776592551.501681,118,1776592551.501681,1776592551.451759,1776592551.252175,1776592551.397890,3.896683,0.414677,0.198270,0.102000,0.059000,0.000000,0.211743,0.395971,9.721026,-0.029042,-0.019184,-0.219813,24.4790,-0.1470,-0.1708,-0.0213,1
1776592551.552091,119,1776592551.552091,1776592551.501723,1776592551.252175,1776592551.549709,3.902838,0.419102,0.178207,0.137000,0.062000,0.000000,0.842186,-0.095703,10.774955,0.020782,-0.015986,-0.296814,24.4790,-0.1376,-0.1738,-0.0196,1
1776592551.601655,120,1776592551.601655,1776592551.552163,1776592551.252175,1776592551.549709,3.908853,0.423458,0.157984,0.135000,0.065000,0.000000,0.287109,0.092114,9.116901,0.015720,0.013056,-0.341043,24.4790,-0.1376,-0.1738,-0.0196,1
1776592551.651692,121,1776592551.651692,1776592551.651739,1776592551.252175,1776592551.549709,3.915632,0.428288,0.133517,0.149000,0.074000,0.000000,-0.114844,0.100488,10.072735,-0.070340,-0.049291,-0.457478,24.4790,-0.1376,-0.1738,-0.0196,1
1776592551.702041,122,1776592551.702041,1776592551.702086,1776592551.252175,1776592551.549709,3.922130,0.432869,0.110406,0.140000,0.073000,0.000000,0.290698,-0.500048,8.298641,0.083129,0.052755,-0.392999,24.4790,-0.1376,-0.1738,-0.0196,1
1776592551.751626,123,1776592551.751626,1776592551.751662,1776592551.252175,1776592551.704052,3.928318,0.437347,0.086704,0.134000,0.076000,0.000000,-0.055029,-0.046655,10.242607,0.008526,-0.007727,-0.480125,24.4790,-0.1239,-0.1760,-0.0154,1
1776592551.801649,124,1776592551.801649,1776592551.801697,1776592551.252175,1776592551.704052,3.935063,0.441197,0.066045,0.141000,0.065000,0.000000,0.131592,0.034692,9.658819,-0.033838,-0.031173,-0.419909,24.4790,-0.1239,-0.1760,-0.0154,1
1776592551.852899,125,1776592551.852899,1776592551.852951,1776592551.853364,1776592551.851413,3.941137,0.444885,0.045700,0.123000,0.064000,0.000000,-0.047851,-0.101684,8.732893,0.086060,0.041298,-0.332517,24.4620,-0.1023,-0.1760,-0.0116,1
1776592551.901921,126,1776592551.901921,1776592551.852951,1776592551.853364,1776592551.851413,3.947050,0.448640,0.023884,0.124000,0.071000,0.000000,-0.047851,-0.101684,8.732893,0.086060,0.041298,-0.332517,24.4620,-0.1023,-0.1760,-0.0116,1
1776592551.951635,127,1776592551.951635,1776592551.901968,1776592551.853364,1776592551.851413,3.953842,0.451587,0.006136,0.138000,0.056000,0.000000,-0.126806,0.051440,9.329841,0.001865,-0.002664,-0.435363,24.4620,-0.1023,-0.1760,-0.0116,1
1776592552.001641,128,1776592552.001641,1776592552.001692,1776592551.853364,1776592552.002859,3.959673,0.454923,-0.014566,0.117000,0.066000,0.000000,-0.017944,0.384008,10.285673,-0.066344,-0.007727,-0.412449,24.4620,-0.0740,-0.1758,-0.0113,1
1776592552.051670,129,1776592552.051670,1776592552.051734,1776592551.853364,1776592552.002859,3.966570,0.457825,-0.033277,0.137000,0.060000,0.000000,0.368456,-0.279931,10.170830,0.007727,0.006128,-0.390601,24.4620,-0.0740,-0.1758,-0.0113,1
1776592552.101651,130,1776592552.101651,1776592552.051734,1776592551.853364,1776592552.002859,3.973225,0.460954,-0.054719,0.131000,0.067000,0.000000,0.368456,-0.279931,10.170830,0.007727,0.006128,-0.390601,24.4620,-0.0740,-0.1758,-0.0113,1
1776592552.151634,131,1776592552.151634,1776592552.101701,1776592551.853364,1776592552.002859,3.979558,0.464161,-0.076912,0.123000,0.071000,0.000000,-0.150732,0.122021,10.015313,-0.001066,0.031706,-0.413248,24.4620,-0.0740,-0.1758,-0.0113,1
1776592552.201626,132,1776592552.201626,1776592552.151673,1776592551.853364,1776592552.154888,3.985996,0.467024,-0.098007,0.124000,0.067000,0.000000,0.020337,0.334960,9.399225,-0.063146,-0.006661,-0.402857,24.4620,-0.0398,-0.1777,-0.0127,1
1776592552.251677,133,1776592552.251677,1776592552.201665,1776592551.853364,1776592552.154888,3.992247,0.469729,-0.119129,0.119000,0.066000,0.000000,0.287109,-0.724950,8.627620,0.065278,0.036769,-0.402591,24.4620,-0.0398,-0.1777,-0.0127,1
1776592552.303491,134,1776592552.303491,1776592552.251725,1776592551.853364,1776592552.154888,3.998569,0.472417,-0.140632,0.115000,0.066000,0.000000,-0.204565,0.446215,9.951909,0.004263,0.019184,-0.378878,24.4620,-0.0398,-0.1777,-0.0127,1
1776592552.351637,135,1776592552.351637,1776592552.303540,1776592551.853364,1776592552.304665,4.004423,0.474603,-0.159314,0.114000,0.062000,0.000000,0.038281,0.047851,9.323859,-0.002398,-0.018917,-0.395131,24.4620,0.0011,-0.1823,-0.0122,1
1776592552.401583,136,1776592552.401583,1776592552.351672,1776592551.853364,1776592552.304665,4.011350,0.476474,-0.177893,0.131000,0.059000,0.000000,0.342138,-0.422289,11.394631,-0.017585,-0.013588,-0.376746,24.4620,0.0011,-0.1823,-0.0122,1
1776592552.452204,137,1776592552.452204,1776592552.401620,1776592552.453266,1776592552.449181,4.018250,0.478525,-0.198341,0.127000,0.064000,0.000000,0.061011,-0.011963,9.999761,0.034371,0.028243,-0.360760,24.3760,0.0488,-0.1895,-0.0098,1
1776592552.504584,138,1776592552.504584,1776592552.452274,1776592552.453266,1776592552.449181,4.025064,0.480789,-0.220553,0.119000,0.068000,0.000000,-0.086133,-0.118432,9.933965,0.001599,0.015720,-0.387937,24.3760,0.0488,-0.1895,-0.0098,1
1776592552.551580,139,1776592552.551580,1776592552.551614,1776592552.453266,1776592552.449181,4.031220,0.482684,-0.240856,0.119000,0.068000,0.000000,0.375634,-0.483300,8.370419,0.074870,0.061015,-0.387670,24.3760,0.0488,-0.1895,-0.0098,1
1776592552.601581,140,1776592552.601581,1776592552.551614,1776592552.453266,1776592552.597053,4.038039,0.484665,-0.263256,0.123000,0.071000,0.000000,0.375634,-0.483300,8.370419,0.074870,0.061015,-0.387670,24.3760,0.1043,-0.1988,-0.0073,1
1776592552.651597,141,1776592552.651597,1776592552.651639,1776592552.453266,1776592552.597053,4.044513,0.486390,-0.284012,0.116000,0.067000,0.000000,0.080151,0.154321,9.581060,-0.005595,-0.003197,-0.396996,24.3760,0.1043,-0.1988,-0.0073,1
1776592552.704858,142,1776592552.704858,1776592552.651639,1776592552.453266,1776592552.597053,4.051327,0.488063,-0.306222,0.114000,0.066000,0.000000,0.080151,0.154321,9.581060,-0.005595,-0.003197,-0.396996,24.3760,0.1043,-0.1988,-0.0073,1
1776592552.751560,143,1776592552.751560,1776592552.704897,1776592552.453266,1776592552.747410,4.057597,0.489461,-0.326538,0.119000,0.069000,0.000000,0.184228,0.282324,10.506987,-0.071672,-0.041298,-0.426570,24.3760,0.1694,-0.2080,-0.0049,1
1776592552.801568,144,1776592552.801568,1776592552.751596,1776592552.453266,1776592552.747410,4.064166,0.490773,-0.347191,0.116000,0.067000,0.000000,0.110058,-0.007178,10.040435,0.022115,0.028243,-0.400726,24.3760,0.1694,-0.2080,-0.0049,1
1776592552.851646,145,1776592552.851646,1776592552.851719,1776592552.453266,1776592552.747410,4.071231,0.492051,-0.369724,0.124000,0.072000,0.000000,0.150732,0.261987,9.449469,-0.049291,-0.033838,-0.419110,24.3760,0.1694,-0.2080,-0.0049,1
1776592552.901561,146,1776592552.901561,1776592552.851719,1776592552.453266,1776592552.893077,4.077886,0.493059,-0.391040,0.117000,0.067000,0.000000,0.150732,0.261987,9.449469,-0.049291,-0.033838,-0.419110,24.3760,0.2415,-0.2161,-0.0048,1
1776592552.958068,147,1776592552.958068,1776592552.901604,1776592552.453266,1776592552.893077,4.085515,0.494070,-0.414885,0.118000,0.068000,0.000000,0.278735,-0.693846,9.334625,0.038634,0.031973,-0.389002,24.3760,0.2415,-0.2161,-0.0048,1
1776592553.001554,148,1776592553.001554,1776592553.001598,1776592552.453266,1776592552.893077,4.091558,0.494735,-0.433715,0.121000,0.070000,0.000000,-0.035889,0.105273,9.515265,0.007460,0.019450,-0.384473,24.3760,0.2415,-0.2161,-0.0048,1
1776592553.051551,149,1776592553.051551,1776592553.001598,1776592553.051962,1776592553.041798,4.098563,0.495347,-0.456114,0.122000,0.070000,0.000000,-0.035889,0.105273,9.515265,0.007460,0.019450,-0.384473,24.2760,0.3195,-0.2232,-0.0068,1
1776592553.101597,150,1776592553.101597,1776592553.051596,1776592553.051962,1776592553.041798,4.105252,0.495800,-0.476982,0.116000,0.067000,0.000000,-0.264379,-0.189013,11.489138,-0.065811,-0.027976,-0.431899,24.2760,0.3195,-0.2232,-0.0068,1
1776592553.151598,151,1776592553.151598,1776592553.101636,1776592553.051962,1776592553.041798,4.112231,0.496132,-0.498723,0.121000,0.070000,0.000000,0.064599,0.095703,9.655231,0.039966,0.026111,-0.363957,24.2760,0.3195,-0.2232,-0.0068,1
1776592553.201577,152,1776592553.201577,1776592553.151647,1776592553.051962,1776592553.189780,4.119374,0.496284,-0.521424,0.124000,0.071000,0.000000,0.052637,-0.070581,9.960283,-0.005329,0.012256,-0.416979,24.2760,0.4024,-0.2293,-0.0101,1
1776592553.251547,153,1776592553.251547,1776592553.201617,1776592553.051962,1776592553.189780,4.126024,0.496325,-0.541962,0.115000,0.067000,0.000000,0.144751,0.216528,9.634893,-0.039700,-0.018651,-0.418577,24.2760,0.4024,-0.2293,-0.0101,1
1776592553.301562,154,1776592553.301562,1776592553.251587,1776592553.051962,1776592553.189780,4.133014,0.496202,-0.563816,0.121000,0.070000,0.000000,0.087329,-0.192602,8.909944,0.073271,0.054887,-0.347971,24.2760,0.4024,-0.2293,-0.0101,1
1776592553.351547,155,1776592553.351547,1776592553.301607,1776592553.051962,1776592553.338409,4.139774,0.495950,-0.585311,0.117000,0.068000,0.000000,-0.070581,-0.077759,9.639679,-0.006395,-0.011457,-0.439626,24.2760,0.4913,-0.2392,-0.0121,1
1776592553.401592,156,1776592553.401592,1776592553.351588,1776592553.051962,1776592553.338409,4.146213,0.495523,-0.605471,0.112000,0.064000,0.000000,-0.128003,0.155517,9.761700,-0.000799,-0.006927,-0.388736,24.2760,0.4913,-0.2392,-0.0121,1
1776592553.451634,157,1776592553.451634,1776592553.401641,1776592553.051962,1776592553.338409,4.152412,0.495068,-0.624695,0.107000,0.063000,0.000000,0.180639,0.100488,10.477079,-0.073537,-0.039966,-0.401525,24.2760,0.4913,-0.2392,-0.0121,1
1776592553.501541,158,1776592553.501541,1776592553.501583,1776592553.051962,1776592553.486641,4.159064,0.494394,-0.645506,0.116000,0.067000,0.000000,0.082544,0.028711,10.280889,0.003464,-0.001599,-0.398061,24.2760,0.5858,-0.2488,-0.0138,1
1776592553.551558,159,1776592553.551558,1776592553.501583,1776592553.051962,1776592553.486641,4.166005,0.493550,-0.667663,0.121000,0.070000,0.000000,0.082544,0.028711,10.280889,0.003464,-0.001599,-0.398061,24.2760,0.5858,-0.2488,-0.0138,1
1776592553.601571,160,1776592553.601571,1776592553.551619,1776592553.051962,1776592553.486641,4.172338,0.492697,-0.687369,0.110000,0.065000,0.000000,0.240454,0.251220,9.559527,-0.044495,-0.016519,-0.412716,24.2760,0.5858,-0.2488,-0.0138,1
1776592553.651549,161,1776592553.651549,1776592553.601610,1776592553.652438,1776592553.635243,4.179410,0.491546,-0.709807,0.124000,0.072000,0.000000,0.320605,-0.379223,10.599101,-0.007727,0.010125,-0.384473,24.1770,0.6870,-0.2570,-0.0155,1
1776592553.701546,162,1776592553.701546,1776592553.651605,1776592553.652438,1776592553.635243,4.186139,0.490247,-0.731557,0.119000,0.068000,0.000000,-0.078955,0.068188,9.466217,-0.009059,-0.013056,-0.433498,24.1770,0.6870,-0.2570,-0.0155,1
1776592553.751557,163,1776592553.751557,1776592553.701588,1776592553.652438,1776592553.635243,4.192661,0.488828,-0.752461,0.116000,0.066000,0.000000,0.052637,0.023926,9.342999,0.007460,0.015986,-0.389002,24.1770,0.6870,-0.2570,-0.0155,1
1776592553.801536,164,1776592553.801536,1776592553.751624,1776592553.652438,1776592553.783981,4.199287,0.487349,-0.773303,0.117000,0.069000,0.000000,0.076562,0.181836,10.853909,-0.074870,-0.044495,-0.425771,24.1770,0.7924,-0.2611,-0.0185,1
1776592553.851539,165,1776592553.851539,1776592553.851593,1776592553.652438,1776592553.783981,4.205671,0.485729,-0.794204,0.114000,0.066000,0.000000,-0.206958,0.108862,10.057182,0.018917,0.004263,-0.394864,24.1770,0.7924,-0.2611,-0.0185,1
1776592553.901567,166,1776592553.901567,1776592553.851593,1776592553.652438,1776592553.783981,4.212129,0.483939,-0.815265,0.116000,0.067000,0.000000,-0.206958,0.108862,10.057182,0.018917,0.004263,-0.394864,24.1770,0.7924,-0.2611,-0.0185,1
1776592553.951768,167,1776592553.951768,1776592553.951823,1776592553.652438,1776592553.931751,4.218220,0.482159,-0.834894,0.109000,0.064000,0.000000,0.212939,-0.745287,9.646856,0.027443,0.013855,-0.380743,24.1770,0.9011,-0.2673,-0.0245,1
1776592554.001526,168,1776592554.001526,1776592553.951823,1776592553.652438,1776592553.931751,4.224880,0.480067,-0.856639,0.121000,0.071000,0.000000,0.212939,-0.745287,9.646856,0.027443,0.013855,-0.380743,24.1770,0.9011,-0.2673,-0.0245,1
1776592554.051539,169,1776592554.051539,1776592554.051595,1776592553.652438,1776592553.931751,4.231348,0.477798,-0.878343,0.119000,0.068000,0.000000,-0.005981,0.110058,9.448273,0.006661,0.021582,-0.382075,24.1770,0.9011,-0.2673,-0.0245,1
1776592554.101509,170,1776592554.101509,1776592554.101554,1776592553.652438,1776592554.080654,4.237862,0.475345,-0.900032,0.121000,0.069000,0.000000,0.234472,0.317016,9.545172,-0.054354,-0.033039,-0.413781,24.1770,1.0096,-0.2748,-0.0322,1
1776592554.151519,171,1776592554.151519,1776592554.101554,1776592553.652438,1776592554.080654,4.244374,0.472851,-0.921536,0.120000,0.071000,0.000000,0.234472,0.317016,9.545172,-0.054354,-0.033039,-0.413781,24.1770,1.0096,-0.2748,-0.0322,1
1776592554.201509,172,1776592554.201509,1776592554.151580,1776592553.652438,1776592554.080654,4.250578,0.470217,-0.942882,0.117000,0.067000,0.000000,0.027515,-0.071777,9.632501,0.050624,0.030374,-0.363691,24.1770,1.0096,-0.2748,-0.0322,1
1776592554.251511,173,1776592554.251511,1776592554.201559,1776592554.252076,1776592554.229587,4.256795,0.467440,-0.964082,0.118000,0.068000,0.000000,-0.037085,0.251220,9.773663,0.000799,-0.018384,-0.419643,24.0810,1.1161,-0.2837,-0.0355,1
1776592554.301548,174,1776592554.301548,1776592554.251559,1776592554.252076,1776592554.229587,4.262704,0.464719,-0.984347,0.112000,0.066000,0.000000,0.074170,0.075366,9.865777,-0.027976,-0.013056,-0.405255,24.0810,1.1161,-0.2837,-0.0355,1
1776592554.351538,175,1776592554.351538,1776592554.301616,1776592554.252076,1776592554.229587,4.268688,0.461673,-1.005891,0.117000,0.066000,0.000000,-0.020337,-0.074170,11.519045,-0.045828,-0.022381,-0.404456,24.0810,1.1161,-0.2837,-0.0355,1
1776592554.401508,176,1776592554.401508,1776592554.351613,1776592554.252076,1776592554.378071,4.274454,0.458643,-1.026328,0.113000,0.065000,0.000000,-0.171069,0.046655,9.760504,0.006128,0.011457,-0.424439,24.0810,1.2205,-0.2930,-0.0380,1
1776592554.451513,177,1776592554.451513,1776592554.401564,1776592554.252076,1776592554.378071,4.280325,0.455416,-1.047182,0.116000,0.067000,0.000000,-0.110058,-0.015552,9.888506,0.006927,0.013855,-0.383940,24.0810,1.2205,-0.2930,-0.0380,1
1776592554.501480,178,1776592554.501480,1776592554.451581,1776592554.252076,1776592554.378071,4.286098,0.452114,-1.067870,0.115000,0.067000,0.000000,0.187817,0.355297,9.431524,-0.051689,-0.029308,-0.394065,24.0810,1.2205,-0.2930,-0.0380,1
1776592554.551581,179,1776592554.551581,1776592554.501523,1776592554.252076,1776592554.526774,4.291956,0.448532,-1.089662,0.119000,0.068000,0.000000,0.236865,-0.679491,8.791512,0.049558,0.032506,-0.367954,24.0810,1.3227,-0.3016,-0.0426,1
1776592554.601572,180,1776592554.601572,1776592554.551644,1776592554.252076,1776592554.526774,4.297606,0.444944,-1.110445,0.116000,0.067000,0.000000,0.035889,0.157910,10.128960,0.003997,-0.018118,-0.417778,24.0810,1.3227,-0.3016,-0.0426,1
1776592554.651564,181,1776592554.651564,1776592554.601632,1776592554.252076,1776592554.526774,4.303116,0.441259,-1.131093,0.115000,0.066000,0.000000,0.040674,-0.061011,9.597809,0.002664,0.005595,-0.377279,24.0810,1.3227,-0.3016,-0.0426,1
1776592554.701503,182,1776592554.701503,1776592554.701564,1776592554.252076,1776592554.675773,4.308567,0.437418,-1.152228,0.116000,0.066000,0.000000,0.044263,-0.070581,10.076324,0.044762,0.028509,-0.372483,24.0810,1.4232,-0.3094,-0.0456,1
1776592554.751493,183,1776592554.751493,1776592554.751553,1776592554.252076,1776592554.675773,4.313919,0.433506,-1.173074,0.115000,0.066000,0.000000,-0.064599,-0.063403,9.938750,-0.002398,0.018118,-0.387137,24.0810,1.4232,-0.3094,-0.0456,1
1776592554.801576,184,1776592554.801576,1776592554.751553,1776592554.252076,1776592554.675773,4.319413,0.429350,-1.194459,0.119000,0.069000,0.000000,-0.064599,-0.063403,9.938750,-0.002398,0.018118,-0.387137,24.0810,1.4232,-0.3094,-0.0456,1
1776592554.851523,185,1776592554.851523,1776592554.801634,1776592554.852266,1776592554.824819,4.324535,0.425359,-1.214640,0.112000,0.066000,0.000000,0.137573,0.144751,9.984209,-0.027443,-0.017585,-0.400992,23.9700,1.5220,-0.3142,-0.0512,1
1776592554.901480,186,1776592554.901480,1776592554.851623,1776592554.852266,1776592554.824819,4.329710,0.421048,-1.236072,0.117000,0.067000,0.000000,0.173462,-0.775194,8.613265,0.056752,0.042364,-0.359161,23.9700,1.5220,-0.3142,-0.0512,1
1776592554.951486,187,1776592554.951486,1776592554.901520,1776592554.852266,1776592554.824819,4.334492,0.416887,-1.255874,0.110000,0.063000,0.000000,-0.171069,0.099292,9.667193,0.003464,0.005062,-0.423640,23.9700,1.5220,-0.3142,-0.0512,1
1776592555.001476,188,1776592555.001476,1776592554.951546,1776592554.852266,1776592554.973351,4.339630,0.412252,-1.277420,0.120000,0.069000,0.000000,0.190210,-0.106470,9.610968,0.005595,0.002132,-0.351168,23.9700,1.6188,-0.3202,-0.0564,1
1776592555.051480,189,1776592555.051480,1776592555.001520,1776592554.852266,1776592554.973351,4.344409,0.407845,-1.297571,0.112000,0.066000,0.000000,0.138769,0.431860,9.443487,-0.042897,-0.026111,-0.388470,23.9700,1.6188,-0.3202,-0.0564,1
1776592555.101468,190,1776592555.101468,1776592555.101510,1776592554.852266,1776592554.973351,4.349212,0.403117,-1.318817,0.117000,0.067000,0.000000,0.002393,0.210546,9.888506,0.004796,-0.019983,-0.414581,23.9700,1.6188,-0.3202,-0.0564,1
1776592555.151477,191,1776592555.151477,1776592555.101510,1776592554.852266,1776592555.122343,4.353915,0.398287,-1.339918,0.117000,0.067000,0.000000,0.002393,0.210546,9.888506,0.004796,-0.019983,-0.414581,23.9700,1.7135,-0.3264,-0.0597,1
1776592555.201554,192,1776592555.201554,1776592555.151541,1776592554.852266,1776592555.122343,4.358439,0.393485,-1.360653,0.114000,0.066000,0.000000,0.081347,0.141162,9.907647,-0.028509,-0.008526,-0.398861,23.9700,1.7135,-0.3264,-0.0597,1
1776592555.251498,193,1776592555.251498,1776592555.201594,1776592554.852266,1776592555.122343,4.363139,0.388207,-1.383326,0.123000,0.070000,0.000000,0.039477,-0.247631,11.930568,-0.057551,-0.027177,-0.418311,23.9700,1.7135,-0.3264,-0.0597,1
1776592555.301505,194,1776592555.301505,1776592555.251550,1776592554.852266,1776592555.270550,4.367395,0.383211,-1.403880,0.114000,0.065000,0.000000,-0.229687,0.125610,9.630108,0.000000,0.018118,-0.442290,23.9700,1.8065,-0.3309,-0.0623,1
1776592555.351463,195,1776592555.351463,1776592555.301546,1776592554.852266,1776592555.270550,4.371848,0.377832,-1.425661,0.121000,0.070000,0.000000,-0.105273,-0.094507,9.839458,0.003997,0.017319,-0.394864,23.9700,1.8065,-0.3309,-0.0623,1
1776592555.401549,196,1776592555.401549,1776592555.401589,1776592554.852266,1776592555.270550,4.375760,0.372886,-1.445596,0.109000,0.063000,0.000000,0.142358,-0.763231,8.749641,0.056752,0.038900,-0.353566,23.9700,1.8065,-0.3309,-0.0623,1
1776592555.451468,197,1776592555.451468,1776592555.401589,1776592555.452210,1776592555.419424,4.379696,0.367596,-1.466411,0.115000,0.065000,0.000000,0.142358,-0.763231,8.749641,0.056752,0.038900,-0.353566,23.8810,1.8978,-0.3383,-0.0632,1
1776592555.501490,198,1776592555.501490,1776592555.501532,1776592555.452210,1776592555.419424,4.383348,0.362496,-1.486020,0.109000,0.062000,0.000000,0.126806,0.021533,9.520050,0.005329,-0.013056,-0.358895,23.8810,1.8978,-0.3383,-0.0632,1
1776592555.551544,199,1776592555.551544,1776592555.501532,1776592555.452210,1776592555.419424,4.387181,0.356995,-1.506940,0.116000,0.067000,0.000000,0.126806,0.021533,9.520050,0.005329,-0.013056,-0.358895,23.8810,1.8978,-0.3383,-0.0632,1
1776592555.601581,200,1776592555.601581,1776592555.551602,1776592555.452210,1776592555.568418,4.390732,0.351656,-1.527207,0.111000,0.064000,0.000000,-0.155517,0.013159,11.434109,-0.061281,-0.030907,-0.393798,23.8810,1.9872,-0.3429,-0.0610,1
1776592555.651510,201,1776592555.651510,1776592555.601632,1776592555.452210,1776592555.568418,4.394220,0.346115,-1.547863,0.114000,0.065000,0.000000,0.141162,-0.087329,9.630108,0.052222,0.022914,-0.349303,23.8810,1.9872,-0.3429,-0.0610,1
1776592555.701444,202,1776592555.701444,1776592555.651566,1776592555.452210,1776592555.568418,4.397649,0.340445,-1.568501,0.115000,0.066000,0.000000,0.077759,0.110058,10.132548,0.000000,0.004529,-0.392999,23.8810,1.9872,-0.3429,-0.0610,1
1776592555.751486,203,1776592555.751486,1776592555.701486,1776592555.452210,1776592555.717366,4.401015,0.334698,-1.589268,0.115000,0.067000,0.000000,0.235668,0.156714,9.884917,-0.018118,-0.004263,-0.388203,23.8810,2.0748,-0.3473,-0.0577,1
1776592555.801424,204,1776592555.801424,1776592555.801464,1776592555.452210,1776592555.717366,4.404396,0.328443,-1.611941,0.124000,0.070000,0.000000,-0.106470,-0.096899,9.813140,0.008526,0.026378,-0.427103,23.8810,2.0748,-0.3473,-0.0577,1
1776592555.851519,205,1776592555.851519,1776592555.801464,1776592555.452210,1776592555.717366,4.407370,0.322755,-1.631977,0.111000,0.064000,0.000000,-0.106470,-0.096899,9.813140,0.008526,0.026378,-0.427103,23.8810,2.0748,-0.3473,-0.0577,1
1776592555.901482,206,1776592555.901482,1776592555.851571,1776592555.452210,1776592555.865927,4.410357,0.316765,-1.652863,0.116000,0.067000,0.000000,-0.039477,-0.108862,9.465021,0.013056,0.006128,-0.364756,23.8810,2.1605,-0.3524,-0.0568,1
1776592555.951507,207,1776592555.951507,1776592555.901524,1776592555.452210,1776592555.865927,4.413095,0.311023,-1.672859,0.110000,0.064000,0.000000,0.035889,0.295483,9.547565,-0.034104,-0.024779,-0.389802,23.8810,2.1605,-0.3524,-0.0568,1
1776592556.001522,208,1776592556.001522,1776592555.951571,1776592555.452210,1776592555.865927,4.415751,0.305015,-1.693829,0.114000,0.065000,0.000000,0.154321,-0.448608,9.285578,0.069541,0.037568,-0.350369,23.8810,2.1605,-0.3524,-0.0568,1
1776592556.051422,209,1776592556.051422,1776592556.001572,1776592556.052152,1776592556.014700,4.418278,0.299021,-1.714288,0.113000,0.065000,0.000000,-0.090918,0.136377,9.710259,0.006927,-0.005862,-0.405522,23.7930,2.2445,-0.3594,-0.0517,1
1776592556.101386,210,1776592556.101386,1776592556.101429,1776592556.052152,1776592556.014700,4.420727,0.292912,-1.734824,0.114000,0.066000,0.000000,-0.032300,0.179443,10.063164,-0.068209,-0.041831,-0.409785,23.7930,2.2445,-0.3594,-0.0517,1
1776592556.151427,211,1776592556.151427,1776592556.101429,1776592556.052152,1776592556.014700,4.423053,0.286745,-1.755689,0.114000,0.066000,0.000000,-0.032300,0.179443,10.063164,-0.068209,-0.041831,-0.409785,23.7930,2.2445,-0.3594,-0.0517,1
1776592556.201473,212,1776592556.201473,1776592556.151487,1776592556.052152,1776592556.163210,4.425202,0.280539,-1.776510,0.114000,0.065000,0.000000,0.066992,-0.007178,10.323955,0.024779,0.022381,-0.390601,23.7930,2.3269,-0.3646,-0.0438,1
1776592556.251416,213,1776592556.251416,1776592556.201518,1776592556.052152,1776592556.163210,4.427313,0.274027,-1.797785,0.119000,0.068000,0.000000,0.105273,0.273950,10.313188,-0.002931,-0.010125,-0.401792,23.7930,2.3269,-0.3646,-0.0438,1
1776592556.301380,214,1776592556.301380,1776592556.251480,1776592556.052152,1776592556.163210,4.429270,0.267627,-1.818871,0.116000,0.067000,0.000000,0.078955,0.242846,9.661212,-0.045028,-0.019450,-0.409252,23.7930,2.3269,-0.3646,-0.0438,1
1776592556.351373,215,1776592556.351373,1776592556.301433,1776592556.052152,1776592556.311951,4.431093,0.260977,-1.840816,0.120000,0.068000,0.000000,0.192602,-0.728539,10.678056,0.003464,0.011990,-0.389535,23.7930,2.4075,-0.3690,-0.0376,1
1776592556.401398,216,1776592556.401398,1776592556.401438,1776592556.052152,1776592556.311951,4.432662,0.254832,-1.860628,0.110000,0.063000,0.000000,-0.057422,-0.081347,9.471003,0.006395,0.006395,-0.370618,23.7930,2.4075,-0.3690,-0.0376,1
1776592556.451363,217,1776592556.451363,1776592556.401438,1776592556.052152,1776592556.311951,4.434253,0.248102,-1.882161,0.120000,0.069000,0.000000,-0.057422,-0.081347,9.471003,0.006395,0.006395,-0.370618,23.7930,2.4075,-0.3690,-0.0376,1
1776592556.501367,218,1776592556.501367,1776592556.451454,1776592556.052152,1776592556.461227,4.435565,0.242058,-1.901714,0.107000,0.062000,0.000000,0.015552,0.191406,10.134941,-0.066610,-0.039167,-0.378345,23.7930,2.4864,-0.3745,-0.0359,1
1776592556.551319,219,1776592556.551319,1776592556.501413,1776592556.052152,1776592556.461227,4.436770,0.235729,-1.921943,0.112000,0.064000,0.000000,0.202172,-0.498852,8.862092,0.067409,0.046361,-0.344240,23.7930,2.4864,-0.3745,-0.0359,1
1776592556.601316,220,1776592556.601316,1776592556.601358,1776592556.052152,1776592556.461227,4.437861,0.229259,-1.942343,0.114000,0.065000,0.000000,0.148340,-0.028711,9.813140,0.004796,-0.004529,-0.365822,23.7930,2.4864,-0.3745,-0.0359,1
1776592556.651334,221,1776592556.651334,1776592556.601358,1776592556.052152,1776592556.609305,4.438818,0.223035,-1.962050,0.109000,0.063000,0.000000,0.148340,-0.028711,9.813140,0.004796,-0.004529,-0.365822,23.7930,2.5636,-0.3782,-0.0363,1
1776592556.701350,222,1776592556.701350,1776592556.651397,1776592556.654632,1776592556.609305,4.439687,0.216617,-1.982657,0.112000,0.065000,0.000000,-0.005981,-0.361279,11.830080,-0.049025,-0.032239,-0.406321,23.7050,2.5636,-0.3782,-0.0363,1
1776592556.751302,223,1776592556.751302,1776592556.701392,1776592556.654632,1776592556.609305,4.440414,0.209921,-2.003886,0.117000,0.067000,0.000000,0.043066,-0.037085,10.292851,0.041032,0.021049,-0.368487,23.7050,2.5636,-0.3782,-0.0363,1
1776592556.801307,224,1776592556.801307,1776592556.801347,1776592556.654632,1776592556.758853,4.440976,0.203271,-2.024589,0.116000,0.066000,0.000000,0.133984,0.148340,9.835870,-0.030641,-0.014121,-0.395131,23.7050,2.6395,-0.3836,-0.0345,1
1776592556.851305,225,1776592556.851305,1776592556.801347,1776592556.654632,1776592556.758853,4.441466,0.196635,-2.045337,0.115000,0.067000,0.000000,0.133984,0.148340,9.835870,-0.030641,-0.014121,-0.395131,23.7050,2.6395,-0.3836,-0.0345,1
1776592556.901340,226,1776592556.901340,1776592556.851360,1776592556.654632,1776592556.758853,4.441683,0.189830,-2.067203,0.119000,0.066000,0.000000,0.238061,-0.730931,8.613265,0.049558,0.048226,-0.374082,23.7050,2.6395,-0.3836,-0.0345,1
1776592556.951277,227,1776592556.951277,1776592556.951317,1776592556.654632,1776592556.907386,4.441825,0.183278,-2.087777,0.114000,0.065000,0.000000,0.035889,-0.139966,9.571490,0.005862,-0.003730,-0.359161,23.7050,2.7135,-0.3890,-0.0322,1
1776592557.001401,228,1776592557.001401,1776592557.001462,1776592556.654632,1776592556.907386,4.441852,0.176637,-2.108413,0.115000,0.066000,0.000000,0.078955,0.342138,9.549957,-0.044495,-0.028776,-0.389269,23.7050,2.7135,-0.3890,-0.0322,1
1776592557.051316,229,1776592557.051316,1776592557.051358,1776592556.654632,1776592556.907386,4.441767,0.170349,-2.128044,0.109000,0.063000,0.000000,0.209350,-0.001196,9.693512,0.055153,0.023713,-0.342375,23.7050,2.7135,-0.3890,-0.0322,1
1776592557.101284,230,1776592557.101284,1776592557.051358,1776592556.654632,1776592557.055736,4.441410,0.163918,-2.149180,0.113000,0.062000,0.000000,0.209350,-0.001196,9.693512,0.055153,0.023713,-0.342375,23.7050,2.7858,-0.3938,-0.0265,1
1776592557.151342,231,1776592557.151342,1776592557.101325,1776592556.654632,1776592557.055736,4.440948,0.157166,-2.170754,0.118000,0.066000,0.000000,0.028711,0.244043,9.788018,0.007993,-0.013056,-0.406055,23.7050,2.7858,-0.3938,-0.0265,1
1776592557.201356,232,1776592557.201356,1776592557.151397,1776592556.654632,1776592557.055736,4.440374,0.151013,-2.190511,0.108000,0.060000,0.000000,0.151928,0.139966,9.835870,-0.016253,-0.011457,-0.386338,23.7050,2.7858,-0.3938,-0.0265,1
1776592557.251405,233,1776592557.251405,1776592557.251458,1776592557.251854,1776592557.204663,4.439732,0.144340,-2.211581,0.116000,0.067000,0.000000,0.003589,-0.153125,9.648052,0.002398,0.023180,-0.414048,23.6170,2.8566,-0.3947,-0.0223,1
1776592557.301414,234,1776592557.301414,1776592557.301471,1776592557.251854,1776592557.204663,4.438940,0.137757,-2.232533,0.115000,0.066000,0.000000,-0.088525,-0.057422,10.155278,0.003997,0.011457,-0.396196,23.6170,2.8566,-0.3947,-0.0223,1
1776592557.351343,235,1776592557.351343,1776592557.301471,1776592557.251854,1776592557.204663,4.438003,0.131272,-2.253006,0.114000,0.065000,0.000000,-0.088525,-0.057422,10.155278,0.003997,0.011457,-0.396196,23.6170,2.8566,-0.3947,-0.0223,1
1776592557.401258,236,1776592557.401258,1776592557.351396,1776592557.251854,1776592557.353298,4.436989,0.124957,-2.272923,0.111000,0.064000,0.000000,0.135180,0.302661,9.498517,-0.050890,-0.022914,-0.399926,23.6170,2.9260,-0.3969,-0.0189,1
1776592557.451291,237,1776592557.451291,1776592557.451396,1776592557.251854,1776592557.353298,4.435826,0.118470,-2.293885,0.114000,0.066000,0.000000,-0.033496,-0.064599,9.738971,0.003464,-0.014654,-0.403923,23.6170,2.9260,-0.3969,-0.0189,1
1776592557.501233,238,1776592557.501233,1776592557.451396,1776592557.251854,1776592557.353298,4.434550,0.112269,-2.314063,0.110000,0.063000,0.000000,-0.033496,-0.064599,9.738971,0.003464,-0.014654,-0.403923,23.6170,2.9260,-0.3969,-0.0189,1
1776592557.551255,239,1776592557.551255,1776592557.501274,1776592557.251854,1776592557.502982,4.433085,0.105870,-2.334772,0.114000,0.065000,0.000000,-0.068188,0.005981,9.465021,0.017052,0.007460,-0.367954,23.6170,2.9938,-0.4007,-0.0135,1
1776592557.601336,240,1776592557.601336,1776592557.551299,1776592557.251854,1776592557.502982,4.431545,0.100064,-2.353750,0.105000,0.058000,0.000000,0.045459,0.087329,10.061968,-0.064745,-0.043163,-0.394598,23.6170,2.9938,-0.4007,-0.0135,1
1776592557.651259,241,1776592557.651259,1776592557.601397,1776592557.251854,1776592557.650551,4.429725,0.093846,-2.374869,0.114000,0.062000,0.000000,0.167480,-0.247631,8.860896,0.077534,0.034104,-0.325057,23.6170,3.0601,-0.4006,-0.0093,1
1776592557.701285,242,1776592557.701285,1776592557.651312,1776592557.251854,1776592557.650551,4.427769,0.087656,-2.396281,0.114000,0.062000,0.000000,0.136377,0.096899,10.302422,-0.000799,-0.010125,-0.395930,23.6170,3.0601,-0.4006,-0.0093,1
1776592557.751373,243,1776592557.751373,1776592557.751432,1776592557.251854,1776592557.650551,4.425767,0.081923,-2.416364,0.107000,0.057000,0.000000,-0.094507,-0.257202,11.663795,-0.049025,-0.028509,-0.426304,23.6170,3.0601,-0.4006,-0.0093,1
1776592557.801253,244,1776592557.801253,1776592557.751432,1776592557.251854,1776592557.799132,4.423604,0.075940,-2.436967,0.112000,0.061000,0.000000,-0.094507,-0.257202,11.663795,-0.049025,-0.028509,-0.426304,23.6170,3.1252,-0.4022,-0.0076,1
1776592557.851209,245,1776592557.851209,1776592557.851250,1776592557.851645,1776592557.799132,4.421331,0.069745,-2.458049,0.115000,0.065000,0.000000,-0.011963,-0.143554,9.948320,0.005595,0.018384,-0.391400,23.5130,3.1252,-0.4022,-0.0076,1
1776592557.901291,246,1776592557.901291,1776592557.851250,1776592557.851645,1776592557.799132,4.418883,0.063552,-2.479532,0.116000,0.065000,0.000000,-0.011963,-0.143554,9.948320,0.005595,0.018384,-0.391400,23.5130,3.1252,-0.4022,-0.0076,1
1776592557.951209,247,1776592557.951209,1776592557.951252,1776592557.851645,1776592557.947509,4.416494,0.057766,-2.498902,0.109000,0.062000,0.000000,0.242846,-0.843382,9.822710,0.015187,0.022115,-0.393798,23.5130,3.1890,-0.4029,-0.0045,1
1776592558.001298,248,1776592558.001298,1776592558.001340,1776592557.851645,1776592557.947509,4.413704,0.051798,-2.520590,0.116000,0.062000,0.000000,0.116040,-0.005981,9.999761,0.012789,0.021582,-0.425238,23.5130,3.1890,-0.4029,-0.0045,1
1776592558.051220,249,1776592558.051220,1776592558.001340,1776592557.851645,1776592557.947509,4.411045,0.045906,-2.541057,0.112000,0.065000,0.000000,0.116040,-0.005981,9.999761,0.012789,0.021582,-0.425238,23.5130,3.1890,-0.4029,-0.0045,1
1776592558.101223,250,1776592558.101223,1776592558.051282,1776592557.851645,1776592558.093308,4.408000,0.039820,-2.562960,0.119000,0.066000,0.000000,-0.027515,-0.131592,9.372907,0.011457,-0.009325,-0.379411,23.5130,3.2516,-0.4031,0.0009,1
1776592558.151248,251,1776592558.151248,1776592558.101266,1776592557.851645,1776592558.093308,4.405131,0.034241,-2.582420,0.109000,0.062000,0.000000,0.138769,0.233276,9.648052,-0.046627,-0.027443,-0.400459,23.5130,3.2516,-0.4031,0.0009,1
1776592558.201373,252,1776592558.201373,1776592558.151290,1776592557.851645,1776592558.093308,4.401873,0.028773,-2.603871,0.113000,0.058000,0.000000,0.026318,-0.187817,9.496124,0.058350,0.021848,-0.365556,23.5130,3.2516,-0.4031,0.0009,1
1776592558.251181,253,1776592558.251181,1776592558.201434,1776592557.851645,1776592558.238470,4.398739,0.023134,-2.624244,0.112000,0.065000,0.000000,-0.081347,0.360082,9.506891,0.008526,0.004263,-0.394598,23.5130,3.3129,-0.4015,0.0039,1
1776592558.301274,254,1776592558.301274,1776592558.251222,1776592557.851645,1776592558.238470,4.395449,0.017574,-2.644631,0.112000,0.064000,0.000000,0.076562,0.129199,9.815533,-0.008793,-0.003730,-0.383674,23.5130,3.3129,-0.4015,0.0039,1
1776592558.351179,255,1776592558.351179,1776592558.351221,1776592557.851645,1776592558.238470,4.392294,0.012399,-2.663496,0.105000,0.061000,0.000000,0.242846,-0.156714,10.463921,0.025312,0.019184,-0.399660,23.5130,3.3129,-0.4015,0.0039,1
1776592558.401248,256,1776592558.401248,1776592558.351221,1776592557.851645,1776592558.384588,4.388832,0.007109,-2.683523,0.110000,0.062000,0.000000,0.242846,-0.156714,10.463921,0.025312,0.019184,-0.399660,23.5130,3.3730,-0.4020,0.0061,1
1776592558.451174,257,1776592558.451174,1776592558.401290,1776592558.451607,1776592558.384588,4.385139,0.001615,-2.704493,0.115000,0.066000,0.000000,0.010767,0.173462,10.272514,-0.005329,0.000799,-0.395131,23.4260,3.3730,-0.4020,0.0061,1
1776592558.501235,258,1776592558.501235,1776592558.501275,1776592558.451607,1776592558.384588,4.381577,-0.003531,-2.724116,0.108000,0.063000,0.000000,-0.005981,-0.366064,11.637478,-0.054354,-0.025045,-0.411650,23.4260,3.3730,-0.4020,0.0061,1
1776592558.551191,259,1776592558.551191,1776592558.501275,1776592558.451607,1776592558.529939,4.377703,-0.008474,-2.744798,0.111000,0.059000,0.000000,-0.005981,-0.366064,11.637478,-0.054354,-0.025045,-0.411650,23.4260,3.4320,-0.4029,0.0109,1
1776592558.601256,260,1776592558.601256,1776592558.551241,1776592558.451607,1776592558.529939,4.373796,-0.013531,-2.764974,0.111000,0.063000,0.000000,-0.072973,0.278735,9.429132,0.020516,0.017851,-0.417245,23.4260,3.4320,-0.4029,0.0109,1
1776592558.651210,261,1776592558.651210,1776592558.601298,1776592558.451607,1776592558.529939,4.369621,-0.018459,-2.786455,0.114000,0.061000,0.000000,-0.095703,-0.303857,9.908843,0.004529,-0.001066,-0.395930,23.4260,3.4320,-0.4029,0.0109,1
1776592558.701159,262,1776592558.701159,1776592558.651252,1776592558.451607,1776592558.675880,4.365657,-0.023285,-2.806135,0.108000,0.063000,0.000000,0.129199,0.264379,9.478180,-0.039167,-0.025845,-0.390335,23.4260,3.4898,-0.4016,0.0200,1
1776592558.751166,263,1776592558.751166,1776592558.701202,1776592558.451607,1776592558.675880,4.361293,-0.027931,-2.827538,0.113000,0.059000,0.000000,0.165088,-0.793138,9.697101,0.029042,0.018917,-0.387937,23.4260,3.4898,-0.4016,0.0200,1
1776592558.801299,264,1776592558.801299,1776592558.751209,1776592558.451607,1776592558.675880,4.357056,-0.032575,-2.847239,0.109000,0.062000,0.000000,-0.077759,0.267968,9.601398,0.011457,0.003464,-0.399127,23.4260,3.4898,-0.4016,0.0200,1
1776592558.851161,265,1776592558.851161,1776592558.801354,1776592558.451607,1776592558.822925,4.352362,-0.037542,-2.868730,0.119000,0.068000,0.000000,0.075366,-0.057422,9.346588,0.014921,0.001332,-0.376480,23.4260,3.5466,-0.4021,0.0312,1
1776592558.901155,266,1776592558.901155,1776592558.901197,1776592558.451607,1776592558.822925,4.347880,-0.042118,-2.888878,0.111000,0.064000,0.000000,0.113647,-0.587377,8.775960,0.060748,0.040232,-0.371417,23.4260,3.5466,-0.4021,0.0312,1
1776592558.951143,267,1776592558.951143,1776592558.951184,1776592558.451607,1776592558.822925,4.343125,-0.046496,-2.910323,0.114000,0.061000,0.000000,-0.040674,0.027515,10.212700,-0.014121,-0.006661,-0.412449,23.4260,3.5466,-0.4021,0.0312,1
1776592559.001117,268,1776592559.001117,1776592558.951184,1776592558.451607,1776592558.967684,4.338510,-0.050663,-2.930563,0.109000,0.060000,0.000000,-0.040674,0.027515,10.212700,-0.014121,-0.006661,-0.412449,23.4260,3.6021,-0.4029,0.0431,1
1776592559.051174,269,1776592559.051174,1776592559.051246,1776592559.052327,1776592558.967684,4.333619,-0.054833,-2.951585,0.113000,0.061000,0.000000,0.044263,-0.289501,11.603981,-0.053288,-0.023713,-0.424972,23.3390,3.6021,-0.4029,0.0431,1
1776592559.101129,270,1776592559.101129,1776592559.101164,1776592559.052327,1776592558.967684,4.328790,-0.058560,-2.972718,0.109000,0.055000,0.000000,0.020337,0.126806,10.279692,0.038101,0.014388,-0.393265,23.3390,3.6021,-0.4029,0.0431,1
1776592559.151142,271,1776592559.151142,1776592559.101164,1776592559.052327,1776592559.113513,4.323731,-0.062213,-2.994523,0.112000,0.055000,0.000000,0.020337,0.126806,10.279692,0.038101,0.014388,-0.393265,23.3390,3.6567,-0.4065,0.0511,1
1776592559.201244,272,1776592559.201244,1776592559.151186,1776592559.052327,1776592559.113513,4.318652,-0.065194,-3.017018,0.109000,0.044000,0.000000,-0.027515,-0.417504,10.021294,0.003730,-0.008526,-0.424705,23.3390,3.6567,-0.4065,0.0511,1
1776592559.251132,273,1776592559.251132,1776592559.201290,1776592559.052327,1776592559.113513,4.313610,-0.068691,-3.037623,0.109000,0.057000,0.000000,0.177050,0.102881,9.851421,-0.023180,-0.021315,-0.415380,23.3390,3.6567,-0.4065,0.0511,1
1776592559.301140,274,1776592559.301140,1776592559.301189,1776592559.052327,1776592559.259416,4.308157,-0.071372,-3.062126,0.114000,0.042000,0.000000,-0.008374,0.246435,9.788018,0.011990,0.021049,-0.432166,23.3390,3.7102,-0.4108,0.0563,1
1776592559.351152,275,1776592559.351152,1776592559.351192,1776592559.052327,1776592559.259416,4.302676,-0.074367,-3.085333,0.114000,0.051000,0.000000,0.001196,-0.136377,9.378888,0.019983,0.012523,-0.428968,23.3390,3.7102,-0.4108,0.0563,1
1776592559.401108,276,1776592559.401108,1776592559.351192,1776592559.052327,1776592559.259416,4.296895,-0.076544,-3.111160,0.118000,0.037000,0.000000,0.001196,-0.136377,9.378888,0.019983,0.012523,-0.428968,23.3390,3.7102,-0.4108,0.0563,1
1776592559.451100,277,1776592559.451100,1776592559.401144,1776592559.052327,1776592559.405747,4.291124,-0.079220,-3.135005,0.117000,0.050000,0.000000,0.154321,0.217724,9.543976,-0.045028,-0.029308,-0.463339,23.3390,3.7625,-0.4172,0.0591,1
1776592559.501132,278,1776592559.501132,1776592559.501181,1776592559.052327,1776592559.405747,4.285331,-0.080810,-3.161871,0.116000,0.031000,0.000000,0.025122,-0.025122,9.624126,-0.006395,0.002398,-0.492115,23.3390,3.7625,-0.4172,0.0591,1
1776592559.551131,279,1776592559.551131,1776592559.551176,1776592559.052327,1776592559.551518,4.279500,-0.082292,-3.188421,0.116000,0.032000,0.000000,-0.009570,0.197387,9.667193,-0.010658,-0.006128,-0.486519,23.3390,3.8139,-0.4240,0.0612,1
1776592559.601155,280,1776592559.601155,1776592559.601200,1776592559.052327,1776592559.551518,4.273940,-0.083383,-3.213533,0.110000,0.027000,0.000000,-0.009570,-0.119629,10.517753,-0.079133,-0.046893,-0.505703,23.3390,3.8139,-0.4240,0.0612,1
1776592559.651073,281,1776592559.651073,1776592559.601200,1776592559.651492,1776592559.551518,4.268487,-0.084742,-3.237045,0.107000,0.035000,0.000000,-0.009570,-0.119629,10.517753,-0.079133,-0.046893,-0.505703,23.2390,3.8139,-0.4240,0.0612,1
1776592559.701079,282,1776592559.701079,1776592559.651117,1776592559.651492,1776592559.698396,4.262999,-0.085924,-3.261048,0.107000,0.034000,0.000000,0.059814,0.367260,10.158867,0.022647,0.023180,-0.438294,23.2390,3.8641,-0.4324,0.0595,1
1776592559.751107,283,1776592559.751107,1776592559.751159,1776592559.651492,1776592559.698396,4.256998,-0.087220,-3.286062,0.116000,0.040000,0.000000,0.046655,0.088525,9.460236,-0.038900,-0.006395,-0.485187,23.2390,3.8641,-0.4324,0.0595,1
1776592559.801095,284,1776592559.801095,1776592559.751159,1776592559.651492,1776592559.698396,4.251567,-0.087743,-3.310456,0.106000,0.026000,0.000000,0.046655,0.088525,9.460236,-0.038900,-0.006395,-0.485187,23.2390,3.8641,-0.4324,0.0595,1
1776592559.851111,285,1776592559.851111,1776592559.851166,1776592559.651492,1776592559.843432,4.245671,-0.088107,-3.337462,0.115000,0.027000,0.000000,0.035889,-0.258398,9.974639,-0.006395,0.033838,-0.520624,23.2390,3.9133,-0.4433,0.0574,1
1776592559.901064,286,1776592559.901064,1776592559.851166,1776592559.651492,1776592559.843432,4.240037,-0.088518,-3.362342,0.109000,0.030000,0.000000,0.035889,-0.258398,9.974639,-0.006395,0.033838,-0.520624,23.2390,3.9133,-0.4433,0.0574,1
1776592559.951089,287,1776592559.951089,1776592559.951133,1776592559.651492,1776592559.843432,4.234236,-0.089010,-3.386953,0.111000,0.035000,0.000000,0.153125,0.477318,9.796392,-0.049558,-0.040499,-0.446553,23.2390,3.9133,-0.4433,0.0574,1
1776592560.001073,288,1776592560.001073,1776592559.951133,1776592559.651492,1776592559.989165,4.228538,-0.090778,-3.404597,0.102000,0.062000,0.000000,0.153125,0.477318,9.796392,-0.049558,-0.040499,-0.446553,23.2390,3.9612,-0.4515,0.0553,1
1776592560.051081,289,1776592560.051081,1776592560.051120,1776592559.651492,1776592559.989165,4.222687,-0.092310,-3.423452,0.105000,0.060000,0.000000,-0.045459,0.342138,9.524835,0.008793,0.002398,-0.369019,23.2390,3.9612,-0.4515,0.0553,1
1776592560.101077,290,1776592560.101077,1776592560.051120,1776592559.651492,1776592559.989165,4.216357,-0.093860,-3.443950,0.113000,0.065000,0.000000,-0.045459,0.342138,9.524835,0.008793,0.002398,-0.369019,23.2390,3.9612,-0.4515,0.0553,1
1776592560.151128,291,1776592560.151128,1776592560.101123,1776592559.651492,1776592560.139205,4.209658,-0.095336,-3.465921,0.119000,0.068000,0.000000,0.130395,-0.165088,9.595416,0.005862,0.005862,-0.366355,23.2390,4.0085,-0.4600,0.0524,1
1776592560.201731,292,1776592560.201731,1776592560.151173,1776592559.651492,1776592560.139205,4.203029,-0.096791,-3.486467,0.115000,0.069000,0.000000,0.053833,0.452196,9.551153,-0.059416,-0.027177,-0.403124,23.2390,4.0085,-0.4600,0.0524,1
1776592560.251045,293,1776592560.251045,1776592560.251085,1776592560.251463,1776592560.139205,4.197062,-0.097792,-3.505551,0.107000,0.060000,0.000000,-0.118432,0.178247,9.906450,-0.010658,0.002664,-0.382075,23.1570,4.0085,-0.4600,0.0524,1
1776592560.301056,294,1776592560.301056,1776592560.301105,1776592560.251463,1776592560.281206,4.190736,-0.098807,-3.525555,0.111000,0.064000,0.000000,0.142358,-0.050244,9.469806,0.000533,0.005062,-0.361026,23.1570,4.0549,-0.4704,0.0498,1
1776592560.351266,295,1776592560.351266,1776592560.301105,1776592560.251463,1776592560.281206,4.184113,-0.099651,-3.546945,0.116000,0.065000,0.000000,0.142358,-0.050244,9.469806,0.000533,0.005062,-0.361026,23.1570,4.0549,-0.4704,0.0498,1
1776592560.401050,296,1776592560.401050,1776592560.351313,1776592560.251463,1776592560.281206,4.177909,-0.100347,-3.566858,0.109000,0.062000,0.000000,-0.157910,-0.093310,11.020193,-0.075935,-0.035703,-0.402857,23.1570,4.0549,-0.4704,0.0498,1
1776592560.451040,297,1776592560.451040,1776592560.401135,1776592560.251463,1776592560.429200,4.171840,-0.100782,-3.586855,0.107000,0.058000,0.000000,0.104077,-0.385204,9.237726,0.059949,0.029575,-0.368220,23.1570,4.1005,-0.4798,0.0468,1
1776592560.501082,298,1776592560.501082,1776592560.451070,1776592560.251463,1776592560.429200,4.165804,-0.101117,-3.606567,0.106000,0.058000,0.000000,0.057422,-0.117236,10.375395,-0.003730,-0.008793,-0.398594,23.1570,4.1005,-0.4798,0.0468,1
1776592560.551039,299,1776592560.551039,1776592560.501133,1776592560.251463,1776592560.429200,4.159681,-0.101399,-3.626454,0.107000,0.060000,0.000000,-0.005981,0.120825,9.794000,0.002931,0.002931,-0.369286,23.1570,4.1005,-0.4798,0.0468,1
1776592560.601044,300,1776592560.601044,1776592560.551074,1776592560.251463,1776592560.572974,4.153643,-0.101383,-3.647006,0.107000,0.056000,0.000000,0.081347,-0.480907,11.598000,-0.046094,-0.039700,-0.410318,23.1570,4.1454,-0.4903,0.0438,1
1776592560.651055,301,1776592560.651055,1776592560.601088,1776592560.251463,1776592560.572974,4.147110,-0.101311,-3.668510,0.115000,0.062000,0.000000,0.138769,0.037085,10.166045,0.047160,0.013056,-0.377812,23.1570,4.1454,-0.4903,0.0438,1
1776592560.701047,302,1776592560.701047,1776592560.651102,1776592560.251463,1776592560.572974,4.140937,-0.100786,-3.690507,0.112000,0.053000,0.000000,0.088525,-0.372045,9.993779,0.004796,-0.004263,-0.406321,23.1570,4.1454,-0.4903,0.0438,1
1776592560.751022,303,1776592560.751022,1776592560.751058,1776592560.251463,1776592560.718996,4.134451,-0.100568,-3.710997,0.113000,0.064000,0.000000,-0.098096,-0.753661,9.212605,0.036769,0.035170,-0.417245,23.1570,4.1893,-0.4982,0.0408,1
1776592560.801037,304,1776592560.801037,1776592560.751058,1776592560.251463,1776592560.718996,4.128704,-0.099620,-3.733203,0.107000,0.046000,0.000000,-0.098096,-0.753661,9.212605,0.036769,0.035170,-0.417245,23.1570,4.1893,-0.4982,0.0408,1
1776592560.851022,305,1776592560.851022,1776592560.801085,1776592560.851790,1776592560.718996,4.122579,-0.098697,-3.755347,0.112000,0.053000,0.000000,0.189013,-0.069385,9.821514,0.010391,0.012256,-0.412183,23.0740,4.1893,-0.4982,0.0408,1
1776592560.901092,306,1776592560.901092,1776592560.851066,1776592560.851790,1776592560.864508,4.116603,-0.097182,-3.779329,0.115000,0.044000,0.000000,0.075366,-0.004785,9.186286,0.010658,0.004796,-0.400459,23.0740,4.2323,-0.5050,0.0383,1
1776592560.951093,307,1776592560.951093,1776592560.901155,1776592560.851790,1776592560.864508,4.110375,-0.095928,-3.801982,0.115000,0.054000,0.000000,0.204565,0.175854,9.433917,-0.047959,-0.028776,-0.435363,23.0740,4.2323,-0.5050,0.0383,1
1776592561.001075,308,1776592561.001075,1776592561.001120,1776592560.851790,1776592560.864508,4.104650,-0.094011,-3.827021,0.114000,0.040000,0.000000,-0.172265,0.090918,9.431524,-0.014921,-0.005062,-0.466270,23.0740,4.2323,-0.5050,0.0383,1
1776592561.051006,309,1776592561.051006,1776592561.001120,1776592560.851790,1776592561.010549,4.099088,-0.091979,-3.851388,0.112000,0.039000,0.000000,-0.172265,0.090918,9.431524,-0.014921,-0.005062,-0.466270,23.0740,4.2741,-0.5117,0.0331,1
1776592561.101018,310,1776592561.101018,1776592561.101077,1776592560.851790,1776592561.010549,4.093542,-0.089456,-3.877543,0.117000,0.034000,0.000000,0.289501,0.108862,9.573883,-0.062347,-0.041831,-0.485187,23.0740,4.2741,-0.5117,0.0331,1
1776592561.151068,311,1776592561.151068,1776592561.101077,1776592560.851790,1776592561.010549,4.088076,-0.087139,-3.901618,0.112000,0.039000,0.000000,0.289501,0.108862,9.573883,-0.062347,-0.041831,-0.485187,23.0740,4.2741,-0.5117,0.0331,1
1776592561.201030,312,1776592561.201030,1776592561.151117,1776592560.851790,1776592561.156303,4.082748,-0.084695,-3.925850,0.111000,0.038000,0.000000,0.099292,0.300268,10.142119,0.050890,0.027443,-0.436429,23.0740,4.3154,-0.5155,0.0296,1
1776592561.250979,313,1776592561.250979,1776592561.251026,1776592560.851790,1776592561.156303,4.076882,-0.082158,-3.950774,0.119000,0.047000,0.000000,0.162695,0.342138,9.866973,-0.026644,-0.024779,-0.455879,23.0740,4.3154,-0.5155,0.0296,1
1776592561.300994,314,1776592561.300994,1776592561.251026,1776592560.851790,1776592561.156303,4.070775,-0.080174,-3.971678,0.113000,0.061000,0.000000,0.162695,0.342138,9.866973,-0.026644,-0.024779,-0.455879,23.0740,4.3154,-0.5155,0.0296,1
1776592561.350992,315,1776592561.350992,1776592561.301051,1776592560.851790,1776592561.303669,4.064730,-0.077638,-3.995231,0.119000,0.055000,0.000000,0.047851,-0.726146,11.599196,-0.034104,-0.026910,-0.479326,23.0740,4.3559,-0.5182,0.0280,1
1776592561.400974,316,1776592561.400974,1776592561.401019,1776592560.851790,1776592561.303669,4.058551,-0.075268,-4.017422,0.117000,0.062000,0.000000,-0.009570,-0.273950,9.523639,-0.002398,0.030907,-0.398594,23.0740,4.3559,-0.5182,0.0280,1
1776592561.450978,317,1776592561.450978,1776592561.401019,1776592561.451473,1776592561.448157,4.052923,-0.072343,-4.041223,0.117000,0.049000,0.000000,-0.009570,-0.273950,9.523639,-0.002398,0.030907,-0.398594,22.9940,4.3954,-0.5190,0.0268,1
1776592561.501032,318,1776592561.501032,1776592561.501084,1776592561.451473,1776592561.448157,4.047007,-0.069883,-4.061743,0.112000,0.062000,0.000000,0.212939,-0.738109,8.804670,0.034637,0.043696,-0.415114,22.9940,4.3954,-0.5190,0.0268,1
1776592561.550965,319,1776592561.550965,1776592561.551008,1776592561.451473,1776592561.448157,4.041831,-0.066794,-4.085266,0.112000,0.045000,0.000000,0.196191,-0.297875,10.204326,-0.006128,-0.016253,-0.434830,22.9940,4.3954,-0.5190,0.0268,1
1776592561.600929,320,1776592561.600929,1776592561.600967,1776592561.451473,1776592561.594646,4.037138,-0.063469,-4.109299,0.109000,0.037000,0.000000,-0.204565,-0.019141,9.553546,0.005329,0.011457,-0.401792,22.9940,4.4341,-0.5182,0.0255,1
1776592561.650928,321,1776592561.650928,1776592561.600967,1776592561.451473,1776592561.594646,4.032482,-0.060058,-4.133048,0.109000,0.038000,0.000000,-0.204565,-0.019141,9.553546,0.005329,0.011457,-0.401792,22.9940,4.4341,-0.5182,0.0255,1
1776592561.701066,322,1776592561.701066,1776592561.650969,1776592561.451473,1776592561.594646,4.028383,-0.056813,-4.154587,0.099000,0.033000,0.000000,0.123218,-0.344531,11.240311,-0.059416,-0.024512,-0.450284,22.9940,4.4341,-0.5182,0.0255,1
1776592561.750971,323,1776592561.750971,1776592561.751037,1776592561.451473,1776592561.739568,4.024601,-0.053109,-4.178563,0.103000,0.025000,0.000000,0.023926,0.017944,10.439995,0.004263,0.028509,-0.474263,22.9940,4.4721,-0.5131,0.0274,1
1776592561.800928,324,1776592561.800928,1776592561.751037,1776592561.451473,1776592561.739568,4.020540,-0.049184,-4.203591,0.109000,0.030000,0.000000,0.023926,0.017944,10.439995,0.004263,0.028509,-0.474263,22.9940,4.4721,-0.5131,0.0274,1
1776592561.850925,325,1776592561.850925,1776592561.850973,1776592561.451473,1776592561.739568,4.016115,-0.045870,-4.224140,0.101000,0.045000,0.000000,-0.005981,0.175854,11.296535,-0.051156,-0.037568,-0.420176,22.9940,4.4721,-0.5131,0.0274,1
1776592561.901061,326,1776592561.901061,1776592561.850973,1776592561.451473,1776592561.885232,4.011104,-0.042741,-4.242740,0.102000,0.059000,0.000000,-0.005981,0.175854,11.296535,-0.051156,-0.037568,-0.420176,22.9940,4.5092,-0.5047,0.0300,1
1776592561.951013,327,1776592561.951013,1776592561.951088,1776592561.451473,1776592561.885232,4.005946,-0.039310,-4.262270,0.108000,0.061000,0.000000,0.075366,-0.142358,10.201934,0.003730,0.005329,-0.375947,22.9940,4.5092,-0.5047,0.0300,1
1776592562.000916,328,1776592562.000916,1776592561.951088,1776592561.451473,1776592561.885232,4.000793,-0.035758,-4.281785,0.109000,0.062000,0.000000,0.075366,-0.142358,10.201934,0.003730,0.005329,-0.375947,22.9940,4.5092,-0.5047,0.0300,1
1776592562.050914,329,1776592562.050914,1776592562.000961,1776592562.051702,1776592562.034442,3.995677,-0.032166,-4.301283,0.108000,0.063000,0.000000,0.118432,0.155517,9.838263,0.003197,-0.003730,-0.368753,22.8980,4.5458,-0.4968,0.0298,1
1776592562.100932,330,1776592562.100932,1776592562.050962,1776592562.051702,1776592562.034442,3.990939,-0.028557,-4.320640,0.104000,0.058000,0.000000,-0.080151,-0.584984,11.508279,-0.043163,-0.021582,-0.392733,22.8980,4.5458,-0.4968,0.0298,1
1776592562.152184,331,1776592562.152184,1776592562.101005,1776592562.051702,1776592562.034442,3.985648,-0.024476,-4.341757,0.113000,0.065000,0.000000,0.095703,-0.011963,10.116997,0.043430,0.011990,-0.371151,22.8980,4.5458,-0.4968,0.0298,1
1776592562.202211,332,1776592562.202211,1776592562.152236,1776592562.051702,1776592562.176766,3.980886,-0.020369,-4.362417,0.111000,0.059000,0.000000,-0.019141,-0.131592,9.980620,-0.002132,0.001332,-0.383940,22.8980,4.5816,-0.4889,0.0286,1
1776592562.250926,333,1776592562.250926,1776592562.202274,1776592562.051702,1776592562.176766,3.976199,-0.016479,-4.381319,0.108000,0.063000,0.000000,0.118432,0.142358,9.832281,-0.017052,-0.003197,-0.386072,22.8980,4.5816,-0.4889,0.0286,1
1776592562.300959,334,1776592562.300959,1776592562.301022,1776592562.051702,1776592562.176766,3.971793,-0.012280,-4.402132,0.108000,0.056000,0.000000,0.266772,0.108862,9.944732,0.025845,0.018384,-0.397795,22.8980,4.5816,-0.4889,0.0286,1
1776592562.350922,335,1776592562.350922,1776592562.350981,1776592562.051702,1776592562.322627,3.967024,-0.007880,-4.422817,0.113000,0.064000,0.000000,0.022729,-0.141162,9.460236,0.010924,-0.004263,-0.387670,22.8980,4.6165,-0.4793,0.0260,1
1776592562.400880,336,1776592562.400880,1776592562.400928,1776592562.051702,1776592562.322627,3.962606,-0.003201,-4.444800,0.115000,0.058000,0.000000,0.148340,0.252416,9.583453,-0.033838,-0.028776,-0.395663,22.8980,4.6165,-0.4793,0.0260,1
1776592562.450869,337,1776592562.450869,1776592562.450908,1776592562.051702,1776592562.322627,3.958041,0.001353,-4.464896,0.112000,0.064000,0.000000,0.206958,-0.543114,8.580965,0.080731,0.028509,-0.380743,22.8980,4.6165,-0.4793,0.0260,1
1776592562.500905,338,1776592562.500905,1776592562.450908,1776592562.051702,1776592562.468360,3.953866,0.006233,-4.487362,0.115000,0.057000,0.000000,0.206958,-0.543114,8.580965,0.080731,0.028509,-0.380743,22.8980,4.6505,-0.4680,0.0210,1
1776592562.550856,339,1776592562.550856,1776592562.500944,1776592562.051702,1776592562.468360,3.949528,0.011081,-4.508491,0.114000,0.063000,0.000000,-0.163891,0.381615,9.359748,0.008526,0.011990,-0.403124,22.8980,4.6505,-0.4680,0.0210,1
1776592562.600876,340,1776592562.600876,1776592562.600932,1776592562.051702,1776592562.468360,3.945522,0.016127,-4.530548,0.115000,0.058000,0.000000,0.193798,0.102881,9.516461,-0.068742,-0.046361,-0.421508,22.8980,4.6505,-0.4680,0.0210,1
1776592562.650847,341,1776592562.650847,1776592562.600932,1776592562.651698,1776592562.614001,3.941628,0.021000,-4.551188,0.110000,0.059000,0.000000,0.193798,0.102881,9.516461,-0.068742,-0.046361,-0.421508,22.8190,4.6837,-0.4585,0.0190,1
1776592562.700843,342,1776592562.700843,1776592562.650885,1776592562.651698,1776592562.614001,3.937859,0.026111,-4.573136,0.113000,0.058000,0.000000,0.083740,0.116040,10.359843,0.040232,0.001332,-0.402591,22.8190,4.6837,-0.4585,0.0190,1
1776592562.750844,343,1776592562.750844,1776592562.700882,1776592562.651698,1776592562.614001,3.934464,0.031240,-4.595138,0.111000,0.053000,0.000000,-0.055029,-0.011963,10.096661,-0.013056,-0.006128,-0.409785,22.8190,4.6837,-0.4585,0.0190,1
1776592562.800836,344,1776592562.800836,1776592562.750887,1776592562.651698,1776592562.759590,3.931628,0.036090,-4.615783,0.103000,0.045000,0.000000,0.070581,0.311035,9.895684,-0.017319,-0.002398,-0.395930,22.8190,4.7159,-0.4468,0.0185,1
1776592562.850836,345,1776592562.850836,1776592562.850879,1776592562.651698,1776592562.759590,3.929389,0.041048,-4.637984,0.103000,0.035000,0.000000,0.163891,0.222509,9.827496,0.017052,0.025578,-0.415114,22.8190,4.7159,-0.4468,0.0185,1
1776592562.900834,346,1776592562.900834,1776592562.900876,1776592562.651698,1776592562.759590,3.926683,0.046411,-4.660683,0.111000,0.046000,0.000000,0.202172,-0.266772,10.412479,-0.001599,-0.015986,-0.443623,22.8190,4.7159,-0.4468,0.0185,1
1776592562.950835,347,1776592562.950835,1776592562.900876,1776592562.651698,1776592562.905403,3.924544,0.051958,-4.685534,0.113000,0.037000,0.000000,0.202172,-0.266772,10.412479,-0.001599,-0.015986,-0.443623,22.8190,4.7477,-0.4396,0.0168,1
1776592563.000822,348,1776592563.000822,1776592563.000865,1776592562.651698,1776592562.905403,3.921795,0.057485,-4.707578,0.112000,0.052000,0.000000,0.150732,-0.912767,11.102737,-0.012789,-0.016786,-0.473197,22.8190,4.7477,-0.4396,0.0168,1
1776592563.050960,349,1776592563.050960,1776592563.051008,1776592562.651698,1776592563.049411,3.919716,0.063279,-4.732447,0.116000,0.041000,0.000000,0.038281,-0.135180,9.353766,-0.012789,-0.011723,-0.484654,22.8190,4.7786,-0.4355,0.0103,1
1776592563.100822,350,1776592563.100822,1776592563.100860,1776592562.651698,1776592563.049411,3.917637,0.069268,-4.757778,0.119000,0.044000,0.000000,0.082544,0.059814,9.433917,0.011723,0.021049,-0.445488,22.8190,4.7786,-0.4355,0.0103,1
1776592563.150838,351,1776592563.150838,1776592563.150881,1776592562.651698,1776592563.049411,3.915522,0.075622,-4.784286,0.125000,0.048000,0.000000,0.216528,0.131592,9.747344,-0.071139,-0.040232,-0.476928,22.8190,4.7786,-0.4355,0.0103,1
1776592563.200814,352,1776592563.200814,1776592563.150881,1776592562.651698,1776592563.190808,3.913240,0.081498,-4.806325,0.114000,0.054000,0.000000,0.216528,0.131592,9.747344,-0.071139,-0.040232,-0.476928,22.8190,4.8089,-0.4287,0.0044,1
1776592563.250817,353,1776592563.250817,1776592563.250854,1776592563.251586,1776592563.190808,3.911345,0.087503,-4.830078,0.116000,0.049000,0.000000,0.239257,-0.184228,10.280889,-0.009059,-0.015454,-0.447353,22.7580,4.8089,-0.4287,0.0044,1
1776592563.300824,354,1776592563.300824,1776592563.300865,1776592563.251586,1776592563.190808,3.909531,0.093458,-4.853181,0.114000,0.050000,0.000000,-0.072973,0.203369,9.461432,0.000266,0.005329,-0.410318,22.7580,4.8089,-0.4287,0.0044,1
1776592563.350811,355,1776592563.350811,1776592563.300865,1776592563.251586,1776592563.337028,3.908005,0.099076,-4.874825,0.107000,0.046000,0.000000,-0.072973,0.203369,9.461432,0.000266,0.005329,-0.410318,22.7580,4.8385,-0.4219,-0.0059,1
1776592563.400797,356,1776592563.400797,1776592563.350873,1776592563.251586,1776592563.337028,3.906782,0.104595,-4.896619,0.105000,0.042000,0.000000,0.157910,-0.884056,10.911331,-0.013855,0.001599,-0.436429,22.7580,4.8385,-0.4219,-0.0059,1
1776592563.450823,357,1776592563.450823,1776592563.400836,1776592563.251586,1776592563.337028,3.905165,0.110392,-4.917730,0.108000,0.053000,0.000000,-0.001196,0.278735,10.113408,0.039167,0.025578,-0.397262,22.7580,4.8385,-0.4219,-0.0059,1
1776592563.500824,358,1776592563.500824,1776592563.450865,1776592563.251586,1776592563.483079,3.904035,0.116246,-4.940530,0.110000,0.046000,0.000000,-0.011963,-0.190210,9.449469,0.006661,0.018917,-0.395397,22.7580,4.8672,-0.4154,-0.0160,1
1776592563.550798,359,1776592563.550798,1776592563.500868,1776592563.251586,1776592563.483079,3.902810,0.122020,-4.961920,0.107000,0.050000,0.000000,0.179443,0.167480,9.606183,-0.019717,-0.016253,-0.395397,22.7580,4.8672,-0.4154,-0.0160,1
1776592563.600783,360,1776592563.600783,1776592563.600826,1776592563.251586,1776592563.483079,3.901807,0.128001,-4.984163,0.111000,0.049000,0.000000,0.200976,0.028711,9.581060,0.014388,0.029042,-0.426570,22.7580,4.8672,-0.4154,-0.0160,1
1776592563.650779,361,1776592563.650779,1776592563.650817,1776592563.251586,1776592563.628450,3.901303,0.133643,-5.006411,0.106000,0.040000,0.000000,0.106470,-0.026318,9.783233,0.014388,0.014121,-0.436695,22.7580,4.8954,-0.4097,-0.0242,1
1776592563.700794,362,1776592563.700794,1776592563.650817,1776592563.251586,1776592563.628450,3.901505,0.139487,-5.032518,0.113000,0.030000,0.000000,0.106470,-0.026318,9.783233,0.014388,0.014121,-0.436695,22.7580,4.8954,-0.4097,-0.0242,1
1776592563.750781,363,1776592563.750781,1776592563.700832,1776592563.251586,1776592563.628450,3.901385,0.145003,-5.054862,0.104000,0.037000,0.000000,0.172265,0.147143,9.589435,-0.037568,-0.008526,-0.443889,22.7580,4.8954,-0.4097,-0.0242,1
1776592563.800784,364,1776592563.800784,1776592563.800827,1776592563.251586,1776592563.774583,3.901207,0.150906,-5.078014,0.110000,0.043000,0.000000,0.056225,0.263183,9.523639,0.003197,-0.010658,-0.440425,22.7580,4.9232,-0.4073,-0.0319,1
1776592563.850767,365,1776592563.850767,1776592563.850806,1776592563.851414,1776592563.774583,3.900628,0.156801,-5.098607,0.106000,0.053000,0.000000,0.095703,0.203369,9.524835,0.009858,0.008526,-0.345306,22.7420,4.9232,-0.4073,-0.0319,1
1776592563.900789,366,1776592563.900789,1776592563.850806,1776592563.851414,1776592563.774583,3.899754,0.163151,-5.118616,0.111000,0.064000,0.000000,0.095703,0.203369,9.524835,0.009858,0.008526,-0.345306,22.7420,4.9232,-0.4073,-0.0319,1
1776592563.950798,367,1776592563.950798,1776592563.900855,1776592563.851414,1776592563.920193,3.898915,0.169554,-5.138319,0.111000,0.066000,0.000000,0.189013,0.179443,9.457843,-0.045828,-0.023447,-0.375414,22.7420,4.9504,-0.4088,-0.0424,1
1776592564.000785,368,1776592564.000785,1776592564.000836,1776592563.851414,1776592563.920193,3.898365,0.175842,-5.158665,0.110000,0.062000,0.000000,-0.052637,0.312231,9.527227,0.003730,-0.000266,-0.390868,22.7420,4.9504,-0.4088,-0.0424,1
1776592564.050919,369,1776592564.050919,1776592564.000836,1776592563.851414,1776592563.920193,3.897894,0.182292,-5.179069,0.112000,0.064000,0.000000,-0.052637,0.312231,9.527227,0.003730,-0.000266,-0.390868,22.7420,4.9504,-0.4088,-0.0424,1
1776592564.100746,370,1776592564.100746,1776592564.050970,1776592563.851414,1776592564.066212,3.897690,0.188643,-5.199498,0.112000,0.061000,0.000000,0.136377,0.050244,9.919610,0.006395,-0.003464,-0.376213,22.7420,4.9774,-0.4108,-0.0513,1
1776592564.151263,371,1776592564.151263,1776592564.151304,1776592563.851414,1776592564.066212,3.897586,0.194815,-5.219250,0.107000,0.059000,0.000000,0.007178,0.059814,10.250981,0.049824,0.007993,-0.379144,22.7420,4.9774,-0.4108,-0.0513,1
1776592564.200765,372,1776592564.200765,1776592564.151304,1776592563.851414,1776592564.066212,3.897897,0.200984,-5.240882,0.112000,0.055000,0.000000,0.007178,0.059814,10.250981,0.049824,0.007993,-0.379144,22.7420,4.9774,-0.4108,-0.0513,1
1776592564.250738,373,1776592564.250738,1776592564.200805,1776592563.851414,1776592564.212469,3.898141,0.207149,-5.261771,0.109000,0.058000,0.000000,0.130395,0.065796,9.978228,-0.002132,-0.008793,-0.398861,22.7420,5.0037,-0.4115,-0.0585,1
1776592564.300810,374,1776592564.300810,1776592564.250783,1776592563.851414,1776592564.212469,3.898419,0.213261,-5.281500,0.107000,0.059000,0.000000,0.177050,0.336157,9.901666,-0.009592,-0.009325,-0.392200,22.7420,5.0037,-0.4115,-0.0585,1
1776592564.350746,375,1776592564.350746,1776592564.300849,1776592563.851414,1776592564.212469,3.898943,0.219269,-5.301473,0.107000,0.056000,0.000000,0.209350,0.003589,10.678056,-0.072205,-0.051156,-0.419909,22.7420,5.0037,-0.4115,-0.0585,1
1776592564.400855,376,1776592564.400855,1776592564.350796,1776592563.851414,1776592564.358133,3.899575,0.225717,-5.322770,0.114000,0.061000,0.000000,0.200976,0.148340,10.021294,0.028243,0.016253,-0.406055,22.7420,5.0296,-0.4146,-0.0625,1
1776592564.450826,377,1776592564.450826,1776592564.450879,1776592564.451778,1776592564.358133,3.900396,0.232033,-5.344405,0.113000,0.059000,0.000000,0.135180,0.314623,9.643268,-0.042364,-0.019983,-0.404189,22.7680,5.0296,-0.4146,-0.0625,1
1776592564.500743,378,1776592564.500743,1776592564.500782,1776592564.451778,1776592564.358133,3.901043,0.238241,-5.363775,0.108000,0.063000,0.000000,0.137573,-0.506029,11.253469,-0.022647,-0.005329,-0.406854,22.7680,5.0296,-0.4146,-0.0625,1
1776592564.550774,379,1776592564.550774,1776592564.500782,1776592564.451778,1776592564.503848,3.902250,0.244115,-5.384787,0.108000,0.052000,0.000000,0.137573,-0.506029,11.253469,-0.022647,-0.005329,-0.406854,22.7680,5.0548,-0.4211,-0.0655,1
1776592564.600789,380,1776592564.600789,1776592564.600829,1776592564.451778,1776592564.503848,3.903258,0.250601,-5.405244,0.114000,0.065000,0.000000,0.049048,-0.151928,9.768878,0.009858,0.006395,-0.397528,22.7680,5.0548,-0.4211,-0.0655,1
1776592564.651044,381,1776592564.651044,1776592564.600829,1776592564.451778,1776592564.651250,3.904539,0.257180,-5.427306,0.117000,0.064000,0.000000,0.049048,-0.151928,9.768878,0.009858,0.006395,-0.397528,22.7680,5.0795,-0.4315,-0.0658,1
1776592564.700775,382,1776592564.700775,1776592564.700812,1776592564.451778,1776592564.651250,3.905810,0.263650,-5.448044,0.115000,0.066000,0.000000,0.135180,-0.890037,9.036750,0.042364,0.031440,-0.403657,22.7680,5.0795,-0.4315,-0.0658,1
1776592564.750766,383,1776592564.750766,1776592564.750826,1776592564.451778,1776592564.651250,3.907603,0.269579,-5.469990,0.112000,0.053000,0.000000,-0.061011,0.093310,9.920806,-0.004796,-0.007460,-0.416979,22.7680,5.0795,-0.4315,-0.0658,1
1776592564.800720,384,1776592564.800720,1776592564.750826,1776592564.451778,1776592564.795621,3.909447,0.275673,-5.491870,0.114000,0.057000,0.000000,-0.061011,0.093310,9.920806,-0.004796,-0.007460,-0.416979,22.7680,5.1039,-0.4404,-0.0692,1
1776592564.850697,385,1776592564.850697,1776592564.800759,1776592564.451778,1776592564.795621,3.911710,0.281447,-5.515209,0.114000,0.049000,0.000000,0.052637,-0.086133,9.169538,0.019983,-0.006395,-0.400726,22.7680,5.1039,-0.4404,-0.0692,1
1776592564.900712,386,1776592564.900712,1776592564.850757,1776592564.451778,1776592564.795621,3.913897,0.287174,-5.537117,0.111000,0.052000,0.000000,0.374438,-0.113647,10.961576,-0.075136,-0.065011,-0.453481,22.7680,5.1039,-0.4404,-0.0692,1
1776592564.951122,387,1776592564.951122,1776592564.900753,1776592564.451778,1776592564.941667,3.916216,0.292612,-5.558642,0.107000,0.048000,0.000000,-0.049048,0.062207,9.362140,0.073005,0.026378,-0.391134,22.7680,5.1280,-0.4471,-0.0727,1
1776592565.000712,388,1776592565.000712,1776592565.000749,1776592564.451778,1776592564.941667,3.919101,0.297882,-5.582793,0.114000,0.041000,0.000000,0.053833,0.113647,9.779644,-0.005329,-0.005329,-0.420975,22.7680,5.1280,-0.4471,-0.0727,1
1776592565.050724,389,1776592565.050724,1776592565.000749,1776592565.051594,1776592564.941667,3.921794,0.302834,-5.605046,0.105000,0.041000,0.000000,0.053833,0.113647,9.779644,-0.005329,-0.005329,-0.420975,22.7870,5.1280,-0.4471,-0.0727,1
1776592565.100722,390,1776592565.100722,1776592565.050781,1776592565.051594,1776592565.087785,3.925019,0.307678,-5.629696,0.111000,0.035000,0.000000,0.055029,-0.748875,11.022586,-0.019450,-0.003464,-0.476128,22.7870,5.1515,-0.4500,-0.0734,1
1776592565.150873,391,1776592565.150873,1776592565.150918,1776592565.051594,1776592565.087785,3.928240,0.312546,-5.653268,0.110000,0.038000,0.000000,0.043066,-0.168676,9.497320,0.002132,0.023180,-0.454547,22.7870,5.1515,-0.4500,-0.0734,1
1776592565.200680,392,1776592565.200680,1776592565.150918,1776592565.051594,1776592565.087785,3.931867,0.317716,-5.679317,0.120000,0.041000,0.000000,0.043066,-0.168676,9.497320,0.002132,0.023180,-0.454547,22.7870,5.1515,-0.4500,-0.0734,1
1776592565.250673,393,1776592565.250673,1776592565.200722,1776592565.051594,1776592565.233436,3.934971,0.323077,-5.701563,0.112000,0.053000,0.000000,0.204565,0.337353,9.636089,-0.035170,-0.009325,-0.472132,22.7870,5.1749,-0.4510,-0.0741,1
1776592565.300735,394,1776592565.300735,1776592565.250711,1776592565.051594,1776592565.233436,3.938435,0.328470,-5.725142,0.117000,0.052000,0.000000,0.142358,-0.689061,8.704183,0.052489,0.037568,-0.434297,22.7870,5.1749,-0.4510,-0.0741,1
1776592565.350767,395,1776592565.350767,1776592565.350802,1776592565.051594,1776592565.233436,3.941758,0.333729,-5.746707,0.112000,0.054000,0.000000,0.005981,0.128003,9.335822,-0.002931,-0.002398,-0.406055,22.7870,5.1749,-0.4510,-0.0741,1
1776592565.400665,396,1776592565.400665,1776592565.350802,1776592565.051594,1776592565.379391,3.945493,0.338969,-5.770607,0.118000,0.052000,0.000000,0.005981,0.128003,9.335822,-0.002931,-0.002398,-0.406055,22.7870,5.1980,-0.4532,-0.0744,1
1776592565.450657,397,1776592565.450657,1776592565.400707,1776592565.051594,1776592565.379391,3.948738,0.344007,-5.790704,0.106000,0.056000,0.000000,0.247631,0.119629,9.400421,-0.063146,-0.035703,-0.439626,22.7870,5.1980,-0.4532,-0.0744,1
1776592565.500691,398,1776592565.500691,1776592565.450697,1776592565.051594,1776592565.379391,3.952181,0.348808,-5.811369,0.106000,0.052000,0.000000,-0.093310,0.250024,10.227056,0.048759,0.014121,-0.382341,22.7870,5.1980,-0.4532,-0.0744,1
1776592565.550685,399,1776592565.550685,1776592565.550730,1776592565.051594,1776592565.525113,3.955720,0.353532,-5.831717,0.106000,0.052000,0.000000,0.145947,0.234472,9.801177,-0.012523,-0.007993,-0.374348,22.7870,5.2207,-0.4585,-0.0747,1
1776592565.600696,400,1776592565.600696,1776592565.600729,1776592565.051594,1776592565.525113,3.959463,0.357848,-5.852823,0.105000,0.045000,0.000000,0.346923,-0.040674,10.392143,-0.078067,-0.039700,-0.407120,22.7870,5.2207,-0.4585,-0.0747,1
1776592565.650653,401,1776592565.650653,1776592565.600729,1776592565.051594,1776592565.525113,3.963338,0.362100,-5.874553,0.106000,0.045000,0.000000,0.346923,-0.040674,10.392143,-0.078067,-0.039700,-0.407120,22.7870,5.2207,-0.4585,-0.0747,1
1776592565.700687,402,1776592565.700687,1776592565.650703,1776592565.653081,1776592565.676289,3.967364,0.366024,-5.896768,0.105000,0.040000,0.000000,0.122021,0.064599,10.000957,0.021049,0.027443,-0.403657,22.8040,5.2430,-0.4634,-0.0735,1
1776592565.750662,403,1776592565.750662,1776592565.700732,1776592565.653081,1776592565.676289,3.971720,0.370170,-5.920307,0.112000,0.044000,0.000000,0.230883,-0.129199,10.197148,-0.004796,0.000000,-0.424705,22.8040,5.2430,-0.4634,-0.0735,1
1776592565.800671,404,1776592565.800671,1776592565.800710,1776592565.653081,1776592565.676289,3.975933,0.373161,-5.943110,0.100000,0.026000,0.000000,0.064599,0.039477,11.029764,-0.055952,-0.001066,-0.461741,22.8040,5.2430,-0.4634,-0.0735,1
1776592565.850624,405,1776592565.850624,1776592565.800710,1776592565.653081,1776592565.817211,3.980414,0.376071,-5.967137,0.104000,0.025000,0.000000,0.064599,0.039477,11.029764,-0.055952,-0.001066,-0.461741,22.8040,5.2648,-0.4698,-0.0737,1
1776592565.900658,406,1776592565.900658,1776592565.850668,1776592565.653081,1776592565.817211,3.984834,0.379780,-5.989453,0.107000,0.043000,0.000000,-0.020337,0.245239,9.804767,0.014121,0.038900,-0.440692,22.8040,5.2648,-0.4698,-0.0737,1
1776592565.954964,407,1776592565.954964,1776592565.900701,1776592565.653081,1776592565.817211,3.989599,0.384285,-6.012261,0.108000,0.054000,0.000000,0.141162,-0.062207,10.317973,-0.013855,-0.016253,-0.454280,22.8040,5.2648,-0.4698,-0.0737,1
1776592566.000847,408,1776592566.000847,1776592566.000883,1776592565.653081,1776592565.962914,3.993658,0.387786,-6.031515,0.106000,0.050000,0.000000,0.031103,-0.373241,11.620729,-0.050091,-0.031440,-0.383407,22.8040,5.2863,-0.4727,-0.0741,1
1776592566.050653,409,1776592566.050653,1776592566.050696,1776592565.653081,1776592565.962914,3.998247,0.391803,-6.052396,0.109000,0.055000,0.000000,0.021533,0.208154,9.640875,0.016253,0.013588,-0.394598,22.8040,5.2863,-0.4727,-0.0741,1
1776592566.100654,410,1776592566.100654,1776592566.100703,1776592565.653081,1776592565.962914,4.002881,0.396127,-6.072047,0.110000,0.063000,0.000000,0.035889,-0.211743,10.022491,0.002664,0.010658,-0.386604,22.8040,5.2863,-0.4727,-0.0741,1
1776592566.152494,411,1776592566.152494,1776592566.152533,1776592565.653081,1776592566.111897,4.007975,0.400559,-6.093924,0.114000,0.063000,0.000000,0.258398,0.314623,9.523639,-0.041298,-0.023713,-0.389269,22.8040,5.3075,-0.4757,-0.0752,1
1776592566.200735,412,1776592566.200735,1776592566.152533,1776592565.653081,1776592566.111897,4.012606,0.404590,-6.113172,0.110000,0.064000,0.000000,0.258398,0.314623,9.523639,-0.041298,-0.023713,-0.389269,22.8040,5.3075,-0.4757,-0.0752,1
1776592566.250613,413,1776592566.250613,1776592566.200847,1776592566.251331,1776592566.111897,4.017654,0.408493,-6.134469,0.113000,0.060000,0.000000,0.053833,-0.824242,10.195952,0.006395,0.010125,-0.399394,22.8180,5.3075,-0.4757,-0.0752,1
1776592566.301397,414,1776592566.301397,1776592566.301442,1776592566.251331,1776592566.254695,4.022476,0.412297,-6.153666,0.105000,0.060000,0.000000,0.135180,-0.117236,9.488947,0.000266,0.007194,-0.375680,22.8180,5.3281,-0.4809,-0.0780,1
1776592566.350724,415,1776592566.350724,1776592566.301442,1776592566.251331,1776592566.254695,4.027736,0.416215,-6.174480,0.116000,0.065000,0.000000,0.135180,-0.117236,9.488947,0.000266,0.007194,-0.375680,22.8180,5.3281,-0.4809,-0.0780,1
1776592566.400789,416,1776592566.400789,1776592566.350778,1776592566.251331,1776592566.400637,4.032863,0.419998,-6.194658,0.110000,0.064000,0.000000,0.235668,0.074170,10.335917,-0.066610,-0.034371,-0.398061,22.8180,5.3484,-0.4864,-0.0824,1
1776592566.451151,417,1776592566.451151,1776592566.400826,1776592566.251331,1776592566.400637,4.038312,0.423513,-6.216352,0.114000,0.060000,0.000000,-0.080151,-0.343334,9.046320,0.064745,0.045028,-0.351434,22.8180,5.3484,-0.4864,-0.0824,1
1776592566.500677,418,1776592566.500677,1776592566.500713,1776592566.251331,1776592566.400637,4.043542,0.426992,-6.235975,0.110000,0.063000,0.000000,0.145947,0.014355,9.627716,0.003464,0.006128,-0.375947,22.8180,5.3484,-0.4864,-0.0824,1
1776592566.550615,419,1776592566.550615,1776592566.500713,1776592566.251331,1776592566.547082,4.049125,0.430506,-6.256799,0.115000,0.065000,0.000000,0.145947,0.014355,9.627716,0.003464,0.006128,-0.375947,22.8180,5.3682,-0.4914,-0.0899,1
1776592566.601201,420,1776592566.601201,1776592566.601237,1776592566.251331,1776592566.547082,4.054554,0.433786,-6.276831,0.109000,0.062000,0.000000,0.172265,-0.161499,9.687531,0.059949,0.012789,-0.370884,22.8180,5.3682,-0.4914,-0.0899,1
1776592566.650603,421,1776592566.650603,1776592566.601237,1776592566.251331,1776592566.547082,4.060118,0.436736,-6.298222,0.113000,0.059000,0.000000,0.172265,-0.161499,9.687531,0.059949,0.012789,-0.370884,22.8180,5.3682,-0.4914,-0.0899,1
1776592566.701591,422,1776592566.701591,1776592566.701641,1776592566.251331,1776592566.692926,4.065822,0.439608,-6.319331,0.111000,0.058000,0.000000,0.281127,0.247631,9.869366,-0.007460,-0.007993,-0.388470,22.8180,5.3879,-0.4965,-0.0985,1
1776592566.750579,423,1776592566.750579,1776592566.750628,1776592566.251331,1776592566.692926,4.071270,0.442500,-6.338535,0.109000,0.063000,0.000000,0.050244,-0.821849,10.529716,0.003730,0.001599,-0.411650,22.8180,5.3879,-0.4965,-0.0985,1
1776592566.800573,424,1776592566.800573,1776592566.750628,1776592566.251331,1776592566.692926,4.076807,0.444846,-6.359781,0.108000,0.053000,0.000000,0.050244,-0.821849,10.529716,0.003730,0.001599,-0.411650,22.8180,5.3879,-0.4965,-0.0985,1
1776592566.850729,425,1776592566.850729,1776592566.800612,1776592566.851697,1776592566.838966,4.082477,0.447279,-6.380746,0.109000,0.057000,0.000000,0.138769,0.049048,10.393339,0.031973,0.013855,-0.406321,22.8330,5.4070,-0.4972,-0.1059,1
1776592566.900592,426,1776592566.900592,1776592566.850805,1776592566.851697,1776592566.838966,4.088258,0.449017,-6.403733,0.112000,0.046000,0.000000,0.080151,-0.266772,9.394440,0.008793,0.003730,-0.391667,22.8330,5.4070,-0.4972,-0.1059,1
1776592566.950668,427,1776592566.950668,1776592566.900641,1776592566.851697,1776592566.838966,4.093815,0.451169,-6.423311,0.105000,0.056000,0.000000,0.116040,0.250024,9.612164,-0.036236,-0.015454,-0.413515,22.8330,5.4070,-0.4972,-0.1059,1
1776592567.000570,428,1776592567.000570,1776592566.950727,1776592566.851697,1776592566.985708,4.099762,0.452598,-6.447017,0.114000,0.045000,0.000000,0.204565,-0.631639,8.566609,0.055952,0.041565,-0.398861,22.8330,5.4258,-0.5004,-0.1115,1
1776592567.050596,429,1776592567.050596,1776592567.050648,1776592566.851697,1776592566.985708,4.105657,0.454209,-6.469278,0.111000,0.051000,0.000000,0.009570,-0.045459,9.380084,0.011990,0.014388,-0.409518,22.8330,5.4258,-0.5004,-0.1115,1
1776592567.100605,430,1776592567.100605,1776592567.100647,1776592566.851697,1776592566.985708,4.112011,0.455252,-6.495234,0.121000,0.044000,0.000000,0.272753,0.149536,9.462628,-0.057285,-0.031973,-0.460941,22.8330,5.4258,-0.5004,-0.1115,1
1776592567.150592,431,1776592567.150592,1776592567.100647,1776592566.851697,1776592567.131916,4.117794,0.456462,-6.516777,0.108000,0.048000,0.000000,0.272753,0.149536,9.462628,-0.057285,-0.031973,-0.460941,22.8330,5.4443,-0.5057,-0.1208,1
1776592567.200557,432,1776592567.200557,1776592567.200599,1776592566.851697,1776592567.131916,4.123874,0.456761,-6.543159,0.117000,0.034000,0.000000,0.200976,-0.041870,9.710259,-0.002664,-0.018651,-0.475063,22.8330,5.4443,-0.5057,-0.1208,1
1776592567.250604,433,1776592567.250604,1776592567.200599,1776592566.851697,1776592567.131916,4.130041,0.457555,-6.567332,0.115000,0.047000,0.000000,0.200976,-0.041870,9.710259,-0.002664,-0.018651,-0.475063,22.8330,5.4443,-0.5057,-0.1208,1
1776592567.300697,434,1776592567.300697,1776592567.300738,1776592566.851697,1776592567.277904,4.136000,0.457589,-6.592729,0.114000,0.034000,0.000000,0.185424,-0.045459,10.629007,-0.076468,-0.053022,-0.505170,22.8330,5.4624,-0.5146,-0.1312,1
1776592567.350542,435,1776592567.350542,1776592567.300738,1776592566.851697,1776592567.277904,4.142062,0.458215,-6.615160,0.112000,0.049000,0.000000,0.185424,-0.045459,10.629007,-0.076468,-0.053022,-0.505170,22.8330,5.4624,-0.5146,-0.1312,1
1776592567.400650,436,1776592567.400650,1776592567.350586,1776592566.851697,1776592567.277904,4.148118,0.458565,-6.638710,0.112000,0.046000,0.000000,-0.014355,0.089722,10.426835,0.009592,0.022647,-0.453214,22.8330,5.4624,-0.5146,-0.1312,1
1776592567.450556,437,1776592567.450556,1776592567.400692,1776592567.451301,1776592567.424193,4.154234,0.458690,-6.662615,0.114000,0.045000,0.000000,0.046655,0.063403,10.323955,0.002398,0.003197,-0.421508,22.8440,5.4801,-0.5227,-0.1413,1
1776592567.500591,438,1776592567.500591,1776592567.450600,1776592567.451301,1776592567.424193,4.160412,0.459458,-6.682629,0.109000,0.060000,0.000000,0.283520,0.327783,9.722222,-0.050624,-0.014654,-0.431100,22.8440,5.4801,-0.5227,-0.1413,1
1776592567.550599,439,1776592567.550599,1776592567.500633,1776592567.451301,1776592567.424193,4.166649,0.459702,-6.704983,0.113000,0.053000,0.000000,0.175854,-0.849364,10.235430,0.009325,0.018651,-0.439360,22.8440,5.4801,-0.5227,-0.1413,1
1776592567.600573,440,1776592567.600573,1776592567.550646,1776592567.451301,1776592567.570237,4.172758,0.459645,-6.727621,0.112000,0.049000,0.000000,0.114844,-0.071777,9.570294,-0.012523,-0.011723,-0.430301,22.8440,5.4974,-0.5333,-0.1517,1
1776592567.650559,441,1776592567.650559,1776592567.650601,1776592567.451301,1776592567.570237,4.178934,0.459361,-6.751365,0.114000,0.048000,0.000000,0.275146,0.168676,9.679156,-0.065011,-0.033039,-0.428436,22.8440,5.4974,-0.5333,-0.1517,1
1776592567.700584,442,1776592567.700584,1776592567.700625,1776592567.451301,1776592567.570237,4.185019,0.459423,-6.771825,0.108000,0.056000,0.000000,0.183032,-0.507226,8.746053,0.063679,0.044762,-0.392200,22.8440,5.4974,-0.5333,-0.1517,1
1776592567.750501,443,1776592567.750501,1776592567.700625,1776592567.451301,1776592567.716711,4.190814,0.458943,-6.793339,0.107000,0.046000,0.000000,0.183032,-0.507226,8.746053,0.063679,0.044762,-0.392200,22.8440,5.5141,-0.5423,-0.1596,1
1776592567.800501,444,1776592567.800501,1776592567.750546,1776592567.451301,1776592567.716711,4.196531,0.457692,-6.818289,0.112000,0.034000,0.000000,0.327783,-0.229687,10.021294,-0.000266,-0.020249,-0.462540,22.8440,5.5141,-0.5423,-0.1596,1
1776592567.850495,445,1776592567.850495,1776592567.800547,1776592567.451301,1776592567.716711,4.202258,0.456274,-6.843787,0.113000,0.034000,0.000000,-0.099292,0.166284,9.390851,0.013588,0.026378,-0.417245,22.8440,5.5141,-0.5423,-0.1596,1
1776592567.900516,446,1776592567.900516,1776592567.900566,1776592567.451301,1776592567.862594,4.207721,0.454911,-6.867246,0.107000,0.035000,0.000000,0.009570,-0.010767,9.597809,0.058084,0.052755,-0.414581,22.8440,5.5305,-0.5522,-0.1681,1
1776592567.950497,447,1776592567.950497,1776592567.900566,1776592567.451301,1776592567.862594,4.213409,0.453727,-6.889738,0.108000,0.043000,0.000000,0.009570,-0.010767,9.597809,0.058084,0.052755,-0.414581,22.8440,5.5305,-0.5522,-0.1681,1
1776592568.000489,448,1776592568.000489,1776592568.000530,1776592567.451301,1776592567.862594,4.218935,0.452571,-6.910985,0.104000,0.044000,0.000000,-0.021533,0.440234,9.889703,0.007194,0.004529,-0.366621,22.8440,5.5305,-0.5522,-0.1681,1
1776592568.050488,449,1776592568.050488,1776592568.000530,1776592568.051235,1776592568.011910,4.225097,0.451867,-6.930634,0.108000,0.061000,0.000000,-0.021533,0.440234,9.889703,0.007194,0.004529,-0.366621,22.8550,5.5465,-0.5594,-0.1777,1
1776592568.100543,450,1776592568.100543,1776592568.050532,1776592568.051235,1776592568.011910,4.231070,0.451053,-6.950306,0.105000,0.059000,0.000000,0.029907,-0.498852,11.735573,-0.064212,-0.036769,-0.393532,22.8550,5.5465,-0.5594,-0.1777,1
1776592568.150576,451,1776592568.150576,1776592568.150617,1776592568.051235,1776592568.011910,4.237226,0.450217,-6.969769,0.107000,0.063000,0.000000,-0.021533,-0.260790,10.108624,0.002931,0.006661,-0.363957,22.8550,5.5465,-0.5594,-0.1777,1
1776592568.200516,452,1776592568.200516,1776592568.150617,1776592568.051235,1776592568.160625,4.243258,0.449147,-6.989295,0.107000,0.060000,0.000000,-0.021533,-0.260790,10.108624,0.002931,0.006661,-0.363957,22.8550,5.5620,-0.5675,-0.1861,1
1776592568.250473,453,1776592568.250473,1776592568.250517,1776592568.051235,1776592568.160625,4.248978,0.448078,-7.007430,0.101000,0.058000,0.000000,0.044263,-0.726146,11.013016,-0.022381,-0.010924,-0.379677,22.8550,5.5620,-0.5675,-0.1861,1
1776592568.300472,454,1776592568.300472,1776592568.250517,1776592568.051235,1776592568.160625,4.255014,0.446676,-7.027879,0.109000,0.059000,0.000000,0.044263,-0.726146,11.013016,-0.022381,-0.010924,-0.379677,22.8550,5.5620,-0.5675,-0.1861,1
1776592568.350473,455,1776592568.350473,1776592568.300514,1776592568.051235,1776592568.309787,4.261264,0.445268,-7.048130,0.111000,0.064000,0.000000,0.116040,0.124414,10.292851,0.037834,0.020249,-0.381009,22.8550,5.5769,-0.5756,-0.1933,1
1776592568.400458,456,1776592568.400458,1776592568.400499,1776592568.051235,1776592568.309787,4.267769,0.443527,-7.069823,0.118000,0.065000,0.000000,0.181836,0.343334,9.821514,-0.020516,-0.004263,-0.394331,22.8550,5.5769,-0.5756,-0.1933,1
1776592568.450444,457,1776592568.450444,1776592568.400499,1776592568.051235,1776592568.309787,4.273882,0.441929,-7.089168,0.109000,0.064000,0.000000,0.181836,0.343334,9.821514,-0.020516,-0.004263,-0.394331,22.8550,5.5769,-0.5756,-0.1933,1
1776592568.500574,458,1776592568.500574,1776592568.450485,1776592568.051235,1776592568.459624,4.280241,0.439853,-7.111372,0.118000,0.063000,0.000000,0.216528,-0.874486,8.907551,0.043163,0.030641,-0.385539,22.8550,5.5913,-0.5822,-0.1998,1
1776592568.550454,459,1776592568.550454,1776592568.500614,1776592568.051235,1776592568.459624,4.286493,0.437922,-7.131923,0.113000,0.066000,0.000000,-0.081347,0.265576,9.871758,0.017851,0.027710,-0.414581,22.8550,5.5913,-0.5822,-0.1998,1
1776592568.600461,460,1776592568.600461,1776592568.550497,1776592568.051235,1776592568.459624,4.292973,0.435633,-7.153925,0.120000,0.067000,0.000000,-0.004785,-0.039477,9.319074,0.005329,0.002398,-0.378345,22.8550,5.5913,-0.5822,-0.1998,1
1776592568.650431,461,1776592568.650431,1776592568.600511,1776592568.651177,1776592568.608345,4.298749,0.433507,-7.173264,0.107000,0.061000,0.000000,0.003589,0.318212,9.456647,-0.053022,-0.034904,-0.400992,22.8700,5.6052,-0.5902,-0.2057,1
1776592568.700452,462,1776592568.700452,1776592568.650474,1776592568.651177,1776592568.608345,4.304537,0.431050,-7.194022,0.111000,0.059000,0.000000,0.265576,-0.258398,9.614556,0.053554,0.016786,-0.369552,22.8700,5.6052,-0.5902,-0.2057,1
1776592568.750425,463,1776592568.750425,1776592568.700495,1776592568.651177,1776592568.608345,4.310153,0.428703,-7.213362,0.106000,0.060000,0.000000,-0.418700,0.313427,9.256866,0.002931,-0.006927,-0.369819,22.8700,5.6052,-0.5902,-0.2057,1
1776592568.800525,464,1776592568.800525,1776592568.750468,1776592568.651177,1776592568.756735,4.315826,0.425872,-7.235204,0.113000,0.057000,0.000000,0.023926,0.209350,9.943536,-0.007194,0.003197,-0.356763,22.8700,5.6190,-0.5980,-0.2089,1
1776592568.850425,465,1776592568.850425,1776592568.850470,1776592568.651177,1776592568.756735,4.321240,0.423172,-7.255414,0.107000,0.057000,0.000000,0.020337,0.161499,10.528520,0.038634,0.017585,-0.384473,22.8700,5.6190,-0.5980,-0.2089,1
1776592568.900418,466,1776592568.900418,1776592568.850470,1776592568.651177,1776592568.756735,4.326306,0.420092,-7.276861,0.108000,0.049000,0.000000,0.020337,0.161499,10.528520,0.038634,0.017585,-0.384473,22.8700,5.6190,-0.5980,-0.2089,1
1776592568.950434,467,1776592568.950434,1776592568.900460,1776592568.651177,1776592568.905886,4.331540,0.416636,-7.300118,0.115000,0.050000,0.000000,0.080151,-0.061011,10.185185,-0.011990,-0.012256,-0.420975,22.8700,5.6324,-0.6031,-0.2122,1
1776592569.000403,468,1776592569.000403,1776592568.950475,1776592568.651177,1776592568.905886,4.336615,0.413370,-7.321606,0.109000,0.052000,0.000000,0.162695,0.378027,9.938750,-0.015720,-0.005062,-0.421242,22.8700,5.6324,-0.6031,-0.2122,1
1776592569.050462,469,1776592569.050462,1776592569.000444,1776592568.651177,1776592568.905886,4.341351,0.409769,-7.344332,0.110000,0.045000,0.000000,0.172265,-0.061011,11.345584,-0.068209,-0.050624,-0.452948,22.8700,5.6324,-0.6031,-0.2122,1
1776592569.100440,470,1776592569.100440,1776592569.100490,1776592568.651177,1776592569.055040,4.346262,0.406102,-7.366571,0.112000,0.050000,0.000000,0.155517,-0.354101,10.272514,-0.004529,-0.016253,-0.446553,22.8700,5.6452,-0.6082,-0.2198,1
1776592569.150415,471,1776592569.150415,1776592569.100490,1776592568.651177,1776592569.055040,4.350967,0.401922,-7.391809,0.118000,0.044000,0.000000,0.155517,-0.354101,10.272514,-0.004529,-0.016253,-0.446553,22.8700,5.6452,-0.6082,-0.2198,1
1776592569.200410,472,1776592569.200410,1776592569.150458,1776592568.651177,1776592569.055040,4.355724,0.398315,-7.412657,0.107000,0.053000,0.000000,0.075366,0.081347,9.267633,-0.050624,-0.046094,-0.452149,22.8700,5.6452,-0.6082,-0.2198,1
1776592569.250477,473,1776592569.250477,1776592569.250521,1776592569.251247,1776592569.203745,4.359635,0.393905,-7.437991,0.113000,0.033000,0.000000,0.092114,-0.162695,9.539190,-0.004529,-0.023180,-0.438294,22.8780,5.6573,-0.6139,-0.2268,1
1776592569.300395,474,1776592569.300395,1776592569.300440,1776592569.251247,1776592569.203745,4.363599,0.389872,-7.460004,0.106000,0.040000,0.000000,0.137573,-0.227294,9.293952,0.017585,0.022115,-0.426837,22.8780,5.6573,-0.6139,-0.2268,1
1776592569.350401,475,1776592569.350401,1776592569.350449,1776592569.251247,1776592569.203745,4.367611,0.385041,-7.486658,0.120000,0.037000,0.000000,0.430663,0.114844,9.498517,-0.063413,-0.032239,-0.489983,22.8780,5.6573,-0.6139,-0.2268,1
1776592569.400395,476,1776592569.400395,1776592569.350449,1776592569.251247,1776592569.352842,4.371535,0.380552,-7.510705,0.112000,0.041000,0.000000,0.430663,0.114844,9.498517,-0.063413,-0.032239,-0.489983,22.8780,5.6691,-0.6193,-0.2328,1
1776592569.450364,477,1776592569.450364,1776592569.450408,1776592569.251247,1776592569.352842,4.375483,0.375595,-7.536839,0.120000,0.041000,0.000000,0.285913,-0.016748,10.045219,-0.001865,-0.027177,-0.454813,22.8780,5.6691,-0.6193,-0.2328,1
1776592569.500523,478,1776592569.500523,1776592569.500572,1776592569.251247,1776592569.352842,4.379933,0.370880,-7.559705,0.117000,0.055000,0.000000,-0.123218,0.032300,9.619342,-0.000799,0.005862,-0.436429,22.8780,5.6691,-0.6193,-0.2328,1
1776592569.550375,479,1776592569.550375,1776592569.550416,1776592569.251247,1776592569.502033,4.383892,0.366244,-7.582444,0.112000,0.049000,0.000000,-0.037085,-0.537133,11.383864,-0.032772,-0.025845,-0.459609,22.8780,5.6807,-0.6216,-0.2383,1
1776592569.600374,480,1776592569.600374,1776592569.550416,1776592569.251247,1776592569.502033,4.387802,0.361520,-7.605193,0.112000,0.050000,0.000000,-0.037085,-0.537133,11.383864,-0.032772,-0.025845,-0.459609,22.8780,5.6807,-0.6216,-0.2383,1
1776592569.650769,481,1776592569.650769,1776592569.650825,1776592569.251247,1776592569.650502,4.391927,0.356744,-7.626762,0.112000,0.056000,0.000000,-0.022729,-0.200976,9.652838,0.015454,0.016786,-0.404989,22.8780,5.6922,-0.6240,-0.2434,1
1776592569.700414,482,1776592569.700414,1776592569.700456,1776592569.251247,1776592569.650502,4.395524,0.351767,-7.649997,0.114000,0.048000,0.000000,0.095703,0.248828,9.683941,-0.028509,-0.017052,-0.415114,22.8780,5.6922,-0.6240,-0.2434,1
1776592569.750374,483,1776592569.750374,1776592569.750418,1776592569.251247,1776592569.650502,4.399650,0.347111,-7.669581,0.108000,0.062000,0.000000,0.178247,-0.611303,8.765193,0.057018,0.041565,-0.384473,22.8780,5.6922,-0.6240,-0.2434,1
1776592569.800408,484,1776592569.800408,1776592569.800460,1776592569.251247,1776592569.799636,4.403195,0.342021,-7.692245,0.113000,0.051000,0.000000,-0.098096,-0.077759,9.627716,-0.002132,0.013322,-0.425505,22.8780,5.7033,-0.6257,-0.2454,1
1776592569.850359,485,1776592569.850359,1776592569.850401,1776592569.851113,1776592569.799636,4.406159,0.336886,-7.715773,0.111000,0.042000,0.000000,-0.077759,-0.102881,9.572686,0.007727,0.025312,-0.416712,22.8880,5.7033,-0.6257,-0.2454,1
1776592569.900468,486,1776592569.900468,1776592569.850401,1776592569.851113,1776592569.799636,4.408705,0.331675,-7.739825,0.110000,0.036000,0.000000,-0.077759,-0.102881,9.572686,0.007727,0.025312,-0.416712,22.8880,5.7033,-0.6257,-0.2454,1
1776592569.950386,487,1776592569.950386,1776592569.900510,1776592569.851113,1776592569.949008,4.411037,0.326667,-7.762886,0.105000,0.035000,0.000000,0.217724,0.077759,9.704278,-0.045561,-0.020249,-0.470000,22.8880,5.7143,-0.6263,-0.2471,1
1776592570.000386,488,1776592570.000386,1776592570.000427,1776592569.851113,1776592569.949008,4.413376,0.321408,-7.786887,0.109000,0.037000,0.000000,-0.050244,0.001196,9.448273,0.007727,0.015720,-0.441491,22.8880,5.7143,-0.6263,-0.2471,1
1776592570.050414,489,1776592570.050414,1776592570.000427,1776592569.851113,1776592569.949008,4.415935,0.316165,-7.809700,0.108000,0.044000,0.000000,-0.050244,0.001196,9.448273,0.007727,0.015720,-0.441491,22.8880,5.7143,-0.6263,-0.2471,1
1776592570.100409,490,1776592570.100409,1776592570.050457,1776592569.851113,1776592570.098067,4.419040,0.310447,-7.832448,0.117000,0.057000,0.000000,0.025122,0.194995,9.746148,0.001066,0.000799,-0.409785,22.8880,5.7252,-0.6252,-0.2479,1
1776592570.150347,491,1776592570.150347,1776592570.100453,1776592569.851113,1776592570.098067,4.421896,0.305414,-7.851324,0.102000,0.055000,0.000000,0.083740,0.320605,9.521246,-0.056485,-0.027710,-0.425238,22.8880,5.7252,-0.6252,-0.2479,1
1776592570.200385,492,1776592570.200385,1776592570.200431,1776592569.851113,1776592570.098067,4.424963,0.300018,-7.871139,0.108000,0.061000,0.000000,0.208154,0.064599,9.883721,0.009059,-0.018384,-0.373549,22.8880,5.7252,-0.6252,-0.2479,1
1776592570.250362,493,1776592570.250362,1776592570.200431,1776592569.851113,1776592570.247193,4.428017,0.294517,-7.891179,0.109000,0.063000,0.000000,0.208154,0.064599,9.883721,0.009059,-0.018384,-0.373549,22.8880,5.7361,-0.6278,-0.2464,1
1776592570.300333,494,1776592570.300333,1776592570.250414,1776592569.851113,1776592570.247193,4.430957,0.288857,-7.911468,0.111000,0.063000,0.000000,0.130395,0.163891,9.780841,-0.000266,-0.010924,-0.375680,22.8880,5.7361,-0.6278,-0.2464,1
1776592570.350368,495,1776592570.350368,1776592570.300376,1776592569.851113,1776592570.247193,4.433693,0.283287,-7.931131,0.108000,0.061000,0.000000,0.181836,0.161499,10.215093,-0.066344,-0.041032,-0.392200,22.8880,5.7361,-0.6278,-0.2464,1
1776592570.400355,496,1776592570.400355,1776592570.350414,1776592569.851113,1776592570.396701,4.436363,0.277616,-7.950726,0.109000,0.062000,0.000000,0.041870,0.180639,10.137334,0.044495,0.026111,-0.375414,22.8880,5.7468,-0.6287,-0.2447,1
1776592570.450323,497,1776592570.450323,1776592570.400409,1776592569.851113,1776592570.396701,4.439046,0.271632,-7.971463,0.114000,0.065000,0.000000,0.051440,0.011963,10.316777,-0.007727,-0.004529,-0.391134,22.8880,5.7468,-0.6287,-0.2447,1
1776592570.500360,498,1776592570.500360,1776592570.500401,1776592570.451842,1776592570.396701,4.441499,0.265952,-7.990978,0.107000,0.062000,0.000000,0.047851,-0.212939,11.504689,-0.062880,-0.037568,-0.407920,22.9000,5.7468,-0.6287,-0.2447,1
1776592570.550303,499,1776592570.550303,1776592570.500401,1776592570.451842,1776592570.545371,4.443625,0.260163,-8.011405,0.109000,0.058000,0.000000,0.047851,-0.212939,11.504689,-0.062880,-0.037568,-0.407920,22.9000,5.7573,-0.6268,-0.2398,1
1776592570.600309,500,1776592570.600309,1776592570.600351,1776592570.451842,1776592570.545371,4.445867,0.254187,-8.031357,0.111000,0.063000,0.000000,-0.059814,-0.055029,10.168437,-0.006927,0.000533,-0.404189,22.9000,5.7573,-0.6268,-0.2398,1
1776592570.650332,501,1776592570.650332,1776592570.600351,1776592570.451842,1776592570.545371,4.448048,0.247647,-8.053866,0.121000,0.066000,0.000000,-0.059814,-0.055029,10.168437,-0.006927,0.000533,-0.404189,22.9000,5.7573,-0.6268,-0.2398,1
1776592570.700321,502,1776592570.700321,1776592570.650390,1776592570.451842,1776592570.694602,4.450111,0.241465,-8.074462,0.113000,0.065000,0.000000,0.031103,0.258398,9.413581,-0.048226,-0.021315,-0.406055,22.9000,5.7677,-0.6241,-0.2350,1
1776592570.750296,503,1776592570.750296,1776592570.750339,1776592570.451842,1776592570.694602,4.451520,0.235413,-8.096202,0.112000,0.054000,0.000000,-0.230883,0.259594,9.571490,0.003464,-0.003730,-0.405255,22.9000,5.7677,-0.6241,-0.2350,1
1776592570.800285,504,1776592570.800285,1776592570.800326,1776592570.451842,1776592570.694602,4.453161,0.229344,-8.116247,0.110000,0.061000,0.000000,0.070581,-0.044263,9.276008,0.017851,-0.005329,-0.388736,22.9000,5.7677,-0.6241,-0.2350,1
1776592570.850271,505,1776592570.850271,1776592570.850317,1776592570.451842,1776592570.844400,4.454551,0.222760,-8.139390,0.120000,0.061000,0.000000,0.192602,-0.003589,10.383769,-0.072205,-0.056219,-0.424705,22.9000,5.7781,-0.6207,-0.2293,1
1776592570.900290,506,1776592570.900290,1776592570.850317,1776592570.451842,1776592570.844400,4.456059,0.216531,-8.159649,0.111000,0.064000,0.000000,0.192602,-0.003589,10.383769,-0.072205,-0.056219,-0.424705,22.9000,5.7781,-0.6207,-0.2293,1
1776592570.950288,507,1776592570.950288,1776592570.900333,1776592570.451842,1776592570.844400,4.456902,0.210394,-8.181698,0.112000,0.053000,0.000000,-0.078955,-0.306249,8.863289,0.073804,0.036769,-0.367687,22.9000,5.7781,-0.6207,-0.2293,1
1776592571.000262,508,1776592571.000262,1776592571.000298,1776592570.451842,1776592570.993057,4.457703,0.204368,-8.202587,0.109000,0.054000,0.000000,-0.088525,0.223706,9.663605,0.014921,0.004796,-0.388203,22.9000,5.7884,-0.6176,-0.2226,1
1776592571.050270,509,1776592571.050270,1776592571.000298,1776592570.451842,1776592570.993057,4.458302,0.198404,-8.223889,0.108000,0.052000,0.000000,-0.088525,0.223706,9.663605,0.014921,0.004796,-0.388203,22.9000,5.7884,-0.6176,-0.2226,1
1776592571.100372,510,1776592571.100372,1776592571.050312,1776592571.051808,1776592570.993057,4.458718,0.192546,-8.245083,0.106000,0.050000,0.000000,0.053833,-0.428271,11.492727,-0.060748,-0.038634,-0.426570,22.9080,5.7884,-0.6176,-0.2226,1
1776592571.150271,511,1776592571.150271,1776592571.100450,1776592571.051808,1776592571.142582,4.458736,0.186439,-8.268336,0.113000,0.047000,0.000000,0.001196,0.205761,10.100249,0.052755,0.025845,-0.377279,22.9080,5.7988,-0.6147,-0.2147,1
1776592571.200288,512,1776592571.200288,1776592571.150319,1776592571.051808,1776592571.142582,4.458496,0.180425,-8.291444,0.112000,0.044000,0.000000,0.113647,-0.222509,10.201934,-0.006661,-0.014921,-0.439093,22.9080,5.7988,-0.6147,-0.2147,1
1776592571.250443,513,1776592571.250443,1776592571.200330,1776592571.051808,1776592571.142582,4.458588,0.174347,-8.312860,0.109000,0.053000,0.000000,0.025122,0.315820,9.992583,-0.015720,0.001066,-0.426837,22.9080,5.7988,-0.6147,-0.2147,1
1776592571.300222,514,1776592571.300222,1776592571.300256,1776592571.051808,1776592571.290877,4.457679,0.168799,-8.337253,0.108000,0.033000,0.000000,-0.068188,0.173462,9.862188,0.007727,0.021049,-0.435097,22.9080,5.8093,-0.6128,-0.2071,1
1776592571.350244,515,1776592571.350244,1776592571.350291,1776592571.051808,1776592571.290877,4.457139,0.162926,-8.359912,0.109000,0.045000,0.000000,0.003589,-0.061011,9.372907,0.024246,0.015187,-0.415913,22.9080,5.8093,-0.6128,-0.2071,1
1776592571.400699,516,1776592571.400699,1776592571.400746,1776592571.051808,1776592571.290877,4.455852,0.157063,-8.385342,0.114000,0.034000,0.000000,0.190210,0.075366,9.559527,-0.043430,-0.025845,-0.469734,22.9080,5.8093,-0.6128,-0.2071,1
1776592571.450253,517,1776592571.450253,1776592571.450298,1776592571.051808,1776592571.440095,4.454919,0.151173,-8.408533,0.112000,0.044000,0.000000,0.265576,-0.372045,8.704183,0.070607,0.037834,-0.422840,22.9080,5.8201,-0.6080,-0.2019,1
1776592571.500239,518,1776592571.500239,1776592571.450298,1776592571.051808,1776592571.440095,4.453625,0.145096,-8.433877,0.117000,0.042000,0.000000,0.265576,-0.372045,8.704183,0.070607,0.037834,-0.422840,22.9080,5.8201,-0.6080,-0.2019,1
1776592571.550214,519,1776592571.550214,1776592571.500275,1776592571.051808,1776592571.440095,4.452624,0.138643,-8.457814,0.119000,0.054000,0.000000,0.033496,0.123218,9.756915,-0.003997,0.003730,-0.462540,22.9080,5.8201,-0.6080,-0.2019,1
1776592571.600263,520,1776592571.600263,1776592571.600310,1776592571.051808,1776592571.589074,4.451321,0.132610,-8.481037,0.114000,0.047000,0.000000,0.194995,0.111255,9.661212,-0.076202,-0.038634,-0.456412,22.9080,5.8308,-0.6025,-0.1947,1
1776592571.650216,521,1776592571.650216,1776592571.650264,1776592571.650825,1776592571.589074,4.450344,0.126409,-8.502368,0.112000,0.057000,0.000000,-0.056225,0.132788,10.303617,0.034637,0.023180,-0.400193,22.9150,5.8308,-0.6025,-0.1947,1
1776592571.700216,522,1776592571.700216,1776592571.700250,1776592571.650825,1776592571.589074,4.449134,0.120425,-8.524068,0.110000,0.053000,0.000000,0.168676,-0.099292,10.233037,-0.010125,-0.002931,-0.418044,22.9150,5.8308,-0.6025,-0.1947,1
1776592571.750203,523,1776592571.750203,1776592571.750246,1776592571.650825,1776592571.738254,4.447672,0.114313,-8.546811,0.114000,0.053000,0.000000,0.092114,0.165088,9.715045,-0.028509,-0.013056,-0.422041,22.9150,5.8411,-0.5966,-0.1876,1
1776592571.800245,524,1776592571.800245,1776592571.800291,1776592571.650825,1776592571.738254,4.446067,0.109011,-8.567479,0.102000,0.043000,0.000000,0.119629,-0.217724,11.480764,-0.067409,-0.036236,-0.439360,22.9150,5.8411,-0.5966,-0.1876,1
1776592571.850216,525,1776592571.850216,1776592571.850255,1776592571.650825,1776592571.738254,4.444170,0.103384,-8.590066,0.110000,0.045000,0.000000,-0.011963,0.163891,9.798785,0.003197,0.018917,-0.426304,22.9150,5.8411,-0.5966,-0.1876,1
1776592571.900539,526,1776592571.900539,1776592571.900581,1776592571.650825,1776592571.887597,4.442017,0.097933,-8.613768,0.109000,0.041000,0.000000,0.087329,-0.165088,10.200737,-0.002664,0.025045,-0.435896,22.9150,5.8511,-0.5912,-0.1806,1
1776592571.950323,527,1776592571.950323,1776592571.900581,1776592571.650825,1776592571.887597,4.439985,0.092038,-8.636759,0.114000,0.052000,0.000000,0.087329,-0.165088,10.200737,-0.002664,0.025045,-0.435896,22.9150,5.8511,-0.5912,-0.1806,1
1776592572.000218,528,1776592572.000218,1776592571.950366,1776592571.650825,1776592571.887597,4.437387,0.087090,-8.660219,0.107000,0.033000,0.000000,0.227294,0.026318,9.706671,-0.052489,-0.013855,-0.489717,22.9150,5.8511,-0.5912,-0.1806,1
1776592572.050207,529,1776592572.050207,1776592572.050250,1776592571.650825,1776592572.036845,4.434806,0.082052,-8.683065,0.107000,0.037000,0.000000,-0.074170,0.130395,9.396832,0.009325,0.001865,-0.435896,22.9150,5.8612,-0.5856,-0.1745,1
1776592572.100260,530,1776592572.100260,1776592572.050250,1776592571.650825,1776592572.036845,4.432201,0.076746,-8.706241,0.110000,0.043000,0.000000,-0.074170,0.130395,9.396832,0.009325,0.001865,-0.435896,22.9150,5.8612,-0.5856,-0.1745,1
1776592572.150172,531,1776592572.150172,1776592572.150241,1776592571.650825,1776592572.036845,4.429701,0.071112,-8.728651,0.112000,0.052000,0.000000,0.175854,0.332568,9.456647,-0.052489,-0.045828,-0.403657,22.9150,5.8612,-0.5856,-0.1745,1
1776592572.200241,532,1776592572.200241,1776592572.200288,1776592571.650825,1776592572.185673,4.427633,0.065077,-8.747977,0.109000,0.066000,0.000000,0.186621,-0.799120,9.115705,0.041565,0.037035,-0.358362,22.9150,5.8711,-0.5831,-0.1690,1
1776592572.253191,533,1776592572.253191,1776592572.200288,1776592572.253845,1776592572.185673,4.425206,0.059052,-8.768521,0.107000,0.060000,0.000000,0.186621,-0.799120,9.115705,0.041565,0.037035,-0.358362,22.9210,5.8711,-0.5831,-0.1690,1
1776592572.300159,534,1776592572.300159,1776592572.253229,1776592572.253845,1776592572.185673,4.422952,0.053819,-8.786510,0.106000,0.059000,0.000000,0.123218,0.071777,9.847833,0.006661,-0.009858,-0.375414,22.9210,5.8711,-0.5831,-0.1690,1
1776592572.350160,535,1776592572.350160,1776592572.350211,1776592572.253845,1776592572.334735,4.420221,0.047933,-8.807760,0.114000,0.062000,0.000000,0.161499,0.143554,10.000957,-0.066077,-0.025045,-0.382874,22.9210,5.8807,-0.5798,-0.1649,1
1776592572.401276,536,1776592572.401276,1776592572.350211,1776592572.253845,1776592572.334735,4.417594,0.042183,-8.827696,0.107000,0.062000,0.000000,0.161499,0.143554,10.000957,-0.066077,-0.025045,-0.382874,22.9210,5.8807,-0.5798,-0.1649,1
1776592572.450147,537,1776592572.450147,1776592572.450190,1776592572.253845,1776592572.334735,4.414714,0.036857,-8.848369,0.110000,0.057000,0.000000,-0.032300,0.142358,10.063164,-0.008260,0.007727,-0.391933,22.9210,5.8807,-0.5798,-0.1649,1
1776592572.500163,538,1776592572.500163,1776592572.450190,1776592572.253845,1776592572.484221,4.411806,0.031328,-8.868175,0.109000,0.061000,0.000000,-0.032300,0.142358,10.063164,-0.008260,0.007727,-0.391933,22.9210,5.8902,-0.5767,-0.1620,1
1776592572.550144,539,1776592572.550144,1776592572.500197,1776592572.253845,1776592572.484221,4.408595,0.025798,-8.889067,0.113000,0.060000,0.000000,0.061011,0.019141,9.540387,0.007727,0.000000,-0.378345,22.9210,5.8902,-0.5767,-0.1620,1
1776592572.600294,540,1776592572.600294,1776592572.600349,1776592572.253845,1776592572.484221,4.405464,0.020265,-8.908926,0.110000,0.063000,0.000000,0.053833,-0.318212,9.399225,0.060215,0.023980,-0.365556,22.9210,5.8902,-0.5767,-0.1620,1
1776592572.650158,541,1776592572.650158,1776592572.650198,1776592572.253845,1776592572.633197,4.402150,0.014889,-8.929769,0.111000,0.061000,0.000000,-0.001196,0.349316,10.406499,-0.007460,-0.006927,-0.406321,22.9210,5.8998,-0.5769,-0.1594,1
1776592572.700173,542,1776592572.700173,1776592572.700225,1776592572.253845,1776592572.633197,4.398613,0.009229,-8.950874,0.116000,0.066000,0.000000,0.125610,0.094507,9.771270,-0.001332,-0.001865,-0.382874,22.9210,5.8998,-0.5769,-0.1594,1
1776592572.750177,543,1776592572.750177,1776592572.700225,1776592572.253845,1776592572.633197,4.395245,0.004073,-8.970175,0.107000,0.061000,0.000000,0.125610,0.094507,9.771270,-0.001332,-0.001865,-0.382874,22.9210,5.8998,-0.5769,-0.1594,1
1776592572.800445,544,1776592572.800445,1776592572.750234,1776592572.253845,1776592572.782675,4.391623,-0.001110,-8.990535,0.110000,0.061000,0.000000,0.065796,0.099292,11.444876,-0.028776,-0.011723,-0.405522,22.9210,5.9093,-0.5760,-0.1589,1
1776592572.850133,545,1776592572.850133,1776592572.800519,1776592572.850886,1776592572.782675,4.387787,-0.006066,-9.011752,0.112000,0.058000,0.000000,0.172265,-0.161499,10.444779,0.039167,0.009858,-0.398861,22.9240,5.9093,-0.5760,-0.1589,1
1776592572.900199,546,1776592572.900199,1776592572.850175,1776592572.850886,1776592572.782675,4.383653,-0.011102,-9.034181,0.116000,0.059000,0.000000,-0.080151,0.051440,9.868170,0.003464,0.001865,-0.405788,22.9240,5.9093,-0.5760,-0.1589,1
1776592572.950132,547,1776592572.950132,1776592572.950177,1776592572.850886,1776592572.931268,4.379872,-0.015953,-9.053355,0.107000,0.061000,0.000000,-0.023926,-0.326586,8.669490,0.053554,0.046094,-0.402857,22.9240,5.9186,-0.5778,-0.1554,1
1776592573.000139,548,1776592573.000139,1776592572.950177,1776592572.850886,1776592572.931268,4.375651,-0.020549,-9.075109,0.112000,0.055000,0.000000,-0.023926,-0.326586,8.669490,0.053554,0.046094,-0.402857,22.9240,5.9186,-0.5778,-0.1554,1
1776592573.050133,549,1776592573.050133,1776592573.000183,1776592572.850886,1776592572.931268,4.371594,-0.025328,-9.095356,0.109000,0.062000,0.000000,0.089722,0.160302,9.796392,0.008793,0.031973,-0.414847,22.9240,5.9186,-0.5778,-0.1554,1
1776592573.100121,550,1776592573.100121,1776592573.100162,1776592572.850886,1776592573.080554,4.366967,-0.030027,-9.118001,0.118000,0.059000,0.000000,0.008374,0.218920,9.499713,-0.047160,-0.029841,-0.410584,22.9240,5.9276,-0.5769,-0.1505,1
1776592573.150123,551,1776592573.150123,1776592573.100162,1776592572.850886,1776592573.080554,4.362835,-0.034535,-9.137052,0.106000,0.061000,0.000000,0.008374,0.218920,9.499713,-0.047160,-0.029841,-0.410584,22.9240,5.9276,-0.5769,-0.1505,1
1776592573.200180,552,1776592573.200180,1776592573.150166,1776592572.850886,1776592573.080554,4.358002,-0.038314,-9.160928,0.114000,0.045000,0.000000,0.041870,-0.849364,9.097761,0.066610,0.026644,-0.376213,22.9240,5.9276,-0.5769,-0.1505,1
1776592573.250145,553,1776592573.250145,1776592573.250196,1776592572.850886,1776592573.230165,4.353207,-0.042405,-9.183412,0.114000,0.054000,0.000000,0.101684,-0.324194,9.776055,0.002931,-0.011723,-0.421508,22.9240,5.9364,-0.5762,-0.1476,1
1776592573.301677,554,1776592573.301677,1776592573.250196,1776592572.850886,1776592573.230165,4.348056,-0.046273,-9.207838,0.115000,0.049000,0.000000,0.101684,-0.324194,9.776055,0.002931,-0.011723,-0.421508,22.9240,5.9364,-0.5762,-0.1476,1
1776592573.350113,555,1776592573.350113,1776592573.350157,1776592572.850886,1776592573.230165,4.343406,-0.049480,-9.229344,0.108000,0.044000,0.000000,-0.008374,-0.424682,10.247393,0.033571,0.020516,-0.426304,22.9240,5.9364,-0.5762,-0.1476,1
1776592573.400114,556,1776592573.400114,1776592573.350157,1776592572.850886,1776592573.379018,4.338360,-0.052569,-9.252694,0.111000,0.041000,0.000000,-0.008374,-0.424682,10.247393,0.033571,0.020516,-0.426304,22.9240,5.9449,-0.5747,-0.1446,1
1776592573.450161,557,1776592573.450161,1776592573.450206,1776592573.451160,1776592573.379018,4.333024,-0.055478,-9.277868,0.115000,0.039000,0.000000,-0.011963,0.136377,9.674371,-0.032506,-0.005595,-0.481990,22.9310,5.9449,-0.5747,-0.1446,1
1776592573.500118,558,1776592573.500118,1776592573.500161,1776592573.451160,1776592573.379018,4.327666,-0.057836,-9.303596,0.113000,0.031000,0.000000,-0.008374,-0.206958,11.618337,-0.070340,-0.033305,-0.517160,22.9310,5.9449,-0.5747,-0.1446,1
1776592573.550133,559,1776592573.550133,1776592573.500161,1776592573.451160,1776592573.528718,4.322354,-0.060548,-9.327353,0.112000,0.041000,0.000000,-0.008374,-0.206958,11.618337,-0.070340,-0.033305,-0.517160,22.9310,5.9531,-0.5733,-0.1374,1
1776592573.600166,560,1776592573.600166,1776592573.550184,1776592573.451160,1776592573.528718,4.316832,-0.063200,-9.351870,0.115000,0.042000,0.000000,-0.080151,0.331371,10.339506,-0.008526,0.011990,-0.482789,22.9310,5.9531,-0.5733,-0.1374,1
1776592573.650157,561,1776592573.650157,1776592573.650202,1776592573.451160,1776592573.528718,4.311226,-0.066065,-9.376065,0.116000,0.049000,0.000000,0.167480,0.211743,9.358551,-0.062081,-0.033571,-0.458277,22.9310,5.9531,-0.5733,-0.1374,1
1776592573.700114,562,1776592573.700114,1776592573.700159,1776592573.451160,1776592573.678099,4.305691,-0.069486,-9.397047,0.114000,0.063000,0.000000,0.138769,-0.540722,8.763997,0.043163,0.044229,-0.422307,22.9310,5.9614,-0.5716,-0.1303,1
1776592573.750115,563,1776592573.750115,1776592573.750168,1776592573.451160,1776592573.678099,4.300209,-0.071989,-9.419797,0.111000,0.047000,0.000000,-0.159106,0.228491,10.030865,-0.004529,-0.019184,-0.425505,22.9310,5.9614,-0.5716,-0.1303,1
1776592573.800104,564,1776592573.800104,1776592573.800148,1776592573.451160,1776592573.678099,4.294573,-0.074767,-9.441742,0.113000,0.055000,0.000000,0.013159,0.112451,9.439898,0.016786,0.007993,-0.396196,22.9310,5.9614,-0.5716,-0.1303,1
1776592573.850209,565,1776592573.850209,1776592573.850251,1776592573.451160,1776592573.826121,4.288920,-0.077176,-9.464440,0.112000,0.050000,0.000000,0.175854,0.197387,11.292947,-0.067676,-0.045561,-0.436695,22.9310,5.9692,-0.5694,-0.1246,1
1776592573.900089,566,1776592573.900089,1776592573.850251,1776592573.451160,1776592573.826121,4.283327,-0.079750,-9.485439,0.110000,0.056000,0.000000,0.175854,0.197387,11.292947,-0.067676,-0.045561,-0.436695,22.9310,5.9692,-0.5694,-0.1246,1
1776592573.950078,567,1776592573.950078,1776592573.900166,1776592573.451160,1776592573.826121,4.277928,-0.081225,-9.508235,0.106000,0.036000,0.000000,-0.184228,0.009570,9.852617,0.071139,0.035170,-0.367154,22.9310,5.9692,-0.5694,-0.1246,1
1776592574.000132,568,1776592574.000132,1776592574.000175,1776592573.451160,1776592573.975263,4.272308,-0.082965,-9.530859,0.109000,0.044000,0.000000,0.039477,-0.016748,9.792804,-0.003464,0.001865,-0.420709,22.9310,5.9771,-0.5665,-0.1213,1
1776592574.050046,569,1776592574.050046,1776592574.000175,1776592574.050847,1776592573.975263,4.266932,-0.083948,-9.554668,0.105000,0.031000,0.000000,0.039477,-0.016748,9.792804,-0.003464,0.001865,-0.420709,22.9370,5.9771,-0.5665,-0.1213,1
1776592574.100093,570,1776592574.100093,1776592574.050090,1776592574.050847,1776592573.975263,4.261633,-0.084720,-9.578341,0.103000,0.029000,0.000000,0.098096,-0.331371,11.022586,-0.005329,0.012523,-0.465204,22.9370,5.9771,-0.5665,-0.1213,1
1776592574.150052,571,1776592574.150052,1776592574.100134,1776592574.050847,1776592574.125022,4.255984,-0.085615,-9.602521,0.109000,0.035000,0.000000,0.051440,0.056225,10.276103,0.022115,0.046094,-0.440159,22.9370,5.9851,-0.5643,-0.1141,1
1776592574.200159,572,1776592574.200159,1776592574.200201,1776592574.050847,1776592574.125022,4.250340,-0.086994,-9.623666,0.106000,0.047000,0.000000,0.107666,0.382812,9.877740,-0.019450,-0.001599,-0.422041,22.9370,5.9851,-0.5643,-0.1141,1
1776592574.250070,573,1776592574.250070,1776592574.250125,1776592574.050847,1776592574.125022,4.244789,-0.088522,-9.643230,0.103000,0.052000,0.000000,0.165088,0.387597,10.563212,-0.009059,-0.006927,-0.397528,22.9370,5.9851,-0.5643,-0.1141,1
1776592574.300057,574,1776592574.300057,1776592574.300110,1776592574.050847,1776592574.273781,4.238754,-0.090101,-9.664276,0.111000,0.057000,0.000000,0.072973,0.003589,9.950713,0.019184,0.035437,-0.347971,22.9370,5.9928,-0.5586,-0.1087,1
1776592574.350091,575,1776592574.350091,1776592574.350141,1776592574.050847,1776592574.273781,4.232708,-0.091663,-9.685189,0.110000,0.059000,0.000000,0.095703,-0.173462,9.487750,0.017585,0.021848,-0.373549,22.9370,5.9928,-0.5586,-0.1087,1
1776592574.400059,576,1776592574.400059,1776592574.350141,1776592574.050847,1776592574.273781,4.226444,-0.093045,-9.706726,0.114000,0.059000,0.000000,0.095703,-0.173462,9.487750,0.017585,0.021848,-0.373549,22.9370,5.9928,-0.5586,-0.1087,1
1776592574.450028,577,1776592574.450028,1776592574.400102,1776592574.050847,1776592574.423593,4.220570,-0.094465,-9.725564,0.105000,0.060000,0.000000,0.224902,0.175854,9.604986,-0.019983,-0.010658,-0.402591,22.9370,6.0006,-0.5501,-0.1043,1
1776592574.500114,578,1776592574.500114,1776592574.500157,1776592574.050847,1776592574.423593,4.214197,-0.095740,-9.746700,0.114000,0.062000,0.000000,0.106470,0.095703,9.837066,0.018118,0.022647,-0.407920,22.9370,6.0006,-0.5501,-0.1043,1
1776592574.550018,579,1776592574.550018,1776592574.550061,1776592574.050847,1776592574.423593,4.207868,-0.097048,-9.767111,0.112000,0.065000,0.000000,-0.021533,-0.118432,10.289263,0.012789,0.001332,-0.374082,22.9370,6.0006,-0.5501,-0.1043,1
1776592574.600070,580,1776592574.600070,1776592574.550061,1776592574.050847,1776592574.572316,4.201179,-0.098225,-9.788833,0.118000,0.067000,0.000000,-0.021533,-0.118432,10.289263,0.012789,0.001332,-0.374082,22.9370,6.0082,-0.5432,-0.1019,1
1776592574.650024,581,1776592574.650024,1776592574.600115,1776592574.050847,1776592574.572316,4.195081,-0.099216,-9.808065,0.107000,0.062000,0.000000,0.106470,0.240454,9.578668,-0.043696,-0.023447,-0.404456,22.9370,6.0082,-0.5432,-0.1019,1
1776592574.700075,582,1776592574.700075,1776592574.650068,1776592574.651232,1776592574.572316,4.188834,-0.099719,-9.829536,0.112000,0.056000,0.000000,0.071777,-0.907982,9.895684,0.058084,0.019450,-0.358895,22.9390,6.0082,-0.5432,-0.1019,1
1776592574.750052,583,1776592574.750052,1776592574.700118,1776592574.651232,1776592574.721538,4.182429,-0.100455,-9.849977,0.112000,0.064000,0.000000,-0.094507,0.296679,9.419562,0.005862,0.003464,-0.392999,22.9390,6.0155,-0.5332,-0.0970,1
1776592574.800069,584,1776592574.800069,1776592574.750098,1776592574.651232,1776592574.721538,4.175712,-0.100982,-9.871935,0.118000,0.065000,0.000000,0.010767,-0.172265,9.370514,-0.005062,0.000266,-0.378345,22.9390,6.0155,-0.5332,-0.0970,1
1776592574.850001,585,1776592574.850001,1776592574.800116,1776592574.651232,1776592574.721538,4.169532,-0.101396,-9.891459,0.108000,0.061000,0.000000,-0.028711,0.043066,9.852617,-0.072205,-0.040499,-0.411650,22.9390,6.0155,-0.5332,-0.0970,1
1776592574.900077,586,1776592574.900077,1776592574.850044,1776592574.651232,1776592574.869584,4.163195,-0.101511,-9.912289,0.112000,0.059000,0.000000,0.166284,-0.782372,8.482869,0.034104,0.012789,-0.392200,22.9390,6.0226,-0.5234,-0.0898,1
1776592574.949988,587,1776592574.949988,1776592574.950031,1776592574.651232,1776592574.869584,4.156759,-0.101715,-9.932704,0.112000,0.064000,0.000000,0.074170,0.101684,9.746148,-0.024246,-0.002132,-0.389535,22.9390,6.0226,-0.5234,-0.0898,1
1776592574.999999,588,1776592574.999999,1776592574.950031,1776592574.651232,1776592574.869584,4.150576,-0.101822,-9.952107,0.107000,0.062000,0.000000,0.074170,0.101684,9.746148,-0.024246,-0.002132,-0.389535,22.9390,6.0226,-0.5234,-0.0898,1
1776592575.049981,589,1776592575.049981,1776592575.000101,1776592574.651232,1776592575.018410,4.144383,-0.101628,-9.972301,0.109000,0.059000,0.000000,-0.017944,-0.180639,11.529812,-0.066344,-0.037568,-0.412183,22.9390,6.0296,-0.5141,-0.0832,1
1776592575.100099,590,1776592575.100099,1776592575.100144,1776592574.651232,1776592575.018410,4.138123,-0.101327,-9.992560,0.110000,0.060000,0.000000,0.019141,-0.173462,10.294047,-0.000533,0.000266,-0.408186,22.9390,6.0296,-0.5141,-0.0832,1
1776592575.150037,591,1776592575.150037,1776592575.100144,1776592574.651232,1776592575.018410,4.131642,-0.100694,-10.014774,0.116000,0.059000,0.000000,0.019141,-0.173462,10.294047,-0.000533,0.000266,-0.408186,22.9390,6.0296,-0.5141,-0.0832,1
1776592575.200077,592,1776592575.200077,1776592575.150079,1776592574.651232,1776592575.167172,4.125356,-0.100279,-10.034639,0.109000,0.063000,0.000000,0.159106,0.172265,9.515265,-0.040232,-0.016253,-0.409252,22.9390,6.0366,-0.5048,-0.0801,1
1776592575.250019,593,1776592575.250019,1776592575.250063,1776592575.250830,1776592575.167172,4.119389,-0.098791,-10.058662,0.115000,0.044000,0.000000,0.078955,0.264379,10.206718,-0.009059,-0.039700,-0.430034,22.9430,6.0366,-0.5048,-0.0801,1
1776592575.300069,594,1776592575.300069,1776592575.250063,1776592575.250830,1776592575.167172,4.113452,-0.097657,-10.079683,0.109000,0.052000,0.000000,0.078955,0.264379,10.206718,-0.009059,-0.039700,-0.430034,22.9430,6.0366,-0.5048,-0.0801,1
1776592575.349963,595,1776592575.349963,1776592575.350006,1776592575.250830,1776592575.316171,4.107083,-0.096037,-10.104432,0.121000,0.052000,0.000000,0.043066,0.267968,9.677959,-0.072472,-0.015986,-0.451882,22.9430,6.0433,-0.4970,-0.0770,1
1776592575.399987,596,1776592575.399987,1776592575.400095,1776592575.250830,1776592575.316171,4.101099,-0.094610,-10.126442,0.111000,0.053000,0.000000,0.119629,-0.565844,8.632405,0.063946,0.046094,-0.410584,22.9430,6.0433,-0.4970,-0.0770,1
1776592575.449997,597,1776592575.449997,1776592575.400095,1776592575.250830,1776592575.316171,4.095356,-0.092572,-10.150798,0.114000,0.043000,0.000000,0.119629,-0.565844,8.632405,0.063946,0.046094,-0.410584,22.9430,6.0433,-0.4970,-0.0770,1
1776592575.499948,598,1776592575.499948,1776592575.450038,1776592575.250830,1776592575.464613,4.090057,-0.090339,-10.174375,0.109000,0.037000,0.000000,-0.096899,0.032300,9.552350,-0.004263,0.007194,-0.457478,22.9430,6.0499,-0.4880,-0.0759,1
1776592575.549947,599,1776592575.549947,1776592575.499990,1776592575.250830,1776592575.464613,4.084442,-0.087639,-10.200524,0.119000,0.037000,0.000000,-0.039477,0.162695,9.541583,0.015720,0.009325,-0.429501,22.9430,6.0499,-0.4880,-0.0759,1
1776592575.599998,600,1776592575.599998,1776592575.549991,1776592575.250830,1776592575.464613,4.079075,-0.085320,-10.223797,0.109000,0.042000,0.000000,0.240454,0.057422,9.467413,-0.076202,-0.038900,-0.498509,22.9430,6.0499,-0.4880,-0.0759,1
1776592575.649983,601,1776592575.649983,1776592575.600174,1776592575.250830,1776592575.613953,4.073918,-0.082457,-10.249240,0.113000,0.034000,0.000000,-0.004785,0.270361,9.715045,0.059416,0.028243,-0.428436,22.9430,6.0560,-0.4801,-0.0766,1
1776592575.699934,602,1776592575.699934,1776592575.650027,1776592575.250830,1776592575.613953,4.068260,-0.079797,-10.273167,0.116000,0.047000,0.000000,0.135180,-0.062207,9.878936,0.008260,-0.016253,-0.463339,22.9430,6.0560,-0.4801,-0.0766,1
1776592575.749942,603,1776592575.749942,1776592575.749993,1776592575.250830,1776592575.613953,4.062606,-0.077315,-10.295421,0.112000,0.052000,0.000000,0.062207,-0.110058,9.048713,0.037035,0.033305,-0.432432,22.9430,6.0560,-0.4801,-0.0766,1
1776592575.799931,604,1776592575.799931,1776592575.799975,1776592575.250830,1776592575.762076,4.057176,-0.074438,-10.319315,0.114000,0.046000,0.000000,-0.214135,0.223706,9.795196,0.011990,0.018384,-0.428702,22.9430,6.0623,-0.4754,-0.0814,1
1776592575.850001,605,1776592575.850001,1776592575.799975,1776592575.850720,1776592575.762076,4.051659,-0.071804,-10.340694,0.110000,0.053000,0.000000,-0.214135,0.223706,9.795196,0.011990,0.018384,-0.428702,22.9480,6.0623,-0.4754,-0.0814,1
1776592575.899992,606,1776592575.899992,1776592575.850044,1776592575.850720,1776592575.762076,4.046544,-0.068672,-10.364242,0.112000,0.043000,0.000000,-0.027515,-0.253613,9.295148,0.014921,0.008260,-0.395397,22.9480,6.0623,-0.4754,-0.0814,1
1776592575.949918,607,1776592575.949918,1776592575.900084,1776592575.850720,1776592575.910538,4.040965,-0.065948,-10.384961,0.110000,0.058000,0.000000,0.179443,0.052637,9.537994,-0.053022,-0.030641,-0.430301,22.9480,6.0684,-0.4706,-0.0864,1
1776592575.999928,608,1776592575.999928,1776592575.949960,1776592575.850720,1776592575.910538,4.035954,-0.062801,-10.407764,0.109000,0.046000,0.000000,0.066992,-0.850560,9.504498,0.067409,0.033838,-0.384739,22.9480,6.0684,-0.4706,-0.0864,1
1776592576.049984,609,1776592576.049984,1776592575.999975,1776592575.850720,1776592575.910538,4.031249,-0.059260,-10.431592,0.111000,0.039000,0.000000,0.059814,-0.113647,9.685138,-0.012256,-0.008526,-0.450284,22.9480,6.0684,-0.4706,-0.0864,1
1776592576.099919,610,1776592576.099919,1776592576.050032,1776592575.850720,1776592576.059332,4.026644,-0.055436,-10.456360,0.114000,0.037000,0.000000,0.004785,-0.077759,9.539190,0.008526,0.025312,-0.417511,22.9480,6.0742,-0.4653,-0.0885,1
1776592576.149915,611,1776592576.149915,1776592576.099962,1776592575.850720,1776592576.059332,4.022224,-0.052139,-10.477458,0.102000,0.042000,0.000000,0.312231,-0.070581,9.932769,-0.070074,-0.021049,-0.463606,22.9480,6.0742,-0.4653,-0.0885,1
1776592576.199911,612,1776592576.199911,1776592576.149959,1776592575.850720,1776592576.059332,4.017955,-0.048184,-10.502305,0.111000,0.035000,0.000000,0.105273,-0.465356,8.968562,0.044229,0.064478,-0.407387,22.9480,6.0742,-0.4653,-0.0885,1
1776592576.249927,613,1776592576.249927,1776592576.249980,1776592575.850720,1776592576.207789,4.013171,-0.044566,-10.524262,0.109000,0.050000,0.000000,-0.050244,0.098096,9.224567,0.020516,0.015454,-0.416712,22.9480,6.0800,-0.4643,-0.0918,1
1776592576.299946,614,1776592576.299946,1776592576.249980,1776592575.850720,1776592576.207789,4.008332,-0.040689,-10.546822,0.113000,0.051000,0.000000,-0.050244,0.098096,9.224567,0.020516,0.015454,-0.416712,22.9480,6.0800,-0.4643,-0.0918,1
1776592576.349944,615,1776592576.349944,1776592576.300123,1776592575.850720,1776592576.207789,4.003465,-0.037150,-10.566371,0.106000,0.057000,0.000000,0.214135,0.167480,10.326347,-0.077268,-0.050357,-0.420709,22.9480,6.0800,-0.4643,-0.0918,1
1776592576.399899,616,1776592576.399899,1776592576.349988,1776592575.850720,1776592576.356483,3.998540,-0.033471,-10.586153,0.108000,0.059000,0.000000,0.088525,-0.358886,8.896785,0.008260,0.043430,-0.381276,22.9480,6.0853,-0.4626,-0.0993,1
1776592576.449939,617,1776592576.449939,1776592576.399945,1776592576.450702,1776592576.356483,3.993746,-0.029714,-10.606270,0.107000,0.058000,0.000000,-0.023926,-0.062207,10.197148,0.004529,-0.000266,-0.390068,22.9520,6.0853,-0.4626,-0.0993,1
1776592576.499896,618,1776592576.499896,1776592576.449983,1776592576.450702,1776592576.356483,3.989093,-0.026007,-10.625503,0.104000,0.058000,0.000000,-0.011963,0.057422,9.700689,-0.021848,-0.011190,-0.370352,22.9520,6.0853,-0.4626,-0.0993,1
1776592576.549980,619,1776592576.549980,1776592576.499940,1776592576.450702,1776592576.505613,3.984522,-0.021979,-10.645988,0.108000,0.056000,0.000000,0.014355,-0.199780,11.227151,-0.062347,-0.040499,-0.401525,22.9520,6.0905,-0.4620,-0.1077,1
1776592576.599920,620,1776592576.599920,1776592576.599962,1776592576.450702,1776592576.505613,3.979830,-0.018002,-10.665114,0.107000,0.061000,0.000000,0.100488,-0.082544,10.401713,-0.010125,-0.003730,-0.394864,22.9520,6.0905,-0.4620,-0.1077,1
1776592576.649919,621,1776592576.649919,1776592576.599962,1776592576.450702,1776592576.505613,3.974969,-0.013696,-10.685514,0.113000,0.064000,0.000000,0.100488,-0.082544,10.401713,-0.010125,-0.003730,-0.394864,22.9520,6.0905,-0.4620,-0.1077,1
1776592576.699867,622,1776592576.699867,1776592576.649961,1776592576.450702,1776592576.654549,3.970327,-0.009519,-10.704993,0.108000,0.063000,0.000000,0.104077,0.119629,9.547565,-0.034104,-0.013855,-0.390068,22.9520,6.0954,-0.4613,-0.1150,1
1776592576.749968,623,1776592576.749968,1776592576.750012,1776592576.450702,1776592576.654549,3.965762,-0.004923,-10.726387,0.114000,0.061000,0.000000,0.031103,0.000000,10.376592,0.041565,0.019717,-0.405522,22.9520,6.0954,-0.4613,-0.1150,1
1776592576.799861,624,1776592576.799861,1776592576.799907,1776592576.450702,1776592576.654549,3.961198,-0.000385,-10.746345,0.112000,0.064000,0.000000,0.028711,-0.276342,9.844244,0.002398,0.004529,-0.399926,22.9520,6.0954,-0.4613,-0.1150,1
1776592576.849888,625,1776592576.849888,1776592576.849949,1776592576.450702,1776592576.803665,3.956493,0.004715,-10.769105,0.122000,0.066000,0.000000,0.068188,0.276342,9.865777,-0.027177,-0.001865,-0.418577,22.9520,6.1004,-0.4592,-0.1202,1
1776592576.900149,626,1776592576.900149,1776592576.900187,1776592576.450702,1776592576.803665,3.952045,0.009467,-10.789714,0.112000,0.065000,0.000000,0.173462,-0.906785,8.443392,0.069807,0.035437,-0.383141,22.9520,6.1004,-0.4592,-0.1202,1
1776592576.949860,627,1776592576.949860,1776592576.900187,1776592576.450702,1776592576.803665,3.947870,0.014385,-10.810941,0.114000,0.062000,0.000000,0.173462,-0.906785,8.443392,0.069807,0.035437,-0.383141,22.9520,6.1004,-0.4592,-0.1202,1
1776592576.999915,628,1776592576.999915,1776592576.999954,1776592576.450702,1776592576.954077,3.943894,0.019040,-10.830112,0.106000,0.061000,0.000000,-0.001196,0.053833,9.503302,0.013588,-0.002664,-0.362891,22.9520,6.1054,-0.4589,-0.1253,1
1776592577.049876,629,1776592577.049876,1776592576.999954,1776592576.450702,1776592576.954077,3.939951,0.024155,-10.851341,0.114000,0.061000,0.000000,-0.001196,0.053833,9.503302,0.013588,-0.002664,-0.362891,22.9520,6.1054,-0.4589,-0.1253,1
1776592577.099808,630,1776592577.099808,1776592577.049929,1776592577.056521,1776592576.954077,3.936146,0.029154,-10.871668,0.110000,0.061000,0.000000,0.165088,0.242846,9.462628,-0.045828,-0.033039,-0.404189,22.9590,6.1054,-0.4589,-0.1253,1
1776592577.153105,631,1776592577.153105,1776592577.099844,1776592577.056521,1776592577.101842,3.932513,0.034609,-10.894691,0.110000,0.055000,0.000000,-0.007178,-0.208154,9.588239,0.060748,0.020516,-0.369286,22.9590,6.1103,-0.4568,-0.1293,1
1776592577.199849,632,1776592577.199849,1776592577.153160,1776592577.056521,1776592577.101842,3.929475,0.039563,-10.915165,0.112000,0.054000,0.000000,-0.150732,0.189013,9.485357,0.002398,-0.003997,-0.414581,22.9590,6.1103,-0.4568,-0.1293,1
1776592577.249919,633,1776592577.249919,1776592577.199893,1776592577.056521,1776592577.101842,3.926603,0.044656,-10.935893,0.106000,0.049000,0.000000,0.025122,0.185424,9.829888,0.002132,0.003197,-0.392733,22.9590,6.1103,-0.4568,-0.1293,1
1776592577.299820,634,1776592577.299820,1776592577.299856,1776592577.056521,1776592577.255321,3.923937,0.049946,-10.958252,0.109000,0.047000,0.000000,0.029907,0.342138,10.382573,0.037035,0.019450,-0.395663,22.9590,6.1147,-0.4585,-0.1319,1
1776592577.349833,635,1776592577.349833,1776592577.349879,1776592577.056521,1776592577.255321,3.920985,0.055291,-10.979406,0.109000,0.055000,0.000000,0.118432,-0.122021,9.936357,0.007993,0.005329,-0.424439,22.9590,6.1147,-0.4585,-0.1319,1
1776592577.399834,636,1776592577.399834,1776592577.399882,1776592577.056521,1776592577.400906,3.918291,0.061098,-11.002956,0.117000,0.052000,0.000000,0.071777,0.250024,9.894487,-0.026910,-0.017851,-0.419643,22.9590,6.1191,-0.4595,-0.1314,1
1776592577.449924,637,1776592577.449924,1776592577.399882,1776592577.056521,1776592577.400906,3.915376,0.066580,-11.023092,0.109000,0.059000,0.000000,0.071777,0.250024,9.894487,-0.026910,-0.017851,-0.419643,22.9590,6.1191,-0.4595,-0.1314,1
1776592577.499856,638,1776592577.499856,1776592577.499891,1776592577.056521,1776592577.400906,3.913240,0.072483,-11.047562,0.117000,0.046000,0.000000,0.034692,-0.045459,9.532013,0.006927,0.019983,-0.443889,22.9590,6.1191,-0.4595,-0.1314,1
1776592577.549845,639,1776592577.549845,1776592577.549898,1776592577.056521,1776592577.549424,3.911135,0.078199,-11.070655,0.112000,0.048000,0.000000,0.051440,-0.271557,10.042828,0.013588,0.000266,-0.375680,22.9590,6.1234,-0.4602,-0.1307,1
1776592577.599878,640,1776592577.599878,1776592577.549898,1776592577.056521,1776592577.549424,3.909690,0.084328,-11.097373,0.120000,0.038000,0.000000,0.051440,-0.271557,10.042828,0.013588,0.000266,-0.375680,22.9590,6.1234,-0.4602,-0.1307,1
1776592577.649876,641,1776592577.649876,1776592577.649971,1776592577.651091,1776592577.549424,3.907816,0.090098,-11.119771,0.111000,0.049000,0.000000,0.077759,-0.849364,9.810748,0.026910,0.023447,-0.406321,22.9630,6.1234,-0.4602,-0.1307,1
1776592577.699848,642,1776592577.699848,1776592577.699900,1776592577.651091,1776592577.699299,3.906706,0.096129,-11.145708,0.117000,0.037000,0.000000,0.168676,-0.160302,9.663605,-0.012256,-0.014921,-0.489983,22.9630,6.1277,-0.4627,-0.1271,1
1776592577.749830,643,1776592577.749830,1776592577.699900,1776592577.651091,1776592577.699299,3.905589,0.102111,-11.170547,0.115000,0.040000,0.000000,0.168676,-0.160302,9.663605,-0.012256,-0.014921,-0.489983,22.9630,6.1277,-0.4627,-0.1271,1
1776592577.799826,644,1776592577.799826,1776592577.749886,1776592577.651091,1776592577.699299,3.904618,0.107817,-11.193895,0.109000,0.039000,0.000000,-0.166284,0.094507,9.189875,0.012789,0.016253,-0.447353,22.9630,6.1277,-0.4627,-0.1271,1
1776592577.849817,645,1776592577.849817,1776592577.799880,1776592577.651091,1776592577.847620,3.903486,0.113347,-11.215240,0.104000,0.044000,0.000000,0.283520,0.066992,10.453154,-0.077268,-0.045028,-0.460675,22.9630,6.1322,-0.4653,-0.1204,1
1776592577.899828,646,1776592577.899828,1776592577.899870,1776592577.651091,1776592577.847620,3.901913,0.119387,-11.236446,0.111000,0.057000,0.000000,0.116040,-0.094507,10.356255,-0.004796,0.001066,-0.410051,22.9630,6.1322,-0.4653,-0.1204,1
1776592577.949801,647,1776592577.949801,1776592577.899870,1776592577.651091,1776592577.847620,3.900639,0.125515,-11.258735,0.113000,0.054000,0.000000,0.116040,-0.094507,10.356255,-0.004796,0.001066,-0.410051,22.9630,6.1322,-0.4653,-0.1204,1
1776592577.999773,648,1776592577.999773,1776592577.949850,1776592577.651091,1776592577.998221,3.899332,0.131612,-11.279773,0.111000,0.057000,0.000000,0.032300,0.226098,9.488947,-0.037568,-0.018651,-0.404456,22.9630,6.1365,-0.4655,-0.1107,1
1776592578.049777,649,1776592578.049777,1776592577.999823,1776592577.651091,1776592577.998221,3.898968,0.137500,-11.303325,0.111000,0.040000,0.000000,0.062207,-0.799120,11.336013,-0.037568,-0.024512,-0.437494,22.9630,6.1365,-0.4655,-0.1107,1
1776592578.099878,650,1776592578.099878,1776592578.049816,1776592577.651091,1776592577.998221,3.898198,0.143843,-11.326470,0.116000,0.053000,0.000000,-0.092114,0.272753,9.472198,0.000000,-0.001066,-0.440425,22.9630,6.1365,-0.4655,-0.1107,1
1776592578.149759,651,1776592578.149759,1776592578.149802,1776592577.651091,1776592578.145980,3.897862,0.150235,-11.351411,0.119000,0.048000,0.000000,0.088525,0.218920,9.748541,-0.064212,-0.041298,-0.464938,22.9630,6.1405,-0.4694,-0.1014,1
1776592578.199741,652,1776592578.199741,1776592578.149802,1776592577.651091,1776592578.145980,3.897635,0.156079,-11.373504,0.108000,0.045000,0.000000,0.088525,0.218920,9.748541,-0.064212,-0.041298,-0.464938,22.9630,6.1405,-0.4694,-0.1014,1
1776592578.249768,653,1776592578.249768,1776592578.199776,1776592578.250506,1776592578.145980,3.897610,0.161847,-11.395665,0.107000,0.043000,0.000000,0.092114,-0.669921,8.700594,0.069274,0.043430,-0.402324,22.9650,6.1405,-0.4694,-0.1014,1
1776592578.299758,654,1776592578.299758,1776592578.299799,1776592578.250506,1776592578.294558,3.898444,0.167411,-11.420710,0.109000,0.028000,0.000000,-0.266772,0.142358,9.194660,0.021848,0.026644,-0.433498,22.9650,6.1446,-0.4763,-0.0945,1
1776592578.352875,655,1776592578.352875,1776592578.299799,1776592578.250506,1776592578.294558,3.899129,0.173688,-11.447155,0.113000,0.037000,0.000000,-0.266772,0.142358,9.194660,0.021848,0.026644,-0.433498,22.9650,6.1446,-0.4763,-0.0945,1
1776592578.400081,656,1776592578.400081,1776592578.400162,1776592578.250506,1776592578.294558,3.899595,0.178754,-11.467664,0.101000,0.038000,0.000000,0.008374,0.047851,9.109724,0.066876,0.043696,-0.364223,22.9650,6.1446,-0.4763,-0.0945,1
1776592578.449738,657,1776592578.449738,1776592578.449781,1776592578.250506,1776592578.443243,3.899269,0.184895,-11.486910,0.107000,0.062000,0.000000,0.071777,-0.001196,9.570294,-0.003197,-0.008526,-0.384739,22.9650,6.1486,-0.4828,-0.0850,1
1776592578.499791,658,1776592578.499791,1776592578.499846,1776592578.250506,1776592578.443243,3.899103,0.191058,-11.506280,0.107000,0.061000,0.000000,0.046655,0.075366,9.680352,0.012523,0.011723,-0.350102,22.9650,6.1486,-0.4828,-0.0850,1
1776592578.549728,659,1776592578.549728,1776592578.499846,1776592578.250506,1776592578.443243,3.899054,0.197611,-11.526855,0.114000,0.065000,0.000000,0.046655,0.075366,9.680352,0.012523,0.011723,-0.350102,22.9650,6.1486,-0.4828,-0.0850,1
1776592578.599746,660,1776592578.599746,1776592578.549778,1776592578.250506,1776592578.593350,3.899107,0.204020,-11.547063,0.111000,0.064000,0.000000,0.259594,0.391186,9.607379,-0.045028,-0.013855,-0.379144,22.9650,6.1527,-0.4873,-0.0727,1
1776592578.649795,661,1776592578.649795,1776592578.599789,1776592578.250506,1776592578.593350,3.899273,0.210499,-11.567483,0.112000,0.065000,0.000000,0.095703,-0.443822,9.515265,0.064478,0.014121,-0.366888,22.9650,6.1527,-0.4873,-0.0727,1
1776592578.699767,662,1776592578.699767,1776592578.649841,1776592578.250506,1776592578.593350,3.899611,0.217115,-11.588220,0.115000,0.066000,0.000000,-0.141162,0.305053,9.572686,0.005329,0.003464,-0.394864,22.9650,6.1527,-0.4873,-0.0727,1
1776592578.749710,663,1776592578.749710,1776592578.699836,1776592578.250506,1776592578.740960,3.900069,0.223250,-11.607550,0.107000,0.061000,0.000000,0.135180,0.021533,9.779644,-0.003730,-0.004263,-0.387404,22.9650,6.1566,-0.4937,-0.0579,1
1776592578.799730,664,1776592578.799730,1776592578.749758,1776592578.250506,1776592578.740960,3.900703,0.229466,-11.627858,0.109000,0.061000,0.000000,0.051440,0.221313,11.223562,-0.017585,-0.019983,-0.403124,22.9650,6.1566,-0.4937,-0.0579,1
1776592578.849740,665,1776592578.849740,1776592578.799768,1776592578.250506,1776592578.740960,3.901324,0.235644,-11.647412,0.107000,0.063000,0.000000,-0.061011,0.026318,10.496220,0.038367,0.030108,-0.387404,22.9650,6.1566,-0.4937,-0.0579,1
1776592578.899740,666,1776592578.899740,1776592578.899791,1776592578.851046,1776592578.889684,3.902247,0.242046,-11.668311,0.113000,0.063000,0.000000,0.191406,0.190210,9.799981,-0.024246,-0.020782,-0.386871,22.9690,6.1604,-0.4990,-0.0450,1
1776592578.949694,667,1776592578.949694,1776592578.949740,1776592578.851046,1776592578.889684,3.903172,0.248017,-11.687096,0.105000,0.060000,0.000000,-0.016748,-0.177050,11.565701,0.052489,0.034904,-0.369552,22.9690,6.1604,-0.4990,-0.0450,1
1776592578.999750,668,1776592578.999750,1776592578.999785,1776592578.851046,1776592578.889684,3.904594,0.254052,-11.708670,0.111000,0.055000,0.000000,0.041870,0.301464,9.616949,0.022381,0.025045,-0.396729,22.9690,6.1604,-0.4990,-0.0450,1
1776592579.049782,669,1776592579.049782,1776592579.049831,1776592578.851046,1776592579.038895,3.905806,0.260347,-11.728932,0.111000,0.064000,0.000000,0.126806,-0.148340,10.140923,-0.001599,0.001066,-0.404722,22.9690,6.1640,-0.5064,-0.0329,1
1776592579.099686,670,1776592579.099686,1776592579.049831,1776592578.851046,1776592579.038895,3.907549,0.266905,-11.752038,0.121000,0.062000,0.000000,0.126806,-0.148340,10.140923,-0.001599,0.001066,-0.404722,22.9690,6.1640,-0.5064,-0.0329,1
1776592579.150767,671,1776592579.150767,1776592579.150823,1776592578.851046,1776592579.038895,3.909135,0.273274,-11.772521,0.112000,0.063000,0.000000,0.007178,-0.868504,9.975835,0.018651,0.015986,-0.411916,22.9690,6.1640,-0.5064,-0.0329,1
1776592579.199690,672,1776592579.199690,1776592579.150823,1776592578.851046,1776592579.187820,3.911160,0.279242,-11.794635,0.116000,0.056000,0.000000,0.007178,-0.868504,9.975835,0.018651,0.015986,-0.411916,22.9690,6.1676,-0.5131,-0.0205,1
1776592579.249709,673,1776592579.249709,1776592579.199726,1776592578.851046,1776592579.187820,3.913045,0.285123,-11.815292,0.109000,0.058000,0.000000,-0.212939,0.145947,9.496124,0.002132,0.002931,-0.408719,22.9690,6.1676,-0.5131,-0.0205,1
1776592579.299703,674,1776592579.299703,1776592579.299740,1776592578.851046,1776592579.187820,3.915375,0.291198,-11.838090,0.117000,0.057000,0.000000,0.132788,0.082544,9.689922,-0.067409,-0.057285,-0.425238,22.9690,6.1676,-0.5131,-0.0205,1
1776592579.349711,675,1776592579.349711,1776592579.349769,1776592578.851046,1776592579.335968,3.917459,0.296674,-11.857642,0.104000,0.054000,0.000000,0.095703,-0.733324,8.486458,0.064745,0.042364,-0.380210,22.9690,6.1711,-0.5221,-0.0127,1
1776592579.401472,676,1776592579.401472,1776592579.401526,1776592578.851046,1776592579.335968,3.919969,0.302098,-11.879279,0.105000,0.048000,0.000000,0.120825,-0.124414,10.242607,-0.006128,-0.011457,-0.412716,22.9690,6.1711,-0.5221,-0.0127,1
1776592579.449709,677,1776592579.449709,1776592579.401526,1776592579.450458,1776592579.335968,3.922650,0.307043,-11.900744,0.108000,0.044000,0.000000,0.120825,-0.124414,10.242607,-0.006128,-0.011457,-0.412716,22.9730,6.1711,-0.5221,-0.0127,1
1776592579.499660,678,1776592579.499660,1776592579.449754,1776592579.450458,1776592579.485206,3.925462,0.311792,-11.922723,0.103000,0.040000,0.000000,-0.051440,0.008374,9.569098,-0.017585,-0.013855,-0.400459,22.9730,6.1747,-0.5305,-0.0079,1
1776592579.549683,679,1776592579.549683,1776592579.499702,1776592579.450458,1776592579.485206,3.928463,0.316545,-11.944933,0.105000,0.040000,0.000000,0.317016,-0.022729,10.865872,-0.069807,-0.041298,-0.437761,22.9730,6.1747,-0.5305,-0.0079,1
1776592579.599691,680,1776592579.599691,1776592579.549729,1776592579.450458,1776592579.485206,3.931818,0.321223,-11.968637,0.109000,0.037000,0.000000,0.001196,0.000000,9.376495,0.023180,0.031973,-0.425505,22.9730,6.1747,-0.5305,-0.0079,1
1776592579.649715,681,1776592579.649715,1776592579.599732,1776592579.450458,1776592579.633125,3.935407,0.325906,-11.993048,0.112000,0.037000,0.000000,0.208154,-0.153125,10.296440,-0.002398,-0.004263,-0.445488,22.9730,6.1782,-0.5385,-0.0025,1
1776592579.699701,682,1776592579.699701,1776592579.649766,1776592579.450458,1776592579.633125,3.939198,0.330079,-12.018291,0.109000,0.029000,0.000000,0.105273,0.112451,9.707867,-0.035703,0.001066,-0.479858,22.9730,6.1782,-0.5385,-0.0025,1
1776592579.749679,683,1776592579.749679,1776592579.749728,1776592579.450458,1776592579.633125,3.943001,0.334976,-12.042880,0.116000,0.044000,0.000000,-0.021533,0.287109,10.120585,0.028243,0.016253,-0.441225,22.9730,6.1782,-0.5385,-0.0025,1
1776592579.799649,684,1776592579.799649,1776592579.749728,1776592579.450458,1776592579.778677,3.947072,0.339519,-12.068117,0.116000,0.038000,0.000000,-0.021533,0.287109,10.120585,0.028243,0.016253,-0.441225,22.9730,6.1816,-0.5489,0.0028,1
1776592579.849659,685,1776592579.849659,1776592579.799685,1776592579.450458,1776592579.778677,3.951236,0.344631,-12.093171,0.122000,0.050000,0.000000,-0.117236,-0.031103,10.175615,-0.011457,0.006395,-0.465204,22.9730,6.1816,-0.5489,0.0028,1
1776592579.899658,686,1776592579.899658,1776592579.849704,1776592579.450458,1776592579.778677,3.954807,0.350054,-12.113871,0.113000,0.064000,0.000000,0.282324,0.191406,9.827496,-0.032239,-0.016519,-0.460941,22.9730,6.1816,-0.5489,0.0028,1
1776592579.949733,687,1776592579.949733,1776592579.899699,1776592579.450458,1776592579.924371,3.958982,0.354979,-12.137705,0.118000,0.052000,0.000000,0.269165,-0.656761,8.778352,0.042364,0.038367,-0.428169,22.9730,6.1847,-0.5572,0.0081,1
1776592579.999647,688,1776592579.999647,1776592579.949786,1776592579.450458,1776592579.924371,3.962852,0.359602,-12.158721,0.109000,0.052000,0.000000,-0.033496,0.203369,9.703082,0.004263,0.018651,-0.422041,22.9730,6.1847,-0.5572,0.0081,1
1776592580.053802,689,1776592580.053802,1776592579.999688,1776592580.054568,1776592579.924371,3.967461,0.364364,-12.184011,0.113000,0.047000,0.000000,-0.011963,0.062207,9.473394,0.014121,0.008793,-0.394331,22.9750,6.1847,-0.5572,0.0081,1
1776592580.099666,690,1776592580.099666,1776592580.053846,1776592580.054568,1776592580.071747,3.970963,0.368442,-12.202265,0.104000,0.054000,0.000000,0.183032,0.128003,9.423151,-0.056485,-0.034637,-0.431633,22.9750,6.1877,-0.5651,0.0132,1
1776592580.149966,691,1776592580.149966,1776592580.099715,1776592580.054568,1776592580.071747,3.975208,0.372266,-12.224837,0.106000,0.041000,0.000000,-0.217724,0.230883,9.878936,0.062880,0.029042,-0.373016,22.9750,6.1877,-0.5651,0.0132,1
1776592580.199669,692,1776592580.199669,1776592580.150041,1776592580.054568,1776592580.071747,3.979682,0.375862,-12.248111,0.109000,0.038000,0.000000,0.264379,-0.117236,9.811944,-0.001599,-0.017319,-0.416979,22.9750,6.1877,-0.5651,0.0132,1
1776592580.249681,693,1776592580.249681,1776592580.199721,1776592580.054568,1776592580.220440,3.984074,0.378994,-12.270666,0.103000,0.032000,0.000000,0.051440,0.061011,9.735381,-0.001865,-0.004263,-0.413781,22.9750,6.1904,-0.5713,0.0171,1
1776592580.299617,694,1776592580.299617,1776592580.249743,1776592580.054568,1776592580.220440,3.988752,0.382141,-12.294582,0.108000,0.033000,0.000000,0.214135,-0.016748,9.990191,-0.029575,-0.033039,-0.447086,22.9750,6.1904,-0.5713,0.0171,1
1776592580.349609,695,1776592580.349609,1776592580.299659,1776592580.054568,1776592580.220440,3.993484,0.385277,-12.318533,0.108000,0.035000,0.000000,0.043066,0.001196,10.154082,0.027443,0.039167,-0.420709,22.9750,6.1904,-0.5713,0.0171,1
1776592580.399656,696,1776592580.399656,1776592580.349653,1776592580.054568,1776592580.362148,3.998487,0.388762,-12.342752,0.114000,0.043000,0.000000,0.227294,0.114844,9.984209,-0.004263,0.011190,-0.442290,22.9750,6.1930,-0.5770,0.0219,1
1776592580.451275,697,1776592580.451275,1776592580.451321,1776592580.054568,1776592580.362148,4.003200,0.392481,-12.363919,0.105000,0.050000,0.000000,0.133984,0.211743,11.040530,0.013855,-0.048759,-0.410584,22.9750,6.1930,-0.5770,0.0219,1
1776592580.499659,698,1776592580.499659,1776592580.499704,1776592580.054568,1776592580.362148,4.007763,0.396480,-12.382885,0.109000,0.062000,0.000000,-0.084936,0.090918,9.821514,0.009592,0.026378,-0.367154,22.9750,6.1930,-0.5770,0.0219,1
1776592580.549620,699,1776592580.549620,1776592580.499704,1776592580.054568,1776592580.508163,4.012691,0.400596,-12.403569,0.112000,0.063000,0.000000,-0.084936,0.090918,9.821514,0.009592,0.026378,-0.367154,22.9750,6.1956,-0.5799,0.0281,1
1776592580.599654,700,1776592580.599654,1776592580.549665,1776592580.054568,1776592580.508163,4.017849,0.404688,-12.424932,0.115000,0.064000,0.000000,0.186621,-0.178247,10.276103,-0.000799,0.000000,-0.372750,22.9750,6.1956,-0.5799,0.0281,1
1776592580.649601,701,1776592580.649601,1776592580.599713,1776592580.650203,1776592580.508163,4.022739,0.408613,-12.444263,0.108000,0.064000,0.000000,0.157910,0.183032,9.558331,-0.029575,-0.016786,-0.387670,22.9760,6.1956,-0.5799,0.0281,1
1776592580.699613,702,1776592580.699613,1776592580.699653,1776592580.650203,1776592580.654167,4.027672,0.411939,-12.464467,0.106000,0.054000,0.000000,0.003589,0.248828,9.581060,0.013588,0.009592,-0.400726,22.9760,6.1981,-0.5812,0.0347,1
1776592580.749705,703,1776592580.749705,1776592580.699653,1776592580.650203,1776592580.654167,4.032787,0.415584,-12.484404,0.109000,0.062000,0.000000,0.003589,0.248828,9.581060,0.013588,0.009592,-0.400726,22.9760,6.1981,-0.5812,0.0347,1
1776592580.799558,704,1776592580.799558,1776592580.799600,1776592580.650203,1776592580.800180,4.038252,0.419085,-12.506191,0.115000,0.061000,0.000000,0.214135,0.251220,9.537994,-0.050624,-0.028509,-0.392999,22.9760,6.2003,-0.5869,0.0384,1
1776592580.850112,705,1776592580.850112,1776592580.799600,1776592580.650203,1776592580.800180,4.043666,0.422679,-12.526614,0.112000,0.065000,0.000000,0.214135,0.251220,9.537994,-0.050624,-0.028509,-0.392999,22.9760,6.2003,-0.5869,0.0384,1
1776592580.899707,706,1776592580.899707,1776592580.899917,1776592580.650203,1776592580.800180,4.049091,0.425845,-12.547351,0.111000,0.059000,0.000000,-0.105273,0.367260,9.491339,-0.002931,0.000266,-0.399926,22.9760,6.2003,-0.5869,0.0384,1
1776592580.949618,707,1776592580.949618,1776592580.899917,1776592580.650203,1776592580.947269,4.054619,0.429145,-12.567464,0.112000,0.064000,0.000000,-0.105273,0.367260,9.491339,-0.002931,0.000266,-0.399926,22.9760,6.2027,-0.5939,0.0398,1
1776592580.999619,708,1776592580.999619,1776592580.949806,1776592580.650203,1776592580.947269,4.060572,0.432338,-12.589811,0.119000,0.064000,0.000000,0.167480,-0.133984,9.426740,0.002664,0.002132,-0.382075,22.9760,6.2027,-0.5939,0.0398,1
1776592581.049587,709,1776592581.049587,1776592581.049628,1776592580.650203,1776592580.947269,4.066142,0.435357,-12.610103,0.110000,0.063000,0.000000,0.227294,-0.769212,8.472103,-0.004796,0.038900,-0.397262,22.9760,6.2027,-0.5939,0.0398,1
1776592581.099595,710,1776592581.099595,1776592581.049628,1776592580.650203,1776592581.091807,4.071713,0.438016,-12.630554,0.109000,0.058000,0.000000,0.227294,-0.769212,8.472103,-0.004796,0.038900,-0.397262,22.9760,6.2050,-0.6023,0.0414,1
1776592581.149565,711,1776592581.149565,1776592581.149607,1776592580.650203,1776592581.091807,4.077282,0.440512,-12.650594,0.108000,0.057000,0.000000,0.142358,0.117236,9.676764,0.004263,-0.002664,-0.370618,22.9760,6.2050,-0.6023,0.0414,1
1776592581.199575,712,1776592581.199575,1776592581.199628,1776592580.650203,1776592581.091807,4.082861,0.443002,-12.670395,0.107000,0.059000,0.000000,0.076562,-0.346923,11.659011,-0.063679,-0.038900,-0.420176,22.9760,6.2050,-0.6023,0.0414,1
1776592581.249551,713,1776592581.249551,1776592581.199628,1776592581.250205,1776592581.237818,4.088242,0.444953,-12.690639,0.103000,0.050000,0.000000,0.076562,-0.346923,11.659011,-0.063679,-0.038900,-0.420176,22.9750,6.2073,-0.6074,0.0449,1
1776592581.299550,714,1776592581.299550,1776592581.249596,1776592581.250205,1776592581.237818,4.094009,0.447155,-12.711038,0.109000,0.058000,0.000000,-0.035889,-0.003589,9.984209,0.052755,0.014921,-0.380743,22.9750,6.2073,-0.6074,0.0449,1
1776592581.349564,715,1776592581.349564,1776592581.299598,1776592581.250205,1776592581.237818,4.099729,0.448950,-12.732043,0.108000,0.052000,0.000000,0.066992,-0.226098,10.424442,-0.001066,-0.010924,-0.405788,22.9750,6.2073,-0.6074,0.0449,1
1776592581.399536,716,1776592581.399536,1776592581.349617,1776592581.250205,1776592581.383767,4.105489,0.450976,-12.751582,0.107000,0.059000,0.000000,0.112451,0.289501,9.991387,-0.006128,-0.001599,-0.377279,22.9750,6.2094,-0.6125,0.0482,1
1776592581.449553,717,1776592581.449553,1776592581.399859,1776592581.250205,1776592581.383767,4.111379,0.452264,-12.774441,0.111000,0.047000,0.000000,0.014355,-0.756053,11.347976,-0.034104,-0.025312,-0.425238,22.9750,6.2094,-0.6125,0.0482,1
1776592581.499584,718,1776592581.499584,1776592581.499644,1776592581.250205,1776592581.383767,4.117429,0.453799,-12.796453,0.112000,0.055000,0.000000,0.046655,-0.196191,9.717438,0.003997,0.003464,-0.421775,22.9750,6.2094,-0.6125,0.0482,1
1776592581.549582,719,1776592581.549582,1776592581.499644,1776592581.250205,1776592581.529726,4.123700,0.455360,-12.818201,0.115000,0.059000,0.000000,0.046655,-0.196191,9.717438,0.003997,0.003464,-0.421775,22.9750,6.2114,-0.6139,0.0556,1
1776592581.599525,720,1776592581.599525,1776592581.549654,1776592581.250205,1776592581.529726,4.129574,0.456943,-12.837131,0.106000,0.060000,0.000000,0.178247,0.357690,9.849029,-0.031173,-0.008793,-0.413515,22.9750,6.2114,-0.6139,0.0556,1
1776592581.649511,721,1776592581.649511,1776592581.599575,1776592581.250205,1776592581.529726,4.135760,0.457923,-12.859976,0.114000,0.052000,0.000000,0.106470,-0.544310,8.752034,0.072205,0.053288,-0.367954,22.9750,6.2114,-0.6139,0.0556,1
1776592581.699520,722,1776592581.699520,1776592581.699562,1776592581.250205,1776592581.675903,4.141782,0.458662,-12.882628,0.111000,0.049000,0.000000,0.106470,0.065796,9.599005,0.011457,0.003464,-0.405522,22.9750,6.2135,-0.6157,0.0637,1
1776592581.749577,723,1776592581.749577,1776592581.749623,1776592581.250205,1776592581.675903,4.148255,0.458967,-12.908157,0.121000,0.046000,0.000000,0.272753,0.105273,9.480573,-0.048226,-0.030108,-0.476395,22.9750,6.2135,-0.6157,0.0637,1
1776592581.799611,724,1776592581.799611,1776592581.749623,1776592581.250205,1776592581.675903,4.154231,0.459496,-12.929818,0.109000,0.050000,0.000000,0.272753,0.105273,9.480573,-0.048226,-0.030108,-0.476395,22.9750,6.2135,-0.6157,0.0637,1
1776592581.849495,725,1776592581.849495,1776592581.849529,1776592581.849817,1776592581.821304,4.160157,0.459217,-12.954517,0.113000,0.037000,0.000000,0.065796,-0.106470,9.545172,-0.011990,-0.013588,-0.448419,22.9790,6.2155,-0.6180,0.0705,1
1776592581.899499,726,1776592581.899499,1776592581.899547,1776592581.849817,1776592581.821304,4.166285,0.459143,-12.978717,0.114000,0.045000,0.000000,0.211743,-0.015552,9.898077,-0.010125,-0.009858,-0.458277,22.9790,6.2155,-0.6180,0.0705,1
1776592581.949560,727,1776592581.949560,1776592581.949607,1776592581.849817,1776592581.821304,4.171954,0.458739,-13.001844,0.107000,0.038000,0.000000,0.265576,0.069385,10.236626,-0.071139,-0.050890,-0.489450,22.9790,6.2155,-0.6180,0.0705,1
1776592581.999512,728,1776592581.999512,1776592581.949607,1776592581.849817,1776592581.967196,4.177890,0.458236,-13.025569,0.112000,0.041000,0.000000,0.265576,0.069385,10.236626,-0.071139,-0.050890,-0.489450,22.9790,6.2175,-0.6157,0.0740,1
1776592582.049474,729,1776592582.049474,1776592581.999579,1776592581.849817,1776592581.967196,4.184237,0.458219,-13.047655,0.114000,0.056000,0.000000,0.021533,0.368456,10.039238,0.006395,0.031440,-0.419909,22.9790,6.2175,-0.6157,0.0740,1
1776592582.099495,730,1776592582.099495,1776592582.049518,1776592581.849817,1776592581.967196,4.190628,0.457816,-13.071315,0.117000,0.052000,0.000000,0.211743,-0.126806,10.321562,0.002398,0.001865,-0.425238,22.9790,6.2175,-0.6157,0.0740,1
1776592582.149554,731,1776592582.149554,1776592582.099540,1776592581.849817,1776592582.113803,4.196973,0.457912,-13.091290,0.110000,0.063000,0.000000,0.264379,0.235668,9.797588,-0.050091,-0.030641,-0.429768,22.9790,6.2198,-0.6131,0.0757,1
1776592582.199473,732,1776592582.199473,1776592582.149598,1776592581.849817,1776592582.113803,4.202955,0.456986,-13.114949,0.113000,0.044000,0.000000,0.100488,-0.890037,11.101542,-0.017851,-0.007460,-0.426570,22.9790,6.2198,-0.6131,0.0757,1
1776592582.249487,733,1776592582.249487,1776592582.249524,1776592581.849817,1776592582.113803,4.209333,0.456488,-13.136858,0.114000,0.058000,0.000000,0.125610,-0.271557,9.618146,0.008260,0.017052,-0.415646,22.9790,6.2198,-0.6131,0.0757,1
1776592582.299485,734,1776592582.299485,1776592582.249524,1776592581.849817,1776592582.259264,4.215883,0.455493,-13.161304,0.121000,0.054000,0.000000,0.125610,-0.271557,9.618146,0.008260,0.017052,-0.415646,22.9790,6.2221,-0.6113,0.0770,1
1776592582.349527,735,1776592582.349527,1776592582.299537,1776592581.849817,1776592582.259264,4.222124,0.454714,-13.182523,0.112000,0.057000,0.000000,0.222509,0.081347,9.632501,-0.061814,-0.038101,-0.443889,22.9790,6.2221,-0.6113,0.0770,1
1776592582.399555,736,1776592582.399555,1776592582.349570,1776592581.849817,1776592582.259264,4.227807,0.453140,-13.206115,0.111000,0.040000,0.000000,0.293090,-0.608910,8.826203,0.054887,0.040499,-0.393532,22.9790,6.2221,-0.6113,0.0770,1
1776592582.449452,737,1776592582.449452,1776592582.449491,1776592582.450103,1776592582.407412,4.233716,0.451793,-13.228590,0.111000,0.049000,0.000000,-0.168676,-0.022729,9.484161,0.010924,0.020249,-0.415646,22.9780,6.2241,-0.6098,0.0763,1
1776592582.499481,738,1776592582.499481,1776592582.449491,1776592582.450103,1776592582.407412,4.238439,0.449633,-13.252453,0.101000,0.024000,0.000000,-0.168676,-0.022729,9.484161,0.010924,0.020249,-0.415646,22.9780,6.2241,-0.6098,0.0763,1
1776592582.549531,739,1776592582.549531,1776592582.499526,1776592582.450103,1776592582.407412,4.243678,0.447737,-13.274924,0.105000,0.037000,0.000000,0.051440,0.129199,11.026175,-0.052489,-0.029841,-0.470000,22.9780,6.2241,-0.6098,0.0763,1
1776592582.599512,740,1776592582.599512,1776592582.549581,1776592582.450103,1776592582.551692,4.248529,0.445488,-13.298213,0.103000,0.029000,0.000000,-0.123218,-0.059814,9.795196,0.057285,0.049291,-0.466536,22.9780,6.2261,-0.6072,0.0754,1
1776592582.649436,741,1776592582.649436,1776592582.649473,1776592582.450103,1776592582.551692,4.253961,0.443764,-13.318935,0.104000,0.047000,0.000000,-0.043066,0.242846,9.815533,0.010391,-0.008793,-0.407387,22.9780,6.2261,-0.6072,0.0754,1
1776592582.699504,742,1776592582.699504,1776592582.699555,1776592582.450103,1776592582.697318,4.259362,0.442135,-13.338660,0.101000,0.050000,0.000000,0.122021,0.102881,11.471193,-0.056219,-0.027177,-0.389002,22.9780,6.2281,-0.6077,0.0716,1
1776592582.749455,743,1776592582.749455,1776592582.699555,1776592582.450103,1776592582.697318,4.264932,0.440335,-13.359191,0.105000,0.052000,0.000000,0.122021,0.102881,11.471193,-0.056219,-0.027177,-0.389002,22.9780,6.2281,-0.6077,0.0716,1
1776592582.799467,744,1776592582.799467,1776592582.749499,1776592582.450103,1776592582.697318,4.270930,0.438523,-13.379846,0.110000,0.060000,0.000000,-0.020337,0.168676,9.935162,0.059416,0.039700,-0.301877,22.9780,6.2281,-0.6077,0.0716,1
1776592582.849474,745,1776592582.849474,1776592582.799514,1776592582.450103,1776592582.846890,4.276955,0.436372,-13.401600,0.114000,0.058000,0.000000,0.153125,-0.111255,10.239018,-0.004263,0.011990,-0.391667,22.9780,6.2301,-0.6066,0.0679,1
1776592582.899450,746,1776592582.899450,1776592582.899498,1776592582.450103,1776592582.846890,4.282910,0.434483,-13.420938,0.108000,0.063000,0.000000,0.043066,-0.787157,11.108719,-0.018118,-0.010391,-0.416446,22.9780,6.2301,-0.6066,0.0679,1
1776592582.949476,747,1776592582.949476,1776592582.899498,1776592582.450103,1776592582.846890,4.288924,0.432223,-13.442050,0.113000,0.061000,0.000000,0.043066,-0.787157,11.108719,-0.018118,-0.010391,-0.416446,22.9780,6.2301,-0.6066,0.0679,1
1776592582.999472,748,1776592582.999472,1776592582.999543,1776592582.450103,1776592582.989391,4.295108,0.429959,-13.462947,0.114000,0.066000,0.000000,0.020337,-0.216528,9.564313,0.005595,-0.002132,-0.388470,22.9780,6.2322,-0.6036,0.0642,1
1776592583.049716,749,1776592583.049716,1776592582.999543,1776592583.050823,1776592582.989391,4.301180,0.427351,-13.484604,0.116000,0.062000,0.000000,0.020337,-0.216528,9.564313,0.005595,-0.002132,-0.388470,22.9800,6.2322,-0.6036,0.0642,1
1776592583.099434,750,1776592583.099434,1776592583.099482,1776592583.050823,1776592582.989391,4.306790,0.425005,-13.503595,0.106000,0.061000,0.000000,0.183032,-0.746483,8.540291,0.062880,0.029308,-0.358628,22.9800,6.2322,-0.6036,0.0642,1
1776592583.149432,751,1776592583.149432,1776592583.099482,1776592583.050823,1776592583.134937,4.312482,0.422239,-13.524944,0.112000,0.059000,0.000000,0.183032,-0.746483,8.540291,0.062880,0.029308,-0.358628,22.9800,6.2343,-0.5967,0.0632,1
1776592583.199517,752,1776592583.199517,1776592583.149485,1776592583.050823,1776592583.134937,4.318202,0.419584,-13.545028,0.109000,0.063000,0.000000,-0.070581,0.412719,9.603790,0.019450,0.026644,-0.388736,22.9800,6.2343,-0.5967,0.0632,1
1776592583.249424,753,1776592583.249424,1776592583.199585,1776592583.050823,1776592583.134937,4.324222,0.416536,-13.566540,0.118000,0.066000,0.000000,0.068188,0.059814,9.415973,0.010924,0.002132,-0.362891,22.9800,6.2343,-0.5967,0.0632,1
1776592583.299452,754,1776592583.299452,1776592583.249473,1776592583.050823,1776592583.281212,4.329778,0.413622,-13.586101,0.109000,0.062000,0.000000,0.217724,0.351708,9.466217,-0.045561,-0.021582,-0.390868,22.9800,6.2363,-0.5892,0.0660,1
1776592583.349446,755,1776592583.349446,1776592583.299496,1776592583.050823,1776592583.281212,4.335514,0.410399,-13.607248,0.115000,0.064000,0.000000,0.035889,-0.350512,9.554742,0.056485,0.021848,-0.379411,22.9800,6.2363,-0.5892,0.0660,1
1776592583.399435,756,1776592583.399435,1776592583.399486,1776592583.050823,1776592583.281212,4.341104,0.407186,-13.627991,0.112000,0.064000,0.000000,0.175854,0.074170,9.792804,-0.003464,-0.011723,-0.382341,22.9800,6.2363,-0.5892,0.0660,1
1776592583.449418,757,1776592583.449418,1776592583.449465,1776592583.050823,1776592583.427313,4.346447,0.403871,-13.648236,0.110000,0.061000,0.000000,0.129199,0.128003,9.973443,-0.073804,-0.041298,-0.414314,22.9800,6.2382,-0.5856,0.0691,1
1776592583.499403,758,1776592583.499403,1776592583.499447,1776592583.050823,1776592583.427313,4.351409,0.400397,-13.668479,0.108000,0.055000,0.000000,0.124414,0.037085,10.345488,0.031706,0.015720,-0.398061,22.9800,6.2382,-0.5856,0.0691,1
1776592583.549414,759,1776592583.549414,1776592583.499447,1776592583.050823,1776592583.427313,4.356706,0.396688,-13.689933,0.114000,0.061000,0.000000,0.124414,0.037085,10.345488,0.031706,0.015720,-0.398061,22.9800,6.2382,-0.5856,0.0691,1
1776592583.599394,760,1776592583.599394,1776592583.599452,1776592583.050823,1776592583.572923,4.361537,0.392742,-13.712375,0.113000,0.053000,0.000000,0.053833,0.245239,9.799981,-0.033039,-0.018118,-0.405255,22.9800,6.2401,-0.5841,0.0725,1
1776592583.649462,761,1776592583.649462,1776592583.599452,1776592583.650321,1776592583.572923,4.366639,0.389115,-13.731951,0.108000,0.063000,0.000000,0.053833,0.245239,9.799981,-0.033039,-0.018118,-0.405255,22.9820,6.2401,-0.5841,0.0725,1
1776592583.699393,762,1776592583.699393,1776592583.649511,1776592583.650321,1776592583.572923,4.370784,0.385025,-13.754120,0.108000,0.044000,0.000000,-0.034692,-0.753661,11.688918,-0.034904,-0.037568,-0.433764,22.9820,6.2401,-0.5841,0.0725,1
1776592583.749369,763,1776592583.749369,1776592583.699441,1776592583.650321,1776592583.718703,4.375156,0.380860,-13.776110,0.110000,0.050000,0.000000,-0.023926,0.113647,9.511676,0.002132,0.014388,-0.410584,22.9820,6.2421,-0.5822,0.0737,1
1776592583.799383,764,1776592583.799383,1776592583.799427,1776592583.650321,1776592583.718703,4.379516,0.376251,-13.800517,0.117000,0.049000,0.000000,0.217724,0.270361,9.448273,-0.051689,-0.033039,-0.439360,22.9820,6.2421,-0.5822,0.0737,1
1776592583.849391,765,1776592583.849391,1776592583.799427,1776592583.650321,1776592583.718703,4.384076,0.371701,-13.823171,0.116000,0.056000,0.000000,0.217724,0.270361,9.448273,-0.051689,-0.033039,-0.439360,22.9820,6.2421,-0.5822,0.0737,1
1776592583.899387,766,1776592583.899387,1776592583.899452,1776592583.650321,1776592583.865186,4.388086,0.366959,-13.846718,0.115000,0.047000,0.000000,-0.021533,-0.122021,9.437506,-0.011723,-0.010658,-0.456145,22.9820,6.2436,-0.5796,0.0775,1
1776592583.949368,767,1776592583.949368,1776592583.949414,1776592583.650321,1776592583.865186,4.391902,0.362048,-13.871210,0.116000,0.045000,0.000000,-0.001196,0.052637,9.035554,0.014121,0.000266,-0.430301,22.9820,6.2436,-0.5796,0.0775,1
1776592583.999371,768,1776592583.999371,1776592583.949414,1776592583.650321,1776592583.865186,4.395185,0.357034,-13.896660,0.114000,0.037000,0.000000,-0.001196,0.052637,9.035554,0.014121,0.000266,-0.430301,22.9820,6.2436,-0.5796,0.0775,1
1776592584.049366,769,1776592584.049366,1776592584.049415,1776592583.650321,1776592584.011107,4.398752,0.352144,-13.919958,0.112000,0.046000,0.000000,-0.022729,0.039477,8.990095,0.063946,0.032506,-0.432699,22.9820,6.2453,-0.5774,0.0806,1
1776592584.099379,770,1776592584.099379,1776592584.049415,1776592583.650321,1776592584.011107,4.402038,0.347235,-13.942714,0.110000,0.043000,0.000000,-0.022729,0.039477,8.990095,0.063946,0.032506,-0.432699,22.9820,6.2453,-0.5774,0.0806,1
1776592584.149359,771,1776592584.149359,1776592584.149410,1776592583.650321,1776592584.011107,4.405580,0.341922,-13.966954,0.118000,0.049000,0.000000,0.066992,0.271557,9.658819,0.001066,-0.006927,-0.428968,22.9820,6.2453,-0.5774,0.0806,1
1776592584.199343,772,1776592584.199343,1776592584.149410,1776592583.650321,1776592584.156363,4.409565,0.337028,-13.987348,0.110000,0.062000,0.000000,0.066992,0.271557,9.658819,0.001066,-0.006927,-0.428968,22.9820,6.2471,-0.5780,0.0878,1
1776592584.249347,773,1776592584.249347,1776592584.249392,1776592584.249837,1776592584.156363,4.412584,0.331769,-14.011001,0.113000,0.044000,0.000000,-0.049048,0.305053,9.983013,0.025312,0.027710,-0.404989,22.9870,6.2471,-0.5780,0.0878,1
1776592584.299342,774,1776592584.299342,1776592584.249392,1776592584.249837,1776592584.156363,4.415849,0.326690,-14.032248,0.109000,0.052000,0.000000,-0.049048,0.305053,9.983013,0.025312,0.027710,-0.404989,22.9870,6.2471,-0.5780,0.0878,1
1776592584.349358,775,1776592584.349358,1776592584.349409,1776592584.249837,1776592584.302932,4.418999,0.321137,-14.055906,0.117000,0.051000,0.000000,0.101684,0.224902,9.645660,-0.037302,-0.020249,-0.421775,22.9870,6.2487,-0.5782,0.0973,1
1776592584.399339,776,1776592584.399339,1776592584.349409,1776592584.249837,1776592584.302932,4.422376,0.315997,-14.076048,0.108000,0.059000,0.000000,0.101684,0.224902,9.645660,-0.037302,-0.020249,-0.421775,22.9870,6.2487,-0.5782,0.0973,1
1776592584.449310,777,1776592584.449310,1776592584.399388,1776592584.249837,1776592584.448735,4.424769,0.310436,-14.100435,0.114000,0.041000,0.000000,0.105273,-0.418700,8.804670,0.052755,0.041565,-0.388470,22.9870,6.2501,-0.5768,0.1076,1
1776592584.499309,778,1776592584.499309,1776592584.449348,1776592584.249837,1776592584.448735,4.427266,0.305124,-14.122285,0.108000,0.046000,0.000000,-0.071777,0.050244,9.575079,-0.006128,0.002398,-0.430567,22.9870,6.2501,-0.5768,0.1076,1
1776592584.549347,779,1776592584.549347,1776592584.499345,1776592584.249837,1776592584.448735,4.429855,0.299258,-14.146601,0.118000,0.050000,0.000000,0.045459,-0.032300,9.670782,0.005595,0.004796,-0.413248,22.9870,6.2501,-0.5768,0.1076,1
1776592584.599323,780,1776592584.599323,1776592584.549399,1776592584.249837,1776592584.596360,4.431606,0.294093,-14.169240,0.103000,0.036000,0.000000,0.198584,0.000000,9.491339,-0.062613,-0.027177,-0.464405,22.9870,6.2516,-0.5788,0.1181,1
1776592584.649321,781,1776592584.649321,1776592584.599369,1776592584.249837,1776592584.596360,4.433433,0.288682,-14.191989,0.107000,0.040000,0.000000,-0.183032,0.375634,9.564313,0.066344,0.039167,-0.377013,22.9870,6.2516,-0.5788,0.1181,1
1776592584.699314,782,1776592584.699314,1776592584.649368,1776592584.249837,1776592584.596360,4.434679,0.283106,-14.216836,0.110000,0.031000,0.000000,0.326586,-0.327783,9.999761,-0.005595,-0.004796,-0.467069,22.9870,6.2516,-0.5788,0.1181,1
1776592584.749316,783,1776592584.749316,1776592584.699358,1776592584.249837,1776592584.741324,4.436018,0.277883,-14.238887,0.102000,0.035000,0.000000,-0.016748,0.080151,9.803570,-0.010125,0.013588,-0.439360,22.9870,6.2531,-0.5811,0.1289,1
1776592584.799302,784,1776592584.799302,1776592584.749368,1776592584.249837,1776592584.741324,4.437539,0.272602,-14.260081,0.102000,0.041000,0.000000,0.200976,0.235668,10.154082,-0.066610,-0.009592,-0.457478,22.9870,6.2531,-0.5811,0.1289,1
1776592584.849298,785,1776592584.849298,1776592584.799345,1776592584.849771,1776592584.741324,4.439531,0.267117,-14.279880,0.104000,0.053000,0.000000,-0.065796,0.417504,9.948320,0.039966,0.034104,-0.361826,22.9900,6.2531,-0.5811,0.1289,1
1776592584.899313,786,1776592584.899313,1776592584.849343,1776592584.849771,1776592584.889193,4.441669,0.261606,-14.298935,0.103000,0.058000,0.000000,0.229687,0.052637,10.005742,0.002664,-0.014388,-0.370085,22.9900,6.2545,-0.5833,0.1417,1
1776592584.949305,787,1776592584.949305,1776592584.949355,1776592584.849771,1776592584.889193,4.443834,0.255934,-14.317983,0.105000,0.061000,0.000000,0.167480,0.114844,10.020098,-0.067143,-0.037035,-0.380743,22.9900,6.2545,-0.5833,0.1417,1
1776592584.999321,788,1776592584.999321,1776592584.949355,1776592584.849771,1776592584.889193,4.445662,0.250363,-14.337038,0.103000,0.056000,0.000000,0.167480,0.114844,10.020098,-0.067143,-0.037035,-0.380743,22.9900,6.2545,-0.5833,0.1417,1
1776592585.049292,789,1776592585.049292,1776592584.999373,1776592584.849771,1776592585.033888,4.447481,0.244488,-14.356828,0.108000,0.059000,0.000000,0.117236,0.057422,10.285673,0.043430,0.015187,-0.369019,22.9900,6.2559,-0.5855,0.1510,1
1776592585.099302,790,1776592585.099302,1776592585.099360,1776592584.849771,1776592585.033888,4.449400,0.238166,-14.377932,0.115000,0.065000,0.000000,0.247631,0.303857,9.732989,-0.021582,-0.004529,-0.385006,22.9900,6.2559,-0.5855,0.1510,1
1776592585.149286,791,1776592585.149286,1776592585.099360,1776592584.849771,1776592585.033888,4.451268,0.232149,-14.397276,0.108000,0.065000,0.000000,0.247631,0.303857,9.732989,-0.021582,-0.004529,-0.385006,22.9900,6.2559,-0.5855,0.1510,1
1776592585.199304,792,1776592585.199304,1776592585.149339,1776592584.849771,1776592585.180260,4.452679,0.225977,-14.418183,0.112000,0.059000,0.000000,-0.025122,-0.005981,11.338406,-0.073005,-0.041032,-0.408719,22.9900,6.2572,-0.5890,0.1645,1
1776592585.249291,793,1776592585.249291,1776592585.249358,1776592584.849771,1776592585.180260,4.454206,0.219552,-14.438978,0.115000,0.065000,0.000000,0.005981,-0.059814,10.359843,-0.002931,0.003464,-0.408719,22.9900,6.2572,-0.5890,0.1645,1
1776592585.299241,794,1776592585.299241,1776592585.299281,1776592584.849771,1776592585.180260,4.455635,0.212882,-14.460907,0.119000,0.067000,0.000000,0.076562,0.307446,9.462628,-0.047160,-0.021049,-0.407653,22.9900,6.2572,-0.5890,0.1645,1
1776592585.349254,795,1776592585.349254,1776592585.349301,1776592584.849771,1776592585.326280,4.457093,0.206379,-14.481212,0.114000,0.069000,0.000000,0.248828,-0.997703,9.796392,0.024779,0.025312,-0.389269,22.9900,6.2581,-0.5930,0.1769,1
1776592585.399253,796,1776592585.399253,1776592585.399287,1776592584.849771,1776592585.326280,4.458028,0.200095,-14.502012,0.112000,0.060000,0.000000,-0.181836,0.216528,9.595416,0.006927,0.006395,-0.398328,22.9900,6.2581,-0.5930,0.1769,1
1776592585.449247,797,1776592585.449247,1776592585.399287,1776592585.449669,1776592585.326280,4.458951,0.193963,-14.521559,0.108000,0.061000,0.000000,-0.181836,0.216528,9.595416,0.006927,0.006395,-0.398328,22.9920,6.2581,-0.5930,0.1769,1
1776592585.499266,798,1776592585.499266,1776592585.449289,1776592585.449669,1776592585.472157,4.459594,0.187552,-14.543266,0.114000,0.060000,0.000000,-0.016748,-0.151928,9.296345,0.017052,-0.000533,-0.367687,22.9920,6.2592,-0.5973,0.1892,1
1776592585.549255,799,1776592585.549255,1776592585.549299,1776592585.449669,1776592585.472157,4.460243,0.181342,-14.563363,0.109000,0.061000,0.000000,0.160302,-0.620873,8.699397,0.058617,0.038101,-0.367154,22.9920,6.2592,-0.5973,0.1892,1
1776592585.599257,800,1776592585.599257,1776592585.549299,1776592585.449669,1776592585.472157,4.460320,0.175103,-14.585608,0.113000,0.053000,0.000000,0.160302,-0.620873,8.699397,0.058617,0.038101,-0.367154,22.9920,6.2592,-0.5973,0.1892,1
1776592585.649287,801,1776592585.649287,1776592585.649328,1776592585.449669,1776592585.618223,4.460208,0.169214,-14.606776,0.107000,0.049000,0.000000,0.057422,0.107666,9.481769,0.012523,-0.003464,-0.388470,22.9920,6.2602,-0.5978,0.1984,1
1776592585.699271,802,1776592585.699271,1776592585.649328,1776592585.449669,1776592585.618223,4.460173,0.163179,-14.627570,0.108000,0.054000,0.000000,0.057422,0.107666,9.481769,0.012523,-0.003464,-0.388470,22.9920,6.2602,-0.5978,0.1984,1
1776592585.749251,803,1776592585.749251,1776592585.699302,1776592585.449669,1776592585.618223,4.459814,0.157308,-14.649061,0.107000,0.049000,0.000000,0.083740,-0.400756,11.673367,-0.058350,-0.055686,-0.448685,22.9920,6.2602,-0.5978,0.1984,1
1776592585.799224,804,1776592585.799224,1776592585.799264,1776592585.449669,1776592585.764481,4.459526,0.150878,-14.671049,0.115000,0.058000,0.000000,-0.004785,-0.276342,10.140923,0.005062,0.005329,-0.426570,22.9920,6.2613,-0.5958,0.2033,1
1776592585.849254,805,1776592585.849254,1776592585.849302,1776592585.449669,1776592585.764481,4.458803,0.144739,-14.693712,0.113000,0.050000,0.000000,0.063403,0.260790,9.886114,-0.018384,-0.010125,-0.420442,22.9920,6.2613,-0.5958,0.2033,1
1776592585.899222,806,1776592585.899222,1776592585.849302,1776592585.449669,1776592585.764481,4.458450,0.138308,-14.714550,0.113000,0.062000,0.000000,0.063403,0.260790,9.886114,-0.018384,-0.010125,-0.420442,22.9920,6.2613,-0.5958,0.2033,1
1776592585.949286,807,1776592585.949286,1776592585.949329,1776592585.449669,1776592585.910378,4.457223,0.132296,-14.738630,0.114000,0.045000,0.000000,0.165088,0.159106,9.969853,0.013855,0.024779,-0.429501,22.9920,6.2623,-0.5955,0.2076,1
1776592585.999221,808,1776592585.999221,1776592585.949329,1776592585.449669,1776592585.910378,4.455895,0.126302,-14.762151,0.114000,0.046000,0.000000,0.165088,0.159106,9.969853,0.013855,0.024779,-0.429501,22.9920,6.2623,-0.5955,0.2076,1
1776592586.049280,809,1776592586.049280,1776592586.049325,1776592586.049717,1776592585.910378,4.454018,0.120620,-14.787128,0.114000,0.036000,0.000000,0.244043,0.084936,9.494928,-0.038634,-0.031440,-0.456412,22.9940,6.2623,-0.5955,0.2076,1
1776592586.099207,810,1776592586.099207,1776592586.049325,1776592586.049717,1776592586.056582,4.452561,0.114578,-14.810196,0.114000,0.050000,0.000000,0.244043,0.084936,9.494928,-0.038634,-0.031440,-0.456412,22.9940,6.2635,-0.5956,0.2086,1
1776592586.149222,811,1776592586.149222,1776592586.149264,1776592586.049717,1776592586.056582,4.450367,0.109099,-14.835752,0.113000,0.034000,0.000000,-0.002393,0.009570,9.551153,-0.011990,-0.000266,-0.472665,22.9940,6.2635,-0.5956,0.2086,1
1776592586.199199,812,1776592586.199199,1776592586.199234,1776592586.049717,1776592586.056582,4.448450,0.103008,-14.859892,0.118000,0.049000,0.000000,-0.011963,0.082544,9.736578,0.009592,-0.003997,-0.443623,22.9940,6.2635,-0.5956,0.2086,1
1776592586.249223,813,1776592586.249223,1776592586.199234,1776592586.049717,1776592586.202477,4.446316,0.097487,-14.883302,0.111000,0.041000,0.000000,-0.011963,0.082544,9.736578,0.009592,-0.003997,-0.443623,22.9940,6.2646,-0.5931,0.2098,1
1776592586.299217,814,1776592586.299217,1776592586.249272,1776592586.049717,1776592586.202477,4.444316,0.091642,-14.906150,0.113000,0.050000,0.000000,0.186621,0.290698,9.578668,-0.069008,-0.042630,-0.465204,22.9940,6.2646,-0.5931,0.2098,1
1776592586.349293,815,1776592586.349293,1776592586.299254,1776592586.049717,1776592586.348845,4.442361,0.085660,-14.928332,0.113000,0.055000,0.000000,-0.101684,0.454589,10.161260,0.049558,0.031173,-0.400459,22.9940,6.2656,-0.5879,0.2099,1
1776592586.399201,816,1776592586.399201,1776592586.349348,1776592586.049717,1776592586.348845,4.440104,0.079850,-14.951241,0.114000,0.051000,0.000000,0.181836,-0.169873,10.228251,-0.013322,-0.019717,-0.439093,22.9940,6.2656,-0.5879,0.2099,1
1776592586.449237,817,1776592586.449237,1776592586.449289,1776592586.049717,1776592586.348845,4.438234,0.073887,-14.971254,0.109000,0.061000,0.000000,0.021533,-0.434252,11.599196,-0.065278,-0.035969,-0.441491,22.9940,6.2656,-0.5879,0.2099,1
1776592586.499290,818,1776592586.499290,1776592586.449289,1776592586.049717,1776592586.494992,4.435447,0.068317,-14.995932,0.116000,0.045000,0.000000,0.021533,-0.434252,11.599196,-0.065278,-0.035969,-0.441491,22.9940,6.2665,-0.5864,0.2089,1
1776592586.549189,819,1776592586.549189,1776592586.499329,1776592586.049717,1776592586.494992,4.432911,0.062702,-15.018236,0.112000,0.052000,0.000000,-0.200976,0.111255,9.548760,0.000799,0.015187,-0.421242,22.9940,6.2665,-0.5864,0.2089,1
1776592586.599251,820,1776592586.599251,1776592586.549247,1776592586.049717,1776592586.494992,4.429923,0.057121,-15.042314,0.117000,0.048000,0.000000,0.116040,-0.360082,10.010528,-0.004263,0.001066,-0.430301,22.9940,6.2665,-0.5864,0.2089,1
1776592586.649233,821,1776592586.649233,1776592586.649280,1776592586.649668,1776592586.640829,4.426914,0.052535,-15.064757,0.104000,0.035000,0.000000,0.023926,-0.626854,9.530816,0.033305,0.034371,-0.439626,22.9950,6.2675,-0.5836,0.2038,1
1776592586.699240,822,1776592586.699240,1776592586.649280,1776592586.649668,1776592586.640829,4.423963,0.047635,-15.086760,0.106000,0.043000,0.000000,0.023926,-0.626854,9.530816,0.033305,0.034371,-0.439626,22.9950,6.2675,-0.5836,0.2038,1
1776592586.749178,823,1776592586.749178,1776592586.699282,1776592586.649668,1776592586.640829,4.420541,0.043406,-15.110931,0.105000,0.029000,0.000000,0.285913,-0.320605,9.704278,0.000799,-0.014921,-0.437228,22.9950,6.2675,-0.5836,0.2038,1
1776592586.799153,824,1776592586.799153,1776592586.749224,1776592586.649668,1776592586.787299,4.416991,0.038938,-15.135470,0.109000,0.034000,0.000000,-0.069385,-0.070581,9.665997,0.019983,0.033838,-0.423373,22.9950,6.2684,-0.5802,0.2000,1
1776592586.849161,825,1776592586.849161,1776592586.849204,1776592586.649668,1776592586.787299,4.413689,0.034370,-15.157673,0.105000,0.041000,0.000000,0.169873,-0.261987,8.919514,0.054620,0.046893,-0.410318,22.9950,6.2684,-0.5802,0.2000,1
1776592586.899223,826,1776592586.899223,1776592586.849204,1776592586.649668,1776592586.787299,4.410458,0.029393,-15.178599,0.107000,0.051000,0.000000,0.169873,-0.261987,8.919514,0.054620,0.046893,-0.410318,22.9950,6.2684,-0.5802,0.2000,1
1776592586.949313,827,1776592586.949313,1776592586.900084,1776592586.649668,1776592586.933313,4.407401,0.024006,-15.197733,0.107000,0.062000,0.000000,0.166284,0.149536,9.770074,-0.000533,-0.022381,-0.400193,22.9950,6.2695,-0.5742,0.1959,1
1776592586.999134,828,1776592586.999134,1776592586.999170,1776592586.649668,1776592586.933313,4.403901,0.018221,-15.219357,0.118000,0.067000,0.000000,0.149536,0.272753,9.935162,-0.066876,-0.025312,-0.392733,22.9950,6.2695,-0.5742,0.1959,1
1776592587.049147,829,1776592587.049147,1776592586.999170,1776592586.649668,1776592586.933313,4.400613,0.012792,-15.239061,0.109000,0.065000,0.000000,0.149536,0.272753,9.935162,-0.066876,-0.025312,-0.392733,22.9950,6.2695,-0.5742,0.1959,1
1776592587.099143,830,1776592587.099143,1776592587.049192,1776592586.649668,1776592587.079251,4.397064,0.007407,-15.259411,0.112000,0.064000,0.000000,0.215332,-0.693846,8.616854,0.054887,0.039966,-0.370352,22.9950,6.2708,-0.5692,0.1901,1
1776592587.149211,831,1776592587.149211,1776592587.099181,1776592586.649668,1776592587.079251,4.393470,0.002177,-15.279137,0.110000,0.063000,0.000000,0.034692,0.167480,10.127764,-0.007993,-0.013322,-0.395930,22.9950,6.2708,-0.5692,0.1901,1
1776592587.199159,832,1776592587.199159,1776592587.199204,1776592586.649668,1776592587.079251,4.389806,-0.002903,-15.298966,0.109000,0.062000,0.000000,-0.017944,0.037085,11.429323,-0.069274,-0.038900,-0.402058,22.9950,6.2708,-0.5692,0.1901,1
1776592587.249221,833,1776592587.249221,1776592587.199204,1776592587.249713,1776592587.225250,4.386072,-0.007632,-15.319041,0.106000,0.057000,0.000000,-0.017944,0.037085,11.429323,-0.069274,-0.038900,-0.402058,22.9960,6.2722,-0.5639,0.1846,1
1776592587.299145,834,1776592587.299145,1776592587.249263,1776592587.249713,1776592587.225250,4.382088,-0.012394,-15.339911,0.110000,0.058000,0.000000,0.031103,-0.190210,9.868170,0.058617,0.020782,-0.370085,22.9960,6.2722,-0.5639,0.1846,1
1776592587.349194,835,1776592587.349194,1776592587.349241,1776592587.249713,1776592587.225250,4.378025,-0.017018,-15.360179,0.109000,0.057000,0.000000,0.138769,0.246435,10.028472,-0.003997,-0.001332,-0.379411,22.9960,6.2722,-0.5639,0.1846,1
1776592587.399130,836,1776592587.399130,1776592587.349241,1776592587.249713,1776592587.371750,4.373980,-0.021831,-15.379704,0.109000,0.063000,0.000000,0.138769,0.246435,10.028472,-0.003997,-0.001332,-0.379411,22.9960,6.2735,-0.5571,0.1781,1
1776592587.449128,837,1776592587.449128,1776592587.449172,1776592587.249713,1776592587.371750,4.369582,-0.026287,-15.401402,0.112000,0.056000,0.000000,0.143554,0.087329,10.457939,0.036236,0.024779,-0.400459,22.9960,6.2735,-0.5571,0.1781,1
1776592587.499093,838,1776592587.499093,1776592587.449172,1776592587.249713,1776592587.371750,4.365227,-0.031072,-15.421739,0.112000,0.065000,0.000000,0.143554,0.087329,10.457939,0.036236,0.024779,-0.400459,22.9960,6.2735,-0.5571,0.1781,1
1776592587.549141,839,1776592587.549141,1776592587.549233,1776592587.249713,1776592587.517503,4.360601,-0.035563,-15.443308,0.114000,0.060000,0.000000,0.192602,0.287109,9.735381,-0.028776,-0.005862,-0.394331,22.9960,6.2749,-0.5521,0.1699,1
1776592587.599128,840,1776592587.599128,1776592587.599176,1776592587.249713,1776592587.517503,4.355938,-0.040142,-15.463902,0.114000,0.064000,0.000000,0.169873,-0.881663,8.566609,0.047160,0.034637,-0.408453,22.9960,6.2749,-0.5521,0.1699,1
1776592587.649093,841,1776592587.649093,1776592587.649128,1776592587.249713,1776592587.517503,4.351074,-0.044185,-15.486588,0.114000,0.055000,0.000000,0.032300,0.162695,9.462628,0.006927,0.019983,-0.420709,22.9960,6.2749,-0.5521,0.1699,1
1776592587.699173,842,1776592587.699173,1776592587.649128,1776592587.249713,1776592587.663574,4.346311,-0.048337,-15.507470,0.111000,0.060000,0.000000,0.032300,0.162695,9.462628,0.006927,0.019983,-0.420709,22.9960,6.2762,-0.5450,0.1585,1
1776592587.749098,843,1776592587.749098,1776592587.699218,1776592587.249713,1776592587.663574,4.341349,-0.052249,-15.528938,0.113000,0.057000,0.000000,0.062207,0.077759,9.476984,0.010391,-0.006927,-0.392200,22.9960,6.2762,-0.5450,0.1585,1
1776592587.799088,844,1776592587.799088,1776592587.749140,1776592587.249713,1776592587.663574,4.336512,-0.056122,-15.549135,0.109000,0.059000,0.000000,0.168676,0.232080,9.429132,-0.056485,-0.039966,-0.421775,22.9960,6.2762,-0.5450,0.1585,1
1776592587.849095,845,1776592587.849095,1776592587.849137,1776592587.849527,1776592587.809703,4.331443,-0.059567,-15.571137,0.111000,0.052000,0.000000,-0.013159,0.014355,9.795196,-0.001066,-0.010125,-0.410584,22.9980,6.2774,-0.5381,0.1461,1
1776592587.899082,846,1776592587.899082,1776592587.849137,1776592587.849527,1776592587.809703,4.326260,-0.062602,-15.594332,0.111000,0.046000,0.000000,-0.013159,0.014355,9.795196,-0.001066,-0.010125,-0.410584,22.9980,6.2774,-0.5381,0.1461,1
1776592587.949053,847,1776592587.949053,1776592587.949089,1776592587.849527,1776592587.809703,4.321257,-0.065486,-15.615821,0.106000,0.046000,0.000000,0.128003,-0.161499,10.650541,-0.075136,-0.051156,-0.459875,22.9980,6.2774,-0.5381,0.1461,1
1776592587.999131,848,1776592587.999131,1776592587.949089,1776592587.849527,1776592587.955620,4.316201,-0.067915,-15.638003,0.105000,0.039000,0.000000,0.128003,-0.161499,10.650541,-0.075136,-0.051156,-0.459875,22.9980,6.2786,-0.5322,0.1379,1
1776592588.049083,849,1776592588.049083,1776592587.999182,1776592587.849527,1776592587.955620,4.310727,-0.070552,-15.661832,0.113000,0.045000,0.000000,0.094507,0.242846,10.197148,0.026378,0.029575,-0.426038,22.9980,6.2786,-0.5322,0.1379,1
1776592588.099154,850,1776592588.099154,1776592588.099223,1776592587.849527,1776592587.955620,4.305018,-0.072820,-15.687313,0.116000,0.040000,0.000000,0.177050,0.248828,9.688726,-0.037834,-0.012789,-0.472931,22.9980,6.2786,-0.5322,0.1379,1
1776592588.149114,851,1776592588.149114,1776592588.099223,1776592587.849527,1776592588.102454,4.299415,-0.074985,-15.711499,0.113000,0.041000,0.000000,0.177050,0.248828,9.688726,-0.037834,-0.012789,-0.472931,22.9980,6.2797,-0.5264,0.1313,1
1776592588.199079,852,1776592588.199079,1776592588.199125,1776592587.849527,1776592588.102454,4.293912,-0.076764,-15.735582,0.110000,0.036000,0.000000,-0.087329,0.038281,9.664801,0.000000,0.011990,-0.464671,22.9980,6.2797,-0.5264,0.1313,1
1776592588.249083,853,1776592588.249083,1776592588.199125,1776592587.849527,1776592588.248926,4.288355,-0.078762,-15.758933,0.110000,0.043000,0.000000,-0.087329,0.038281,9.664801,0.000000,0.011990,-0.464671,22.9980,6.2807,-0.5195,0.1273,1
1776592588.299079,854,1776592588.299079,1776592588.299132,1776592587.849527,1776592588.248926,4.282653,-0.080623,-15.782731,0.112000,0.043000,0.000000,0.167480,0.169873,9.421954,-0.054620,-0.034371,-0.444955,22.9980,6.2807,-0.5195,0.1273,1
1776592588.349066,855,1776592588.349066,1776592588.349114,1776592587.849527,1776592588.248926,4.277053,-0.083111,-15.802827,0.108000,0.058000,0.000000,0.275146,-0.770409,10.163652,-0.002664,0.002931,-0.431100,22.9980,6.2807,-0.5195,0.1273,1
1776592588.399161,856,1776592588.399161,1776592588.349114,1776592587.849527,1776592588.393936,4.271416,-0.084737,-15.825256,0.109000,0.043000,0.000000,0.275146,-0.770409,10.163652,-0.002664,0.002931,-0.431100,22.9980,6.2816,-0.5151,0.1249,1
1776592588.449037,857,1776592588.449037,1776592588.399196,1776592588.449495,1776592588.393936,4.265882,-0.086498,-15.846367,0.106000,0.048000,0.000000,0.114844,-0.095703,9.492536,-0.006128,-0.021049,-0.418577,22.9980,6.2816,-0.5151,0.1249,1
1776592588.499065,858,1776592588.499065,1776592588.499116,1776592588.449495,1776592588.393936,4.259923,-0.087940,-15.870329,0.114000,0.045000,0.000000,0.217724,0.015552,9.904058,-0.063679,-0.040499,-0.434031,22.9980,6.2816,-0.5151,0.1249,1
1776592588.549037,859,1776592588.549037,1776592588.499116,1776592588.449495,1776592588.540543,4.254414,-0.089418,-15.891269,0.104000,0.047000,0.000000,0.217724,0.015552,9.904058,-0.063679,-0.040499,-0.434031,22.9980,6.2825,-0.5117,0.1214,1
1776592588.599104,860,1776592588.599104,1776592588.599150,1776592588.449495,1776592588.540543,4.248751,-0.090303,-15.914598,0.108000,0.038000,0.000000,0.227294,-0.125610,9.993779,-0.000266,-0.009325,-0.440958,22.9980,6.2825,-0.5117,0.1214,1
1776592588.649136,861,1776592588.649136,1776592588.599150,1776592588.449495,1776592588.540543,4.243122,-0.091066,-15.937613,0.107000,0.038000,0.000000,0.227294,-0.125610,9.993779,-0.000266,-0.009325,-0.440958,22.9980,6.2825,-0.5117,0.1214,1
1776592588.699067,862,1776592588.699067,1776592588.649179,1776592588.449495,1776592588.686908,4.237695,-0.091028,-15.962229,0.106000,0.024000,0.000000,0.051440,-0.093310,9.523639,0.013855,0.020516,-0.440692,22.9980,6.2834,-0.5047,0.1155,1
1776592588.749029,863,1776592588.749029,1776592588.749074,1776592588.449495,1776592588.686908,4.232152,-0.091497,-15.984813,0.105000,0.037000,0.000000,0.016748,-0.277539,9.390851,0.068209,0.062081,-0.415913,22.9980,6.2834,-0.5047,0.1155,1
1776592588.799144,864,1776592588.799144,1776592588.749074,1776592588.449495,1776592588.686908,4.226578,-0.092049,-16.006712,0.104000,0.041000,0.000000,0.016748,-0.277539,9.390851,0.068209,0.062081,-0.415913,22.9980,6.2834,-0.5047,0.1155,1
1776592588.851688,865,1776592588.851688,1776592588.799192,1776592588.449495,1776592588.832906,4.220602,-0.093067,-16.027782,0.103000,0.052000,0.000000,0.065796,-0.021533,10.530912,-0.008793,-0.000266,-0.427103,22.9980,6.2844,-0.4984,0.1122,1
1776592588.899077,866,1776592588.899077,1776592588.851754,1776592588.449495,1776592588.832906,4.215014,-0.094112,-16.046217,0.105000,0.058000,0.000000,0.002393,0.452196,9.931573,0.009059,0.003197,-0.357829,22.9980,6.2844,-0.4984,0.1122,1
1776592588.948983,867,1776592588.948983,1776592588.899150,1776592588.449495,1776592588.832906,4.209173,-0.095073,-16.065184,0.104000,0.057000,0.000000,0.077759,-0.080151,11.029764,-0.065544,-0.031706,-0.376480,22.9980,6.2844,-0.4984,0.1122,1
1776592588.999026,868,1776592588.999026,1776592588.949022,1776592588.449495,1776592588.980774,4.202908,-0.095833,-16.086401,0.112000,0.058000,0.000000,0.068188,-0.277539,9.624126,0.058617,0.028243,-0.354099,22.9980,6.2855,-0.4919,0.1107,1
1776592589.049084,869,1776592589.049084,1776592588.999075,1776592589.049687,1776592588.980774,4.196467,-0.096720,-16.107225,0.113000,0.064000,0.000000,0.035889,0.116040,10.389750,-0.012523,0.002132,-0.404189,23.0010,6.2855,-0.4919,0.1107,1
1776592589.099050,870,1776592589.099050,1776592589.049137,1776592589.049687,1776592588.980774,4.190114,-0.097510,-16.127361,0.111000,0.064000,0.000000,0.108862,0.114844,9.700689,0.000533,-0.001066,-0.383940,23.0010,6.2855,-0.4919,0.1107,1
1776592589.149010,871,1776592589.149010,1776592589.099127,1776592589.049687,1776592589.125389,4.184047,-0.097868,-16.147696,0.108000,0.056000,0.000000,-0.062207,-0.671117,11.630300,-0.038634,-0.025045,-0.416979,23.0010,6.2867,-0.4893,0.1090,1
1776592589.199014,872,1776592589.199014,1776592589.149059,1776592589.049687,1776592589.125389,4.177707,-0.098423,-16.167498,0.110000,0.064000,0.000000,0.004785,-0.101684,10.331132,0.042897,0.015720,-0.399394,23.0010,6.2867,-0.4893,0.1090,1
1776592589.249003,873,1776592589.249003,1776592589.199066,1776592589.049687,1776592589.125389,4.170913,-0.098853,-16.188843,0.118000,0.068000,0.000000,0.095703,-0.204565,9.935162,0.003997,-0.004263,-0.390868,23.0010,6.2867,-0.4893,0.1090,1
1776592589.299037,874,1776592589.299037,1776592589.249057,1776592589.049687,1776592589.271246,4.164396,-0.099121,-16.209406,0.113000,0.065000,0.000000,0.102881,0.217724,9.833477,-0.023980,-0.004263,-0.388736,23.0010,6.2876,-0.4856,0.1063,1
1776592589.349004,875,1776592589.349004,1776592589.299107,1776592589.049687,1776592589.271246,4.158187,-0.098909,-16.230644,0.111000,0.056000,0.000000,0.098096,-0.952244,8.973347,0.049025,0.040232,-0.370618,23.0010,6.2876,-0.4856,0.1063,1
1776592589.399055,876,1776592589.399055,1776592589.349070,1776592589.049687,1776592589.271246,4.151731,-0.098886,-16.250814,0.112000,0.064000,0.000000,0.133984,0.070581,9.929180,0.020249,0.030374,-0.406854,23.0010,6.2876,-0.4856,0.1063,1
1776592589.448982,877,1776592589.448982,1776592589.449033,1776592589.049687,1776592589.418174,4.145019,-0.098510,-16.273232,0.119000,0.063000,0.000000,0.153125,0.173462,9.578668,-0.050624,-0.018384,-0.406854,23.0010,6.2885,-0.4860,0.1071,1
1776592589.498988,878,1776592589.498988,1776592589.499045,1776592589.049687,1776592589.418174,4.138576,-0.098212,-16.293684,0.112000,0.064000,0.000000,0.050244,-0.250024,9.283185,0.060215,0.024512,-0.373016,23.0010,6.2885,-0.4860,0.1071,1
1776592589.548975,879,1776592589.548975,1776592589.499045,1776592589.049687,1776592589.418174,4.132335,-0.097492,-16.314880,0.112000,0.057000,0.000000,0.050244,-0.250024,9.283185,0.060215,0.024512,-0.373016,23.0010,6.2885,-0.4860,0.1071,1
1776592589.598986,880,1776592589.598986,1776592589.549019,1776592589.049687,1776592589.562865,4.126190,-0.096696,-16.335686,0.110000,0.057000,0.000000,-0.299072,0.104077,9.521246,0.007194,0.011990,-0.399127,23.0010,6.2893,-0.4881,0.1090,1
1776592589.649026,881,1776592589.649026,1776592589.599028,1776592589.649461,1776592589.562865,4.119979,-0.095713,-16.357252,0.112000,0.057000,0.000000,0.070581,0.220117,9.502106,0.000533,-0.002132,-0.394065,23.0020,6.2893,-0.4881,0.1090,1
1776592589.698946,882,1776592589.698946,1776592589.649071,1776592589.649461,1776592589.562865,4.113915,-0.094619,-16.378319,0.110000,0.056000,0.000000,0.147143,0.122021,9.644464,-0.073005,-0.048226,-0.434564,23.0020,6.2893,-0.4881,0.1090,1
1776592589.749053,883,1776592589.749053,1776592589.698994,1776592589.649461,1776592589.708826,4.108109,-0.093150,-16.400316,0.109000,0.049000,0.000000,0.037085,0.065796,10.272514,0.039433,0.016519,-0.393265,23.0020,6.2903,-0.4913,0.1110,1
1776592589.799029,884,1776592589.799029,1776592589.799075,1776592589.649461,1776592589.708826,4.102507,-0.091295,-16.423153,0.110000,0.043000,0.000000,0.114844,0.254809,9.821514,-0.025578,-0.010125,-0.424172,23.0020,6.2903,-0.4913,0.1110,1
1776592589.848993,885,1776592589.848993,1776592589.799075,1776592589.649461,1776592589.708826,4.096631,-0.089831,-16.443789,0.108000,0.055000,0.000000,0.114844,0.254809,9.821514,-0.025578,-0.010125,-0.424172,23.0020,6.2903,-0.4913,0.1110,1
1776592589.898935,886,1776592589.898935,1776592589.849040,1776592589.649461,1776592589.855936,4.091117,-0.087736,-16.467110,0.110000,0.043000,0.000000,0.122021,-0.425878,11.558522,-0.059683,-0.050890,-0.457211,23.0020,6.2913,-0.4960,0.1124,1
1776592589.948955,887,1776592589.948955,1776592589.898983,1776592589.649461,1776592589.855936,4.085223,-0.085591,-16.490221,0.115000,0.050000,0.000000,-0.050244,0.334960,9.916021,0.007993,0.026378,-0.425238,23.0020,6.2913,-0.4960,0.1124,1
1776592589.998980,888,1776592589.998980,1776592589.999030,1776592589.649461,1776592589.855936,4.079697,-0.083061,-16.514183,0.114000,0.042000,0.000000,0.139966,0.098096,9.584649,-0.051689,-0.023980,-0.457744,23.0020,6.2913,-0.4960,0.1124,1
1776592590.048956,889,1776592590.048956,1776592589.999030,1776592589.649461,1776592590.001937,4.073910,-0.080855,-16.536324,0.112000,0.053000,0.000000,0.139966,0.098096,9.584649,-0.051689,-0.023980,-0.457744,23.0020,6.2924,-0.5004,0.1153,1
1776592590.098942,890,1776592590.098942,1776592590.049005,1776592589.649461,1776592590.001937,4.068731,-0.077873,-16.562017,0.114000,0.036000,0.000000,0.180639,-0.769212,10.228251,0.015720,0.017851,-0.455080,23.0020,6.2924,-0.5004,0.1153,1
1776592590.148987,891,1776592590.148987,1776592590.098982,1776592589.649461,1776592590.147863,4.063375,-0.074774,-16.587339,0.117000,0.040000,0.000000,0.043066,-0.059814,9.313092,-0.005329,-0.002398,-0.465471,23.0020,6.2935,-0.5068,0.1179,1
1776592590.198919,892,1776592590.198919,1776592590.149029,1776592589.649461,1776592590.147863,4.058042,-0.071540,-16.612705,0.118000,0.041000,0.000000,0.038281,-0.099292,9.368121,0.008793,0.021582,-0.455612,23.0020,6.2935,-0.5068,0.1179,1
1776592590.248975,893,1776592590.248975,1776592590.249019,1776592590.249442,1776592590.147863,4.052413,-0.068833,-16.634480,0.112000,0.055000,0.000000,0.013159,-0.147143,8.574984,0.073271,0.042897,-0.409785,23.0040,6.2935,-0.5068,0.1179,1
1776592590.298957,894,1776592590.298957,1776592590.249019,1776592590.249442,1776592590.295406,4.047173,-0.066018,-16.656271,0.108000,0.050000,0.000000,0.013159,-0.147143,8.574984,0.073271,0.042897,-0.409785,23.0040,6.2945,-0.5126,0.1211,1
1776592590.348880,895,1776592590.348880,1776592590.299007,1776592590.249442,1776592590.295406,4.041884,-0.062931,-16.678787,0.112000,0.050000,0.000000,0.101684,-0.139966,10.227056,0.004263,-0.011457,-0.408186,23.0040,6.2945,-0.5126,0.1211,1
1776592590.398923,896,1776592590.398923,1776592590.348919,1776592590.249442,1776592590.295406,4.037018,-0.059894,-16.699854,0.105000,0.046000,0.000000,-0.040674,0.071777,9.552350,0.015986,-0.010391,-0.397262,23.0040,6.2945,-0.5126,0.1211,1
1776592590.448927,897,1776592590.448927,1776592590.448980,1776592590.249442,1776592590.440500,4.031817,-0.056782,-16.721056,0.109000,0.053000,0.000000,-0.116040,0.295483,10.097857,0.055420,0.032239,-0.375148,23.0040,6.2956,-0.5184,0.1254,1
1776592590.498958,898,1776592590.498958,1776592590.448980,1776592590.249442,1776592590.440500,4.027228,-0.053394,-16.743519,0.106000,0.042000,0.000000,-0.116040,0.295483,10.097857,0.055420,0.032239,-0.375148,23.0040,6.2956,-0.5184,0.1254,1
1776592590.548867,899,1776592590.548867,1776592590.499049,1776592590.249442,1776592590.440500,4.022300,-0.049585,-16.767776,0.116000,0.046000,0.000000,0.089722,-0.039477,10.012920,0.010391,0.026644,-0.397795,23.0040,6.2956,-0.5184,0.1254,1
1776592590.598955,900,1776592590.598955,1776592590.548906,1776592590.249442,1776592590.586807,4.017582,-0.046087,-16.789061,0.107000,0.048000,0.000000,0.167480,0.173462,9.794000,-0.019450,-0.002664,-0.411916,23.0040,6.2967,-0.5222,0.1282,1
1776592590.648909,901,1776592590.648909,1776592590.648954,1776592590.249442,1776592590.586807,4.012741,-0.042101,-16.812941,0.116000,0.048000,0.000000,-0.068188,-0.045459,10.216289,0.002132,0.037302,-0.431633,23.0040,6.2967,-0.5222,0.1282,1
1776592590.698969,902,1776592590.698969,1776592590.699026,1776592590.249442,1776592590.586807,4.008593,-0.037971,-16.837553,0.111000,0.037000,0.000000,-0.106470,-0.142358,9.762897,0.010391,0.042364,-0.452149,23.0040,6.2967,-0.5222,0.1282,1
1776592590.748917,903,1776592590.748917,1776592590.748954,1776592590.249442,1776592590.732997,4.004692,-0.033456,-16.863695,0.115000,0.032000,0.000000,0.070581,0.220117,9.730597,-0.044229,-0.013588,-0.466803,23.0040,6.2977,-0.5272,0.1296,1
1776592590.798892,904,1776592590.798892,1776592590.748954,1776592590.249442,1776592590.732997,4.000432,-0.029490,-16.885334,0.107000,0.046000,0.000000,0.070581,0.220117,9.730597,-0.044229,-0.013588,-0.466803,23.0040,6.2977,-0.5272,0.1296,1
1776592590.848976,905,1776592590.848976,1776592590.799040,1776592590.849472,1776592590.732997,3.995826,-0.025708,-16.904816,0.105000,0.056000,0.000000,-0.047851,-0.074170,8.786726,0.068475,0.043430,-0.387404,23.0050,6.2977,-0.5272,0.1296,1
1776592590.898878,906,1776592590.898878,1776592590.849026,1776592590.849472,1776592590.879135,3.990959,-0.021775,-16.924677,0.109000,0.062000,0.000000,-0.076562,0.059814,9.782037,-0.006395,-0.000799,-0.420442,23.0050,6.2988,-0.5335,0.1323,1
1776592590.948877,907,1776592590.948877,1776592590.898921,1776592590.849472,1776592590.879135,3.986233,-0.017498,-16.946127,0.113000,0.059000,0.000000,-0.011963,-0.002393,9.669586,0.012789,0.006927,-0.346905,23.0050,6.2988,-0.5335,0.1323,1
1776592590.998930,908,1776592590.998930,1776592590.948920,1776592590.849472,1776592590.879135,3.982026,-0.013444,-16.966248,0.104000,0.053000,0.000000,0.167480,0.160302,9.619342,-0.044762,-0.025845,-0.390601,23.0050,6.2988,-0.5335,0.1323,1
1776592591.048877,909,1776592591.048877,1776592590.998980,1776592590.849472,1776592591.025553,3.977848,-0.009125,-16.987326,0.108000,0.053000,0.000000,-0.119629,0.050244,9.670782,0.076202,0.039700,-0.317863,23.0050,6.3000,-0.5433,0.1339,1
1776592591.098870,910,1776592591.098870,1776592591.048920,1776592590.849472,1776592591.025553,3.973630,-0.004806,-17.007372,0.107000,0.056000,0.000000,0.130395,-0.049048,9.634893,0.006128,-0.017851,-0.391667,23.0050,6.3000,-0.5433,0.1339,1
1776592591.148898,911,1776592591.148898,1776592591.098911,1776592590.849472,1776592591.025553,3.969017,-0.000170,-17.028383,0.114000,0.064000,0.000000,0.076562,0.229687,9.682745,0.007993,0.002931,-0.377279,23.0050,6.3000,-0.5433,0.1339,1
1776592591.198873,912,1776592591.198873,1776592591.198926,1776592590.849472,1776592591.171916,3.964678,0.004292,-17.048323,0.108000,0.062000,0.000000,-0.019141,-0.044263,10.268926,0.047693,0.011190,-0.380476,23.0050,6.3012,-0.5522,0.1330,1
1776592591.248855,913,1776592591.248855,1776592591.248898,1776592590.849472,1776592591.171916,3.960247,0.008951,-17.068367,0.111000,0.065000,0.000000,-0.041870,0.308642,10.057182,-0.009059,-0.002132,-0.382608,23.0050,6.3012,-0.5522,0.1330,1
1776592591.298854,914,1776592591.298854,1776592591.248898,1776592590.849472,1776592591.171916,3.955959,0.013710,-17.088366,0.111000,0.064000,0.000000,-0.041870,0.308642,10.057182,-0.009059,-0.002132,-0.382608,23.0050,6.3012,-0.5522,0.1330,1
1776592591.348843,915,1776592591.348843,1776592591.298897,1776592590.849472,1776592591.318059,3.951884,0.018474,-17.108011,0.109000,0.062000,0.000000,0.142358,0.138769,9.744952,-0.016786,-0.003464,-0.384473,23.0050,6.3022,-0.5568,0.1340,1
1776592591.398844,916,1776592591.398844,1776592591.348888,1776592590.849472,1776592591.318059,3.948117,0.023254,-17.128262,0.107000,0.058000,0.000000,-0.098096,-0.033496,10.911331,-0.079666,-0.043163,-0.406321,23.0050,6.3022,-0.5568,0.1340,1
1776592591.450326,917,1776592591.450326,1776592591.398886,1776592591.450845,1776592591.318059,3.943937,0.028503,-17.149471,0.113000,0.065000,0.000000,0.163891,0.062207,10.236626,0.028776,0.019983,-0.398328,23.0060,6.3022,-0.5568,0.1340,1
1776592591.498866,918,1776592591.498866,1776592591.450379,1776592591.450845,1776592591.464484,3.940390,0.033573,-17.170197,0.113000,0.059000,0.000000,0.034692,-0.086133,10.300029,-0.003197,-0.006128,-0.407653,23.0060,6.3031,-0.5590,0.1373,1
1776592591.548821,919,1776592591.548821,1776592591.548868,1776592591.450845,1776592591.464484,3.936715,0.038701,-17.190029,0.110000,0.062000,0.000000,-0.096899,-0.697435,11.115896,-0.013056,-0.010391,-0.412449,23.0060,6.3031,-0.5590,0.1373,1
1776592591.598876,920,1776592591.598876,1776592591.548868,1776592591.450845,1776592591.464484,3.933277,0.044023,-17.211353,0.112000,0.059000,0.000000,-0.096899,-0.697435,11.115896,-0.013056,-0.010391,-0.412449,23.0060,6.3031,-0.5590,0.1373,1
1776592591.648823,921,1776592591.648823,1776592591.598919,1776592591.450845,1776592591.610853,3.929664,0.049336,-17.231482,0.111000,0.065000,0.000000,-0.191406,0.270361,9.394440,0.012789,0.018651,-0.393798,23.0060,6.3040,-0.5600,0.1384,1
1776592591.698954,922,1776592591.698954,1776592591.648872,1776592591.450845,1776592591.610853,3.926328,0.055150,-17.253990,0.119000,0.061000,0.000000,0.112451,-0.151928,9.779644,0.008793,0.003464,-0.388203,23.0060,6.3040,-0.5600,0.1384,1
1776592591.748813,923,1776592591.748813,1776592591.748856,1776592591.450845,1776592591.610853,3.922998,0.060704,-17.274334,0.113000,0.064000,0.000000,0.013159,-0.948655,9.000861,0.036769,0.035437,-0.400726,23.0060,6.3040,-0.5600,0.1384,1
1776592591.798836,924,1776592591.798836,1776592591.748856,1776592591.450845,1776592591.757063,3.920221,0.066444,-17.296993,0.115000,0.055000,0.000000,0.013159,-0.948655,9.000861,0.036769,0.035437,-0.400726,23.0060,6.3045,-0.5584,0.1357,1
1776592591.848894,925,1776592591.848894,1776592591.798887,1776592591.450845,1776592591.757063,3.917821,0.072095,-17.319820,0.112000,0.050000,0.000000,-0.165088,0.043066,9.943536,-0.007727,-0.009325,-0.408985,23.0060,6.3045,-0.5584,0.1357,1
1776592591.898830,926,1776592591.898830,1776592591.848941,1776592591.450845,1776592591.757063,3.915654,0.077732,-17.341991,0.111000,0.048000,0.000000,0.057422,-0.007178,9.283185,0.009592,-0.000799,-0.398594,23.0060,6.3045,-0.5584,0.1357,1
1776592591.948801,927,1776592591.948801,1776592591.898880,1776592591.450845,1776592591.903385,3.913588,0.083070,-17.362329,0.104000,0.048000,0.000000,0.220117,-0.110058,11.090775,-0.080731,-0.056485,-0.449218,23.0060,6.3049,-0.5571,0.1359,1
1776592591.998871,928,1776592591.998871,1776592591.998916,1776592591.450845,1776592591.903385,3.911616,0.088913,-17.385212,0.113000,0.049000,0.000000,0.204565,-0.366064,10.378983,-0.000533,-0.008260,-0.427903,23.0060,6.3049,-0.5571,0.1359,1
1776592592.048806,929,1776592592.048806,1776592591.998916,1776592592.049260,1776592592.049977,3.910130,0.094747,-17.409431,0.113000,0.042000,0.000000,0.204565,-0.366064,10.378983,-0.000533,-0.008260,-0.427903,23.0080,6.3051,-0.5591,0.1391,1
1776592592.098849,930,1776592592.098849,1776592592.048864,1776592592.049260,1776592592.049977,3.908303,0.100438,-17.430799,0.108000,0.051000,0.000000,0.113647,0.069385,9.878936,-0.006661,-0.002931,-0.429768,23.0080,6.3051,-0.5591,0.1391,1
1776592592.148801,931,1776592592.148801,1776592592.098889,1776592592.049260,1776592592.049977,3.907548,0.106062,-17.455126,0.109000,0.032000,0.000000,0.034692,-0.818260,10.589530,0.007460,0.005062,-0.460142,23.0080,6.3051,-0.5591,0.1391,1
1776592592.199349,932,1776592592.199349,1776592592.148844,1776592592.049260,1776592592.195848,3.906387,0.112224,-17.480146,0.116000,0.044000,0.000000,0.137573,0.145947,10.198344,0.027710,0.022914,-0.434564,23.0080,6.3053,-0.5606,0.1431,1
1776592592.248804,933,1776592592.248804,1776592592.199395,1776592592.049260,1776592592.195848,3.905636,0.118435,-17.506310,0.120000,0.040000,0.000000,0.021533,-0.251220,9.407599,0.009592,0.020516,-0.452948,23.0080,6.3053,-0.5606,0.1431,1
1776592592.298847,934,1776592592.298847,1776592592.298891,1776592592.049260,1776592592.195848,3.904437,0.124568,-17.529129,0.114000,0.051000,0.000000,0.104077,-0.333764,8.744856,0.064478,0.038900,-0.426837,23.0080,6.3053,-0.5606,0.1431,1
1776592592.348781,935,1776592592.348781,1776592592.348826,1776592592.049260,1776592592.342532,3.903622,0.130653,-17.552698,0.114000,0.046000,0.000000,-0.051440,0.099292,9.646856,0.000799,-0.003997,-0.446820,23.0080,6.3056,-0.5616,0.1434,1
1776592592.398782,936,1776592592.398782,1776592592.398827,1776592592.049260,1776592592.342532,3.902351,0.137034,-17.575098,0.116000,0.059000,0.000000,-0.008374,-0.065796,9.549957,0.013588,-0.002398,-0.403124,23.0080,6.3056,-0.5616,0.1434,1
1776592592.448845,937,1776592592.448845,1776592592.448884,1776592592.049260,1776592592.342532,3.901553,0.143507,-17.599279,0.119000,0.053000,0.000000,0.216528,0.208154,9.400421,-0.065544,-0.030907,-0.439093,23.0080,6.3056,-0.5616,0.1434,1
1776592592.498810,938,1776592592.498810,1776592592.448884,1776592592.049260,1776592592.488893,3.900708,0.149526,-17.620264,0.109000,0.054000,0.000000,0.216528,0.208154,9.400421,-0.065544,-0.030907,-0.439093,23.0080,6.3060,-0.5629,0.1429,1
1776592592.548825,939,1776592592.548825,1776592592.548868,1776592592.049260,1776592592.488893,3.900332,0.155339,-17.641771,0.107000,0.046000,0.000000,0.153125,-0.123218,10.058379,-0.010125,-0.022115,-0.426038,23.0080,6.3060,-0.5629,0.1429,1
1776592592.598871,940,1776592592.598871,1776592592.598920,1776592592.049260,1776592592.488893,3.900113,0.161526,-17.665092,0.114000,0.048000,0.000000,0.014355,0.189013,9.771270,-0.012789,-0.006927,-0.402324,23.0080,6.3060,-0.5629,0.1429,1
1776592592.648730,941,1776592592.648730,1776592592.648774,1776592592.649164,1776592592.636637,3.899988,0.167174,-17.686283,0.104000,0.045000,0.000000,0.187817,-0.117236,10.780936,-0.075669,-0.041565,-0.439093,23.0110,6.3064,-0.5617,0.1389,1
1776592592.698760,942,1776592592.698760,1776592592.698803,1776592592.649164,1776592592.636637,3.899905,0.173041,-17.707895,0.107000,0.048000,0.000000,0.011963,0.050244,9.797588,0.021315,0.024246,-0.405788,23.0110,6.3064,-0.5617,0.1389,1
1776592592.748744,943,1776592592.748744,1776592592.748787,1776592592.649164,1776592592.636637,3.900138,0.178596,-17.729189,0.103000,0.042000,0.000000,0.167480,-0.227294,10.230644,0.001599,0.000266,-0.425505,23.0110,6.3064,-0.5617,0.1389,1
1776592592.798793,944,1776592592.798793,1776592592.748787,1776592592.649164,1776592592.780855,3.901163,0.184049,-17.753363,0.107000,0.029000,0.000000,0.167480,-0.227294,10.230644,0.001599,0.000266,-0.425505,23.0110,6.3065,-0.5596,0.1324,1
1776592592.848793,945,1776592592.848793,1776592592.848835,1776592592.649164,1776592592.780855,3.901894,0.189520,-17.775814,0.104000,0.037000,0.000000,0.008374,-0.314623,11.321658,-0.055686,-0.030907,-0.451083,23.0110,6.3065,-0.5596,0.1324,1
1776592592.898742,946,1776592592.898742,1776592592.848835,1776592592.649164,1776592592.780855,3.902949,0.195027,-17.799690,0.107000,0.034000,0.000000,0.008374,-0.314623,11.321658,-0.055686,-0.030907,-0.451083,23.0110,6.3065,-0.5596,0.1324,1
1776592592.948755,947,1776592592.948755,1776592592.948805,1776592592.649164,1776592592.927551,3.903599,0.200882,-17.821646,0.108000,0.047000,0.000000,0.038281,-0.099292,10.096661,0.006661,0.008260,-0.419909,23.0110,6.3068,-0.5554,0.1262,1
1776592592.998735,948,1776592592.998735,1776592592.998777,1776592592.649164,1776592592.927551,3.904368,0.206897,-17.844088,0.111000,0.049000,0.000000,0.138769,0.330175,9.473394,-0.036236,-0.022115,-0.401259,23.0110,6.3068,-0.5554,0.1262,1
1776592593.048726,949,1776592593.048726,1776592593.048770,1776592592.649164,1776592592.927551,3.905253,0.212493,-17.864834,0.104000,0.045000,0.000000,0.021533,-0.589769,11.044119,-0.015454,-0.008793,-0.390601,23.0110,6.3068,-0.5554,0.1262,1
1776592593.098738,950,1776592593.098738,1776592593.048770,1776592592.649164,1776592593.074097,3.905796,0.219096,-17.886288,0.116000,0.064000,0.000000,0.021533,-0.589769,11.044119,-0.015454,-0.008793,-0.390601,23.0110,6.3071,-0.5495,0.1179,1
1776592593.148767,951,1776592593.148767,1776592593.148811,1776592592.649164,1776592593.074097,3.906324,0.225553,-17.906752,0.112000,0.065000,0.000000,0.037085,-0.169873,9.829888,-0.002398,0.017585,-0.385272,23.0110,6.3071,-0.5495,0.1179,1
1776592593.198730,952,1776592593.198730,1776592593.148811,1776592592.649164,1776592593.074097,3.907329,0.232294,-17.929533,0.121000,0.063000,0.000000,0.037085,-0.169873,9.829888,-0.002398,0.017585,-0.385272,23.0110,6.3071,-0.5495,0.1179,1
1776592593.248795,953,1776592593.248795,1776592593.198776,1776592593.249330,1776592593.219605,3.908116,0.238617,-17.949308,0.110000,0.064000,0.000000,0.101684,0.253613,9.485357,-0.055952,-0.026378,-0.412982,23.0130,6.3073,-0.5427,0.1098,1
1776592593.298728,954,1776592593.298728,1776592593.248850,1776592593.249330,1776592593.219605,3.909337,0.244977,-17.970930,0.115000,0.060000,0.000000,0.133984,-0.905589,9.351374,0.030108,0.026910,-0.404722,23.0130,6.3073,-0.5427,0.1098,1
1776592593.348751,955,1776592593.348751,1776592593.348793,1776592593.249330,1776592593.219605,3.910391,0.251187,-17.991041,0.109000,0.063000,0.000000,-0.031103,-0.118432,9.396832,0.009858,-0.005862,-0.375947,23.0130,6.3073,-0.5427,0.1098,1
1776592593.398716,956,1776592593.398716,1776592593.398758,1776592593.249330,1776592593.366057,3.911731,0.257555,-18.012226,0.114000,0.063000,0.000000,-0.013159,-0.113647,10.637382,-0.071939,-0.048492,-0.395930,23.0130,6.3075,-0.5372,0.1007,1
1776592593.448713,957,1776592593.448713,1776592593.398758,1776592593.249330,1776592593.366057,3.912987,0.263355,-18.030926,0.103000,0.059000,0.000000,-0.013159,-0.113647,10.637382,-0.071939,-0.048492,-0.395930,23.0130,6.3075,-0.5372,0.1007,1
1776592593.498716,958,1776592593.498716,1776592593.498757,1776592593.249330,1776592593.366057,3.914523,0.269314,-18.050728,0.108000,0.059000,0.000000,0.124414,0.051440,10.499809,-0.006395,-0.010924,-0.394598,23.0130,6.3075,-0.5372,0.1007,1
1776592593.548713,959,1776592593.548713,1776592593.548756,1776592593.249330,1776592593.512120,3.916170,0.275665,-18.071577,0.114000,0.065000,0.000000,0.098096,0.050244,9.807158,0.003997,0.000000,-0.372217,23.0130,6.3076,-0.5323,0.0901,1
1776592593.598683,960,1776592593.598683,1776592593.598729,1776592593.249330,1776592593.512120,3.917875,0.281695,-18.091364,0.109000,0.062000,0.000000,0.038281,-0.354101,11.702077,-0.061015,-0.031440,-0.407920,23.0130,6.3076,-0.5323,0.0901,1
1776592593.648718,961,1776592593.648718,1776592593.648761,1776592593.249330,1776592593.512120,3.919737,0.287661,-18.111279,0.109000,0.061000,0.000000,0.002393,-0.166284,10.114605,0.046627,0.014388,-0.384739,23.0130,6.3076,-0.5323,0.0901,1
1776592593.698714,962,1776592593.698714,1776592593.648761,1776592593.249330,1776592593.663248,3.921859,0.293648,-18.131926,0.112000,0.060000,0.000000,0.002393,-0.166284,10.114605,0.046627,0.014388,-0.384739,23.0130,6.3076,-0.5300,0.0799,1
1776592593.748757,963,1776592593.748757,1776592593.698761,1776592593.249330,1776592593.663248,3.924329,0.299723,-18.154446,0.117000,0.059000,0.000000,-0.074170,-0.247631,10.169634,0.000000,0.007727,-0.404989,23.0130,6.3076,-0.5300,0.0799,1
1776592593.798685,964,1776592593.798685,1776592593.748805,1776592593.249330,1776592593.663248,3.926545,0.305797,-18.174665,0.112000,0.065000,0.000000,0.166284,0.257202,9.814337,-0.014388,0.002398,-0.394598,23.0130,6.3076,-0.5300,0.0799,1
1776592593.848685,965,1776592593.848685,1776592593.848728,1776592593.849178,1776592593.803825,3.929363,0.311318,-18.197067,0.113000,0.051000,0.000000,0.250024,0.003589,10.038042,0.022115,0.024512,-0.414581,23.0150,6.3076,-0.5247,0.0687,1
1776592593.898653,966,1776592593.898653,1776592593.898692,1776592593.849178,1776592593.803825,3.932081,0.316979,-18.218304,0.112000,0.057000,0.000000,-0.076562,-0.044263,9.351374,0.016786,0.006395,-0.402857,23.0150,6.3076,-0.5247,0.0687,1
1776592593.948667,967,1776592593.948667,1776592593.948715,1776592593.849178,1776592593.949852,3.935141,0.322623,-18.241110,0.116000,0.055000,0.000000,0.180639,0.159106,9.492536,-0.042630,-0.041298,-0.426038,23.0150,6.3081,-0.5202,0.0615,1
1776592593.998662,968,1776592593.998662,1776592593.998701,1776592593.849178,1776592593.949852,3.937860,0.327991,-18.261208,0.106000,0.057000,0.000000,-0.022729,-0.087329,9.315485,0.073005,0.025845,-0.377546,23.0150,6.3081,-0.5202,0.0615,1
1776592594.048649,969,1776592594.048649,1776592594.048690,1776592593.849178,1776592593.949852,3.941214,0.333233,-18.284252,0.114000,0.050000,0.000000,-0.046655,-0.033496,9.493731,0.001066,-0.009325,-0.410051,23.0150,6.3081,-0.5202,0.0615,1
1776592594.098682,970,1776592594.098682,1776592594.048690,1776592593.849178,1776592594.095826,3.944655,0.338082,-18.306515,0.110000,0.045000,0.000000,-0.046655,-0.033496,9.493731,0.001066,-0.009325,-0.410051,23.0150,6.3086,-0.5151,0.0525,1
1776592594.148656,971,1776592594.148656,1776592594.148706,1776592593.849178,1776592594.095826,3.948404,0.343088,-18.330702,0.116000,0.047000,0.000000,0.266772,0.151928,9.493731,-0.062081,-0.041565,-0.451616,23.0150,6.3086,-0.5151,0.0525,1
1776592594.198630,972,1776592594.198630,1776592594.198678,1776592593.849178,1776592594.095826,3.952031,0.347519,-18.353590,0.107000,0.041000,0.000000,0.025122,0.267968,10.181597,0.049025,0.020249,-0.412449,23.0150,6.3086,-0.5151,0.0525,1
1776592594.248642,973,1776592594.248642,1776592594.248692,1776592593.849178,1776592594.242161,3.956023,0.352124,-18.377695,0.114000,0.043000,0.000000,0.129199,-0.155517,9.954302,-0.005595,-0.012523,-0.457478,23.0150,6.3091,-0.5085,0.0423,1
1776592594.298649,974,1776592594.298649,1776592594.298697,1776592593.849178,1776592594.242161,3.960169,0.356429,-18.402098,0.113000,0.039000,0.000000,0.080151,0.294287,9.860991,-0.022914,-0.002664,-0.453747,23.0150,6.3091,-0.5085,0.0423,1
1776592594.348645,975,1776592594.348645,1776592594.348687,1776592593.849178,1776592594.242161,3.964417,0.360520,-18.426647,0.112000,0.037000,0.000000,0.230883,-0.072973,11.556130,-0.067409,-0.044229,-0.498509,23.0150,6.3091,-0.5085,0.0423,1
1776592594.398710,976,1776592594.398710,1776592594.348687,1776592593.849178,1776592594.387701,3.968640,0.365166,-18.450277,0.115000,0.050000,0.000000,0.230883,-0.072973,11.556130,-0.067409,-0.044229,-0.498509,23.0150,6.3095,-0.5030,0.0309,1
1776592594.448679,977,1776592594.448679,1776592594.448720,1776592594.449166,1776592594.387701,3.972716,0.370031,-18.471714,0.113000,0.058000,0.000000,0.058618,-0.235668,10.323955,0.002931,0.013855,-0.410850,23.0140,6.3095,-0.5030,0.0309,1
1776592594.498630,978,1776592594.498630,1776592594.448720,1776592594.449166,1776592594.387701,3.977180,0.374490,-18.495090,0.116000,0.050000,0.000000,0.058618,-0.235668,10.323955,0.002931,0.013855,-0.410850,23.0140,6.3095,-0.5030,0.0309,1
1776592594.548620,979,1776592594.548620,1776592594.498673,1776592594.449166,1776592594.534174,3.981397,0.379515,-18.515837,0.114000,0.065000,0.000000,0.133984,0.092114,9.430328,-0.052222,-0.024246,-0.434297,23.0140,6.3097,-0.4967,0.0221,1
1776592594.598681,980,1776592594.598681,1776592594.598723,1776592594.449166,1776592594.534174,3.985858,0.383764,-18.538513,0.112000,0.051000,0.000000,0.124414,-0.096899,9.706671,-0.006395,-0.020782,-0.434297,23.0140,6.3097,-0.4967,0.0221,1
1776592594.648802,981,1776592594.648802,1776592594.598723,1776592594.449166,1776592594.534174,3.990404,0.387963,-18.560818,0.112000,0.052000,0.000000,0.124414,-0.096899,9.706671,-0.006395,-0.020782,-0.434297,23.0140,6.3097,-0.4967,0.0221,1
1776592594.698613,982,1776592594.698613,1776592594.648847,1776592594.449166,1776592594.680500,3.995181,0.391825,-18.584030,0.114000,0.047000,0.000000,-0.037085,0.017944,9.344195,0.018118,0.023713,-0.380743,23.0140,6.3099,-0.4899,0.0145,1
1776592594.748610,983,1776592594.748610,1776592594.748660,1776592594.449166,1776592594.680500,3.999775,0.396079,-18.604929,0.111000,0.058000,0.000000,0.204565,-0.370849,8.687434,0.064478,0.042630,-0.393532,23.0140,6.3099,-0.4899,0.0145,1
1776592594.798604,984,1776592594.798604,1776592594.798645,1776592594.449166,1776592594.680500,4.004493,0.399679,-18.627327,0.109000,0.047000,0.000000,0.179443,-0.156714,10.306010,-0.006661,-0.015720,-0.426038,23.0140,6.3099,-0.4899,0.0145,1
1776592594.848617,985,1776592594.848617,1776592594.798645,1776592594.449166,1776592594.826137,4.009445,0.402951,-18.650885,0.111000,0.042000,0.000000,0.179443,-0.156714,10.306010,-0.006661,-0.015720,-0.426038,23.0140,6.3102,-0.4844,0.0063,1
1776592594.898581,986,1776592594.898581,1776592594.848668,1776592594.449166,1776592594.826137,4.014204,0.405897,-18.673269,0.105000,0.039000,0.000000,0.014355,0.141162,9.699493,0.010924,0.006128,-0.391400,23.0140,6.3102,-0.4844,0.0063,1
1776592594.948728,987,1776592594.948728,1776592594.898619,1776592594.449166,1776592594.826137,4.019012,0.408890,-18.695059,0.105000,0.042000,0.000000,0.149536,-0.328979,11.206814,-0.076202,-0.035170,-0.473730,23.0140,6.3102,-0.4844,0.0063,1
1776592594.998616,988,1776592594.998616,1776592594.948766,1776592594.449166,1776592594.973717,4.024005,0.411235,-18.718931,0.106000,0.031000,0.000000,-0.226098,0.291894,9.725811,0.059949,0.031706,-0.406055,23.0140,6.3106,-0.4828,-0.0019,1
1776592595.049046,989,1776592595.049046,1776592594.998679,1776592594.449166,1776592594.973717,4.029160,0.414201,-18.741877,0.109000,0.045000,0.000000,0.047851,-0.059814,9.944732,-0.003197,0.031706,-0.435896,23.0140,6.3106,-0.4828,-0.0019,1
1776592595.098648,990,1776592595.098648,1776592595.049089,1776592595.050715,1776592594.973717,4.033873,0.416756,-18.762312,0.100000,0.041000,0.000000,-0.078955,0.242846,9.577472,-0.008793,-0.007727,-0.426304,23.0140,6.3106,-0.4828,-0.0019,1
1776592595.148653,991,1776592595.148653,1776592595.098699,1776592595.050715,1776592595.122857,4.038743,0.420194,-18.780716,0.103000,0.060000,0.000000,-0.069385,-0.534740,10.942435,0.002931,-0.017585,-0.391134,23.0140,6.3109,-0.4833,-0.0081,1
1776592595.198610,992,1776592595.198610,1776592595.148703,1776592595.050715,1776592595.122857,4.043673,0.423488,-18.799149,0.103000,0.059000,0.000000,0.110058,0.068188,10.161260,0.030108,0.026111,-0.350901,23.0140,6.3109,-0.4833,-0.0081,1
1776592595.249048,993,1776592595.249048,1776592595.251126,1776592595.050715,1776592595.122857,4.049105,0.426944,-18.819527,0.111000,0.063000,0.000000,0.189013,0.214135,9.774859,-0.008526,-0.008260,-0.362358,23.0140,6.3109,-0.4833,-0.0081,1
1776592595.298811,994,1776592595.298811,1776592595.251126,1776592595.050715,1776592595.270851,4.054203,0.429586,-18.839977,0.104000,0.050000,0.000000,0.189013,0.214135,9.774859,-0.008526,-0.008260,-0.362358,23.0140,6.3112,-0.4841,-0.0142,1
1776592595.348579,995,1776592595.348579,1776592595.348628,1776592595.050715,1776592595.270851,4.059896,0.432726,-18.861378,0.115000,0.062000,0.000000,0.150732,-0.178247,10.127764,0.022115,0.018384,-0.393265,23.0140,6.3112,-0.4841,-0.0142,1
1776592595.398581,996,1776592595.398581,1776592595.348628,1776592595.050715,1776592595.270851,4.065583,0.435810,-18.881828,0.113000,0.063000,0.000000,0.150732,-0.178247,10.127764,0.022115,0.018384,-0.393265,23.0140,6.3112,-0.4841,-0.0142,1
1776592595.448539,997,1776592595.448539,1776592595.398631,1776592595.050715,1776592595.419712,4.071732,0.438910,-18.904112,0.121000,0.066000,0.000000,-0.009570,-0.101684,9.778448,-0.000533,0.002664,-0.403390,23.0140,6.3114,-0.4859,-0.0218,1
1776592595.498554,998,1776592595.498554,1776592595.448580,1776592595.050715,1776592595.419712,4.077560,0.441998,-18.924316,0.113000,0.068000,0.000000,0.214135,0.254809,9.815533,-0.035170,-0.015187,-0.398594,23.0140,6.3114,-0.4859,-0.0218,1
1776592595.548556,999,1776592595.548556,1776592595.548606,1776592595.050715,1776592595.419712,4.083584,0.444756,-18.945868,0.116000,0.064000,0.000000,0.075366,0.102881,9.571490,0.009592,0.027976,-0.413515,23.0140,6.3114,-0.4859,-0.0218,1
1776592595.598598,1000,1776592595.598598,1776592595.598639,1776592595.050715,1776592595.568601,4.089416,0.447360,-18.965836,0.111000,0.063000,0.000000,0.126806,-0.057422,9.387262,0.001332,-0.003730,-0.382874,23.0140,6.3119,-0.4858,-0.0277,1
1776592595.648587,1001,1776592595.648587,1776592595.648645,1776592595.649271,1776592595.568601,4.095651,0.449902,-18.987478,0.118000,0.065000,0.000000,0.074170,0.221313,9.480573,-0.056752,-0.028243,-0.411117,23.0140,6.3119,-0.4858,-0.0277,1
1776592595.698525,1002,1776592595.698525,1776592595.698565,1776592595.649271,1776592595.568601,4.101370,0.452235,-19.006956,0.107000,0.062000,0.000000,0.101684,-0.173462,10.160064,0.044495,0.010658,-0.386338,23.0140,6.3119,-0.4858,-0.0277,1
1776592595.748533,1003,1776592595.748533,1776592595.748578,1776592595.649271,1776592595.716769,4.107315,0.454279,-19.027708,0.111000,0.059000,0.000000,-0.076562,0.212939,9.747344,0.006927,0.001066,-0.391400,23.0140,6.3123,-0.4857,-0.0344,1
1776592595.798662,1004,1776592595.798662,1776592595.748578,1776592595.649271,1776592595.716769,4.113060,0.456199,-19.047258,0.106000,0.058000,0.000000,-0.076562,0.212939,9.747344,0.006927,0.001066,-0.391400,23.0140,6.3123,-0.4857,-0.0344,1
1776592595.848549,1005,1776592595.848549,1776592595.798707,1776592595.649271,1776592595.716769,4.118852,0.457938,-19.067112,0.107000,0.057000,0.000000,0.222509,0.183032,9.926787,-0.008793,-0.008260,-0.374881,23.0140,6.3123,-0.4857,-0.0344,1
1776592595.898520,1006,1776592595.898520,1776592595.848598,1776592595.649271,1776592595.864965,4.124888,0.459777,-19.087351,0.110000,0.062000,0.000000,0.199780,0.143554,10.106231,-0.072472,-0.047160,-0.406854,23.0140,6.3128,-0.4866,-0.0411,1
1776592595.948578,1007,1776592595.948578,1776592595.898560,1776592595.649271,1776592595.864965,4.131068,0.461472,-19.108324,0.112000,0.062000,0.000000,0.221313,-0.041870,10.284477,0.026378,0.011457,-0.399394,23.0140,6.3128,-0.4866,-0.0411,1
1776592595.998546,1008,1776592595.998546,1776592595.998596,1776592595.649271,1776592595.864965,4.137390,0.462900,-19.129860,0.115000,0.060000,0.000000,0.190210,0.220117,9.715045,-0.034904,-0.005062,-0.398328,23.0140,6.3128,-0.4866,-0.0411,1
1776592596.048548,1009,1776592596.048548,1776592595.998596,1776592595.649271,1776592596.013570,4.143500,0.464420,-19.149563,0.109000,0.063000,0.000000,0.190210,0.220117,9.715045,-0.034904,-0.005062,-0.398328,23.0140,6.3132,-0.4888,-0.0437,1
1776592596.098574,1010,1776592596.098574,1776592596.048586,1776592595.649271,1776592596.013570,4.149757,0.465521,-19.171223,0.113000,0.058000,0.000000,-0.101684,-0.600536,11.644655,-0.045295,-0.032772,-0.431899,23.0140,6.3132,-0.4888,-0.0437,1
1776592596.148570,1011,1776592596.148570,1776592596.098624,1776592595.649271,1776592596.013570,4.156129,0.466612,-19.192871,0.114000,0.061000,0.000000,0.068188,0.198584,9.565509,0.004263,0.027976,-0.420975,23.0140,6.3132,-0.4888,-0.0437,1
1776592596.198625,1012,1776592596.198625,1776592596.148622,1776592595.649271,1776592596.163101,4.162651,0.467311,-19.215696,0.118000,0.057000,0.000000,0.037085,-0.241650,9.929180,-0.004796,-0.001332,-0.415913,23.0140,6.3136,-0.4898,-0.0476,1
1776592596.248491,1013,1776592596.248491,1776592596.198673,1776592596.248925,1776592596.163101,4.168815,0.468205,-19.235443,0.109000,0.061000,0.000000,0.031103,0.198584,9.502106,-0.059949,-0.029841,-0.430301,23.0140,6.3136,-0.4898,-0.0476,1
1776592596.299317,1014,1776592596.299317,1776592596.248528,1776592596.248925,1776592596.163101,4.175084,0.468511,-19.257961,0.112000,0.052000,0.000000,0.094507,-0.864915,8.746053,0.052755,0.039700,-0.414847,23.0140,6.3136,-0.4898,-0.0476,1
1776592596.348509,1015,1776592596.348509,1776592596.299355,1776592596.248925,1776592596.310755,4.180892,0.468678,-19.278868,0.107000,0.050000,0.000000,-0.003589,-0.013159,9.784430,-0.001865,-0.015454,-0.408719,23.0140,6.3139,-0.4918,-0.0493,1
1776592596.398612,1016,1776592596.398612,1776592596.398659,1776592596.248925,1776592596.310755,4.186981,0.468260,-19.303217,0.114000,0.043000,0.000000,0.232080,-0.020337,10.274907,-0.074337,-0.062880,-0.449218,23.0140,6.3139,-0.4918,-0.0493,1
1776592596.448567,1017,1776592596.448567,1776592596.398659,1776592596.248925,1776592596.310755,4.192636,0.467892,-19.324844,0.105000,0.043000,0.000000,0.232080,-0.020337,10.274907,-0.074337,-0.062880,-0.449218,23.0140,6.3139,-0.4918,-0.0493,1
1776592596.498785,1018,1776592596.498785,1776592596.498860,1776592596.248925,1776592596.459847,4.198491,0.467195,-19.348297,0.110000,0.041000,0.000000,0.177050,-0.081347,10.239018,-0.009325,-0.015454,-0.446820,23.0140,6.3143,-0.4922,-0.0485,1
1776592596.548480,1019,1776592596.548480,1776592596.498860,1776592596.248925,1776592596.459847,4.204350,0.466211,-19.372997,0.113000,0.039000,0.000000,0.177050,-0.081347,10.239018,-0.009325,-0.015454,-0.446820,23.0140,6.3143,-0.4922,-0.0485,1
1776592596.598570,1020,1776592596.598570,1776592596.598622,1776592596.248925,1776592596.459847,4.210128,0.464900,-19.398293,0.113000,0.035000,0.000000,0.111255,-0.230883,11.592019,-0.079666,-0.040232,-0.504371,23.0140,6.3143,-0.4922,-0.0485,1
1776592596.648601,1021,1776592596.648601,1776592596.598622,1776592596.248925,1776592596.608150,4.215736,0.463523,-19.422504,0.110000,0.035000,0.000000,0.111255,-0.230883,11.592019,-0.079666,-0.040232,-0.504371,23.0140,6.3147,-0.4917,-0.0489,1
1776592596.699123,1022,1776592596.699123,1776592596.699169,1776592596.248925,1776592596.608150,4.221490,0.462096,-19.446659,0.111000,0.038000,0.000000,0.084936,0.022729,9.722222,0.044762,0.032506,-0.435629,23.0140,6.3147,-0.4917,-0.0489,1
1776592596.748511,1023,1776592596.748511,1776592596.699169,1776592596.248925,1776592596.608150,4.227572,0.460589,-19.471647,0.119000,0.044000,0.000000,0.084936,0.022729,9.722222,0.044762,0.032506,-0.435629,23.0140,6.3147,-0.4917,-0.0489,1
1776592596.798630,1024,1776592596.798630,1776592596.748560,1776592596.248925,1776592596.757263,4.234166,0.459808,-19.493149,0.116000,0.064000,0.000000,0.076562,0.143554,9.980620,-0.026111,-0.013588,-0.458010,23.0140,6.3151,-0.4912,-0.0517,1
1776592596.848507,1025,1776592596.848507,1776592596.798678,1776592596.849126,1776592596.757263,4.240231,0.458251,-19.516691,0.116000,0.048000,0.000000,0.259594,-0.537133,8.803474,0.039966,0.041298,-0.434830,23.0130,6.3151,-0.4912,-0.0517,1
1776592596.898440,1026,1776592596.898440,1776592596.898482,1776592596.849126,1776592596.757263,4.246488,0.456754,-19.540209,0.117000,0.054000,0.000000,-0.062207,-0.032300,9.497320,0.014921,0.002664,-0.420176,23.0130,6.3151,-0.4912,-0.0517,1
1776592596.948479,1027,1776592596.948479,1776592596.948530,1776592596.849126,1776592596.905081,4.252500,0.454838,-19.564880,0.117000,0.047000,0.000000,0.147143,0.033496,9.500910,-0.059416,-0.040765,-0.464139,23.0130,6.3154,-0.4900,-0.0547,1
1776592596.998571,1028,1776592596.998571,1776592596.998618,1776592596.849126,1776592596.905081,4.257948,0.453090,-19.586420,0.105000,0.045000,0.000000,-0.154321,0.230883,9.852617,0.054354,0.024246,-0.393265,23.0130,6.3154,-0.4900,-0.0547,1
1776592597.048503,1029,1776592597.048503,1776592596.998618,1776592596.849126,1776592596.905081,4.262965,0.450965,-19.608591,0.103000,0.036000,0.000000,-0.154321,0.230883,9.852617,0.054354,0.024246,-0.393265,23.0130,6.3154,-0.4900,-0.0547,1
1776592597.098486,1030,1776592597.098486,1776592597.048543,1776592596.849126,1776592597.054418,4.268678,0.448853,-19.631384,0.112000,0.048000,0.000000,0.211743,-0.135180,9.766485,0.010125,-0.021848,-0.443623,23.0130,6.3156,-0.4887,-0.0567,1
1776592597.148490,1031,1776592597.148490,1776592597.098525,1776592596.849126,1776592597.054418,4.273178,0.446358,-19.654184,0.099000,0.028000,0.000000,0.120825,0.108862,9.686334,-0.008260,0.006395,-0.430301,23.0130,6.3156,-0.4887,-0.0567,1
1776592597.198510,1032,1776592597.198510,1776592597.198558,1776592596.849126,1776592597.054418,4.278330,0.443889,-19.677193,0.107000,0.040000,0.000000,0.124414,0.095703,9.937554,0.018917,0.046361,-0.445754,23.0130,6.3156,-0.4887,-0.0567,1
1776592597.248580,1033,1776592597.248580,1776592597.198558,1776592596.849126,1776592597.202678,4.283424,0.441158,-19.700676,0.109000,0.038000,0.000000,0.124414,0.095703,9.937554,0.018917,0.046361,-0.445754,23.0130,6.3157,-0.4866,-0.0546,1
1776592597.298486,1034,1776592597.298486,1776592597.248627,1776592596.849126,1776592597.202678,4.288849,0.438679,-19.722137,0.109000,0.049000,0.000000,0.082544,0.412719,9.741363,-0.013322,0.015720,-0.430034,23.0130,6.3157,-0.4866,-0.0546,1
1776592597.348456,1035,1776592597.348456,1776592597.298544,1776592596.849126,1776592597.202678,4.294288,0.436394,-19.742325,0.105000,0.054000,0.000000,0.031103,0.417504,9.731792,-0.024246,-0.003730,-0.404989,23.0130,6.3157,-0.4866,-0.0546,1
1776592597.398470,1036,1776592597.398470,1776592597.348505,1776592596.849126,1776592597.351108,4.300256,0.434008,-19.763081,0.112000,0.063000,0.000000,0.223706,0.145947,11.489138,-0.070074,-0.035437,-0.408719,23.0130,6.3158,-0.4867,-0.0542,1
1776592597.448434,1037,1776592597.448434,1776592597.448485,1776592597.448983,1776592597.351108,4.306376,0.431474,-19.783815,0.115000,0.066000,0.000000,0.005981,-0.092114,10.221074,-0.006128,0.009592,-0.390335,23.0130,6.3158,-0.4867,-0.0542,1
1776592597.498465,1038,1776592597.498465,1776592597.448485,1776592597.448983,1776592597.351108,4.312151,0.428712,-19.804878,0.113000,0.060000,0.000000,0.005981,-0.092114,10.221074,-0.006128,0.009592,-0.390335,23.0130,6.3158,-0.4867,-0.0542,1
1776592597.548508,1039,1776592597.548508,1776592597.548549,1776592597.448983,1776592597.503244,4.317945,0.426067,-19.824797,0.110000,0.064000,0.000000,0.092114,-0.988133,10.295244,0.011723,0.000533,-0.397262,23.0130,6.3158,-0.4881,-0.0494,1
1776592597.598489,1040,1776592597.598489,1776592597.598537,1776592597.448983,1776592597.503244,4.323304,0.423057,-19.846188,0.110000,0.055000,0.000000,-0.131592,0.267968,9.401618,0.011190,0.003730,-0.400992,23.0130,6.3158,-0.4881,-0.0494,1
1776592597.648796,1041,1776592597.648796,1776592597.598537,1776592597.448983,1776592597.648563,4.329110,0.420103,-19.866663,0.112000,0.065000,0.000000,-0.131592,0.267968,9.401618,0.011190,0.003730,-0.400992,23.0130,6.3159,-0.4892,-0.0404,1
1776592597.698432,1042,1776592597.698432,1776592597.648848,1776592597.448983,1776592597.648563,4.334882,0.416901,-19.887611,0.116000,0.065000,0.000000,0.044263,-0.106470,9.363337,0.007993,-0.000799,-0.386604,23.0130,6.3159,-0.4892,-0.0404,1
1776592597.748432,1043,1776592597.748432,1776592597.698472,1776592597.448983,1776592597.648563,4.340457,0.413746,-19.907711,0.111000,0.064000,0.000000,0.165088,0.238061,9.591827,-0.058617,-0.037834,-0.406321,23.0130,6.3159,-0.4892,-0.0404,1
1776592597.798473,1044,1776592597.798473,1776592597.798518,1776592597.448983,1776592597.797614,4.345872,0.410247,-19.929277,0.114000,0.060000,0.000000,-0.053833,0.291894,9.906450,-0.001332,-0.002132,-0.400459,23.0130,6.3159,-0.4898,-0.0289,1
1776592597.848457,1045,1776592597.848457,1776592597.798518,1776592597.448983,1776592597.797614,4.351333,0.406819,-19.949720,0.112000,0.064000,0.000000,-0.053833,0.291894,9.906450,-0.001332,-0.002132,-0.400459,23.0130,6.3159,-0.4898,-0.0289,1
1776592597.898411,1046,1776592597.898411,1776592597.898452,1776592597.448983,1776592597.797614,4.356564,0.403147,-19.970753,0.113000,0.060000,0.000000,0.046655,0.025122,10.850321,-0.080731,-0.035437,-0.419643,23.0130,6.3159,-0.4898,-0.0289,1
1776592597.948475,1047,1776592597.948475,1776592597.948508,1776592597.448983,1776592597.947166,4.361663,0.399493,-19.991129,0.110000,0.060000,0.000000,-0.041870,-0.210546,9.305915,0.053821,0.021315,-0.374348,23.0130,6.3161,-0.4921,-0.0140,1
1776592597.998490,1048,1776592597.998490,1776592597.998536,1776592597.448983,1776592597.947166,4.366652,0.395561,-20.012833,0.113000,0.058000,0.000000,-0.059814,-0.210546,10.405302,0.001332,-0.005062,-0.412716,23.0130,6.3161,-0.4921,-0.0140,1
1776592598.048500,1049,1776592598.048500,1776592597.998536,1776592598.049145,1776592597.947166,4.371443,0.391529,-20.034437,0.112000,0.056000,0.000000,-0.059814,-0.210546,10.405302,0.001332,-0.005062,-0.412716,23.0130,6.3161,-0.4921,-0.0140,1
1776592598.098380,1050,1776592598.098380,1776592598.048544,1776592598.049145,1776592598.091334,4.376271,0.387729,-20.053741,0.107000,0.061000,0.000000,0.189013,0.222509,9.749737,-0.002132,-0.004529,-0.393532,23.0130,6.3160,-0.4913,0.0003,1
1776592598.148433,1051,1776592598.148433,1776592598.148480,1776592598.049145,1776592598.091334,4.380527,0.383627,-20.074762,0.107000,0.050000,0.000000,0.193798,0.084936,10.211504,0.030108,0.015454,-0.405522,23.0130,6.3160,-0.4913,0.0003,1
1776592598.198389,1052,1776592598.198389,1776592598.198439,1776592598.049145,1776592598.091334,4.385195,0.379361,-20.095743,0.112000,0.059000,0.000000,0.126806,-0.186621,9.518854,0.008260,-0.007727,-0.398061,23.0130,6.3160,-0.4913,0.0003,1
1776592598.248479,1053,1776592598.248479,1776592598.248529,1776592598.049145,1776592598.237261,4.389596,0.374764,-20.118635,0.115000,0.054000,0.000000,0.120825,0.278735,9.721026,-0.028776,-0.015454,-0.407653,23.0130,6.3160,-0.4920,0.0132,1
1776592598.298415,1054,1776592598.298415,1776592598.298468,1776592598.049145,1776592598.237261,4.394324,0.370326,-20.139059,0.113000,0.064000,0.000000,0.218920,-0.711791,8.726912,0.053288,0.036502,-0.400459,23.0130,6.3160,-0.4920,0.0132,1
1776592598.348438,1055,1776592598.348438,1776592598.348486,1776592598.049145,1776592598.237261,4.398262,0.365528,-20.162069,0.114000,0.049000,0.000000,-0.123218,0.222509,9.792804,0.004263,0.025312,-0.432965,23.0130,6.3160,-0.4920,0.0132,1
1776592598.398430,1056,1776592598.398430,1776592598.398480,1776592598.049145,1776592598.382501,4.402340,0.360659,-20.184715,0.115000,0.054000,0.000000,-0.010767,0.086133,9.346588,0.010391,0.013855,-0.409785,23.0130,6.3160,-0.4922,0.0257,1
1776592598.448483,1057,1776592598.448483,1776592598.398480,1776592598.049145,1776592598.382501,4.405861,0.355430,-20.210342,0.118000,0.044000,0.000000,-0.010767,0.086133,9.346588,0.010391,0.013855,-0.409785,23.0130,6.3160,-0.4922,0.0257,1
1776592598.498441,1058,1776592598.498441,1776592598.448529,1776592598.049145,1776592598.382501,4.409324,0.350447,-20.233173,0.112000,0.047000,0.000000,0.253613,0.128003,9.462628,-0.058883,-0.031706,-0.455080,23.0130,6.3160,-0.4922,0.0257,1
1776592598.548429,1059,1776592598.548429,1776592598.548483,1776592598.049145,1776592598.527980,4.412076,0.345321,-20.257467,0.111000,0.035000,0.000000,0.108862,0.037085,9.639679,-0.011723,-0.013855,-0.473464,23.0130,6.3159,-0.4926,0.0366,1
1776592598.598558,1060,1776592598.598558,1776592598.548483,1776592598.049145,1776592598.527980,4.415104,0.339875,-20.282833,0.117000,0.042000,0.000000,0.108862,0.037085,9.639679,-0.011723,-0.013855,-0.473464,23.0130,6.3159,-0.4926,0.0366,1
1776592598.648411,1061,1776592598.648411,1776592598.648460,1776592598.648895,1776592598.527980,4.417838,0.334667,-20.306913,0.111000,0.040000,0.000000,0.172265,-0.014355,10.331132,-0.082863,-0.047959,-0.513696,23.0120,6.3159,-0.4926,0.0366,1
1776592598.698495,1062,1776592598.698495,1776592598.648460,1776592598.648895,1776592598.673962,4.420251,0.329400,-20.331039,0.110000,0.036000,0.000000,0.172265,-0.014355,10.331132,-0.082863,-0.047959,-0.513696,23.0120,6.3160,-0.4963,0.0465,1
1776592598.748379,1063,1776592598.748379,1776592598.748470,1776592598.648895,1776592598.673962,4.423060,0.324340,-20.352154,0.106000,0.047000,0.000000,0.110058,-0.137573,10.195952,0.007993,-0.008260,-0.422307,23.0120,6.3160,-0.4963,0.0465,1
1776592598.798342,1064,1776592598.798342,1776592598.798389,1776592598.648895,1776592598.673962,4.425738,0.318864,-20.375687,0.113000,0.046000,0.000000,0.214135,0.227294,9.796392,-0.039966,-0.025578,-0.429501,23.0120,6.3160,-0.4963,0.0465,1
1776592598.848425,1065,1776592598.848425,1776592598.798389,1776592598.648895,1776592598.820296,4.428879,0.313640,-20.395821,0.107000,0.058000,0.000000,0.214135,0.227294,9.796392,-0.039966,-0.025578,-0.429501,23.0120,6.3162,-0.5016,0.0586,1
1776592598.898351,1066,1776592598.898351,1776592598.898402,1776592598.648895,1776592598.820296,4.431616,0.307914,-20.418985,0.116000,0.052000,0.000000,0.027515,0.077759,9.547565,-0.010658,0.004529,-0.432166,23.0120,6.3162,-0.5016,0.0586,1
1776592598.948522,1067,1776592598.948522,1776592598.948569,1776592598.648895,1776592598.820296,4.434082,0.302398,-20.441111,0.110000,0.049000,0.000000,0.019141,0.014355,9.725811,0.007194,0.026644,-0.400992,23.0120,6.3162,-0.5016,0.0586,1
1776592598.998400,1068,1776592598.998400,1776592598.998447,1776592598.648895,1776592598.965647,4.436449,0.296263,-20.466249,0.122000,0.050000,0.000000,0.296679,-0.003589,9.520050,-0.060482,-0.032239,-0.444955,23.0120,6.3158,-0.5043,0.0702,1
1776592599.048337,1069,1776592599.048337,1776592599.048384,1776592598.648895,1776592598.965647,4.439138,0.290590,-20.487274,0.111000,0.059000,0.000000,0.234472,-0.800316,8.826203,0.045828,0.051423,-0.425505,23.0120,6.3158,-0.5043,0.0702,1
1776592599.098374,1070,1776592599.098374,1776592599.098420,1776592598.648895,1776592598.965647,4.441495,0.284615,-20.510090,0.116000,0.055000,0.000000,-0.004785,-0.175854,9.910040,-0.006395,-0.022647,-0.460941,23.0120,6.3158,-0.5043,0.0702,1
1776592599.148366,1071,1776592599.148366,1776592599.148418,1776592598.648895,1776592599.112272,4.442858,0.279122,-20.532986,0.107000,0.037000,0.000000,-0.162695,0.181836,9.346588,0.008260,0.022115,-0.404456,23.0120,6.3154,-0.5082,0.0805,1
1776592599.198444,1072,1776592599.198444,1776592599.198510,1776592598.648895,1776592599.112272,4.444158,0.273683,-20.555471,0.105000,0.038000,0.000000,0.205761,-0.163891,11.066849,-0.067676,-0.029308,-0.446021,23.0120,6.3154,-0.5082,0.0805,1
1776592599.248406,1073,1776592599.248406,1776592599.198510,1776592599.248936,1776592599.112272,4.445481,0.268209,-20.577454,0.105000,0.041000,0.000000,0.205761,-0.163891,11.066849,-0.067676,-0.029308,-0.446021,23.0130,6.3154,-0.5082,0.0805,1
1776592599.298326,1074,1776592599.298326,1776592599.248490,1776592599.248936,1776592599.258679,4.446387,0.262758,-20.600716,0.105000,0.035000,0.000000,-0.226098,0.046655,9.571490,0.066344,0.049558,-0.382608,23.0130,6.3152,-0.5146,0.0924,1
1776592599.348490,1075,1776592599.348490,1776592599.348539,1776592599.248936,1776592599.258679,4.447981,0.256961,-20.622036,0.108000,0.052000,0.000000,-0.044263,0.337353,9.706671,0.011190,0.013588,-0.401525,23.0130,6.3152,-0.5146,0.0924,1
1776592599.398372,1076,1776592599.398372,1776592599.348539,1776592599.248936,1776592599.258679,4.449356,0.251232,-20.643036,0.107000,0.050000,0.000000,-0.044263,0.337353,9.706671,0.011190,0.013588,-0.401525,23.0130,6.3152,-0.5146,0.0924,1
1776592599.448345,1077,1776592599.448345,1776592599.448395,1776592599.248936,1776592599.403671,4.450689,0.245806,-20.661924,0.100000,0.050000,0.000000,-0.172265,0.206958,9.560723,0.073005,0.043696,-0.308005,23.0130,6.3151,-0.5197,0.1039,1
1776592599.498394,1078,1776592599.498394,1776592599.498441,1776592599.248936,1776592599.403671,4.452263,0.239851,-20.681944,0.108000,0.059000,0.000000,0.206958,0.005981,10.218681,-0.006128,0.008260,-0.382608,23.0130,6.3151,-0.5197,0.1039,1
1776592599.548284,1079,1776592599.548284,1776592599.498441,1776592599.248936,1776592599.403671,4.453854,0.233641,-20.702797,0.112000,0.063000,0.000000,0.206958,0.005981,10.218681,-0.006128,0.008260,-0.382608,23.0130,6.3151,-0.5197,0.1039,1
1776592599.598305,1080,1776592599.598305,1776592599.598356,1776592599.248936,1776592599.550015,4.455347,0.227478,-20.722755,0.110000,0.063000,0.000000,0.027515,-0.424682,11.670974,-0.046893,-0.027443,-0.413515,23.0130,6.3149,-0.5248,0.1151,1
1776592599.648372,1081,1776592599.648372,1776592599.598356,1776592599.248936,1776592599.550015,4.456524,0.221500,-20.742380,0.107000,0.058000,0.000000,0.027515,-0.424682,11.670974,-0.046893,-0.027443,-0.413515,23.0130,6.3149,-0.5248,0.1151,1
1776592599.698265,1082,1776592599.698265,1776592599.648435,1776592599.248936,1776592599.695501,4.457832,0.215172,-20.762589,0.112000,0.065000,0.000000,0.066992,0.087329,10.418461,0.045295,0.018651,-0.387670,23.0130,6.3140,-0.5285,0.1223,1
1776592599.748393,1083,1776592599.748393,1776592599.698315,1776592599.248936,1776592599.695501,4.458855,0.208635,-20.784393,0.116000,0.063000,0.000000,0.038281,-0.234472,9.966265,0.000533,0.002398,-0.392466,23.0130,6.3140,-0.5285,0.1223,1
1776592599.798334,1084,1776592599.798334,1776592599.748441,1776592599.248936,1776592599.695501,4.459861,0.202159,-20.805019,0.114000,0.065000,0.000000,0.083740,0.257202,9.755718,-0.023713,-0.003464,-0.391667,23.0130,6.3140,-0.5285,0.1223,1
1776592599.848265,1085,1776592599.848265,1776592599.848316,1776592599.848757,1776592599.841786,4.460411,0.196065,-20.825790,0.109000,0.056000,0.000000,0.086133,0.266772,9.632501,0.022647,0.023180,-0.406321,23.0140,6.3130,-0.5287,0.1282,1
1776592599.898392,1086,1776592599.898392,1776592599.898433,1776592599.848757,1776592599.841786,4.461190,0.189621,-20.846092,0.112000,0.065000,0.000000,0.013159,-0.005981,9.235333,0.015187,0.002931,-0.374348,23.0140,6.3130,-0.5287,0.1282,1
1776592599.948330,1087,1776592599.948330,1776592599.948380,1776592599.848757,1776592599.841786,4.461758,0.182893,-20.867914,0.118000,0.066000,0.000000,0.095703,0.279931,9.432721,-0.037035,-0.016519,-0.401792,23.0140,6.3130,-0.5287,0.1282,1
1776592599.998298,1088,1776592599.998298,1776592599.998340,1776592599.848757,1776592599.987658,4.462243,0.176397,-20.888453,0.113000,0.065000,0.000000,-0.047851,-0.423486,9.047517,0.060215,0.027443,-0.365023,23.0140,6.3119,-0.5324,0.1311,1
1776592600.048350,1089,1776592600.048350,1776592599.998340,1776592599.848757,1776592599.987658,4.462215,0.170241,-20.909374,0.110000,0.055000,0.000000,-0.047851,-0.423486,9.047517,0.060215,0.027443,-0.365023,23.0140,6.3119,-0.5324,0.1311,1
1776592600.098366,1090,1776592600.098366,1776592600.048399,1776592599.848757,1776592599.987658,4.462348,0.163995,-20.929182,0.109000,0.061000,0.000000,-0.137573,0.238061,9.381281,0.010125,0.002398,-0.399660,23.0140,6.3119,-0.5324,0.1311,1
1776592600.148351,1091,1776592600.148351,1776592600.098411,1776592599.848757,1776592600.134109,4.462177,0.157738,-20.950226,0.111000,0.058000,0.000000,0.112451,0.282324,9.754522,0.005595,-0.001332,-0.377013,23.0140,6.3108,-0.5359,0.1334,1
1776592600.198316,1092,1776592600.198316,1776592600.148396,1776592599.848757,1776592600.134109,4.461917,0.151462,-20.971111,0.111000,0.059000,0.000000,0.135180,0.088525,9.912432,-0.067676,-0.046361,-0.414314,23.0140,6.3108,-0.5359,0.1334,1
1776592600.248305,1093,1776592600.248305,1776592600.198364,1776592599.848757,1776592600.134109,4.461510,0.145259,-20.991756,0.110000,0.058000,0.000000,0.007178,0.093310,10.389750,0.032239,0.007993,-0.399394,23.0140,6.3108,-0.5359,0.1334,1
1776592600.298386,1094,1776592600.298386,1776592600.248353,1776592599.848757,1776592600.279667,4.460736,0.139148,-21.013441,0.111000,0.053000,0.000000,0.027515,-0.116040,10.132548,-0.009592,-0.014121,-0.407387,23.0140,6.3098,-0.5419,0.1381,1
1776592600.348344,1095,1776592600.348344,1776592600.298436,1776592599.848757,1776592600.279667,4.460206,0.132998,-21.033525,0.108000,0.060000,0.000000,0.082544,0.281127,9.762897,-0.030374,-0.008793,-0.402591,23.0140,6.3098,-0.5419,0.1381,1
1776592600.398321,1096,1776592600.398321,1776592600.398370,1776592599.848757,1776592600.279667,4.458853,0.127167,-21.056715,0.111000,0.045000,0.000000,-0.076562,0.179443,9.686334,0.008793,0.024246,-0.427370,23.0140,6.3098,-0.5419,0.1381,1
1776592600.448265,1097,1776592600.448265,1776592600.448318,1776592600.448825,1776592600.425784,4.457708,0.120996,-21.078690,0.113000,0.055000,0.000000,0.038281,-0.477318,10.140923,0.007993,-0.009592,-0.439360,23.0140,6.3088,-0.5490,0.1415,1
1776592600.498363,1098,1776592600.498363,1776592600.498411,1776592600.448825,1776592600.425784,4.455905,0.114980,-21.103188,0.117000,0.045000,0.000000,0.113647,0.189013,9.497320,-0.049291,-0.031706,-0.449751,23.0140,6.3088,-0.5490,0.1415,1
1776592600.548319,1099,1776592600.548319,1776592600.548369,1776592600.448825,1776592600.425784,4.454506,0.108906,-21.124968,0.112000,0.055000,0.000000,0.143554,-0.935496,9.509283,0.032239,0.019983,-0.449751,23.0140,6.3088,-0.5490,0.1415,1
1776592600.598294,1100,1776592600.598294,1776592600.548369,1776592600.448825,1776592600.572067,4.452339,0.103271,-21.149706,0.114000,0.040000,0.000000,0.143554,-0.935496,9.509283,0.032239,0.019983,-0.449751,23.0140,6.3072,-0.5570,0.1440,1
1776592600.648478,1101,1776592600.648478,1776592600.598341,1776592600.448825,1776592600.572067,4.450096,0.097676,-21.173826,0.113000,0.041000,0.000000,0.104077,0.001196,9.486554,-0.002931,-0.020516,-0.457744,23.0140,6.3072,-0.5570,0.1440,1
1776592600.698297,1102,1776592600.698297,1776592600.698346,1776592600.448825,1776592600.572067,4.447557,0.092127,-21.198956,0.116000,0.039000,0.000000,0.271557,0.027515,10.011724,-0.070607,-0.046094,-0.493713,23.0140,6.3072,-0.5570,0.1440,1
1776592600.748235,1103,1776592600.748235,1776592600.698346,1776592600.448825,1776592600.718008,4.445192,0.086815,-21.221975,0.109000,0.041000,0.000000,0.271557,0.027515,10.011724,-0.070607,-0.046094,-0.493713,23.0140,6.3055,-0.5615,0.1442,1
1776592600.798331,1104,1776592600.798331,1776592600.798379,1776592600.448825,1776592600.718008,4.442698,0.081541,-21.245321,0.109000,0.041000,0.000000,0.096899,0.017944,10.264140,0.008526,-0.005329,-0.444688,23.0140,6.3055,-0.5615,0.1442,1
1776592600.848297,1105,1776592600.848297,1776592600.848369,1776592600.448825,1776592600.718008,4.440073,0.075987,-21.269106,0.114000,0.046000,0.000000,-0.016748,0.174658,9.558331,0.005062,-0.010391,-0.418311,23.0140,6.3055,-0.5615,0.1442,1
1776592600.898321,1106,1776592600.898321,1776592600.848369,1776592600.448825,1776592600.864357,4.437586,0.070864,-21.290617,0.105000,0.044000,0.000000,-0.016748,0.174658,9.558331,0.005062,-0.010391,-0.418311,23.0140,6.3037,-0.5627,0.1444,1
1776592600.948296,1107,1776592600.948296,1776592600.898369,1776592600.448825,1776592600.864357,4.434962,0.065448,-21.312904,0.110000,0.049000,0.000000,0.003589,-0.519188,11.492727,-0.046893,-0.025045,-0.448152,23.0140,6.3037,-0.5627,0.1444,1
1776592600.998250,1108,1776592600.998250,1776592600.998300,1776592600.448825,1776592600.864357,4.432391,0.060040,-21.334385,0.108000,0.052000,0.000000,0.000000,-0.160302,9.931573,0.000533,0.018917,-0.399926,23.0140,6.3037,-0.5627,0.1444,1
1776592601.048175,1109,1776592601.048175,1776592600.998300,1776592601.048675,1776592601.010552,4.429268,0.054607,-21.358297,0.116000,0.048000,0.000000,0.000000,-0.160302,9.931573,0.000533,0.018917,-0.399926,23.0160,6.3019,-0.5630,0.1426,1
1776592601.098271,1110,1776592601.098271,1776592601.098313,1776592601.048675,1776592601.010552,4.426645,0.049204,-21.378136,0.106000,0.056000,0.000000,0.102881,-0.773998,9.394440,0.035703,0.033838,-0.431100,23.0160,6.3019,-0.5630,0.1426,1
1776592601.148237,1111,1776592601.148237,1776592601.148300,1776592601.048675,1776592601.010552,4.423465,0.043912,-21.400770,0.113000,0.050000,0.000000,0.020337,0.029907,9.613360,0.009592,0.023180,-0.431366,23.0160,6.3019,-0.5630,0.1426,1
1776592601.198272,1112,1776592601.198272,1776592601.198315,1776592601.048675,1776592601.156476,4.420243,0.038922,-21.423136,0.109000,0.047000,0.000000,-0.117236,-0.090918,9.622931,0.009858,0.021848,-0.409518,23.0160,6.3006,-0.5632,0.1433,1
1776592601.248240,1113,1776592601.248240,1776592601.198315,1776592601.048675,1776592601.156476,4.416582,0.033978,-21.447569,0.115000,0.044000,0.000000,-0.117236,-0.090918,9.622931,0.009858,0.021848,-0.409518,23.0160,6.3006,-0.5632,0.1433,1
1776592601.298226,1114,1776592601.298226,1776592601.248291,1776592601.048675,1776592601.156476,4.413253,0.029338,-21.468914,0.105000,0.045000,0.000000,0.153125,0.046655,9.541583,-0.034904,-0.011990,-0.426304,23.0160,6.3006,-0.5632,0.1433,1
1776592601.348156,1115,1776592601.348156,1776592601.298273,1776592601.048675,1776592601.302574,4.409482,0.025381,-21.492231,0.105000,0.031000,0.000000,0.080151,-0.159106,8.828596,0.078866,0.065544,-0.398061,23.0160,6.2990,-0.5639,0.1454,1
1776592601.398146,1116,1776592601.398146,1776592601.398221,1776592601.048675,1776592601.302574,4.405689,0.020639,-21.514977,0.112000,0.047000,0.000000,-0.003589,0.035889,9.523639,0.013855,0.009059,-0.430833,23.0160,6.2990,-0.5639,0.1454,1
1776592601.448142,1117,1776592601.448142,1776592601.398221,1776592601.048675,1776592601.302574,4.401570,0.015646,-21.539524,0.119000,0.051000,0.000000,-0.003589,0.035889,9.523639,0.013855,0.009059,-0.430833,23.0160,6.2990,-0.5639,0.1454,1
1776592601.498327,1118,1776592601.498327,1776592601.448196,1776592601.048675,1776592601.449605,4.397674,0.010800,-21.561506,0.112000,0.053000,0.000000,0.098096,0.546703,9.420758,-0.044229,-0.027443,-0.439093,23.0160,6.2973,-0.5612,0.1448,1
1776592601.548335,1119,1776592601.548335,1776592601.498376,1776592601.048675,1776592601.449605,4.393902,0.005826,-21.582008,0.110000,0.059000,0.000000,-0.047851,0.076562,9.327448,0.070074,0.043163,-0.337846,23.0160,6.2973,-0.5612,0.1448,1
1776592601.598212,1120,1776592601.598212,1776592601.548384,1776592601.048675,1776592601.594745,4.389812,0.000465,-21.603556,0.118000,0.066000,0.000000,0.084936,-0.003589,9.771270,-0.003197,-0.017851,-0.411916,23.0160,6.2957,-0.5566,0.1428,1
1776592601.648147,1121,1776592601.648147,1776592601.598261,1776592601.648640,1776592601.594745,4.385962,-0.004505,-21.623329,0.109000,0.063000,0.000000,0.037085,0.244043,9.734185,-0.010924,-0.001599,-0.393532,23.0160,6.2957,-0.5566,0.1428,1
1776592601.698188,1122,1776592601.698188,1776592601.648197,1776592601.648640,1776592601.594745,4.381969,-0.009315,-21.643545,0.109000,0.061000,0.000000,-0.108862,-0.087329,10.444779,-0.079133,-0.043430,-0.417778,23.0160,6.2957,-0.5566,0.1428,1
1776592601.748225,1123,1776592601.748225,1776592601.698238,1776592601.648640,1776592601.741451,4.377975,-0.014008,-21.662960,0.107000,0.061000,0.000000,0.026318,0.068188,10.262944,0.034104,0.014654,-0.392999,23.0160,6.2940,-0.5500,0.1433,1
1776592601.800725,1124,1776592601.800725,1776592601.800769,1776592601.648640,1776592601.741451,4.373343,-0.019135,-21.685116,0.115000,0.064000,0.000000,0.174658,0.218920,9.626519,-0.027443,-0.021315,-0.398061,23.0160,6.2940,-0.5500,0.1433,1
1776592601.848249,1125,1776592601.848249,1776592601.848315,1776592601.648640,1776592601.741451,4.369411,-0.023567,-21.703459,0.107000,0.064000,0.000000,-0.052637,-0.461767,11.548952,-0.033305,-0.021582,-0.403657,23.0160,6.2940,-0.5500,0.1433,1
1776592601.898240,1126,1776592601.898240,1776592601.898289,1776592601.648640,1776592601.887110,4.364860,-0.028094,-21.724606,0.113000,0.061000,0.000000,-0.026318,0.301464,9.392047,0.021848,0.017319,-0.399394,23.0160,6.2932,-0.5465,0.1436,1
1776592601.948241,1127,1776592601.948241,1776592601.898289,1776592601.648640,1776592601.887110,4.360335,-0.032595,-21.744606,0.111000,0.063000,0.000000,-0.026318,0.301464,9.392047,0.021848,0.017319,-0.399394,23.0160,6.2932,-0.5465,0.1436,1
1776592601.998202,1128,1776592601.998202,1776592601.948289,1776592601.648640,1776592601.887110,4.355266,-0.037425,-21.766888,0.122000,0.069000,0.000000,0.035889,-0.052637,9.844244,0.003197,0.012789,-0.392200,23.0160,6.2932,-0.5465,0.1436,1
1776592602.048247,1129,1776592602.048247,1776592601.998252,1776592601.648640,1776592602.033268,4.350460,-0.042012,-21.787355,0.114000,0.068000,0.000000,0.078955,0.384008,9.370514,-0.049824,-0.030108,-0.407120,23.0160,6.2922,-0.5428,0.1448,1
1776592602.098140,1130,1776592602.098140,1776592602.048292,1776592601.648640,1776592602.033268,4.345497,-0.046349,-21.808460,0.115000,0.065000,0.000000,0.065796,-0.933104,9.223371,0.026378,0.030108,-0.393265,23.0160,6.2922,-0.5428,0.1448,1
1776592602.148216,1131,1776592602.148216,1776592602.098179,1776592601.648640,1776592602.033268,4.340694,-0.050394,-21.828089,0.109000,0.062000,0.000000,-0.263183,0.269165,9.843047,0.003197,0.011190,-0.391667,23.0160,6.2922,-0.5428,0.1448,1
1776592602.198261,1132,1776592602.198261,1776592602.198310,1776592601.648640,1776592602.179849,4.335667,-0.054365,-21.848707,0.112000,0.062000,0.000000,-0.026318,-0.034692,11.155374,-0.071139,-0.048759,-0.416179,23.0160,6.2909,-0.5348,0.1456,1
1776592602.248191,1133,1776592602.248191,1776592602.248240,1776592602.248683,1776592602.179849,4.330846,-0.058033,-21.868231,0.106000,0.059000,0.000000,-0.038281,-0.214135,9.705475,0.056219,0.016786,-0.378345,23.0170,6.2909,-0.5348,0.1456,1
1776592602.298209,1134,1776592602.298209,1776592602.248240,1776592602.248683,1776592602.179849,4.325599,-0.061655,-21.889488,0.113000,0.059000,0.000000,-0.038281,-0.214135,9.705475,0.056219,0.016786,-0.378345,23.0170,6.2909,-0.5348,0.1456,1
1776592602.348213,1135,1776592602.348213,1776592602.348307,1776592602.248683,1776592602.325249,4.320550,-0.064884,-21.909889,0.107000,0.054000,0.000000,0.080151,0.124414,9.855010,0.000533,-0.011990,-0.383940,23.0170,6.2895,-0.5282,0.1455,1
1776592602.398139,1136,1776592602.398139,1776592602.398187,1776592602.248683,1776592602.325249,4.315556,-0.068146,-21.929411,0.105000,0.057000,0.000000,0.081347,-0.624462,11.331228,-0.031440,-0.028509,-0.419643,23.0170,6.2895,-0.5282,0.1455,1
1776592602.448171,1137,1776592602.448171,1776592602.448218,1776592602.248683,1776592602.325249,4.310258,-0.070829,-21.951626,0.109000,0.047000,0.000000,0.105273,0.117236,10.314384,0.043163,0.015454,-0.397262,23.0170,6.2895,-0.5282,0.1455,1
1776592602.498200,1138,1776592602.498200,1776592602.448218,1776592602.248683,1776592602.471316,4.304518,-0.073810,-21.974640,0.117000,0.055000,0.000000,0.105273,0.117236,10.314384,0.043163,0.015454,-0.397262,23.0170,6.2882,-0.5187,0.1448,1
1776592602.548191,1139,1776592602.548191,1776592602.498250,1776592602.248683,1776592602.471316,4.298759,-0.076305,-21.998386,0.116000,0.048000,0.000000,0.034692,-0.326586,9.804767,0.012523,0.002931,-0.430567,23.0170,6.2882,-0.5187,0.1448,1
1776592602.598190,1140,1776592602.598190,1776592602.548238,1776592602.248683,1776592602.471316,4.293038,-0.079214,-22.020136,0.114000,0.059000,0.000000,0.029907,0.333764,9.768878,-0.027443,-0.016786,-0.439360,23.0170,6.2882,-0.5187,0.1448,1
1776592602.648197,1141,1776592602.648197,1776592602.598236,1776592602.248683,1776592602.617910,4.287275,-0.081248,-22.044540,0.114000,0.044000,0.000000,0.052637,-0.768016,8.378793,0.057551,0.042364,-0.432699,23.0170,6.2869,-0.5075,0.1459,1
1776592602.698228,1142,1776592602.698228,1776592602.648245,1776592602.248683,1776592602.617910,4.281449,-0.083391,-22.067904,0.114000,0.049000,0.000000,0.099292,0.031103,9.526031,-0.002931,0.016786,-0.447619,23.0170,6.2869,-0.5075,0.1459,1
1776592602.748148,1143,1776592602.748148,1776592602.698276,1776592602.248683,1776592602.617910,4.275438,-0.084731,-22.093813,0.118000,0.036000,0.000000,-0.001196,0.046655,9.337018,0.014388,0.003997,-0.430034,23.0170,6.2869,-0.5075,0.1459,1
1776592602.798137,1144,1776592602.798137,1776592602.748197,1776592602.248683,1776592602.763609,4.269688,-0.086400,-22.116808,0.111000,0.045000,0.000000,0.069385,0.056225,9.444684,-0.061015,-0.035437,-0.473997,23.0170,6.2859,-0.4954,0.1491,1
1776592602.848178,1145,1776592602.848178,1776592602.798188,1776592602.848662,1776592602.763609,4.264101,-0.087107,-22.142229,0.109000,0.028000,0.000000,-0.133984,0.031103,9.467413,0.062347,0.030108,-0.441758,23.0200,6.2859,-0.4954,0.1491,1
1776592602.898180,1146,1776592602.898180,1776592602.848225,1776592602.848662,1776592602.763609,4.258450,-0.088017,-22.166481,0.109000,0.035000,0.000000,0.108862,-0.227294,9.618146,-0.006927,-0.011723,-0.484122,23.0200,6.2859,-0.4954,0.1491,1
1776592602.948169,1147,1776592602.948169,1776592602.898227,1776592602.848662,1776592602.910563,4.252913,-0.088610,-22.190475,0.107000,0.031000,0.000000,0.016748,0.206958,9.811944,-0.006128,-0.004529,-0.452149,23.0200,6.2852,-0.4860,0.1520,1
1776592602.998233,1148,1776592602.998233,1776592602.948218,1776592602.848662,1776592602.910563,4.247393,-0.089640,-22.211853,0.104000,0.042000,0.000000,0.228491,0.035889,10.347880,-0.068209,-0.041565,-0.483855,23.0200,6.2852,-0.4860,0.1520,1
1776592603.048293,1149,1776592603.048293,1776592602.998280,1776592602.848662,1776592602.910563,4.241418,-0.090659,-22.235081,0.112000,0.046000,0.000000,-0.049048,0.281127,10.099052,0.018917,0.032772,-0.399926,23.0200,6.2852,-0.4860,0.1520,1
1776592603.098127,1150,1776592603.098127,1776592603.098172,1776592602.848662,1776592603.055843,4.235436,-0.091584,-22.258404,0.112000,0.047000,0.000000,0.194995,0.161499,9.865777,-0.026111,-0.019717,-0.443090,23.0200,6.2841,-0.4791,0.1550,1
1776592603.148305,1151,1776592603.148305,1776592603.098172,1776592602.848662,1776592603.055843,4.229380,-0.092423,-22.281284,0.112000,0.048000,0.000000,0.194995,0.161499,9.865777,-0.026111,-0.019717,-0.443090,23.0200,6.2841,-0.4791,0.1550,1
1776592603.198184,1152,1776592603.198184,1776592603.198230,1776592602.848662,1776592603.055843,4.223461,-0.092894,-22.304279,0.111000,0.043000,0.000000,-0.100488,-0.104077,9.860991,-0.012256,0.020249,-0.440958,23.0200,6.2841,-0.4791,0.1550,1
1776592603.248141,1153,1776592603.248141,1776592603.198230,1776592602.848662,1776592603.202187,4.217242,-0.093611,-22.327108,0.114000,0.052000,0.000000,-0.100488,-0.104077,9.860991,-0.012256,0.020249,-0.440958,23.0200,6.2828,-0.4749,0.1586,1
1776592603.298195,1154,1776592603.298195,1776592603.248189,1776592602.848662,1776592603.202187,4.210900,-0.094313,-22.349983,0.115000,0.055000,0.000000,0.010767,-0.238061,10.078716,-0.005329,0.019983,-0.426304,23.0200,6.2828,-0.4749,0.1586,1
1776592603.348135,1155,1776592603.348135,1776592603.348186,1776592602.848662,1776592603.348511,4.204950,-0.094534,-22.372606,0.110000,0.046000,0.000000,0.104077,-0.806297,9.389655,0.048759,0.058883,-0.443090,23.0200,6.2818,-0.4746,0.1612,1
1776592603.398198,1156,1776592603.398198,1776592603.398243,1776592602.848662,1776592603.348511,4.199252,-0.094083,-22.396587,0.109000,0.034000,0.000000,0.184228,-0.063403,9.505694,-0.019450,0.006661,-0.450284,23.0200,6.2818,-0.4746,0.1612,1
1776592603.448124,1157,1776592603.448124,1776592603.398243,1776592603.448622,1776592603.348511,4.193359,-0.093889,-22.419403,0.110000,0.043000,0.000000,0.184228,-0.063403,9.505694,-0.019450,0.006661,-0.450284,23.0220,6.2818,-0.4746,0.1612,1
1776592603.498075,1158,1776592603.498075,1776592603.448171,1776592603.448622,1776592603.494961,4.186985,-0.093780,-22.443230,0.117000,0.051000,0.000000,0.070581,-0.077759,9.571490,-0.002398,0.014121,-0.441491,23.0220,6.2808,-0.4762,0.1628,1
1776592603.548167,1159,1776592603.548167,1776592603.548214,1776592603.448622,1776592603.494961,4.181072,-0.093915,-22.463617,0.105000,0.054000,0.000000,0.016748,-0.155517,8.641975,0.071139,0.043696,-0.343175,23.0220,6.2808,-0.4762,0.1628,1
1776592603.598022,1160,1776592603.598022,1776592603.598072,1776592603.448622,1776592603.494961,4.174803,-0.094239,-22.483360,0.109000,0.063000,0.000000,0.230883,0.010767,10.114605,0.002398,-0.010125,-0.381276,23.0220,6.2808,-0.4762,0.1628,1
1776592603.648211,1161,1776592603.648211,1776592603.648298,1776592603.448622,1776592603.641939,4.168624,-0.094400,-22.502733,0.107000,0.061000,0.000000,-0.114844,0.052637,9.549957,0.012256,0.000799,-0.365556,23.0220,6.2798,-0.4794,0.1671,1
1776592603.698057,1162,1776592603.698057,1776592603.648298,1776592603.448622,1776592603.641939,4.162199,-0.094337,-22.523420,0.113000,0.062000,0.000000,-0.114844,0.052637,9.549957,0.012256,0.000799,-0.365556,23.0220,6.2798,-0.4794,0.1671,1
1776592603.748186,1163,1776592603.748186,1776592603.698103,1776592603.448622,1776592603.641939,4.156095,-0.094232,-22.542820,0.106000,0.060000,0.000000,0.053833,-0.015552,10.917313,-0.071139,-0.048226,-0.391667,23.0220,6.2798,-0.4794,0.1671,1
1776592603.798190,1164,1776592603.798190,1776592603.748237,1776592603.448622,1776592603.787412,4.149854,-0.093973,-22.562822,0.109000,0.061000,0.000000,0.072973,-0.234472,9.444684,0.066077,0.032506,-0.350635,23.0220,6.2788,-0.4846,0.1712,1
1776592603.848096,1165,1776592603.848096,1776592603.848145,1776592603.448622,1776592603.787412,4.143425,-0.093635,-22.583084,0.112000,0.064000,0.000000,0.118432,0.014355,9.866973,-0.000533,0.003997,-0.373282,23.0220,6.2788,-0.4846,0.1712,1
1776592603.898069,1166,1776592603.898069,1776592603.898117,1776592603.448622,1776592603.787412,4.137384,-0.093126,-22.602423,0.106000,0.059000,0.000000,-0.177050,-0.533544,11.639870,-0.048492,-0.023980,-0.409252,23.0220,6.2788,-0.4846,0.1712,1
1776592603.948193,1167,1776592603.948193,1776592603.948240,1776592603.448622,1776592603.934072,4.131213,-0.092412,-22.622723,0.109000,0.059000,0.000000,0.102881,-0.056225,10.404106,0.039700,0.009592,-0.388736,23.0220,6.2779,-0.4889,0.1761,1
1776592603.998058,1168,1776592603.998058,1776592603.948240,1776592603.448622,1776592603.934072,4.124931,-0.091709,-22.642769,0.110000,0.063000,0.000000,0.102881,-0.056225,10.404106,0.039700,0.009592,-0.388736,23.0220,6.2779,-0.4889,0.1761,1
1776592604.048155,1169,1776592604.048155,1776592604.048204,1776592604.048646,1776592603.934072,4.118406,-0.090764,-22.663860,0.115000,0.064000,0.000000,0.119629,0.173462,9.899273,-0.016786,-0.000799,-0.391933,23.0220,6.2779,-0.4889,0.1761,1
1776592604.098125,1170,1776592604.098125,1776592604.048204,1776592604.048646,1776592604.079833,4.112364,-0.089848,-22.682848,0.106000,0.061000,0.000000,0.119629,0.173462,9.899273,-0.016786,-0.000799,-0.391933,23.0220,6.2760,-0.4924,0.1808,1
1776592604.148111,1171,1776592604.148111,1776592604.148162,1776592604.048646,1776592604.079833,4.106126,-0.088446,-22.704641,0.114000,0.058000,0.000000,0.129199,-0.043066,10.152885,0.025578,0.026111,-0.410318,23.0220,6.2760,-0.4924,0.1808,1
1776592604.198059,1172,1776592604.198059,1776592604.198102,1776592604.048646,1776592604.079833,4.100015,-0.087187,-22.724970,0.109000,0.061000,0.000000,0.022729,-0.122021,9.271222,0.020249,-0.005862,-0.386604,23.0220,6.2760,-0.4924,0.1808,1
1776592604.248124,1173,1776592604.248124,1776592604.248172,1776592604.048646,1776592604.226011,4.093720,-0.085420,-22.747849,0.117000,0.058000,0.000000,0.037085,0.245239,9.649249,-0.035437,-0.019450,-0.404722,23.0220,6.2743,-0.4980,0.1835,1
1776592604.298089,1174,1776592604.298089,1776592604.248172,1776592604.048646,1776592604.226011,4.087741,-0.083966,-22.767136,0.107000,0.061000,0.000000,0.037085,0.245239,9.649249,-0.035437,-0.019450,-0.404722,23.0220,6.2743,-0.4980,0.1835,1
1776592604.348112,1175,1776592604.348112,1776592604.298137,1776592604.048646,1776592604.226011,4.081779,-0.081970,-22.788946,0.113000,0.055000,0.000000,0.104077,-0.465356,8.643171,0.071672,0.043696,-0.374348,23.0220,6.2743,-0.4980,0.1835,1
1776592604.398140,1176,1776592604.398140,1776592604.348153,1776592604.048646,1776592604.372338,4.075611,-0.080090,-22.810057,0.113000,0.062000,0.000000,-0.034692,0.169873,9.419562,0.006128,0.004796,-0.403923,23.0220,6.2727,-0.5068,0.1867,1
1776592604.448145,1177,1776592604.448145,1776592604.398193,1776592604.048646,1776592604.372338,4.069210,-0.077929,-22.832359,0.119000,0.064000,0.000000,0.002393,0.206958,9.677959,0.008260,0.004529,-0.387404,23.0220,6.2727,-0.5068,0.1867,1
1776592604.498071,1178,1776592604.498071,1776592604.448194,1776592604.048646,1776592604.372338,4.063424,-0.075803,-22.852579,0.109000,0.058000,0.000000,0.150732,0.197387,9.479376,-0.058350,-0.033039,-0.411383,23.0220,6.2727,-0.5068,0.1867,1
1776592604.548158,1179,1776592604.548158,1776592604.498122,1776592604.048646,1776592604.519367,4.057940,-0.073183,-22.874819,0.111000,0.049000,0.000000,-0.064599,-0.026318,10.087090,0.046893,0.014921,-0.386072,23.0220,6.2712,-0.5142,0.1886,1
1776592604.597992,1180,1776592604.597992,1776592604.598082,1776592604.048646,1776592604.519367,4.052596,-0.070283,-22.898140,0.113000,0.046000,0.000000,0.102881,0.151928,9.808355,-0.016253,-0.002664,-0.423373,23.0220,6.2712,-0.5142,0.1886,1
1776592604.647994,1181,1776592604.647994,1776592604.598082,1776592604.648538,1776592604.519367,4.047716,-0.067372,-22.920591,0.106000,0.041000,0.000000,0.102881,0.151928,9.808355,-0.016253,-0.002664,-0.423373,23.0220,6.2712,-0.5142,0.1886,1
1776592604.698060,1182,1776592604.698060,1776592604.698106,1776592604.648538,1776592604.665382,4.043016,-0.064258,-22.943472,0.106000,0.038000,0.000000,0.132788,0.155517,9.922002,0.017585,0.025045,-0.436962,23.0220,6.2698,-0.5249,0.1879,1
1776592604.747987,1183,1776592604.747987,1776592604.698106,1776592604.648538,1776592604.665382,4.038315,-0.060924,-22.966787,0.109000,0.038000,0.000000,0.132788,0.155517,9.922002,0.017585,0.025045,-0.436962,23.0220,6.2698,-0.5249,0.1879,1
1776592604.798053,1184,1776592604.798053,1776592604.798099,1776592604.648538,1776592604.665382,4.033318,-0.057293,-22.991671,0.116000,0.042000,0.000000,0.116040,0.196191,9.681549,-0.036236,-0.014654,-0.472931,23.0220,6.2698,-0.5249,0.1879,1
1776592604.847998,1185,1776592604.847998,1776592604.798099,1776592604.648538,1776592604.811255,4.029117,-0.053520,-23.016542,0.109000,0.030000,0.000000,0.116040,0.196191,9.681549,-0.036236,-0.014654,-0.472931,23.0220,6.2685,-0.5375,0.1862,1
1776592604.898046,1186,1776592604.898046,1776592604.848107,1776592604.648538,1776592604.811255,4.024043,-0.049691,-23.041216,0.118000,0.047000,0.000000,0.063403,-0.485692,11.497512,-0.046361,-0.034904,-0.505437,23.0220,6.2685,-0.5375,0.1862,1
1776592604.948118,1187,1776592604.948118,1776592604.898092,1776592604.648538,1776592604.811255,4.019639,-0.045636,-23.066252,0.114000,0.036000,0.000000,0.074170,0.016748,9.992583,-0.008793,-0.003464,-0.486786,23.0220,6.2685,-0.5375,0.1862,1
1776592604.997980,1188,1776592604.997980,1776592604.948163,1776592604.648538,1776592604.957725,4.014154,-0.041573,-23.090784,0.124000,0.058000,0.000000,-0.086133,0.111255,9.929180,0.004263,0.026644,-0.446553,23.0220,6.2670,-0.5510,0.1835,1
1776592605.048111,1189,1776592605.048111,1776592605.048160,1776592604.648538,1776592604.957725,4.008657,-0.037960,-23.111738,0.114000,0.065000,0.000000,0.123218,-0.331371,8.737679,0.059949,0.049025,-0.398861,23.0220,6.2670,-0.5510,0.1835,1
1776592605.098042,1190,1776592605.098042,1776592605.098088,1776592604.648538,1776592604.957725,4.003909,-0.033988,-23.134108,0.113000,0.051000,0.000000,0.229687,-0.214135,10.174418,-0.017851,-0.015454,-0.422307,23.0220,6.2670,-0.5510,0.1835,1
1776592605.147954,1191,1776592605.147954,1776592605.098088,1776592604.648538,1776592605.103580,3.999273,-0.029958,-23.156267,0.112000,0.051000,0.000000,0.229687,-0.214135,10.174418,-0.017851,-0.015454,-0.422307,23.0220,6.2651,-0.5609,0.1832,1
1776592605.197987,1192,1776592605.197987,1776592605.198034,1776592604.648538,1776592605.103580,3.995046,-0.025947,-23.178432,0.107000,0.046000,0.000000,-0.041870,-0.425878,11.718825,-0.061281,-0.039167,-0.454280,23.0220,6.2651,-0.5609,0.1832,1
1776592605.247990,1193,1776592605.247990,1776592605.198034,1776592605.248601,1776592605.103580,3.990568,-0.021931,-23.199533,0.108000,0.053000,0.000000,-0.041870,-0.425878,11.718825,-0.061281,-0.039167,-0.454280,23.0240,6.2651,-0.5609,0.1832,1
1776592605.297994,1194,1776592605.297994,1776592605.248092,1776592605.248601,1776592605.250249,3.986696,-0.017784,-23.221235,0.105000,0.043000,0.000000,-0.143554,0.186621,10.042828,0.055420,0.030907,-0.382341,23.0240,6.2629,-0.5694,0.1810,1
1776592605.347945,1195,1776592605.347945,1776592605.347993,1776592605.248601,1776592605.250249,3.983184,-0.013411,-23.244062,0.106000,0.037000,0.000000,0.020337,0.145947,9.724615,-0.012256,-0.003464,-0.400193,23.0240,6.2629,-0.5694,0.1810,1
1776592605.398010,1196,1776592605.398010,1776592605.347993,1776592605.248601,1776592605.396732,3.979417,-0.009169,-23.265240,0.104000,0.045000,0.000000,0.020337,0.145947,9.724615,-0.012256,-0.003464,-0.400193,23.0240,6.2606,-0.5753,0.1812,1
1776592605.448080,1197,1776592605.448080,1776592605.398056,1776592605.248601,1776592605.396732,3.975720,-0.004601,-23.288038,0.109000,0.044000,0.000000,0.071777,-0.808690,10.064361,0.027177,0.026111,-0.418311,23.0240,6.2606,-0.5753,0.1812,1
1776592605.497958,1198,1776592605.497958,1776592605.448131,1776592605.248601,1776592605.396732,3.972647,0.000243,-23.312765,0.110000,0.033000,0.000000,0.147143,-0.081347,9.857403,0.010658,0.028243,-0.426837,23.0240,6.2606,-0.5753,0.1812,1
1776592605.547937,1199,1776592605.547937,1776592605.498008,1776592605.248601,1776592605.542698,3.969559,0.005285,-23.337803,0.113000,0.035000,0.000000,-0.086133,0.066992,9.773663,0.014121,0.038367,-0.450550,23.0240,6.2584,-0.5797,0.1799,1
1776592605.597953,1200,1776592605.597953,1776592605.547982,1776592605.248601,1776592605.542698,3.966126,0.009991,-23.359659,0.107000,0.046000,0.000000,0.144751,0.272753,9.645660,-0.020516,0.000533,-0.456678,23.0240,6.2584,-0.5797,0.1799,1
1776592605.647991,1201,1776592605.647991,1776592605.648089,1776592605.248601,1776592605.542698,3.961990,0.014966,-23.381025,0.114000,0.061000,0.000000,-0.113647,0.205761,9.710259,0.001599,0.016253,-0.390868,23.0240,6.2584,-0.5797,0.1799,1
1776592605.697997,1202,1776592605.697997,1776592605.698043,1776592605.248601,1776592605.689139,3.957852,0.019801,-23.401028,0.110000,0.064000,0.000000,-0.009570,-0.081347,9.627716,0.006661,0.015720,-0.363424,23.0240,6.2562,-0.5803,0.1776,1
1776592605.747924,1203,1776592605.747924,1776592605.698043,1776592605.248601,1776592605.689139,3.953852,0.025120,-23.423096,0.118000,0.062000,0.000000,-0.009570,-0.081347,9.627716,0.006661,0.015720,-0.363424,23.0240,6.2562,-0.5803,0.1776,1
1776592605.798000,1204,1776592605.798000,1776592605.798048,1776592605.248601,1776592605.689139,3.950093,0.029954,-23.442125,0.106000,0.061000,0.000000,0.211743,-0.604125,8.793904,0.064478,0.047426,-0.362891,23.0240,6.2562,-0.5803,0.1776,1
1776592605.848042,1205,1776592605.848042,1776592605.798048,1776592605.848540,1776592605.835569,3.946660,0.035032,-23.462980,0.109000,0.056000,0.000000,0.211743,-0.604125,8.793904,0.064478,0.047426,-0.362891,23.0290,6.2541,-0.5831,0.1745,1
1776592605.897985,1206,1776592605.897985,1776592605.848090,1776592605.848540,1776592605.835569,3.942984,0.040191,-23.482920,0.110000,0.063000,0.000000,-0.082544,0.375634,9.372907,0.010391,0.019184,-0.382874,23.0290,6.2541,-0.5831,0.1745,1
1776592605.947932,1207,1776592605.947932,1776592605.947982,1776592605.848540,1776592605.835569,3.939539,0.045730,-23.505146,0.116000,0.060000,0.000000,0.168676,0.192602,9.459040,-0.052755,-0.033305,-0.402857,23.0290,6.2541,-0.5831,0.1745,1
1776592605.997992,1208,1776592605.997992,1776592605.998040,1776592605.848540,1776592605.981710,3.936184,0.050955,-23.524870,0.108000,0.061000,0.000000,-0.020337,-0.057422,9.998565,0.057018,0.013056,-0.371151,23.0290,6.2517,-0.5857,0.1728,1
1776592606.047954,1209,1776592606.047954,1776592605.998040,1776592605.848540,1776592605.981710,3.933241,0.056145,-23.544855,0.106000,0.055000,0.000000,-0.020337,-0.057422,9.998565,0.057018,0.013056,-0.371151,23.0290,6.2517,-0.5857,0.1728,1
1776592606.097988,1210,1776592606.097988,1776592606.098034,1776592605.848540,1776592605.981710,3.930146,0.061597,-23.565119,0.110000,0.060000,0.000000,0.081347,0.160302,9.948320,0.002398,-0.003997,-0.375414,23.0290,6.2517,-0.5857,0.1728,1
1776592606.147921,1211,1776592606.147921,1776592606.147967,1776592605.848540,1776592606.127535,3.927217,0.067149,-23.585991,0.111000,0.059000,0.000000,0.242846,0.202172,9.973443,-0.067143,-0.044495,-0.403124,23.0290,6.2493,-0.5884,0.1707,1
1776592606.198047,1212,1776592606.198047,1776592606.198104,1776592605.848540,1776592606.127535,3.924245,0.072836,-23.606792,0.112000,0.062000,0.000000,0.155517,-0.062207,10.250981,0.037568,0.007460,-0.391134,23.0290,6.2493,-0.5884,0.1707,1
1776592606.247936,1213,1776592606.247936,1776592606.198104,1776592605.848540,1776592606.127535,3.921549,0.078400,-23.626997,0.109000,0.059000,0.000000,0.155517,-0.062207,10.250981,0.037568,0.007460,-0.391134,23.0290,6.2493,-0.5884,0.1707,1
1776592606.297967,1214,1776592606.297967,1776592606.247982,1776592605.848540,1776592606.274067,3.918964,0.084134,-23.647760,0.111000,0.059000,0.000000,-0.046655,0.007178,10.089482,0.000000,-0.002132,-0.401525,23.0290,6.2471,-0.5903,0.1698,1
1776592606.347916,1215,1776592606.347916,1776592606.298016,1776592605.848540,1776592606.274067,3.916378,0.089620,-23.666990,0.105000,0.061000,0.000000,0.119629,0.226098,9.866973,-0.031440,-0.006661,-0.393532,23.0290,6.2471,-0.5903,0.1698,1
1776592606.398023,1216,1776592606.398023,1776592606.398072,1776592605.848540,1776592606.274067,3.914260,0.095336,-23.688385,0.109000,0.054000,0.000000,0.151928,0.242846,9.694708,0.011723,0.029042,-0.404722,23.0290,6.2471,-0.5903,0.1698,1
1776592606.447948,1217,1776592606.447948,1776592606.398072,1776592606.448941,1776592606.420261,3.911795,0.101285,-23.708605,0.112000,0.064000,0.000000,0.151928,0.242846,9.694708,0.011723,0.029042,-0.404722,23.0330,6.2449,-0.5902,0.1669,1
1776592606.497936,1218,1776592606.497936,1776592606.447994,1776592606.448941,1776592606.420261,3.909675,0.107460,-23.730400,0.116000,0.060000,0.000000,-0.117236,-0.234472,10.228251,-0.002664,0.000799,-0.405522,23.0330,6.2449,-0.5902,0.1669,1
1776592606.547898,1219,1776592606.547898,1776592606.497984,1776592606.448941,1776592606.420261,3.907420,0.113570,-23.751034,0.113000,0.065000,0.000000,0.105273,0.174658,9.437506,-0.050357,-0.016786,-0.406587,23.0330,6.2449,-0.5902,0.1669,1
1776592606.597945,1220,1776592606.597945,1776592606.547943,1776592606.448941,1776592606.566577,3.905986,0.119654,-23.774206,0.114000,0.051000,0.000000,-0.027515,-0.784764,9.826300,0.022381,0.008260,-0.413781,23.0330,6.2419,-0.5904,0.1660,1
1776592606.647912,1221,1776592606.647912,1776592606.647961,1776592606.448941,1776592606.566577,3.904625,0.125672,-23.796391,0.112000,0.052000,0.000000,0.080151,-0.116040,9.268829,0.017052,-0.004263,-0.406587,23.0330,6.2419,-0.5904,0.1660,1
1776592606.697963,1222,1776592606.697963,1776592606.698009,1776592606.448941,1776592606.566577,3.903623,0.132035,-23.821016,0.119000,0.049000,0.000000,0.306249,0.031103,10.322759,-0.071939,-0.053022,-0.456945,23.0330,6.2419,-0.5904,0.1660,1
1776592606.747899,1223,1776592606.747899,1776592606.747946,1776592606.448941,1776592606.712735,3.902411,0.137987,-23.842489,0.109000,0.054000,0.000000,-0.084936,-0.052637,8.968562,0.072472,0.030641,-0.395663,23.0330,6.2390,-0.5895,0.1660,1
1776592606.797992,1224,1776592606.797992,1776592606.798038,1776592606.448941,1776592606.712735,3.901599,0.144216,-23.866034,0.115000,0.050000,0.000000,0.204565,-0.290698,10.437602,-0.010924,-0.019717,-0.443356,23.0330,6.2390,-0.5895,0.1660,1
1776592606.848127,1225,1776592606.848127,1776592606.798038,1776592606.448941,1776592606.712735,3.901272,0.150190,-23.889694,0.112000,0.042000,0.000000,0.204565,-0.290698,10.437602,-0.010924,-0.019717,-0.443356,23.0330,6.2390,-0.5895,0.1660,1
1776592606.897913,1226,1776592606.897913,1776592606.848189,1776592606.448941,1776592606.858859,3.901164,0.155919,-23.912748,0.108000,0.039000,0.000000,-0.026318,-0.009570,9.667193,0.002931,-0.000799,-0.426304,23.0330,6.2358,-0.5864,0.1652,1
1776592606.947876,1227,1776592606.947876,1776592606.897959,1776592606.448941,1776592606.858859,3.901423,0.161571,-23.936832,0.108000,0.034000,0.000000,-0.001196,-0.668724,11.513063,-0.047959,-0.027443,-0.474530,23.0330,6.2358,-0.5864,0.1652,1
1776592606.997869,1228,1776592606.997869,1776592606.947916,1776592606.448941,1776592606.858859,3.901427,0.167586,-23.960577,0.112000,0.044000,0.000000,0.077759,0.281127,10.161260,0.036769,0.021582,-0.419377,23.0330,6.2358,-0.5864,0.1652,1
1776592607.047865,1229,1776592607.047865,1776592607.047977,1776592607.048422,1776592607.005590,3.901934,0.173557,-23.985626,0.114000,0.037000,0.000000,0.077759,0.252416,9.676764,-0.033838,-0.010924,-0.452948,23.0350,6.2323,-0.5794,0.1617,1
1776592607.097827,1230,1776592607.097827,1776592607.097872,1776592607.048422,1776592607.005590,3.901486,0.179733,-24.005861,0.109000,0.059000,0.000000,0.240454,-0.239257,8.688631,0.063146,0.041565,-0.408719,23.0350,6.2323,-0.5794,0.1617,1
1776592607.147889,1231,1776592607.147889,1776592607.147922,1776592607.048422,1776592607.005590,3.901584,0.186117,-24.029041,0.116000,0.053000,0.000000,-0.094507,0.147143,9.236530,-0.000533,0.002132,-0.423107,23.0350,6.2323,-0.5794,0.1617,1
1776592607.197895,1232,1776592607.197895,1776592607.197937,1776592607.048422,1776592607.151847,3.901517,0.192536,-24.050894,0.114000,0.059000,0.000000,0.056225,-0.087329,9.689922,0.013056,0.004263,-0.394065,23.0350,6.2296,-0.5748,0.1563,1
1776592607.247912,1233,1776592607.247912,1776592607.197937,1776592607.048422,1776592607.151847,3.901969,0.198923,-24.074451,0.117000,0.052000,0.000000,0.056225,-0.087329,9.689922,0.013056,0.004263,-0.394065,23.0350,6.2296,-0.5748,0.1563,1
1776592607.297842,1234,1776592607.297842,1776592607.247959,1776592607.048422,1776592607.297956,3.902101,0.205266,-24.095274,0.112000,0.060000,0.000000,0.209350,0.135180,9.441095,-0.045561,-0.037568,-0.423640,23.0350,6.2271,-0.5746,0.1485,1
1776592607.347901,1235,1776592607.347901,1776592607.347943,1776592607.048422,1776592607.297956,3.902771,0.211324,-24.117750,0.111000,0.050000,0.000000,0.226098,-0.001196,9.883721,-0.006927,-0.023180,-0.430301,23.0350,6.2271,-0.5746,0.1485,1
1776592607.397865,1236,1776592607.397865,1776592607.397913,1776592607.048422,1776592607.297956,3.903399,0.217638,-24.140184,0.114000,0.056000,0.000000,0.028711,0.190210,9.810748,-0.005595,-0.006927,-0.394331,23.0350,6.2271,-0.5746,0.1485,1
1776592607.447831,1237,1776592607.447831,1776592607.397913,1776592607.048422,1776592607.444212,3.904231,0.223301,-24.160669,0.104000,0.048000,0.000000,0.028711,0.190210,9.810748,-0.005595,-0.006927,-0.394331,23.0350,6.2253,-0.5744,0.1387,1
1776592607.497958,1238,1776592607.497958,1776592607.498023,1776592607.048422,1776592607.444212,3.905375,0.228891,-24.182224,0.105000,0.044000,0.000000,0.026318,0.119629,9.774859,0.018917,0.030641,-0.406587,23.0350,6.2253,-0.5744,0.1387,1
1776592607.547890,1239,1776592607.547890,1776592607.498023,1776592607.048422,1776592607.444212,3.906739,0.234667,-24.204996,0.110000,0.045000,0.000000,0.026318,0.119629,9.774859,0.018917,0.030641,-0.406587,23.0350,6.2253,-0.5744,0.1387,1
1776592607.597902,1240,1776592607.597902,1776592607.597953,1776592607.048422,1776592607.590231,3.908137,0.240619,-24.227900,0.112000,0.049000,0.000000,0.086133,-0.062207,9.567902,-0.036236,-0.008260,-0.453747,23.0350,6.2231,-0.5767,0.1298,1
1776592607.647828,1241,1776592607.647828,1776592607.647877,1776592607.648526,1776592607.590231,3.910058,0.245650,-24.250916,0.103000,0.032000,0.000000,-0.002393,-0.145947,11.282181,-0.046627,-0.029042,-0.460675,23.0370,6.2231,-0.5767,0.1298,1
1776592607.697872,1242,1776592607.697872,1776592607.647877,1776592607.648526,1776592607.590231,3.912085,0.250787,-24.274035,0.105000,0.034000,0.000000,-0.002393,-0.145947,11.282181,-0.046627,-0.029042,-0.460675,23.0370,6.2231,-0.5767,0.1298,1
1776592607.747785,1243,1776592607.747785,1776592607.697923,1776592607.648526,1776592607.736948,3.914295,0.255869,-24.297297,0.106000,0.033000,0.000000,0.083740,-0.038281,9.734185,0.011990,0.024246,-0.454014,23.0370,6.2207,-0.5778,0.1226,1
1776592607.797870,1244,1776592607.797870,1776592607.747823,1776592607.648526,1776592607.736948,3.916339,0.261787,-24.321035,0.115000,0.049000,0.000000,0.128003,-0.330175,10.343095,-0.006661,0.019717,-0.440692,23.0370,6.2207,-0.5778,0.1226,1
1776592607.847817,1245,1776592607.847817,1776592607.847863,1776592607.648526,1776592607.736948,3.917786,0.267230,-24.339565,0.099000,0.054000,0.000000,0.165088,-0.413915,11.168533,-0.009592,-0.033305,-0.389535,23.0370,6.2207,-0.5778,0.1226,1
1776592607.897810,1246,1776592607.897810,1776592607.847863,1776592607.648526,1776592607.882938,3.919543,0.273147,-24.360361,0.109000,0.058000,0.000000,0.165088,-0.413915,11.168533,-0.009592,-0.033305,-0.389535,23.0370,6.2185,-0.5801,0.1160,1
1776592607.947814,1247,1776592607.947814,1776592607.897871,1776592607.648526,1776592607.882938,3.921633,0.278885,-24.381765,0.110000,0.053000,0.000000,0.099292,0.111255,9.347785,0.010658,-0.006128,-0.370085,23.0370,6.2185,-0.5801,0.1160,1
1776592607.997878,1248,1776592607.997878,1776592607.997926,1776592607.648526,1776592607.882938,3.923794,0.285079,-24.403791,0.116000,0.061000,0.000000,0.312231,0.196191,9.777251,-0.042364,-0.028776,-0.402324,23.0370,6.2185,-0.5801,0.1160,1
1776592608.047824,1249,1776592608.047824,1776592608.047869,1776592607.648526,1776592608.029116,3.925730,0.291160,-24.423670,0.110000,0.065000,0.000000,0.037085,-0.723754,9.945928,0.022381,0.009325,-0.400193,23.0370,6.2166,-0.5815,0.1096,1
1776592608.097946,1250,1776592608.097946,1776592608.047869,1776592607.648526,1776592608.029116,3.928034,0.297160,-24.444893,0.113000,0.061000,0.000000,0.037085,-0.723754,9.945928,0.022381,0.009325,-0.400193,23.0370,6.2166,-0.5815,0.1096,1
1776592608.148844,1251,1776592608.148844,1776592608.098002,1776592607.648526,1776592608.029116,3.930327,0.303201,-24.465076,0.110000,0.063000,0.000000,-0.212939,0.281127,9.448273,0.002398,0.009325,-0.387937,23.0370,6.2166,-0.5815,0.1096,1
1776592608.197800,1252,1776592608.197800,1776592608.148881,1776592607.648526,1776592608.175911,3.932899,0.309031,-24.486176,0.115000,0.061000,0.000000,0.044263,-0.215332,9.320271,0.010924,0.008793,-0.372217,23.0370,6.2150,-0.5825,0.1024,1
1776592608.247804,1253,1776592608.247804,1776592608.247852,1776592608.248455,1776592608.175911,3.935441,0.314960,-24.506327,0.112000,0.064000,0.000000,0.137573,-0.732127,8.467318,0.050091,0.045295,-0.369819,23.0400,6.2150,-0.5825,0.1024,1
1776592608.297928,1254,1776592608.297928,1776592608.247852,1776592608.248455,1776592608.175911,3.938064,0.320569,-24.526577,0.108000,0.060000,0.000000,0.137573,-0.732127,8.467318,0.050091,0.045295,-0.369819,23.0400,6.2150,-0.5825,0.1024,1
1776592608.347806,1255,1776592608.347806,1776592608.347865,1776592608.248455,1776592608.321243,3.940729,0.326180,-24.546080,0.108000,0.062000,0.000000,0.096899,-0.001196,9.563116,0.011990,-0.011457,-0.361293,23.0400,6.2133,-0.5823,0.0915,1
1776592608.397838,1256,1776592608.397838,1776592608.347865,1776592608.248455,1776592608.321243,3.943595,0.331630,-24.565792,0.108000,0.059000,0.000000,0.096899,-0.001196,9.563116,0.011990,-0.011457,-0.361293,23.0400,6.2133,-0.5823,0.0915,1
1776592608.447848,1257,1776592608.447848,1776592608.397885,1776592608.248455,1776592608.321243,3.946582,0.337088,-24.585646,0.109000,0.060000,0.000000,0.101684,0.002393,11.094363,-0.069274,-0.049025,-0.404189,23.0400,6.2133,-0.5823,0.0915,1
1776592608.497983,1258,1776592608.497983,1776592608.447898,1776592608.248455,1776592608.467952,3.949691,0.342680,-24.605999,0.111000,0.063000,0.000000,-0.070581,-0.263183,9.639679,0.062081,0.016519,-0.360227,23.0400,6.2117,-0.5811,0.0824,1
1776592608.547680,1259,1776592608.547680,1776592608.498048,1776592608.248455,1776592608.467952,3.952879,0.348271,-24.626326,0.112000,0.065000,0.000000,0.062207,-0.084936,10.471098,-0.006128,-0.013056,-0.392466,23.0400,6.2117,-0.5811,0.0824,1
1776592608.597837,1260,1776592608.597837,1776592608.547771,1776592608.248455,1776592608.467952,3.956044,0.353526,-24.645536,0.106000,0.061000,0.000000,0.210546,0.015552,9.859796,-0.004529,-0.012523,-0.379411,23.0400,6.2117,-0.5811,0.0824,1
1776592608.647790,1261,1776592608.647790,1776592608.597882,1776592608.248455,1776592608.612847,3.959305,0.358362,-24.664719,0.103000,0.055000,0.000000,-0.098096,-0.742894,11.408987,-0.028243,-0.025312,-0.398328,23.0400,6.2099,-0.5819,0.0736,1
1776592608.697788,1262,1776592608.697788,1776592608.697836,1776592608.248455,1776592608.612847,3.962837,0.363677,-24.684969,0.111000,0.063000,0.000000,0.017944,-0.214135,9.740167,0.000799,0.000000,-0.383674,23.0400,6.2099,-0.5819,0.0736,1
1776592608.747767,1263,1776592608.747767,1776592608.747829,1776592608.248455,1776592608.612847,3.966516,0.368715,-24.705860,0.110000,0.059000,0.000000,0.153125,0.272753,9.886114,-0.025578,-0.005062,-0.372483,23.0400,6.2099,-0.5819,0.0736,1
1776592608.797781,1264,1776592608.797781,1776592608.797831,1776592608.248455,1776592608.758701,3.970173,0.373841,-24.725765,0.109000,0.063000,0.000000,0.173462,-0.846971,8.908748,0.039966,0.037035,-0.392200,23.0400,6.2076,-0.5788,0.0648,1
1776592608.847843,1265,1776592608.847843,1776592608.797831,1776592608.848377,1776592608.758701,3.974207,0.378142,-24.747593,0.108000,0.047000,0.000000,0.173462,-0.846971,8.908748,0.039966,0.037035,-0.392200,23.0420,6.2076,-0.5788,0.0648,1
1776592608.897806,1266,1776592608.897806,1776592608.847888,1776592608.848377,1776592608.758701,3.978259,0.382641,-24.768675,0.109000,0.053000,0.000000,0.106470,0.167480,9.569098,0.014654,0.021049,-0.404456,23.0420,6.2076,-0.5788,0.0648,1
1776592608.950106,1267,1776592608.950106,1776592608.950942,1776592608.848377,1776592608.904284,3.982979,0.387294,-24.793259,0.116000,0.051000,0.000000,0.224902,0.145947,9.451861,-0.036236,-0.015986,-0.425771,23.0420,6.2049,-0.5783,0.0544,1
1776592608.998348,1268,1776592608.998348,1776592608.998395,1776592608.848377,1776592608.904284,3.987091,0.392021,-24.813231,0.113000,0.064000,0.000000,0.040674,-0.198584,8.947028,0.070873,0.031973,-0.391933,23.0420,6.2049,-0.5783,0.0544,1
1776592609.049321,1269,1776592609.049321,1776592609.049380,1776592608.848377,1776592609.051204,3.991759,0.396411,-24.836117,0.114000,0.053000,0.000000,-0.156714,0.004785,9.594220,-0.002931,0.008260,-0.416446,23.0420,6.2024,-0.5773,0.0462,1
1776592609.098762,1270,1776592609.098762,1776592609.098809,1776592608.848377,1776592609.051204,3.996357,0.400143,-24.858614,0.111000,0.045000,0.000000,0.051440,0.072973,9.870562,0.005862,-0.002398,-0.412982,23.0420,6.2024,-0.5773,0.0462,1
1776592609.148582,1271,1776592609.148582,1776592609.148639,1776592608.848377,1776592609.051204,4.001327,0.403818,-24.883274,0.116000,0.044000,0.000000,0.251220,0.004785,9.705475,-0.063413,-0.046361,-0.461208,23.0420,6.2024,-0.5773,0.0462,1
1776592609.199787,1272,1776592609.199787,1776592609.199824,1776592608.848377,1776592609.195620,4.006193,0.407118,-24.907188,0.108000,0.039000,0.000000,0.125610,0.301464,10.404106,0.040232,0.026378,-0.421242,23.0420,6.1993,-0.5763,0.0382,1
1776592609.249773,1273,1776592609.249773,1776592609.249812,1776592608.848377,1776592609.195620,4.011225,0.410222,-24.931232,0.112000,0.038000,0.000000,0.296679,-0.114844,10.142119,-0.016786,-0.023713,-0.466270,23.0420,6.1993,-0.5763,0.0382,1
1776592609.298549,1274,1776592609.298549,1776592609.249812,1776592608.848377,1776592609.195620,4.016244,0.413188,-24.954935,0.113000,0.039000,0.000000,0.296679,-0.114844,10.142119,-0.016786,-0.023713,-0.466270,23.0420,6.1993,-0.5763,0.0382,1
1776592609.347665,1275,1776592609.347665,1776592609.298596,1776592608.848377,1776592609.342330,4.021139,0.415665,-24.978857,0.107000,0.032000,0.000000,0.093310,0.288305,9.902862,-0.026910,-0.006927,-0.468934,23.0420,6.1948,-0.5737,0.0331,1
1776592609.399718,1276,1776592609.399718,1776592609.347703,1776592608.848377,1776592609.342330,4.026327,0.418893,-25.002125,0.108000,0.046000,0.000000,0.162695,-0.081347,11.519045,-0.069274,-0.039700,-0.493980,23.0420,6.1948,-0.5737,0.0331,1
1776592609.447726,1277,1776592609.447726,1776592609.447783,1776592609.448309,1776592609.342330,4.031313,0.422210,-25.022909,0.112000,0.055000,0.000000,0.047851,-0.039477,10.313188,-0.012256,0.006927,-0.401259,23.0460,6.1948,-0.5737,0.0331,1
1776592609.497700,1278,1776592609.497700,1776592609.497742,1776592609.448309,1776592609.487738,4.036510,0.425247,-25.044750,0.110000,0.049000,0.000000,0.206958,0.184228,9.456647,-0.045295,-0.026378,-0.412449,23.0460,6.1904,-0.5687,0.0283,1
1776592609.547763,1279,1776592609.547763,1776592609.547812,1776592609.448309,1776592609.487738,4.041718,0.428873,-25.064573,0.110000,0.063000,0.000000,0.154321,-0.775194,10.083501,0.015720,0.010391,-0.409785,23.0460,6.1904,-0.5687,0.0283,1
1776592609.597658,1280,1776592609.597658,1776592609.547812,1776592609.448309,1776592609.487738,4.047173,0.431746,-25.087526,0.113000,0.050000,0.000000,0.154321,-0.775194,10.083501,0.015720,0.010391,-0.409785,23.0460,6.1904,-0.5687,0.0283,1
1776592609.647592,1281,1776592609.647592,1776592609.597697,1776592609.448309,1776592609.632941,4.052727,0.434946,-25.109200,0.114000,0.059000,0.000000,0.125610,-0.032300,9.593023,-0.003464,-0.020782,-0.414581,23.0460,6.1860,-0.5624,0.0279,1
1776592609.697677,1282,1776592609.697677,1776592609.647630,1776592609.448309,1776592609.632941,4.058479,0.437436,-25.133137,0.116000,0.047000,0.000000,0.141162,-0.142358,9.552350,0.010924,0.003997,-0.400992,23.0460,6.1860,-0.5624,0.0279,1
1776592609.747678,1283,1776592609.747678,1776592609.747735,1776592609.448309,1776592609.632941,4.064180,0.440334,-25.154888,0.114000,0.058000,0.000000,0.277539,-0.588573,8.659920,0.066344,0.055952,-0.403124,23.0460,6.1860,-0.5624,0.0279,1
1776592609.797729,1284,1776592609.797729,1776592609.797769,1776592609.448309,1776592609.778709,4.069837,0.442562,-25.178112,0.112000,0.047000,0.000000,0.202172,-0.161499,10.125371,-0.002398,-0.015720,-0.441491,23.0460,6.1819,-0.5537,0.0232,1
1776592609.847706,1285,1776592609.847706,1776592609.797769,1776592609.448309,1776592609.778709,4.075623,0.444400,-25.202299,0.114000,0.042000,0.000000,0.202172,-0.161499,10.125371,-0.002398,-0.015720,-0.441491,23.0460,6.1819,-0.5537,0.0232,1
1776592609.897662,1286,1776592609.897662,1776592609.847764,1776592609.448309,1776592609.778709,4.081198,0.446065,-25.225182,0.109000,0.041000,0.000000,-0.094507,-0.009570,9.604986,0.010658,0.019983,-0.409518,23.0460,6.1819,-0.5537,0.0232,1
1776592609.947658,1287,1776592609.947658,1776592609.897702,1776592609.448309,1776592609.924450,4.086567,0.447124,-25.248478,0.105000,0.031000,0.000000,0.191406,-0.387597,11.227151,-0.074870,-0.027443,-0.484388,23.0460,6.1776,-0.5448,0.0189,1
1776592609.997654,1288,1776592609.997654,1776592609.947747,1776592609.448309,1776592609.924450,4.092083,0.448244,-25.272177,0.107000,0.035000,0.000000,-0.236865,0.282324,9.637286,0.066876,0.051689,-0.435097,23.0460,6.1776,-0.5448,0.0189,1
1776592610.047628,1289,1776592610.047628,1776592610.047686,1776592610.048504,1776592609.924450,4.097466,0.449558,-25.293964,0.103000,0.041000,0.000000,-0.039477,0.520385,9.937554,0.000266,0.006128,-0.412183,23.0500,6.1776,-0.5448,0.0189,1
1776592610.097598,1290,1776592610.097598,1776592610.097638,1776592610.048504,1776592610.070349,4.102982,0.450787,-25.315804,0.105000,0.042000,0.000000,0.126806,0.099292,11.353957,-0.059949,-0.034104,-0.399127,23.0500,6.1721,-0.5372,0.0127,1
1776592610.147557,1291,1776592610.147557,1776592610.147598,1776592610.048504,1776592610.070349,4.108618,0.452691,-25.334839,0.104000,0.058000,0.000000,-0.064599,0.206958,9.876543,0.043963,0.022381,-0.327188,23.0500,6.1721,-0.5372,0.0127,1
1776592610.197615,1292,1776592610.197615,1776592610.147598,1776592610.048504,1776592610.070349,4.114232,0.454402,-25.353760,0.103000,0.056000,0.000000,-0.064599,0.206958,9.876543,0.043963,0.022381,-0.327188,23.0500,6.1721,-0.5372,0.0127,1
1776592610.247679,1293,1776592610.247679,1776592610.197657,1776592610.048504,1776592610.215806,4.120224,0.456185,-25.373684,0.109000,0.061000,0.000000,-0.017944,-0.007178,10.278496,-0.002132,0.005329,-0.382341,23.0500,6.1665,-0.5276,0.0060,1
1776592610.297804,1294,1776592610.297804,1776592610.247734,1776592610.048504,1776592610.215806,4.126223,0.457911,-25.393534,0.108000,0.062000,0.000000,0.199780,0.236865,9.855010,0.002398,-0.010658,-0.365556,23.0500,6.1665,-0.5276,0.0060,1
1776592610.347624,1295,1776592610.347624,1776592610.297856,1776592610.048504,1776592610.215806,4.132485,0.459540,-25.414360,0.113000,0.064000,0.000000,0.108862,-0.375634,11.595608,-0.051689,-0.038900,-0.406055,23.0500,6.1665,-0.5276,0.0060,1
1776592610.397606,1296,1776592610.397606,1776592610.397660,1776592610.048504,1776592610.363825,4.138641,0.461037,-25.434153,0.110000,0.063000,0.000000,0.105273,-0.071777,9.844244,0.010391,0.010125,-0.386338,23.0500,6.1610,-0.5197,-0.0015,1
1776592610.447579,1297,1776592610.447579,1776592610.447628,1776592610.048504,1776592610.363825,4.145282,0.462532,-25.455444,0.118000,0.068000,0.000000,0.165088,0.223706,9.779644,-0.027177,-0.006927,-0.399127,23.0500,6.1610,-0.5197,-0.0015,1
1776592610.497591,1298,1776592610.497591,1776592610.497645,1776592610.048504,1776592610.363825,4.151577,0.463854,-25.475445,0.111000,0.065000,0.000000,0.175854,-0.917552,8.500813,0.046094,0.048492,-0.378878,23.0500,6.1610,-0.5197,-0.0015,1
1776592610.547575,1299,1776592610.547575,1776592610.497645,1776592610.048504,1776592610.512343,4.158080,0.464824,-25.497091,0.116000,0.062000,0.000000,0.175854,-0.917552,8.500813,0.046094,0.048492,-0.378878,23.0500,6.1555,-0.5149,-0.0063,1
1776592610.597601,1300,1776592610.597601,1776592610.597654,1776592610.048504,1776592610.512343,4.164233,0.465797,-25.516401,0.108000,0.062000,0.000000,0.010767,0.004785,9.509283,0.003197,-0.003997,-0.369019,23.0500,6.1555,-0.5149,-0.0063,1
1776592610.647655,1301,1776592610.647655,1776592610.597654,1776592610.648408,1776592610.512343,4.171010,0.466677,-25.538122,0.119000,0.067000,0.000000,0.010767,0.004785,9.509283,0.003197,-0.003997,-0.369019,23.0510,6.1555,-0.5149,-0.0063,1
1776592610.697649,1302,1776592610.697649,1776592610.647713,1776592610.648408,1776592610.660620,4.177307,0.467403,-25.558372,0.110000,0.063000,0.000000,0.082544,0.327783,9.442291,-0.051956,-0.025845,-0.391400,23.0510,6.1503,-0.5105,-0.0093,1
1776592610.747640,1303,1776592610.747640,1776592610.697701,1776592610.648408,1776592610.660620,4.183496,0.467616,-25.579967,0.111000,0.055000,0.000000,-0.004785,-0.296679,9.721026,0.054354,0.015720,-0.379943,23.0510,6.1503,-0.5105,-0.0093,1
1776592610.797641,1304,1776592610.797641,1776592610.747702,1776592610.648408,1776592610.660620,4.189662,0.467986,-25.599766,0.108000,0.060000,0.000000,-0.150732,0.234472,9.632501,0.002132,-0.002132,-0.400193,23.0510,6.1503,-0.5105,-0.0093,1
1776592610.847636,1305,1776592610.847636,1776592610.797699,1776592610.648408,1776592610.809153,4.195856,0.467942,-25.621115,0.111000,0.055000,0.000000,0.168676,0.325390,9.953106,-0.003464,-0.006661,-0.376480,23.0510,6.1456,-0.5081,-0.0086,1
1776592610.897613,1306,1776592610.897613,1776592610.847750,1776592610.648408,1776592610.809153,4.201932,0.467770,-25.642254,0.109000,0.054000,0.000000,0.254809,-0.020337,10.176811,-0.074870,-0.054354,-0.413515,23.0510,6.1456,-0.5081,-0.0086,1
1776592610.947555,1307,1776592610.947555,1776592610.897676,1776592610.648408,1776592610.809153,4.208179,0.467483,-25.663979,0.112000,0.056000,0.000000,0.246435,0.041870,10.310796,0.033305,0.010658,-0.405788,23.0510,6.1456,-0.5081,-0.0086,1
1776592610.997594,1308,1776592610.997594,1776592610.997643,1776592610.648408,1776592610.957738,4.214373,0.466862,-25.686346,0.113000,0.052000,0.000000,0.120825,0.261987,9.669586,-0.033305,-0.010658,-0.416179,23.0510,6.1423,-0.5098,-0.0115,1
1776592611.047583,1309,1776592611.047583,1776592611.047691,1776592610.648408,1776592610.957738,4.220448,0.466516,-25.706041,0.107000,0.058000,0.000000,0.082544,-0.569432,11.584841,-0.055952,-0.038634,-0.442823,23.0510,6.1423,-0.5098,-0.0115,1
1776592611.097606,1310,1776592611.097606,1776592611.047691,1776592610.648408,1776592610.957738,4.226385,0.465660,-25.727953,0.109000,0.050000,0.000000,0.082544,-0.569432,11.584841,-0.055952,-0.038634,-0.442823,23.0510,6.1423,-0.5098,-0.0115,1
1776592611.147604,1311,1776592611.147604,1776592611.097658,1776592610.648408,1776592611.107183,4.232550,0.464867,-25.749500,0.111000,0.056000,0.000000,0.001196,0.259594,9.761700,-0.000799,0.021315,-0.415380,23.0510,6.1385,-0.5095,-0.0129,1
1776592611.197688,1312,1776592611.197688,1776592611.147709,1776592610.648408,1776592611.107183,4.238593,0.463345,-25.773891,0.116000,0.045000,0.000000,0.049048,-0.381615,10.152885,-0.006661,-0.000799,-0.414048,23.0510,6.1385,-0.5095,-0.0129,1
1776592611.247531,1313,1776592611.247531,1776592611.197734,1776592611.248224,1776592611.107183,4.244617,0.462332,-25.794527,0.109000,0.056000,0.000000,0.253613,0.124414,9.486554,-0.056752,-0.033039,-0.436162,23.0520,6.1385,-0.5095,-0.0129,1
1776592611.297532,1314,1776592611.297532,1776592611.247597,1776592611.248224,1776592611.255843,4.250514,0.460464,-25.819128,0.116000,0.043000,0.000000,0.142358,-0.739305,9.153986,0.036769,0.030374,-0.438827,23.0520,6.1346,-0.5091,-0.0165,1
1776592611.347549,1315,1776592611.347549,1776592611.297580,1776592611.248224,1776592611.255843,4.256139,0.458570,-25.843084,0.111000,0.042000,0.000000,0.130395,-0.068188,9.613360,-0.010924,-0.026910,-0.450284,23.0520,6.1346,-0.5091,-0.0165,1
1776592611.397515,1316,1776592611.397515,1776592611.397560,1776592611.248224,1776592611.255843,4.261923,0.456100,-25.869568,0.120000,0.038000,0.000000,0.346923,-0.081347,10.180400,-0.074337,-0.050624,-0.512098,23.0520,6.1346,-0.5091,-0.0165,1
1776592611.447512,1317,1776592611.447512,1776592611.447575,1776592611.248224,1776592611.404151,4.266856,0.453650,-25.893166,0.106000,0.030000,0.000000,-0.046655,0.181836,9.030768,0.078333,0.045828,-0.433498,23.0520,6.1310,-0.5106,-0.0160,1
1776592611.497531,1318,1776592611.497531,1776592611.447575,1776592611.248224,1776592611.404151,4.272432,0.451383,-25.916525,0.112000,0.044000,0.000000,-0.046655,0.181836,9.030768,0.078333,0.045828,-0.433498,23.0520,6.1310,-0.5106,-0.0160,1
1776592611.547621,1319,1776592611.547621,1776592611.497582,1776592611.248224,1776592611.404151,4.278209,0.449161,-25.939465,0.113000,0.050000,0.000000,0.194995,0.096899,10.186381,-0.003730,-0.005062,-0.435097,23.0520,6.1310,-0.5106,-0.0160,1
1776592611.597614,1320,1776592611.597614,1776592611.597659,1776592611.248224,1776592611.552634,4.283893,0.447060,-25.960714,0.109000,0.053000,0.000000,0.122021,-0.643602,11.370706,-0.029575,-0.021315,-0.440692,23.0520,6.1279,-0.5108,-0.0178,1
1776592611.648156,1321,1776592611.648156,1776592611.597659,1776592611.248224,1776592611.552634,4.289557,0.444804,-25.982037,0.110000,0.053000,0.000000,0.122021,-0.643602,11.370706,-0.029575,-0.021315,-0.440692,23.0520,6.1279,-0.5108,-0.0178,1
1776592611.697572,1322,1776592611.697572,1776592611.697620,1776592611.248224,1776592611.552634,4.295098,0.442217,-26.005047,0.112000,0.049000,0.000000,0.129199,-0.242846,9.850225,-0.006395,0.016519,-0.403124,23.0520,6.1279,-0.5108,-0.0178,1
1776592611.747498,1323,1776592611.747498,1776592611.747557,1776592611.248224,1776592611.701069,4.300542,0.439226,-26.029459,0.116000,0.045000,0.000000,0.217724,0.205761,9.768878,-0.029042,-0.011190,-0.423906,23.0520,6.1243,-0.5097,-0.0166,1
1776592611.797548,1324,1776592611.797548,1776592611.797595,1776592611.248224,1776592611.701069,4.306169,0.436674,-26.050381,0.110000,0.056000,0.000000,0.233276,-0.717772,8.652742,0.051423,0.039433,-0.411650,23.0520,6.1243,-0.5097,-0.0166,1
1776592611.847665,1325,1776592611.847665,1776592611.847783,1776592611.848468,1776592611.701069,4.311530,0.433709,-26.073034,0.112000,0.049000,0.000000,-0.064599,0.022729,9.753325,-0.008526,0.021315,-0.451882,23.0540,6.1243,-0.5097,-0.0166,1
1776592611.897528,1326,1776592611.897528,1776592611.847783,1776592611.848468,1776592611.850190,4.316165,0.430487,-26.096321,0.107000,0.037000,0.000000,-0.064599,0.022729,9.753325,-0.008526,0.021315,-0.451882,23.0540,6.1204,-0.5091,-0.0157,1
1776592611.947569,1327,1776592611.947569,1776592611.947630,1776592611.848468,1776592611.850190,4.321117,0.427043,-26.120739,0.113000,0.042000,0.000000,0.261987,-0.072973,9.675568,-0.042630,-0.013588,-0.464405,23.0540,6.1204,-0.5091,-0.0157,1
1776592611.997607,1328,1776592611.997607,1776592611.947630,1776592611.848468,1776592611.850190,4.325652,0.423619,-26.143808,0.107000,0.038000,0.000000,0.261987,-0.072973,9.675568,-0.042630,-0.013588,-0.464405,23.0540,6.1204,-0.5091,-0.0157,1
1776592612.047575,1329,1776592612.047575,1776592612.047622,1776592611.848468,1776592611.999401,4.329907,0.419928,-26.167500,0.108000,0.033000,0.000000,0.100488,0.063403,9.427936,0.008793,0.013855,-0.447619,23.0540,6.1170,-0.5078,-0.0143,1
1776592612.097546,1330,1776592612.097546,1776592612.097596,1776592611.848468,1776592611.999401,4.334382,0.416414,-26.189726,0.106000,0.041000,0.000000,0.066992,0.251220,9.746148,0.007727,0.003197,-0.424972,23.0540,6.1170,-0.5078,-0.0143,1
1776592612.149100,1331,1776592612.149100,1776592612.097596,1776592611.848468,1776592612.147962,4.339681,0.412479,-26.214006,0.117000,0.052000,0.000000,0.066992,0.251220,9.746148,0.007727,0.003197,-0.424972,23.0540,6.1133,-0.5093,-0.0123,1
1776592612.197494,1332,1776592612.197494,1776592612.149153,1776592611.848468,1776592612.147962,4.344696,0.409448,-26.232107,0.104000,0.062000,0.000000,0.184228,0.428271,9.462628,-0.050091,-0.035703,-0.427370,23.0540,6.1133,-0.5093,-0.0123,1
1776592612.247514,1333,1776592612.247514,1776592612.197539,1776592611.848468,1776592612.147962,4.350070,0.405955,-26.252266,0.111000,0.064000,0.000000,0.078955,0.247631,9.729400,0.056485,0.035437,-0.320794,23.0540,6.1133,-0.5093,-0.0123,1
1776592612.297541,1334,1776592612.297541,1776592612.297590,1776592611.848468,1776592612.295621,4.355239,0.402401,-26.271976,0.109000,0.062000,0.000000,0.165088,0.162695,9.801177,-0.006927,0.003464,-0.375148,23.0540,6.1104,-0.5115,-0.0072,1
1776592612.347532,1335,1776592612.347532,1776592612.297590,1776592611.848468,1776592612.295621,4.360350,0.398591,-26.292521,0.112000,0.061000,0.000000,0.165088,0.162695,9.801177,-0.006927,0.003464,-0.375148,23.0540,6.1104,-0.5115,-0.0072,1
1776592612.397515,1336,1776592612.397515,1776592612.347586,1776592611.848468,1776592612.295621,4.365348,0.394880,-26.312117,0.108000,0.062000,0.000000,0.052637,0.239257,9.973443,-0.072738,-0.031440,-0.395397,23.0540,6.1104,-0.5115,-0.0072,1
1776592612.447450,1337,1776592612.447450,1776592612.397560,1776592612.447956,1776592612.444581,4.370064,0.391046,-26.331989,0.107000,0.058000,0.000000,0.197387,0.046655,10.437602,0.033571,0.018917,-0.375148,23.0560,6.1072,-0.5146,-0.0025,1
1776592612.497519,1338,1776592612.497519,1776592612.447497,1776592612.447956,1776592612.444581,4.374909,0.387023,-26.352318,0.110000,0.061000,0.000000,-0.033496,0.068188,10.307207,0.000266,0.000799,-0.383141,23.0560,6.1072,-0.5146,-0.0025,1
1776592612.547497,1339,1776592612.547497,1776592612.497565,1776592612.447956,1776592612.444581,4.379273,0.383247,-26.370708,0.101000,0.056000,0.000000,0.177050,0.227294,9.703082,-0.021315,-0.011723,-0.380476,23.0560,6.1072,-0.5146,-0.0025,1
1776592612.597540,1340,1776592612.597540,1776592612.597586,1776592612.447956,1776592612.590158,4.383608,0.379132,-26.390627,0.106000,0.055000,0.000000,0.239257,0.193798,9.748541,0.024779,0.025578,-0.397262,23.0560,6.1041,-0.5168,0.0047,1
1776592612.647527,1341,1776592612.647527,1776592612.597586,1776592612.447956,1776592612.590158,4.388498,0.374729,-26.411259,0.114000,0.066000,0.000000,0.239257,0.193798,9.748541,0.024779,0.025578,-0.397262,23.0560,6.1041,-0.5168,0.0047,1
1776592612.697434,1342,1776592612.697434,1776592612.697484,1776592612.447956,1776592612.590158,4.393448,0.370064,-26.432932,0.118000,0.068000,0.000000,0.119629,0.346923,9.526031,-0.032772,-0.016253,-0.396463,23.0560,6.1041,-0.5168,0.0047,1
1776592612.747459,1343,1776592612.747459,1776592612.747515,1776592612.447956,1776592612.735853,4.397955,0.365604,-26.452692,0.110000,0.063000,0.000000,0.141162,-0.890037,10.954398,-0.011990,-0.006927,-0.410318,23.0560,6.1011,-0.5166,0.0135,1
1776592612.797451,1344,1776592612.797451,1776592612.747515,1776592612.447956,1776592612.735853,4.402143,0.360743,-26.474739,0.115000,0.057000,0.000000,0.141162,-0.890037,10.954398,-0.011990,-0.006927,-0.410318,23.0560,6.1011,-0.5166,0.0135,1
1776592612.847482,1345,1776592612.847482,1776592612.797498,1776592612.447956,1776592612.735853,4.406435,0.355989,-26.495451,0.112000,0.062000,0.000000,-0.221313,0.236865,9.510480,0.011723,0.006661,-0.414048,23.0560,6.1011,-0.5166,0.0135,1
1776592612.897416,1346,1776592612.897416,1776592612.847541,1776592612.447956,1776592612.881959,4.410527,0.350626,-26.519320,0.122000,0.058000,0.000000,0.093310,-0.191406,9.484161,0.009059,-0.003464,-0.395930,23.0560,6.0975,-0.5190,0.0198,1
1776592612.947524,1347,1776592612.947524,1776592612.897463,1776592612.447956,1776592612.881959,4.414413,0.345900,-26.538849,0.107000,0.059000,0.000000,0.167480,0.022729,9.810748,-0.073271,-0.047959,-0.428169,23.0560,6.0975,-0.5190,0.0198,1
1776592612.997480,1348,1776592612.997480,1776592612.947585,1776592612.447956,1776592612.881959,4.418085,0.340885,-26.560194,0.111000,0.056000,0.000000,0.162695,-0.435448,8.509188,0.060215,0.045561,-0.387404,23.0560,6.0975,-0.5190,0.0198,1
1776592613.047415,1349,1776592613.047415,1776592613.047467,1776592613.047935,1776592613.027477,4.421743,0.335813,-26.581167,0.111000,0.058000,0.000000,-0.035889,0.123218,9.602593,0.009059,-0.004529,-0.382075,23.0580,6.0940,-0.5215,0.0261,1
1776592613.097414,1350,1776592613.097414,1776592613.047467,1776592613.047935,1776592613.027477,4.425038,0.330728,-26.602716,0.109000,0.053000,0.000000,-0.035889,0.123218,9.602593,0.009059,-0.004529,-0.382075,23.0580,6.0940,-0.5215,0.0261,1
1776592613.147410,1351,1776592613.147410,1776592613.147456,1776592613.047935,1776592613.027477,4.427959,0.325696,-26.623814,0.106000,0.048000,0.000000,-0.028711,0.058618,9.863384,0.061548,0.025845,-0.371950,23.0580,6.0940,-0.5215,0.0261,1
1776592613.197400,1352,1776592613.197400,1776592613.147456,1776592613.047935,1776592613.173832,4.430582,0.320490,-26.646061,0.108000,0.044000,0.000000,-0.028711,0.058618,9.863384,0.061548,0.025845,-0.371950,23.0580,6.0901,-0.5224,0.0341,1
1776592613.247544,1353,1776592613.247544,1776592613.247607,1776592613.047935,1776592613.173832,4.433169,0.314812,-26.670429,0.116000,0.045000,0.000000,0.033496,0.200976,9.880133,-0.001332,-0.007460,-0.427370,23.0580,6.0901,-0.5224,0.0341,1
1776592613.297456,1354,1776592613.297456,1776592613.247607,1776592613.047935,1776592613.173832,4.435690,0.309552,-26.692291,0.107000,0.047000,0.000000,0.033496,0.200976,9.880133,-0.001332,-0.007460,-0.427370,23.0580,6.0901,-0.5224,0.0341,1
1776592613.347408,1355,1776592613.347408,1776592613.347451,1776592613.047935,1776592613.319505,4.437552,0.303878,-26.717417,0.114000,0.036000,0.000000,0.159106,0.211743,10.161260,0.025312,0.025578,-0.436695,23.0580,6.0868,-0.5221,0.0432,1
1776592613.397496,1356,1776592613.397496,1776592613.347451,1776592613.047935,1776592613.319505,4.439628,0.298240,-26.740906,0.112000,0.043000,0.000000,0.159106,0.211743,10.161260,0.025312,0.025578,-0.436695,23.0580,6.0868,-0.5221,0.0432,1
1776592613.447408,1357,1776592613.447408,1776592613.397550,1776592613.047935,1776592613.319505,4.441396,0.292080,-26.768061,0.122000,0.040000,0.000000,0.105273,-0.117236,9.469806,0.011457,0.021848,-0.446021,23.0580,6.0868,-0.5221,0.0432,1
1776592613.497498,1358,1776592613.497498,1776592613.497545,1776592613.047935,1776592613.465163,4.443030,0.286302,-26.792755,0.113000,0.040000,0.000000,-0.187817,0.309838,8.948225,0.077001,0.047160,-0.416446,23.0580,6.0840,-0.5238,0.0538,1
1776592613.547556,1359,1776592613.547556,1776592613.497545,1776592613.047935,1776592613.465163,4.444725,0.280522,-26.815979,0.112000,0.044000,0.000000,-0.187817,0.309838,8.948225,0.077001,0.047160,-0.416446,23.0580,6.0840,-0.5238,0.0538,1
1776592613.597458,1360,1776592613.597458,1776592613.597503,1776592613.047935,1776592613.465163,4.446682,0.274726,-26.837639,0.111000,0.052000,0.000000,0.000000,0.218920,9.504498,0.005062,0.001332,-0.395131,23.0580,6.0840,-0.5238,0.0538,1
1776592613.647378,1361,1776592613.647378,1776592613.597503,1776592613.647847,1776592613.611103,4.448593,0.268726,-26.860252,0.114000,0.054000,0.000000,0.000000,0.218920,9.504498,0.005062,0.001332,-0.395131,23.0610,6.0814,-0.5251,0.0629,1
1776592613.697411,1362,1776592613.697411,1776592613.647422,1776592613.647847,1776592613.611103,4.450361,0.262926,-26.881615,0.109000,0.053000,0.000000,0.244043,0.179443,9.734185,-0.063413,-0.027710,-0.415114,23.0610,6.0814,-0.5251,0.0629,1
1776592613.747467,1363,1776592613.747467,1776592613.747512,1776592613.647847,1776592613.611103,4.451733,0.256982,-26.904390,0.112000,0.048000,0.000000,0.273950,-0.212939,10.103838,-0.018651,-0.020516,-0.434031,23.0610,6.0814,-0.5251,0.0629,1
1776592613.797483,1364,1776592613.797483,1776592613.747512,1776592613.647847,1776592613.757078,4.452869,0.251034,-26.927248,0.112000,0.046000,0.000000,0.273950,-0.212939,10.103838,-0.018651,-0.020516,-0.434031,23.0610,6.0796,-0.5297,0.0704,1
1776592613.847472,1365,1776592613.847472,1776592613.797530,1776592613.647847,1776592613.757078,4.453838,0.245379,-26.949293,0.106000,0.044000,0.000000,0.071777,0.290698,9.890899,-0.017585,0.000799,-0.431366,23.0610,6.0796,-0.5297,0.0704,1
1776592613.897413,1366,1776592613.897413,1776592613.897492,1776592613.647847,1776592613.757078,4.454536,0.239541,-26.972567,0.110000,0.042000,0.000000,0.047851,-0.082544,10.017705,-0.003730,0.018118,-0.445754,23.0610,6.0796,-0.5297,0.0704,1
1776592613.947388,1367,1776592613.947388,1776592613.947432,1776592613.647847,1776592613.903466,4.455339,0.233617,-26.995155,0.110000,0.047000,0.000000,0.059814,-0.031103,10.250981,0.002931,0.014921,-0.431100,23.0610,6.0783,-0.5365,0.0749,1
1776592613.997377,1368,1776592613.997377,1776592613.947432,1776592613.647847,1776592613.903466,4.455961,0.227689,-27.017799,0.110000,0.046000,0.000000,0.059814,-0.031103,10.250981,0.002931,0.014921,-0.431100,23.0610,6.0783,-0.5365,0.0749,1
1776592614.047409,1369,1776592614.047409,1776592613.997432,1776592613.647847,1776592613.903466,4.455971,0.222056,-27.041216,0.107000,0.035000,0.000000,0.221313,-0.046655,9.765288,-0.048759,-0.009858,-0.485720,23.0610,6.0783,-0.5365,0.0749,1
1776592614.097397,1370,1776592614.097397,1776592614.097443,1776592613.647847,1776592614.049542,4.455614,0.216513,-27.065660,0.107000,0.030000,0.000000,-0.135180,0.295483,9.258063,0.007727,0.022115,-0.427636,23.0610,6.0772,-0.5426,0.0754,1
1776592614.147394,1371,1776592614.147394,1776592614.097443,1776592613.647847,1776592614.049542,4.455805,0.210666,-27.087860,0.108000,0.045000,0.000000,-0.135180,0.295483,9.258063,0.007727,0.022115,-0.427636,23.0610,6.0772,-0.5426,0.0754,1
1776592614.197431,1372,1776592614.197431,1776592614.147511,1776592613.647847,1776592614.194802,4.456692,0.204317,-27.108025,0.111000,0.064000,0.000000,0.117236,-0.175854,9.730597,-0.002132,0.013588,-0.431633,23.0610,6.0759,-0.5499,0.0774,1
1776592614.247331,1373,1776592614.247331,1776592614.197479,1776592614.247882,1776592614.194802,4.457388,0.198590,-27.125839,0.100000,0.058000,0.000000,0.086133,0.449804,9.716241,-0.049025,-0.035703,-0.395131,23.0600,6.0759,-0.5499,0.0774,1
1776592614.297390,1374,1776592614.297390,1776592614.247374,1776592614.247882,1776592614.194802,4.457922,0.192204,-27.146463,0.112000,0.062000,0.000000,0.189013,-0.600536,9.710259,0.027177,0.020516,-0.339178,23.0600,6.0759,-0.5499,0.0774,1
1776592614.347332,1375,1776592614.347332,1776592614.347384,1776592614.247882,1776592614.340901,4.458277,0.185845,-27.167290,0.112000,0.061000,0.000000,-0.101684,-0.169873,9.569098,0.014121,0.019450,-0.363424,23.0600,6.0752,-0.5563,0.0770,1
1776592614.397325,1376,1776592614.397325,1776592614.397412,1776592614.247882,1776592614.340901,4.458343,0.179272,-27.189737,0.117000,0.060000,0.000000,0.194995,0.266772,9.561920,-0.062081,-0.031440,-0.410584,23.0600,6.0752,-0.5563,0.0770,1
1776592614.447300,1377,1776592614.447300,1776592614.397412,1776592614.247882,1776592614.340901,4.458581,0.172984,-27.209328,0.109000,0.063000,0.000000,0.194995,0.266772,9.561920,-0.062081,-0.031440,-0.410584,23.0600,6.0752,-0.5563,0.0770,1
1776592614.497356,1378,1776592614.497356,1776592614.447347,1776592614.247882,1776592614.486858,4.458395,0.166965,-27.229801,0.107000,0.055000,0.000000,0.130395,-0.799120,8.847736,0.042098,0.035437,-0.384739,23.0600,6.0750,-0.5601,0.0733,1
1776592614.547302,1379,1776592614.547302,1776592614.497405,1776592614.247882,1776592614.486858,4.458227,0.160709,-27.250078,0.110000,0.060000,0.000000,0.053833,0.100488,9.930376,0.000000,-0.005595,-0.390068,23.0600,6.0750,-0.5601,0.0733,1
1776592614.597319,1380,1776592614.597319,1776592614.597366,1776592614.247882,1776592614.486858,4.457794,0.154416,-27.271736,0.112000,0.058000,0.000000,0.342138,0.035889,10.661307,-0.073005,-0.046094,-0.406587,23.0600,6.0750,-0.5601,0.0733,1
1776592614.647393,1381,1776592614.647393,1776592614.597366,1776592614.247882,1776592614.632779,4.457455,0.148394,-27.291214,0.105000,0.059000,0.000000,0.342138,0.035889,10.661307,-0.073005,-0.046094,-0.406587,23.0600,6.0736,-0.5614,0.0708,1
1776592614.697338,1382,1776592614.697338,1776592614.697388,1776592614.247882,1776592614.632779,4.456820,0.142396,-27.311342,0.107000,0.056000,0.000000,-0.035889,-0.055029,10.499809,-0.011990,-0.011723,-0.389802,23.0600,6.0736,-0.5614,0.0708,1
1776592614.747288,1383,1776592614.747288,1776592614.747338,1776592614.247882,1776592614.632779,4.456108,0.136563,-27.330624,0.104000,0.055000,0.000000,0.044263,0.160302,9.902862,0.004263,0.005062,-0.356497,23.0600,6.0736,-0.5614,0.0708,1
1776592614.797267,1384,1776592614.797267,1776592614.747338,1776592614.247882,1776592614.778686,4.455299,0.130421,-27.351116,0.109000,0.059000,0.000000,0.044263,0.160302,9.902862,0.004263,0.005062,-0.356497,23.0600,6.0724,-0.5649,0.0663,1
1776592614.847276,1385,1776592614.847276,1776592614.847324,1776592614.847752,1776592614.778686,4.454405,0.124514,-27.371019,0.105000,0.057000,0.000000,-0.061011,-0.047851,9.849029,0.054354,0.019717,-0.366621,23.0640,6.0724,-0.5649,0.0663,1
1776592614.897353,1386,1776592614.897353,1776592614.897403,1776592614.847752,1776592614.778686,4.453308,0.118429,-27.391701,0.109000,0.058000,0.000000,0.051440,-0.092114,10.321562,-0.005062,-0.008260,-0.402591,23.0640,6.0724,-0.5649,0.0663,1
1776592614.947310,1387,1776592614.947310,1776592614.947353,1776592614.847752,1776592614.924557,4.451941,0.112444,-27.412817,0.110000,0.055000,0.000000,0.028711,0.253613,9.906450,-0.005862,0.001332,-0.374348,23.0640,6.0701,-0.5675,0.0587,1
1776592614.997374,1388,1776592614.997374,1776592614.947353,1776592614.847752,1776592614.924557,4.450459,0.106717,-27.433310,0.106000,0.052000,0.000000,0.028711,0.253613,9.906450,-0.005862,0.001332,-0.374348,23.0640,6.0701,-0.5675,0.0587,1
1776592615.047312,1389,1776592615.047312,1776592615.047359,1776592614.847752,1776592614.924557,4.448655,0.101033,-27.455463,0.109000,0.049000,0.000000,0.113647,0.220117,10.178008,0.039700,0.020249,-0.398328,23.0640,6.0701,-0.5675,0.0587,1
1776592615.097323,1390,1776592615.097323,1776592615.097370,1776592614.847752,1776592615.070588,4.446805,0.094951,-27.477787,0.114000,0.056000,0.000000,0.130395,-0.226098,9.717438,0.007993,0.007194,-0.420442,23.0640,6.0683,-0.5682,0.0496,1
1776592615.147269,1391,1776592615.147269,1776592615.097370,1776592614.847752,1776592615.070588,4.444541,0.088922,-27.501312,0.118000,0.052000,0.000000,0.130395,-0.226098,9.717438,0.007993,0.007194,-0.420442,23.0640,6.0683,-0.5682,0.0496,1
1776592615.197265,1392,1776592615.197265,1776592615.147315,1776592614.847752,1776592615.070588,4.442768,0.082792,-27.521311,0.111000,0.063000,0.000000,0.070581,0.270361,9.642071,-0.026378,-0.009059,-0.429501,23.0640,6.0683,-0.5682,0.0496,1
1776592615.247315,1393,1776592615.247315,1776592615.247362,1776592614.847752,1776592615.216681,4.440073,0.077178,-27.545984,0.116000,0.045000,0.000000,-0.156714,0.098096,9.706671,0.001066,0.019450,-0.430567,23.0640,6.0663,-0.5663,0.0404,1
1776592615.297351,1394,1776592615.297351,1776592615.247362,1776592614.847752,1776592615.216681,4.437460,0.071764,-27.569151,0.111000,0.046000,0.000000,-0.156714,0.098096,9.706671,0.001066,0.019450,-0.430567,23.0640,6.0663,-0.5663,0.0404,1
1776592615.347250,1395,1776592615.347250,1776592615.347302,1776592614.847752,1776592615.216681,4.434276,0.066498,-27.594599,0.117000,0.039000,0.000000,0.273950,0.169873,9.475787,-0.058617,-0.043430,-0.467869,23.0640,6.0663,-0.5663,0.0404,1
1776592615.397248,1396,1776592615.397248,1776592615.397294,1776592614.847752,1776592615.362481,4.431333,0.061548,-27.617449,0.108000,0.040000,0.000000,-0.061011,0.027515,10.011724,0.048492,0.025312,-0.429235,23.0640,6.0643,-0.5631,0.0334,1
1776592615.447238,1397,1776592615.447238,1776592615.447283,1776592615.447721,1776592615.362481,4.428032,0.056414,-27.642044,0.115000,0.041000,0.000000,0.223706,-0.044263,9.797588,-0.010924,-0.010924,-0.476661,23.0640,6.0643,-0.5631,0.0334,1
1776592615.497311,1398,1776592615.497311,1776592615.497360,1776592615.447721,1776592615.362481,4.424582,0.051466,-27.667130,0.114000,0.039000,0.000000,0.068188,0.307446,9.847833,-0.016519,-0.003730,-0.462540,23.0640,6.0643,-0.5631,0.0334,1
1776592615.547329,1399,1776592615.547329,1776592615.497360,1776592615.447721,1776592615.508673,4.421303,0.046630,-27.689787,0.109000,0.042000,0.000000,0.068188,0.307446,9.847833,-0.016519,-0.003730,-0.462540,23.0640,6.0625,-0.5632,0.0262,1
1776592615.597291,1400,1776592615.597291,1776592615.597339,1776592615.447721,1776592615.508673,4.417879,0.042027,-27.712669,0.108000,0.039000,0.000000,-0.076562,0.194995,10.063164,0.000533,0.027976,-0.419643,23.0640,6.0625,-0.5632,0.0262,1
1776592615.647242,1401,1776592615.647242,1776592615.597339,1776592615.447721,1776592615.508673,4.414687,0.036595,-27.734148,0.112000,0.058000,0.000000,-0.076562,0.194995,10.063164,0.000533,0.027976,-0.419643,23.0640,6.0625,-0.5632,0.0262,1
1776592615.697236,1402,1776592615.697236,1776592615.647294,1776592615.447721,1776592615.654437,4.411144,0.031323,-27.756996,0.115000,0.054000,0.000000,0.136377,-0.281127,10.431621,0.000799,-0.000533,-0.425238,23.0640,6.0596,-0.5607,0.0213,1
1776592615.747223,1403,1776592615.747223,1776592615.697284,1776592615.447721,1776592615.654437,4.408028,0.025984,-27.776291,0.107000,0.062000,0.000000,0.204565,0.196191,9.554742,-0.037302,-0.026378,-0.413248,23.0640,6.0596,-0.5607,0.0213,1
1776592615.797212,1404,1776592615.797212,1776592615.797258,1776592615.447721,1776592615.654437,4.404307,0.021002,-27.798586,0.113000,0.052000,0.000000,0.021533,0.016748,9.480573,-0.006128,-0.008793,-0.417778,23.0640,6.0596,-0.5607,0.0213,1
1776592615.847281,1405,1776592615.847281,1776592615.797258,1776592615.447721,1776592615.800725,4.400447,0.016141,-27.821268,0.113000,0.051000,0.000000,0.021533,0.016748,9.480573,-0.006128,-0.008793,-0.417778,23.0640,6.0569,-0.5605,0.0173,1
1776592615.897217,1406,1776592615.897217,1776592615.897267,1776592615.447721,1776592615.800725,4.396288,0.011450,-27.845387,0.116000,0.048000,0.000000,0.167480,-0.031103,9.706671,-0.067143,-0.036236,-0.458277,23.0640,6.0569,-0.5605,0.0173,1
1776592615.947238,1407,1776592615.947238,1776592615.947284,1776592615.447721,1776592615.946180,4.392357,0.007177,-27.867195,0.107000,0.045000,0.000000,0.117236,-0.540722,8.840559,0.067143,0.051156,-0.417511,23.0640,6.0542,-0.5563,0.0140,1
1776592615.997196,1408,1776592615.997196,1776592615.947284,1776592615.447721,1776592615.946180,4.388161,0.003409,-27.890276,0.107000,0.036000,0.000000,0.117236,-0.540722,8.840559,0.067143,0.051156,-0.417511,23.0640,6.0542,-0.5563,0.0140,1
1776592616.047254,1409,1776592616.047254,1776592615.997248,1776592616.047728,1776592615.946180,4.383907,-0.000361,-27.913353,0.107000,0.038000,0.000000,0.192602,-0.224902,9.808355,0.009059,-0.001066,-0.435629,23.0660,6.0542,-0.5563,0.0140,1
1776592616.097249,1410,1776592616.097249,1776592616.097296,1776592616.047728,1776592616.092521,4.379147,-0.004029,-27.939150,0.115000,0.035000,0.000000,0.025122,0.063403,10.173223,-0.074337,-0.009592,-0.449484,23.0660,6.0509,-0.5509,0.0117,1
1776592616.147207,1411,1776592616.147207,1776592616.097296,1776592616.047728,1776592616.092521,4.375062,-0.008097,-27.959784,0.104000,0.050000,0.000000,0.025122,0.063403,10.173223,-0.074337,-0.009592,-0.449484,23.0660,6.0509,-0.5509,0.0117,1
1776592616.197183,1412,1776592616.197183,1776592616.197234,1776592616.047728,1776592616.092521,4.370731,-0.012554,-27.980574,0.110000,0.058000,0.000000,0.084936,0.202172,10.076324,0.003197,-0.007993,-0.391400,23.0660,6.0509,-0.5509,0.0117,1
1776592616.247178,1413,1776592616.247178,1776592616.247225,1776592616.047728,1776592616.238148,4.366374,-0.016798,-28.000622,0.108000,0.056000,0.000000,0.077759,0.149536,9.621735,0.008260,0.010658,-0.350102,23.0660,6.0480,-0.5479,0.0107,1
1776592616.297171,1414,1776592616.297171,1776592616.297222,1776592616.047728,1776592616.238148,4.361664,-0.020924,-28.022619,0.113000,0.054000,0.000000,0.001196,-0.004785,11.272610,-0.063413,-0.039700,-0.396729,23.0660,6.0480,-0.5479,0.0107,1
1776592616.347270,1415,1776592616.347270,1776592616.347312,1776592616.047728,1776592616.238148,4.357137,-0.025244,-28.042910,0.109000,0.061000,0.000000,-0.004785,-0.093310,9.460236,0.062347,0.033305,-0.346638,23.0660,6.0480,-0.5479,0.0107,1
1776592616.397220,1416,1776592616.397220,1776592616.397269,1776592616.047728,1776592616.383906,4.352284,-0.029261,-28.065037,0.113000,0.056000,0.000000,-0.059814,-0.191406,10.560820,-0.005862,-0.000266,-0.414847,23.0660,6.0451,-0.5462,0.0074,1
1776592616.447184,1417,1776592616.447184,1776592616.447228,1776592616.047728,1776592616.383906,4.347528,-0.033080,-28.085972,0.109000,0.055000,0.000000,0.021533,0.266772,9.894487,0.010391,0.000266,-0.377546,23.0660,6.0451,-0.5462,0.0074,1
1776592616.497158,1418,1776592616.497158,1776592616.447228,1776592616.047728,1776592616.383906,4.342937,-0.036754,-28.105312,0.104000,0.055000,0.000000,0.021533,0.266772,9.894487,0.010391,0.000266,-0.377546,23.0660,6.0451,-0.5462,0.0074,1
1776592616.547201,1419,1776592616.547201,1776592616.547246,1776592616.047728,1776592616.529312,4.338098,-0.040524,-28.125530,0.108000,0.058000,0.000000,0.001196,0.118432,10.306010,0.040499,0.010391,-0.379411,23.0660,6.0424,-0.5438,0.0040,1
1776592616.597156,1420,1776592616.597156,1776592616.597205,1776592616.047728,1776592616.529312,4.333179,-0.044444,-28.145512,0.109000,0.063000,0.000000,0.010767,-0.187817,9.845440,0.007993,0.010125,-0.373282,23.0660,6.0424,-0.5438,0.0040,1
1776592616.647145,1421,1776592616.647145,1776592616.647191,1776592616.647621,1776592616.529312,4.327939,-0.048348,-28.166407,0.114000,0.064000,0.000000,0.145947,0.227294,9.843047,-0.020249,-0.008526,-0.387937,23.0670,6.0424,-0.5438,0.0040,1
1776592616.697370,1422,1776592616.697370,1776592616.647191,1776592616.647621,1776592616.674883,4.323026,-0.051962,-28.185192,0.105000,0.061000,0.000000,0.145947,0.227294,9.843047,-0.020249,-0.008526,-0.387937,23.0670,6.0393,-0.5441,0.0041,1
1776592616.747184,1423,1776592616.747184,1776592616.747231,1776592616.647621,1776592616.674883,4.317681,-0.055391,-28.206411,0.113000,0.059000,0.000000,0.045459,0.223706,9.902862,0.019717,0.022647,-0.412982,23.0670,6.0393,-0.5441,0.0041,1
1776592616.797158,1424,1776592616.797158,1776592616.747231,1776592616.647621,1776592616.674883,4.312268,-0.059015,-28.227150,0.113000,0.065000,0.000000,0.045459,0.223706,9.902862,0.019717,0.022647,-0.412982,23.0670,6.0393,-0.5441,0.0041,1
1776592616.847179,1425,1776592616.847179,1776592616.847224,1776592616.647621,1776592616.820494,4.306385,-0.062748,-28.249159,0.121000,0.069000,0.000000,0.151928,0.309838,9.524835,-0.039433,-0.027177,-0.403923,23.0670,6.0375,-0.5454,0.0020,1
1776592616.897127,1426,1776592616.897127,1776592616.847224,1776592616.647621,1776592616.820494,4.300873,-0.066084,-28.269138,0.112000,0.064000,0.000000,0.151928,0.309838,9.524835,-0.039433,-0.027177,-0.403923,23.0670,6.0375,-0.5454,0.0020,1
1776592616.947142,1427,1776592616.947142,1776592616.947228,1776592616.647621,1776592616.820494,4.294987,-0.069216,-28.291346,0.118000,0.062000,0.000000,-0.222509,0.315820,9.517657,0.012789,0.007727,-0.414314,23.0670,6.0375,-0.5454,0.0020,1
1776592616.997113,1428,1776592616.997113,1776592616.947228,1776592616.647621,1776592616.968941,4.289338,-0.072268,-28.312183,0.112000,0.063000,0.000000,-0.222509,0.315820,9.517657,0.012789,0.007727,-0.414314,23.0670,6.0357,-0.5426,-0.0014,1
1776592617.047192,1429,1776592617.047192,1776592616.997160,1776592616.647621,1776592616.968941,4.283675,-0.074911,-28.333166,0.111000,0.057000,0.000000,0.114844,0.120825,9.825103,-0.002664,-0.006395,-0.380210,23.0670,6.0357,-0.5426,-0.0014,1
1776592617.097168,1430,1776592617.097168,1776592617.047237,1776592616.647621,1776592616.968941,4.278339,-0.077099,-28.353157,0.104000,0.050000,0.000000,0.112451,0.046655,10.267729,-0.072205,-0.045561,-0.420709,23.0670,6.0357,-0.5426,-0.0014,1
1776592617.147156,1431,1776592617.147156,1776592617.147203,1776592616.647621,1776592617.117705,4.272645,-0.079358,-28.374601,0.110000,0.054000,0.000000,0.113647,-0.190210,10.294047,-0.009325,-0.023713,-0.416179,23.0670,6.0333,-0.5422,-0.0027,1
1776592617.197117,1432,1776592617.197117,1776592617.147203,1776592616.647621,1776592617.117705,4.266877,-0.081288,-28.396984,0.111000,0.050000,0.000000,0.113647,-0.190210,10.294047,-0.009325,-0.023713,-0.416179,23.0670,6.0333,-0.5422,-0.0027,1
1776592617.247258,1433,1776592617.247258,1776592617.247302,1776592617.247799,1776592617.117705,4.261271,-0.083325,-28.417292,0.106000,0.054000,0.000000,0.110058,-0.434252,11.624318,-0.058350,-0.045828,-0.442557,23.0670,6.0333,-0.5422,-0.0027,1
1776592617.297139,1434,1776592617.297139,1776592617.247302,1776592617.247799,1776592617.266633,4.255788,-0.084652,-28.439190,0.105000,0.042000,0.000000,0.110058,-0.434252,11.624318,-0.058350,-0.045828,-0.442557,23.0670,6.0311,-0.5433,-0.0012,1
1776592617.347085,1435,1776592617.347085,1776592617.347129,1776592617.247799,1776592617.266633,4.250033,-0.086075,-28.461315,0.109000,0.047000,0.000000,0.192602,-0.315820,10.126567,0.000799,0.003197,-0.430567,23.0670,6.0311,-0.5433,-0.0012,1
1776592617.397119,1436,1776592617.397119,1776592617.347129,1776592617.247799,1776592617.266633,4.243890,-0.087051,-28.486633,0.117000,0.042000,0.000000,0.192602,-0.315820,10.126567,0.000799,0.003197,-0.430567,23.0670,6.0311,-0.5433,-0.0012,1
1776592617.447115,1437,1776592617.447115,1776592617.397183,1776592617.247799,1776592617.411383,4.237690,-0.088528,-28.509232,0.115000,0.055000,0.000000,0.254809,0.133984,9.515265,-0.047693,-0.032506,-0.465471,23.0670,6.0277,-0.5442,0.0002,1
1776592617.497110,1438,1776592617.497110,1776592617.447231,1776592617.247799,1776592617.411383,4.231559,-0.089014,-28.534880,0.117000,0.038000,0.000000,0.096899,-0.782372,10.016509,0.021582,0.019450,-0.464405,23.0670,6.0277,-0.5442,0.0002,1
1776592617.547035,1439,1776592617.547035,1776592617.497154,1776592617.247799,1776592617.411383,4.225250,-0.089812,-28.559143,0.118000,0.048000,0.000000,0.043066,-0.183032,9.506891,-0.007993,-0.013855,-0.471332,23.0670,6.0277,-0.5442,0.0002,1
1776592617.597158,1440,1776592617.597158,1776592617.547073,1776592617.247799,1776592617.556589,4.218880,-0.089984,-28.585958,0.121000,0.039000,0.000000,0.047851,-0.071777,9.311896,0.015720,0.012523,-0.455879,23.0670,6.0250,-0.5447,0.0001,1
1776592617.647024,1441,1776592617.647024,1776592617.597210,1776592617.247799,1776592617.556589,4.212831,-0.090707,-28.607998,0.111000,0.051000,0.000000,0.191406,-0.147143,10.747440,-0.077800,-0.062613,-0.507302,23.0670,6.0250,-0.5447,0.0001,1
1776592617.697126,1442,1776592617.697126,1776592617.647062,1776592617.247799,1776592617.556589,4.207332,-0.090816,-28.629744,0.103000,0.038000,0.000000,-0.381615,0.425878,9.112116,0.070074,0.037302,-0.399926,23.0670,6.0250,-0.5447,0.0001,1
1776592617.747138,1443,1776592617.747138,1776592617.747183,1776592617.247799,1776592617.705050,4.201339,-0.091152,-28.652048,0.110000,0.048000,0.000000,0.100488,0.083740,9.937554,0.007727,-0.005862,-0.389802,23.0670,6.0221,-0.5449,-0.0027,1
1776592617.797123,1444,1776592617.797123,1776592617.797172,1776592617.247799,1776592617.705050,4.195548,-0.091651,-28.672392,0.104000,0.052000,0.000000,0.113647,-0.637621,10.991483,-0.028243,-0.013056,-0.426038,23.0670,6.0221,-0.5449,-0.0027,1
1776592617.847087,1445,1776592617.847087,1776592617.797172,1776592617.847857,1776592617.705050,4.189475,-0.091916,-28.694376,0.110000,0.052000,0.000000,0.113647,-0.637621,10.991483,-0.028243,-0.013056,-0.426038,23.0670,6.0221,-0.5449,-0.0027,1
1776592617.897076,1446,1776592617.897076,1776592617.847130,1776592617.847857,1776592617.854201,4.183373,-0.092092,-28.715771,0.110000,0.053000,0.000000,-0.071777,0.311035,9.994976,0.036769,0.030108,-0.385006,23.0670,6.0199,-0.5481,-0.0095,1
1776592617.947072,1447,1776592617.947072,1776592617.897125,1776592617.847857,1776592617.854201,4.177150,-0.091806,-28.739468,0.115000,0.048000,0.000000,0.051440,-0.210546,9.786822,0.001066,0.015986,-0.404989,23.0670,6.0199,-0.5481,-0.0095,1
1776592617.997125,1448,1776592617.997125,1776592617.997171,1776592617.847857,1776592617.854201,4.170927,-0.091931,-28.760540,0.110000,0.058000,0.000000,0.189013,-0.818260,8.875252,0.049824,0.042364,-0.426038,23.0670,6.0199,-0.5481,-0.0095,1
1776592618.047123,1449,1776592618.047123,1776592618.047166,1776592617.847857,1776592618.002334,4.164519,-0.091428,-28.784489,0.118000,0.051000,0.000000,-0.044263,-0.017944,9.577472,0.005595,0.014654,-0.439093,23.0670,6.0172,-0.5478,-0.0170,1
1776592618.097177,1450,1776592618.097177,1776592618.097224,1776592617.847857,1776592618.002334,4.158547,-0.090725,-28.807158,0.111000,0.046000,0.000000,-0.063403,0.013159,9.450665,0.014921,0.018384,-0.415646,23.0670,6.0172,-0.5478,-0.0170,1
1776592618.147049,1451,1776592618.147049,1776592618.097224,1776592617.847857,1776592618.002334,4.152251,-0.089618,-28.832499,0.120000,0.045000,0.000000,-0.063403,0.013159,9.450665,0.014921,0.018384,-0.415646,23.0670,6.0172,-0.5478,-0.0170,1
1776592618.197046,1452,1776592618.197046,1776592618.147093,1776592617.847857,1776592618.151275,4.146410,-0.088682,-28.854998,0.109000,0.046000,0.000000,0.217724,-0.168676,9.505694,-0.051423,-0.023180,-0.472132,23.0670,6.0138,-0.5491,-0.0250,1
1776592618.247049,1453,1776592618.247049,1776592618.247093,1776592617.847857,1776592618.151275,4.141114,-0.087001,-28.879299,0.107000,0.030000,0.000000,0.125610,-0.147143,9.401618,-0.009059,0.007460,-0.438827,23.0670,6.0138,-0.5491,-0.0250,1
1776592618.297034,1454,1776592618.297034,1776592618.247093,1776592617.847857,1776592618.151275,4.135378,-0.085892,-28.900743,0.107000,0.047000,0.000000,0.125610,-0.147143,9.401618,-0.009059,0.007460,-0.438827,23.0670,6.0138,-0.5491,-0.0250,1
1776592618.347048,1455,1776592618.347048,1776592618.297080,1776592617.847857,1776592618.299974,4.129624,-0.084630,-28.922499,0.108000,0.047000,0.000000,0.015552,0.406738,9.998565,0.005062,0.004796,-0.406587,23.0670,6.0108,-0.5497,-0.0319,1
1776592618.397089,1456,1776592618.397089,1776592618.347096,1776592617.847857,1776592618.299974,4.124154,-0.083813,-28.940464,0.097000,0.053000,0.000000,0.111255,0.386401,9.520050,-0.054354,-0.036769,-0.406055,23.0670,6.0108,-0.5497,-0.0319,1
1776592618.446984,1457,1776592618.446984,1776592618.397137,1776592618.447457,1776592618.299974,4.118261,-0.082672,-28.960770,0.107000,0.055000,0.000000,-0.005981,0.173462,9.941143,0.048226,0.030907,-0.311468,23.0710,6.0108,-0.5497,-0.0319,1
1776592618.497096,1458,1776592618.497096,1776592618.447026,1776592618.447457,1776592618.450681,4.112137,-0.081606,-28.980816,0.108000,0.061000,0.000000,0.198584,0.175854,9.705475,0.007194,-0.004529,-0.368753,23.0710,6.0066,-0.5478,-0.0376,1
1776592618.547082,1459,1776592618.547082,1776592618.547127,1776592618.447457,1776592618.450681,4.105574,-0.080211,-29.002960,0.118000,0.064000,0.000000,0.165088,0.322997,9.590631,-0.061281,-0.029575,-0.404189,23.0710,6.0066,-0.5478,-0.0376,1
1776592618.597050,1460,1776592618.597050,1776592618.597116,1776592618.447457,1776592618.597705,4.099339,-0.078866,-29.023098,0.111000,0.063000,0.000000,0.032300,-0.161499,9.717438,0.045561,0.017052,-0.385805,23.0710,6.0022,-0.5455,-0.0395,1
1776592618.647075,1461,1776592618.647075,1776592618.647121,1776592618.447457,1776592618.597705,4.093124,-0.077324,-29.043509,0.112000,0.062000,0.000000,-0.258398,0.204565,9.834673,0.008793,0.003730,-0.396729,23.0710,6.0022,-0.5455,-0.0395,1
1776592618.697065,1462,1776592618.697065,1776592618.647121,1776592618.447457,1776592618.597705,4.086912,-0.075764,-29.063755,0.111000,0.064000,0.000000,-0.258398,0.204565,9.834673,0.008793,0.003730,-0.396729,23.0710,6.0022,-0.5455,-0.0395,1
1776592618.747036,1463,1776592618.747036,1776592618.697112,1776592618.447457,1776592618.746857,4.081053,-0.074115,-29.083094,0.106000,0.060000,0.000000,0.154321,0.132788,9.777251,-0.014921,-0.000799,-0.386338,23.0710,5.9963,-0.5451,-0.0383,1
1776592618.797006,1464,1776592618.797006,1776592618.747085,1776592618.447457,1776592618.746857,4.075299,-0.072284,-29.102583,0.106000,0.058000,0.000000,0.014355,-0.129199,11.277395,-0.066077,-0.048226,-0.418844,23.0710,5.9963,-0.5451,-0.0383,1
1776592618.847026,1465,1776592618.847026,1776592618.847078,1776592618.447457,1776592618.746857,4.069573,-0.070410,-29.121439,0.105000,0.059000,0.000000,0.010767,-0.162695,10.340703,-0.002664,-0.011990,-0.383141,23.0710,5.9963,-0.5451,-0.0383,1
1776592618.897034,1466,1776592618.897034,1776592618.897089,1776592618.447457,1776592618.895232,4.063537,-0.068336,-29.141642,0.111000,0.063000,0.000000,0.112451,0.266772,9.504498,-0.026644,-0.014654,-0.381009,23.0710,5.9900,-0.5423,-0.0399,1
1776592618.947017,1467,1776592618.947017,1776592618.947062,1776592618.447457,1776592618.895232,4.057779,-0.066339,-29.160635,0.105000,0.062000,0.000000,-0.003589,-0.546703,11.458035,-0.045295,-0.032772,-0.400193,23.0710,5.9900,-0.5423,-0.0399,1
1776592618.997039,1468,1776592618.997039,1776592618.947062,1776592618.447457,1776592618.895232,4.051943,-0.063935,-29.181543,0.111000,0.060000,0.000000,-0.003589,-0.546703,11.458035,-0.045295,-0.032772,-0.400193,23.0710,5.9900,-0.5423,-0.0399,1
1776592619.047035,1469,1776592619.047035,1776592619.047082,1776592619.047502,1776592619.043838,4.045942,-0.061455,-29.201893,0.113000,0.064000,0.000000,0.013159,-0.138769,9.871758,0.003197,0.002664,-0.395663,23.0720,5.9839,-0.5414,-0.0397,1
1776592619.097035,1470,1776592619.097035,1776592619.047082,1776592619.047502,1776592619.043838,4.039783,-0.058573,-29.224342,0.120000,0.064000,0.000000,0.013159,-0.138769,9.871758,0.003197,0.002664,-0.395663,23.0720,5.9839,-0.5414,-0.0397,1
1776592619.147022,1471,1776592619.147022,1776592619.097118,1776592619.047502,1776592619.043838,4.033715,-0.055845,-29.245237,0.115000,0.067000,0.000000,0.149536,0.385204,9.463824,-0.056219,-0.023180,-0.416979,23.0720,5.9839,-0.5414,-0.0397,1
1776592619.197043,1472,1776592619.197043,1776592619.147070,1776592619.047502,1776592619.192821,4.027932,-0.052529,-29.268547,0.120000,0.058000,0.000000,0.150732,-0.898411,8.917122,0.043430,0.037834,-0.414847,23.0720,5.9778,-0.5438,-0.0392,1
1776592619.247029,1473,1776592619.247029,1776592619.197093,1776592619.047502,1776592619.192821,4.022504,-0.049500,-29.288990,0.110000,0.058000,0.000000,-0.144751,0.217724,9.870562,-0.009325,-0.009592,-0.430567,23.0720,5.9778,-0.5438,-0.0392,1
1776592619.296965,1474,1776592619.296965,1776592619.297014,1776592619.047502,1776592619.192821,4.017192,-0.046157,-29.311012,0.113000,0.055000,0.000000,0.118432,0.215332,11.452053,-0.061281,-0.055420,-0.435896,23.0720,5.9778,-0.5438,-0.0392,1
1776592619.346958,1475,1776592619.346958,1776592619.297014,1776592619.047502,1776592619.341165,4.012412,-0.042886,-29.331959,0.105000,0.049000,0.000000,0.118432,0.215332,11.452053,-0.061281,-0.055420,-0.435896,23.0720,5.9730,-0.5450,-0.0398,1
1776592619.396991,1476,1776592619.396991,1776592619.397035,1776592619.047502,1776592619.341165,4.007729,-0.039265,-29.354374,0.109000,0.046000,0.000000,0.126806,-0.046655,10.200737,0.002132,-0.009858,-0.428436,23.0720,5.9730,-0.5450,-0.0398,1
1776592619.446962,1477,1776592619.446962,1776592619.397035,1776592619.047502,1776592619.341165,4.003379,-0.035471,-29.377010,0.108000,0.041000,0.000000,0.126806,-0.046655,10.200737,0.002132,-0.009858,-0.428436,23.0720,5.9730,-0.5450,-0.0398,1
1776592619.497017,1478,1776592619.497017,1776592619.447008,1776592619.047502,1776592619.489485,3.999265,-0.031549,-29.399887,0.107000,0.038000,0.000000,0.063403,0.131592,9.831084,-0.004263,-0.009325,-0.416979,23.0720,5.9678,-0.5444,-0.0394,1
1776592619.547006,1479,1776592619.547006,1776592619.497064,1776592619.047502,1776592619.489485,3.995227,-0.027383,-29.423882,0.110000,0.037000,0.000000,0.017944,-0.028711,10.937650,-0.016519,-0.016253,-0.472398,23.0720,5.9678,-0.5444,-0.0394,1
1776592619.596992,1480,1776592619.596992,1776592619.597035,1776592619.047502,1776592619.489485,3.991387,-0.022969,-29.449125,0.112000,0.034000,0.000000,0.087329,-0.116040,9.822710,-0.006927,0.010924,-0.475063,23.0720,5.9678,-0.5444,-0.0394,1
1776592619.646949,1481,1776592619.646949,1776592619.597035,1776592619.647375,1776592619.638183,3.987400,-0.018355,-29.474403,0.116000,0.038000,0.000000,0.087329,-0.116040,9.822710,-0.006927,0.010924,-0.475063,23.0730,5.9631,-0.5456,-0.0420,1
1776592619.696939,1482,1776592619.696939,1776592619.646996,1776592619.647375,1776592619.638183,3.983845,-0.013623,-29.500349,0.114000,0.032000,0.000000,0.198584,0.205761,9.709064,-0.034371,-0.006927,-0.492648,23.0730,5.9631,-0.5456,-0.0420,1
1776592619.746980,1483,1776592619.746980,1776592619.696986,1776592619.647375,1776592619.638183,3.979982,-0.008789,-29.526070,0.117000,0.040000,0.000000,-0.003589,-0.352905,8.792707,0.072472,0.056485,-0.461741,23.0730,5.9631,-0.5456,-0.0420,1
1776592619.796963,1484,1776592619.796963,1776592619.747025,1776592619.647375,1776592619.787280,3.975427,-0.004082,-29.549162,0.118000,0.057000,0.000000,-0.056225,0.133984,9.920806,-0.021049,-0.001599,-0.480391,23.0730,5.9574,-0.5474,-0.0459,1
1776592619.846977,1485,1776592619.846977,1776592619.847025,1776592619.647375,1776592619.787280,3.971262,0.000661,-29.572018,0.115000,0.052000,0.000000,0.196191,0.163891,9.709064,-0.057285,-0.032239,-0.446021,23.0730,5.9574,-0.5474,-0.0459,1
1776592619.896947,1486,1776592619.896947,1776592619.847025,1776592619.647375,1776592619.787280,3.966851,0.005289,-29.593355,0.113000,0.060000,0.000000,0.196191,0.163891,9.709064,-0.057285,-0.032239,-0.446021,23.0730,5.9574,-0.5474,-0.0459,1
1776592619.946960,1487,1776592619.946960,1776592619.896993,1776592619.647375,1776592619.935388,3.963034,0.010091,-29.616112,0.112000,0.050000,0.000000,-0.110058,-0.465356,9.917217,0.049291,0.023180,-0.390335,23.0730,5.9510,-0.5503,-0.0492,1
1776592619.996936,1488,1776592619.996936,1776592619.947006,1776592619.647375,1776592619.935388,3.959404,0.015095,-29.639551,0.114000,0.048000,0.000000,0.198584,-0.171069,10.026079,-0.007727,-0.025845,-0.432166,23.0730,5.9510,-0.5503,-0.0492,1
1776592620.046935,1489,1776592620.046935,1776592619.996981,1776592619.647375,1776592619.935388,3.956465,0.019641,-29.660551,0.101000,0.039000,0.000000,0.071777,-0.069385,9.737774,-0.015720,-0.010391,-0.418844,23.0730,5.9510,-0.5503,-0.0492,1
1776592620.096914,1490,1776592620.096914,1776592620.046981,1776592619.647375,1776592620.084719,3.953291,0.024387,-29.681744,0.105000,0.045000,0.000000,0.130395,-0.379223,11.444876,-0.067143,-0.048492,-0.454813,23.0730,5.9440,-0.5513,-0.0501,1
1776592620.146987,1491,1776592620.146987,1776592620.096962,1776592619.647375,1776592620.084719,3.950492,0.029355,-29.704626,0.107000,0.039000,0.000000,-0.172265,0.259594,9.851421,0.003730,0.020516,-0.432965,23.0730,5.9440,-0.5513,-0.0501,1
1776592620.197124,1492,1776592620.197124,1776592620.197172,1776592619.647375,1776592620.084719,3.948025,0.034627,-29.729546,0.111000,0.034000,0.000000,0.056225,0.062207,9.686334,-0.027177,-0.005329,-0.462540,23.0730,5.9440,-0.5513,-0.0501,1
1776592620.246943,1493,1776592620.246943,1776592620.246990,1776592620.247443,1776592620.233108,3.945911,0.039447,-29.752113,0.101000,0.031000,0.000000,0.023926,-0.519188,11.496316,-0.042364,-0.014121,-0.454547,23.0760,5.9381,-0.5520,-0.0540,1
1776592620.296883,1494,1776592620.296883,1776592620.246990,1776592620.247443,1776592620.233108,3.943738,0.044461,-29.774788,0.104000,0.034000,0.000000,0.023926,-0.519188,11.496316,-0.042364,-0.014121,-0.454547,23.0760,5.9381,-0.5520,-0.0540,1
1776592620.346890,1495,1776592620.346890,1776592620.346938,1776592620.247443,1776592620.233108,3.941010,0.049733,-29.796791,0.109000,0.047000,0.000000,0.015552,0.083740,10.265337,-0.009858,0.007460,-0.422840,23.0760,5.9381,-0.5520,-0.0540,1
1776592620.396859,1496,1776592620.396859,1776592620.396899,1776592620.247443,1776592620.381246,3.938139,0.055297,-29.819727,0.114000,0.052000,0.000000,0.099292,0.427074,9.448273,-0.049558,-0.026378,-0.401525,23.0760,5.9325,-0.5516,-0.0576,1
1776592620.446849,1497,1776592620.446849,1776592620.446884,1776592620.247443,1776592620.381246,3.934752,0.060662,-29.839273,0.109000,0.065000,0.000000,0.003589,-0.951048,9.993779,0.010391,0.017052,-0.390601,23.0760,5.9325,-0.5516,-0.0576,1
1776592620.496878,1498,1776592620.496878,1776592620.446884,1776592620.247443,1776592620.381246,3.932120,0.066049,-29.860283,0.108000,0.052000,0.000000,0.003589,-0.951048,9.993779,0.010391,0.017052,-0.390601,23.0760,5.9325,-0.5516,-0.0576,1
1776592620.546918,1499,1776592620.546918,1776592620.546962,1776592620.247443,1776592620.529735,3.929247,0.071194,-29.878633,0.102000,0.059000,0.000000,-0.005981,-0.202172,9.427936,0.016786,-0.001865,-0.370884,23.0760,5.9264,-0.5503,-0.0612,1
1776592620.596872,1500,1776592620.596872,1776592620.546962,1776592620.247443,1776592620.529735,3.926532,0.076737,-29.898829,0.109000,0.058000,0.000000,-0.005981,-0.202172,9.427936,0.016786,-0.001865,-0.370884,23.0760,5.9264,-0.5503,-0.0612,1
1776592620.646898,1501,1776592620.646898,1776592620.646936,1776592620.247443,1776592620.529735,3.923814,0.082094,-29.917841,0.104000,0.060000,0.000000,0.155517,-0.927122,9.902862,0.013588,0.011457,-0.376213,23.0760,5.9264,-0.5503,-0.0612,1
1776592620.696868,1502,1776592620.696868,1776592620.646936,1776592620.247443,1776592620.679194,3.921753,0.087504,-29.938828,0.105000,0.049000,0.000000,0.155517,-0.927122,9.902862,0.013588,0.011457,-0.376213,23.0760,5.9219,-0.5530,-0.0652,1
1776592620.746977,1503,1776592620.746977,1776592620.747025,1776592620.247443,1776592620.679194,3.919406,0.093060,-29.958721,0.106000,0.057000,0.000000,0.040674,-0.094507,9.431524,0.018118,0.003197,-0.373549,23.0760,5.9219,-0.5530,-0.0652,1
1776592620.796875,1504,1776592620.796875,1776592620.747025,1776592620.247443,1776592620.679194,3.917362,0.098918,-29.980429,0.112000,0.054000,0.000000,0.040674,-0.094507,9.431524,0.018118,0.003197,-0.373549,23.0760,5.9219,-0.5530,-0.0652,1
1776592620.846829,1505,1776592620.846829,1776592620.796912,1776592620.847379,1776592620.827370,3.915107,0.104567,-29.999456,0.106000,0.060000,0.000000,0.156714,0.244043,9.559527,-0.058617,-0.036769,-0.411117,23.0770,5.9176,-0.5537,-0.0722,1
1776592620.896899,1506,1776592620.896899,1776592620.846881,1776592620.847379,1776592620.827370,3.913271,0.110682,-30.021992,0.115000,0.055000,0.000000,0.235668,-0.602929,8.862092,0.043163,0.036502,-0.393265,23.0770,5.9176,-0.5537,-0.0722,1
1776592620.946855,1507,1776592620.946855,1776592620.896948,1776592620.847379,1776592620.827370,3.911220,0.116529,-30.042025,0.108000,0.061000,0.000000,-0.046655,0.136377,9.778448,-0.006128,-0.019450,-0.412716,23.0770,5.9176,-0.5537,-0.0722,1
1776592620.996836,1508,1776592620.996836,1776592620.946902,1776592620.847379,1776592620.976177,3.909394,0.122958,-30.064867,0.119000,0.061000,0.000000,-0.062207,0.126806,9.302326,0.011723,0.015187,-0.382874,23.0770,5.9143,-0.5526,-0.0790,1
1776592621.046814,1509,1776592621.046814,1776592621.046850,1776592620.847379,1776592620.976177,3.907681,0.128820,-30.084459,0.107000,0.059000,0.000000,0.139966,-0.464159,8.746053,0.065278,0.043163,-0.373815,23.0770,5.9143,-0.5526,-0.0790,1
1776592621.096890,1510,1776592621.096890,1776592621.046850,1776592620.847379,1776592620.976177,3.906579,0.134862,-30.106892,0.112000,0.050000,0.000000,0.139966,-0.464159,8.746053,0.065278,0.043163,-0.373815,23.0770,5.9143,-0.5526,-0.0790,1
1776592621.146862,1511,1776592621.146862,1776592621.146910,1776592620.847379,1776592621.125395,3.905771,0.140924,-30.130178,0.113000,0.047000,0.000000,0.092114,0.026318,9.723418,0.005329,-0.005595,-0.416712,23.0770,5.9118,-0.5509,-0.0842,1
1776592621.196950,1512,1776592621.196950,1776592621.197005,1776592620.847379,1776592621.125395,3.905316,0.146851,-30.153818,0.111000,0.042000,0.000000,0.223706,0.116040,11.679348,-0.059949,-0.043696,-0.472931,23.0770,5.9118,-0.5509,-0.0842,1
1776592621.247426,1513,1776592621.247426,1776592621.248240,1776592620.847379,1776592621.125395,3.905099,0.152483,-30.176481,0.105000,0.038000,0.000000,-0.040674,0.185424,10.052398,0.055153,0.020516,-0.406321,23.0770,5.9118,-0.5509,-0.0842,1
1776592621.296822,1514,1776592621.296822,1776592621.296869,1776592620.847379,1776592621.273496,3.905090,0.158076,-30.199253,0.107000,0.037000,0.000000,0.095703,-0.166284,10.274907,0.001865,-0.000266,-0.451882,23.0770,5.9083,-0.5463,-0.0912,1
1776592621.346828,1515,1776592621.346828,1776592621.296869,1776592620.847379,1776592621.273496,3.905284,0.164082,-30.224306,0.114000,0.038000,0.000000,0.095703,-0.166284,10.274907,0.001865,-0.000266,-0.451882,23.0770,5.9083,-0.5463,-0.0912,1
1776592621.396792,1516,1776592621.396792,1776592621.346877,1776592620.847379,1776592621.273496,3.905620,0.169649,-30.247740,0.106000,0.035000,0.000000,0.009570,0.242846,9.874151,-0.010658,0.003997,-0.436162,23.0770,5.9083,-0.5463,-0.0912,1
1776592621.446837,1517,1776592621.446837,1776592621.396873,1776592621.447691,1776592621.421734,3.905837,0.175649,-30.271461,0.112000,0.043000,0.000000,0.363671,-0.057422,10.020098,0.019450,0.025578,-0.463872,23.0780,5.9052,-0.5386,-0.0990,1
1776592621.496807,1518,1776592621.496807,1776592621.496856,1776592621.447691,1776592621.421734,3.906526,0.181154,-30.294996,0.106000,0.033000,0.000000,-0.032300,-0.011963,9.381281,0.010391,0.012523,-0.431366,23.0780,5.9052,-0.5386,-0.0990,1
1776592621.546833,1519,1776592621.546833,1776592621.546877,1776592621.447691,1776592621.421734,3.906955,0.187335,-30.318708,0.115000,0.046000,0.000000,0.148340,0.112451,9.652838,-0.045561,-0.027710,-0.437761,23.0780,5.9052,-0.5386,-0.0990,1
1776592621.596780,1520,1776592621.596780,1776592621.546877,1776592621.447691,1776592621.570596,3.906791,0.193368,-30.338488,0.106000,0.058000,0.000000,0.148340,0.112451,9.652838,-0.045561,-0.027710,-0.437761,23.0780,5.9023,-0.5316,-0.1048,1
1776592621.647146,1521,1776592621.647146,1776592621.647201,1776592621.447691,1776592621.570596,3.907556,0.199362,-30.362413,0.112000,0.043000,0.000000,-0.194995,-0.004785,9.447077,-0.001066,0.006128,-0.423107,23.0780,5.9023,-0.5316,-0.1048,1
1776592621.696807,1522,1776592621.696807,1776592621.647201,1776592621.447691,1776592621.570596,3.908112,0.205159,-30.383768,0.107000,0.048000,0.000000,-0.194995,-0.004785,9.447077,-0.001066,0.006128,-0.423107,23.0780,5.9023,-0.5316,-0.1048,1
1776592621.746795,1523,1776592621.746795,1776592621.696858,1776592621.447691,1776592621.719852,3.909268,0.210699,-30.406961,0.107000,0.037000,0.000000,-0.041870,-0.159106,9.663605,0.007993,0.010391,-0.385272,23.0780,5.8996,-0.5270,-0.1120,1
1776592621.796799,1524,1776592621.796799,1776592621.746843,1776592621.447691,1776592621.719852,3.909938,0.216363,-30.427212,0.103000,0.049000,0.000000,0.159106,0.045459,9.527227,-0.044495,-0.025312,-0.422041,23.0780,5.8996,-0.5270,-0.1120,1
1776592621.847964,1525,1776592621.847964,1776592621.796850,1776592621.447691,1776592621.719852,3.910982,0.222231,-30.449623,0.107000,0.046000,0.000000,-0.101684,-0.771605,10.557231,0.070074,0.054087,-0.373549,23.0780,5.8996,-0.5270,-0.1120,1
1776592621.896805,1526,1776592621.896805,1776592621.896855,1776592621.447691,1776592621.869021,3.912502,0.227354,-30.472040,0.104000,0.034000,0.000000,0.008374,-0.269165,9.811944,0.019717,0.033305,-0.392200,23.0780,5.8978,-0.5216,-0.1176,1
1776592621.946830,1527,1776592621.946830,1776592621.896855,1776592621.447691,1776592621.869021,3.914404,0.232709,-30.496853,0.109000,0.032000,0.000000,0.008374,-0.269165,9.811944,0.019717,0.033305,-0.392200,23.0780,5.8978,-0.5216,-0.1176,1
1776592621.996896,1528,1776592621.996896,1776592621.996952,1776592621.447691,1776592621.869021,3.916198,0.237700,-30.519279,0.101000,0.032000,0.000000,-0.022729,-0.543114,10.572783,0.065011,0.034104,-0.377279,23.0780,5.8978,-0.5216,-0.1176,1
1776592622.046801,1529,1776592622.046801,1776592622.046856,1776592622.047699,1776592622.017522,3.917652,0.243118,-30.540142,0.103000,0.045000,0.000000,0.081347,0.222509,9.765288,-0.003997,-0.020249,-0.389535,23.0800,5.8969,-0.5192,-0.1226,1
1776592622.096787,1530,1776592622.096787,1776592622.096833,1776592622.047699,1776592622.017522,3.918697,0.248820,-30.558237,0.101000,0.057000,0.000000,-0.025122,-0.239257,9.511676,0.014121,0.001865,-0.338912,23.0800,5.8969,-0.5192,-0.1226,1
1776592622.146722,1531,1776592622.146722,1776592622.096833,1776592622.047699,1776592622.017522,3.920067,0.254832,-30.578661,0.109000,0.058000,0.000000,-0.025122,-0.239257,9.511676,0.014121,0.001865,-0.338912,23.0800,5.8969,-0.5192,-0.1226,1
1776592622.197271,1532,1776592622.197271,1776592622.146773,1776592622.047699,1776592622.166604,3.921360,0.260947,-30.598223,0.107000,0.062000,0.000000,0.198584,0.285913,9.528424,-0.038101,-0.022914,-0.363158,23.0800,5.8960,-0.5159,-0.1261,1
1776592622.247266,1533,1776592622.247266,1776592622.247365,1776592622.047699,1776592622.166604,3.923259,0.266775,-30.620222,0.111000,0.052000,0.000000,-0.025122,0.135180,9.368121,0.001332,0.012256,-0.400459,23.0800,5.8960,-0.5159,-0.1261,1
1776592622.296819,1534,1776592622.296819,1776592622.296869,1776592622.047699,1776592622.166604,3.925055,0.272645,-30.640934,0.110000,0.057000,0.000000,0.014355,-0.224902,9.716241,0.009592,0.000533,-0.387937,23.0800,5.8960,-0.5159,-0.1261,1
1776592622.346712,1535,1776592622.346712,1776592622.346763,1776592622.047699,1776592622.315915,3.927092,0.278551,-30.662039,0.112000,0.056000,0.000000,0.118432,0.235668,9.415973,-0.050890,-0.036236,-0.410051,23.0800,5.8966,-0.5145,-0.1306,1
1776592622.396774,1536,1776592622.396774,1776592622.396818,1776592622.047699,1776592622.315915,3.928873,0.284480,-30.681313,0.107000,0.062000,0.000000,0.160302,-0.813475,9.255671,0.061814,0.037035,-0.363424,23.0800,5.8966,-0.5145,-0.1306,1
1776592622.446707,1537,1776592622.446707,1776592622.396818,1776592622.047699,1776592622.315915,3.931186,0.290337,-30.703283,0.113000,0.056000,0.000000,0.160302,-0.813475,9.255671,0.061814,0.037035,-0.363424,23.0800,5.8966,-0.5145,-0.1306,1
1776592622.496797,1538,1776592622.496797,1776592622.446760,1776592622.047699,1776592622.464482,3.933385,0.296143,-30.723820,0.109000,0.059000,0.000000,-0.118432,0.179443,9.559527,-0.004263,-0.011723,-0.399127,23.0800,5.8962,-0.5139,-0.1311,1
1776592622.546828,1539,1776592622.546828,1776592622.546865,1776592622.047699,1776592622.464482,3.936148,0.301748,-30.746635,0.114000,0.051000,0.000000,0.211743,-0.113647,9.939946,-0.066876,-0.051689,-0.426304,23.0800,5.8962,-0.5139,-0.1311,1
1776592622.596791,1540,1776592622.596791,1776592622.546865,1776592622.047699,1776592622.464482,3.938843,0.306555,-30.767569,0.102000,0.042000,0.000000,0.211743,-0.113647,9.939946,-0.066876,-0.051689,-0.426304,23.0800,5.8962,-0.5139,-0.1311,1
1776592622.646788,1541,1776592622.646788,1776592622.646832,1776592622.647582,1776592622.613355,3.941958,0.311550,-30.790768,0.110000,0.042000,0.000000,0.220117,-0.199780,10.061968,-0.003730,-0.035969,-0.442290,23.0830,5.8944,-0.5138,-0.1289,1
1776592622.696725,1542,1776592622.696725,1776592622.646832,1776592622.647582,1776592622.613355,3.945291,0.316234,-30.814739,0.109000,0.037000,0.000000,0.220117,-0.199780,10.061968,-0.003730,-0.035969,-0.442290,23.0830,5.8944,-0.5138,-0.1289,1
1776592622.746659,1543,1776592622.746659,1776592622.696763,1776592622.647582,1776592622.613355,3.948899,0.320949,-30.839556,0.113000,0.037000,0.000000,-0.061011,0.135180,9.482965,-0.010924,-0.055153,-0.436429,23.0830,5.8944,-0.5138,-0.1289,1
1776592622.796722,1544,1776592622.796722,1776592622.796771,1776592622.647582,1776592622.762378,3.952380,0.325421,-30.862635,0.107000,0.037000,0.000000,0.044263,-0.147143,9.049910,0.020249,0.038367,-0.446553,23.0830,5.8923,-0.5141,-0.1270,1
1776592622.846710,1545,1776592622.846710,1776592622.796771,1776592622.647582,1776592622.762378,3.956119,0.330022,-30.886879,0.112000,0.039000,0.000000,0.044263,-0.147143,9.049910,0.020249,0.038367,-0.446553,23.0830,5.8923,-0.5141,-0.1270,1
1776592622.896848,1546,1776592622.896848,1776592622.896889,1776592622.647582,1776592622.762378,3.959958,0.334880,-30.911346,0.115000,0.045000,0.000000,0.086133,0.279931,9.508087,-0.045295,-0.017585,-0.485187,23.0830,5.8923,-0.5141,-0.1270,1
1776592622.946708,1547,1776592622.946708,1776592622.896889,1776592622.647582,1776592622.911357,3.963974,0.339262,-30.935926,0.113000,0.038000,0.000000,0.086133,0.279931,9.508087,-0.045295,-0.017585,-0.485187,23.0830,5.8898,-0.5124,-0.1253,1
1776592622.996642,1548,1776592622.996642,1776592622.946749,1776592622.647582,1776592622.911357,3.967828,0.343971,-30.958597,0.112000,0.048000,0.000000,-0.052637,-0.442626,11.002250,-0.012523,-0.006661,-0.486519,23.0830,5.8898,-0.5124,-0.1253,1
1776592623.046708,1549,1776592623.046708,1776592623.046754,1776592622.647582,1776592622.911357,3.971624,0.349410,-30.979975,0.116000,0.064000,0.000000,-0.051440,-0.149536,9.492536,0.007727,0.019717,-0.394331,23.0830,5.8898,-0.5124,-0.1253,1
1776592623.096722,1550,1776592623.096722,1776592623.096766,1776592622.647582,1776592623.060210,3.975731,0.354689,-31.002882,0.119000,0.061000,0.000000,0.175854,0.411523,9.784430,-0.067676,-0.044762,-0.415114,23.0830,5.8876,-0.5101,-0.1243,1
1776592623.146652,1551,1776592623.146652,1776592623.096766,1776592622.647582,1776592623.060210,3.979693,0.360078,-31.023754,0.116000,0.067000,0.000000,0.175854,0.411523,9.784430,-0.067676,-0.044762,-0.415114,23.0830,5.8876,-0.5101,-0.1243,1
1776592623.196876,1552,1776592623.196876,1776592623.146686,1776592622.647582,1776592623.060210,3.983962,0.364343,-31.046604,0.111000,0.046000,0.000000,0.285913,-0.699828,8.527132,0.064212,0.048492,-0.386072,23.0830,5.8876,-0.5101,-0.1243,1
1776592623.246845,1553,1776592623.246845,1776592623.197094,1776592623.247661,1776592623.209311,3.988318,0.368869,-31.069191,0.114000,0.053000,0.000000,-0.179443,0.043066,10.317973,-0.001599,-0.016253,-0.431100,23.0810,5.8848,-0.5058,-0.1243,1
1776592623.296660,1554,1776592623.296660,1776592623.246890,1776592623.247661,1776592623.209311,3.992434,0.373164,-31.090065,0.107000,0.053000,0.000000,0.003589,0.081347,9.718634,0.001066,0.001332,-0.399926,23.0810,5.8848,-0.5058,-0.1243,1
1776592623.346681,1555,1776592623.346681,1776592623.296702,1776592623.247661,1776592623.209311,3.996689,0.376978,-31.111673,0.105000,0.045000,0.000000,0.230883,0.105273,9.522443,-0.058350,-0.037834,-0.445488,23.0810,5.8848,-0.5058,-0.1243,1
1776592623.396943,1556,1776592623.396943,1776592623.346729,1776592623.247661,1776592623.358034,4.001046,0.380717,-31.132984,0.105000,0.045000,0.000000,-0.094507,0.381615,9.961480,0.051156,0.029841,-0.353832,23.0810,5.8817,-0.5041,-0.1225,1
1776592623.446690,1557,1776592623.446690,1776592623.446737,1776592623.247661,1776592623.358034,4.005511,0.384605,-31.154226,0.108000,0.050000,0.000000,0.110058,0.133984,9.847833,-0.010391,-0.004796,-0.397528,23.0810,5.8817,-0.5041,-0.1225,1
1776592623.496671,1558,1776592623.496671,1776592623.496720,1776592623.247661,1776592623.358034,4.009933,0.388377,-31.174868,0.105000,0.050000,0.000000,0.294287,-0.041870,10.579960,-0.001332,-0.034904,-0.442290,23.0810,5.8817,-0.5041,-0.1225,1
1776592623.546613,1559,1776592623.546613,1776592623.546653,1776592623.247661,1776592623.507024,4.014586,0.391835,-31.196991,0.107000,0.045000,0.000000,0.082544,0.106470,9.987798,0.015187,0.030907,-0.414314,23.0810,5.8793,-0.5024,-0.1170,1
1776592623.596605,1560,1776592623.596605,1776592623.546653,1776592623.247661,1776592623.507024,4.019471,0.394970,-31.220287,0.109000,0.040000,0.000000,0.082544,0.106470,9.987798,0.015187,0.030907,-0.414314,23.0810,5.8793,-0.5024,-0.1170,1
1776592623.646595,1561,1776592623.646595,1776592623.596652,1776592623.247661,1776592623.507024,4.024535,0.397961,-31.243883,0.111000,0.039000,0.000000,0.175854,0.050244,9.994976,0.004263,0.007993,-0.426570,23.0810,5.8793,-0.5024,-0.1170,1
1776592623.696697,1562,1776592623.696697,1776592623.646643,1776592623.247661,1776592623.656439,4.029317,0.400878,-31.265579,0.104000,0.041000,0.000000,0.068188,0.241650,9.785625,-0.023447,-0.003730,-0.438294,23.0810,5.8771,-0.5018,-0.1078,1
1776592623.746665,1563,1776592623.746665,1776592623.696741,1776592623.247661,1776592623.656439,4.034439,0.404433,-31.287516,0.112000,0.055000,0.000000,0.184228,-0.270361,9.088190,0.047160,0.049824,-0.421508,23.0810,5.8771,-0.5018,-0.1078,1
1776592623.797154,1564,1776592623.797154,1776592623.746696,1776592623.247661,1776592623.656439,4.039539,0.408299,-31.307711,0.110000,0.063000,0.000000,-0.057422,0.407934,9.630108,0.023713,0.014388,-0.423640,23.0810,5.8771,-0.5018,-0.1078,1
1776592623.846589,1565,1776592623.846589,1776592623.846626,1776592623.847526,1776592623.805492,4.044822,0.411856,-31.328671,0.114000,0.060000,0.000000,0.218920,0.235668,9.500910,-0.033305,-0.029841,-0.381009,23.0830,5.8742,-0.5023,-0.1008,1
1776592623.897799,1566,1776592623.897799,1776592623.897839,1776592623.847526,1776592623.805492,4.049942,0.415029,-31.348951,0.105000,0.053000,0.000000,-0.002393,-0.818260,9.307111,0.085261,0.037302,-0.324524,23.0830,5.8742,-0.5023,-0.1008,1
1776592623.946740,1567,1776592623.946740,1776592623.946793,1776592623.847526,1776592623.805492,4.055338,0.417941,-31.371317,0.114000,0.052000,0.000000,-0.061011,0.058618,9.579865,0.004263,0.003197,-0.387404,23.0830,5.8742,-0.5023,-0.1008,1
1776592623.996600,1568,1776592623.996600,1776592623.996664,1776592623.847526,1776592623.954592,4.060732,0.421226,-31.391909,0.111000,0.061000,0.000000,0.069385,-0.461767,9.721026,0.018384,-0.001599,-0.378878,23.0830,5.8720,-0.5022,-0.0928,1
1776592624.046609,1569,1776592624.046609,1776592624.046647,1776592623.847526,1776592623.954592,4.066561,0.424318,-31.414614,0.118000,0.059000,0.000000,0.224902,0.284716,9.567902,-0.061548,-0.030907,-0.420975,23.0830,5.8720,-0.5022,-0.0928,1
1776592624.096570,1570,1776592624.096570,1776592624.046647,1776592623.847526,1776592623.954592,4.071903,0.427372,-31.433998,0.107000,0.061000,0.000000,0.224902,0.284716,9.567902,-0.061548,-0.030907,-0.420975,23.0830,5.8720,-0.5022,-0.0928,1
1776592624.146552,1571,1776592624.146552,1776592624.096618,1776592623.847526,1776592624.102193,4.077506,0.430371,-31.454241,0.111000,0.062000,0.000000,0.172265,-0.733324,9.004451,0.040765,0.043430,-0.375947,23.0830,5.8686,-0.5038,-0.0872,1
1776592624.196623,1572,1776592624.196623,1776592624.146592,1776592623.847526,1776592624.102193,4.083027,0.433216,-31.473969,0.108000,0.061000,0.000000,-0.113647,0.088525,9.967462,-0.012256,-0.011457,-0.391667,23.0830,5.8686,-0.5038,-0.0872,1
1776592624.246534,1573,1776592624.246534,1776592624.246576,1776592623.847526,1776592624.102193,4.088382,0.435904,-31.492933,0.104000,0.060000,0.000000,0.269165,0.013159,10.414872,-0.075136,-0.047959,-0.394331,23.0830,5.8686,-0.5038,-0.0872,1
1776592624.296530,1574,1776592624.296530,1776592624.296574,1776592623.847526,1776592624.251118,4.093843,0.438441,-31.511982,0.105000,0.059000,0.000000,0.038281,-0.538329,8.996077,0.064212,0.034637,-0.371417,23.0830,5.8636,-0.5021,-0.0802,1
1776592624.346646,1575,1776592624.346646,1776592624.346689,1776592623.847526,1776592624.251118,4.099464,0.440870,-31.531675,0.107000,0.059000,0.000000,0.112451,0.051440,10.301226,-0.009592,-0.011190,-0.378345,23.0830,5.8636,-0.5021,-0.0802,1
1776592624.396560,1576,1776592624.396560,1776592624.396610,1776592623.847526,1776592624.251118,4.105093,0.443030,-31.551592,0.107000,0.056000,0.000000,0.040674,-0.001196,9.679156,0.012523,-0.003464,-0.375148,23.0830,5.8636,-0.5021,-0.0802,1
1776592624.446700,1577,1776592624.446700,1776592624.446759,1776592624.447545,1776592624.399496,4.110914,0.445271,-31.572098,0.109000,0.060000,0.000000,0.014355,0.020337,10.967557,-0.068742,-0.040765,-0.418044,23.0850,5.8587,-0.5004,-0.0722,1
1776592624.496587,1578,1776592624.496587,1776592624.446759,1776592624.447545,1776592624.399496,4.116531,0.447266,-31.591854,0.105000,0.057000,0.000000,0.014355,0.020337,10.967557,-0.068742,-0.040765,-0.418044,23.0850,5.8587,-0.5004,-0.0722,1
1776592624.546551,1579,1776592624.546551,1776592624.496619,1776592624.447545,1776592624.399496,4.122580,0.449032,-31.613836,0.113000,0.056000,0.000000,0.026318,-0.189013,10.127764,0.025845,0.026378,-0.393798,23.0850,5.8587,-0.5004,-0.0722,1
1776592624.596591,1580,1776592624.596591,1776592624.546604,1776592624.447545,1776592624.548455,4.128479,0.450452,-31.635506,0.110000,0.051000,0.000000,0.108862,-0.053833,10.449565,-0.015454,-0.015187,-0.416979,23.0850,5.8531,-0.4975,-0.0636,1
1776592624.646550,1581,1776592624.646550,1776592624.646600,1776592624.447545,1776592624.548455,4.134554,0.452219,-31.656038,0.111000,0.061000,0.000000,-0.019141,-0.580199,11.398220,-0.026378,-0.012256,-0.441491,23.0850,5.8531,-0.4975,-0.0636,1
1776592624.696571,1582,1776592624.696571,1776592624.646600,1776592624.447545,1776592624.696671,4.140604,0.453158,-31.679350,0.113000,0.047000,0.000000,-0.019141,-0.580199,11.398220,-0.026378,-0.012256,-0.441491,23.0850,5.8473,-0.4962,-0.0587,1
1776592624.746530,1583,1776592624.746530,1776592624.696616,1776592624.447545,1776592624.696671,4.146927,0.454350,-31.701880,0.116000,0.056000,0.000000,0.116040,0.209350,9.561920,-0.000533,0.007727,-0.438827,23.0850,5.8473,-0.4962,-0.0587,1
1776592624.796633,1584,1776592624.796633,1776592624.796669,1776592624.447545,1776592624.696671,4.153397,0.455216,-31.725479,0.119000,0.053000,0.000000,0.145947,0.321801,9.449469,-0.064212,-0.038367,-0.452948,23.0850,5.8473,-0.4962,-0.0587,1
1776592624.846616,1585,1776592624.846616,1776592624.846669,1776592624.447545,1776592624.845725,4.160130,0.456578,-31.747669,0.120000,0.067000,0.000000,0.171069,-0.697435,8.494832,0.053288,0.039966,-0.435097,23.0850,5.8435,-0.4946,-0.0541,1
1776592624.896507,1586,1776592624.896507,1776592624.846669,1776592624.447545,1776592624.845725,4.166653,0.457286,-31.771269,0.119000,0.056000,0.000000,0.171069,-0.697435,8.494832,0.053288,0.039966,-0.435097,23.0850,5.8435,-0.4946,-0.0541,1
1776592624.946610,1587,1776592624.946610,1776592624.946655,1776592624.447545,1776592624.845725,4.172786,0.457683,-31.793665,0.112000,0.050000,0.000000,0.015552,0.124414,9.555939,0.010924,0.003730,-0.419377,23.0850,5.8435,-0.4946,-0.0541,1
1776592624.996509,1588,1776592624.996509,1776592624.996551,1776592624.447545,1776592624.994641,4.178716,0.457745,-31.816271,0.110000,0.045000,0.000000,0.078955,0.041870,9.552350,-0.064212,-0.041831,-0.457478,23.0850,5.8396,-0.4937,-0.0475,1
1776592625.046489,1589,1776592625.046489,1776592624.996551,1776592625.046960,1776592624.994641,4.184406,0.457725,-31.838060,0.105000,0.044000,0.000000,0.078955,0.041870,9.552350,-0.064212,-0.041831,-0.457478,23.0830,5.8396,-0.4937,-0.0475,1
1776592625.096484,1590,1776592625.096484,1776592625.096529,1776592625.046960,1776592624.994641,4.190725,0.457518,-31.862360,0.117000,0.048000,0.000000,0.194995,0.033496,10.218681,-0.004529,-0.002132,-0.449751,23.0830,5.8396,-0.4937,-0.0475,1
1776592625.146624,1591,1776592625.146624,1776592625.146671,1776592625.046960,1776592625.143194,4.197362,0.457565,-31.885473,0.119000,0.058000,0.000000,0.245239,0.338549,9.839458,-0.029308,-0.005062,-0.466803,23.0830,5.8346,-0.4930,-0.0418,1
1776592625.196486,1592,1776592625.196486,1776592625.146671,1776592625.046960,1776592625.143194,4.203894,0.457103,-31.910505,0.121000,0.051000,0.000000,0.245239,0.338549,9.839458,-0.029308,-0.005062,-0.466803,23.0830,5.8346,-0.4930,-0.0418,1
1776592625.246588,1593,1776592625.246588,1776592625.246631,1776592625.046960,1776592625.143194,4.210873,0.456640,-31.936056,0.127000,0.058000,0.000000,0.021533,0.001196,9.776055,-0.004529,0.018917,-0.454547,23.0830,5.8346,-0.4930,-0.0418,1
1776592625.296549,1594,1776592625.296549,1776592625.246631,1776592625.046960,1776592625.292672,4.217745,0.456274,-31.959589,0.123000,0.062000,0.000000,0.021533,0.001196,9.776055,-0.004529,0.018917,-0.454547,23.0830,5.8297,-0.4919,-0.0353,1
1776592625.346583,1595,1776592625.346583,1776592625.296586,1776592625.046960,1776592625.292672,4.224178,0.455601,-31.983004,0.117000,0.055000,0.000000,0.062207,0.023926,9.794000,0.005062,0.012256,-0.501973,23.0830,5.8297,-0.4919,-0.0353,1
1776592625.396574,1596,1776592625.396574,1776592625.346626,1776592625.046960,1776592625.292672,4.230727,0.454809,-32.006199,0.119000,0.057000,0.000000,0.224902,-0.026318,10.564408,-0.088192,-0.054620,-0.475063,23.0830,5.8297,-0.4919,-0.0353,1
1776592625.446570,1597,1776592625.446570,1776592625.396614,1776592625.046960,1776592625.441289,4.237117,0.454018,-32.028046,0.115000,0.058000,0.000000,-0.119629,-0.063403,10.265337,0.012789,0.017052,-0.438294,23.0830,5.8250,-0.4907,-0.0269,1
1776592625.496519,1598,1776592625.496519,1776592625.496560,1776592625.046960,1776592625.441289,4.243671,0.452834,-32.052124,0.121000,0.056000,0.000000,0.161499,0.264379,9.516461,-0.055420,-0.028776,-0.434297,23.0830,5.8250,-0.4907,-0.0269,1
1776592625.546470,1599,1776592625.546470,1776592625.546520,1776592625.046960,1776592625.441289,4.250360,0.452054,-32.073452,0.117000,0.067000,0.000000,0.181836,-0.910374,9.411188,0.035437,0.037568,-0.421242,23.0830,5.8250,-0.4907,-0.0269,1
1776592625.596513,1600,1776592625.596513,1776592625.596558,1776592625.046960,1776592625.590350,4.256638,0.450685,-32.095921,0.116000,0.055000,0.000000,0.137573,0.011963,9.799981,-0.005862,-0.015986,-0.450017,23.0830,5.8197,-0.4886,-0.0224,1
1776592625.646457,1601,1776592625.646457,1776592625.646504,1776592625.647531,1776592625.590350,4.263018,0.449122,-32.119194,0.119000,0.056000,0.000000,-0.056225,0.141162,9.364532,0.010658,0.008260,-0.412449,23.0840,5.8197,-0.4886,-0.0224,1
1776592625.696704,1602,1776592625.696704,1776592625.646504,1776592625.647531,1776592625.590350,4.269100,0.447127,-32.144066,0.118000,0.048000,0.000000,-0.056225,0.141162,9.364532,0.010658,0.008260,-0.412449,23.0840,5.8197,-0.4886,-0.0224,1
1776592625.746462,1603,1776592625.746462,1776592625.746510,1776592625.647531,1776592625.738165,4.275151,0.445466,-32.165909,0.113000,0.056000,0.000000,-0.111255,0.107666,9.595416,0.048492,0.033305,-0.381276,23.0840,5.8146,-0.4880,-0.0192,1
1776592625.796464,1604,1776592625.796464,1776592625.796515,1776592625.647531,1776592625.738165,4.281055,0.443587,-32.187962,0.112000,0.053000,0.000000,0.108862,-0.119629,9.505694,-0.007460,-0.018917,-0.453214,23.0840,5.8146,-0.4880,-0.0192,1
1776592625.846541,1605,1776592625.846541,1776592625.846586,1776592625.647531,1776592625.738165,4.286893,0.441328,-32.211548,0.115000,0.049000,0.000000,0.086133,0.582592,9.796392,-0.011190,-0.002931,-0.435896,23.0840,5.8146,-0.4880,-0.0192,1
1776592625.896497,1606,1776592625.896497,1776592625.896561,1776592625.647531,1776592625.887324,4.292808,0.439360,-32.232830,0.111000,0.057000,0.000000,0.136377,0.027515,11.157766,-0.081264,-0.044495,-0.445221,23.0840,5.8086,-0.4902,-0.0198,1
1776592625.946523,1607,1776592625.946523,1776592625.946567,1776592625.647531,1776592625.887324,4.298786,0.437013,-32.255543,0.116000,0.055000,0.000000,0.062207,0.177050,9.794000,0.012256,0.027177,-0.429235,23.0840,5.8086,-0.4902,-0.0198,1
1776592625.996449,1608,1776592625.996449,1776592625.996502,1776592625.647531,1776592625.887324,4.305247,0.434894,-32.276760,0.118000,0.068000,0.000000,0.130395,-0.391186,10.235430,-0.004529,0.015986,-0.422307,23.0840,5.8086,-0.4902,-0.0198,1
1776592626.046450,1609,1776592626.046450,1776592625.996502,1776592625.647531,1776592626.036329,4.311444,0.432440,-32.299210,0.118000,0.062000,0.000000,0.130395,-0.391186,10.235430,-0.004529,0.015986,-0.422307,23.0840,5.8022,-0.4931,-0.0187,1
1776592626.096452,1610,1776592626.096452,1776592626.096505,1776592625.647531,1776592626.036329,4.317542,0.430136,-32.319660,0.113000,0.065000,0.000000,0.212939,-0.882860,9.955499,0.011723,0.020782,-0.390601,23.0840,5.8022,-0.4931,-0.0187,1
1776592626.146533,1611,1776592626.146533,1776592626.146577,1776592625.647531,1776592626.036329,4.322919,0.427678,-32.339493,0.105000,0.054000,0.000000,-0.090918,0.153125,9.423151,-0.001066,-0.013322,-0.389002,23.0840,5.8022,-0.4931,-0.0187,1
1776592626.196487,1612,1776592626.196487,1776592626.196553,1776592625.647531,1776592626.185267,4.328433,0.425271,-32.358624,0.105000,0.059000,0.000000,0.011963,-0.033496,10.017705,-0.000533,-0.001332,-0.351701,23.0840,5.7951,-0.4925,-0.0191,1
1776592626.246501,1613,1776592626.246501,1776592626.246551,1776592626.247308,1776592626.185267,4.334112,0.422472,-32.379879,0.112000,0.059000,0.000000,0.307446,0.154321,9.790411,-0.065278,-0.040765,-0.373815,23.0830,5.7951,-0.4925,-0.0191,1
1776592626.296470,1614,1776592626.296470,1776592626.246551,1776592626.247308,1776592626.185267,4.339595,0.419831,-32.399616,0.106000,0.060000,0.000000,0.307446,0.154321,9.790411,-0.065278,-0.040765,-0.373815,23.0830,5.7951,-0.4925,-0.0191,1
1776592626.346544,1615,1776592626.346544,1776592626.346588,1776592626.247308,1776592626.333381,4.344981,0.416618,-32.421951,0.113000,0.054000,0.000000,0.190210,0.016748,10.064361,-0.017851,0.000533,-0.391134,23.0830,5.7887,-0.4882,-0.0174,1
1776592626.396543,1616,1776592626.396543,1776592626.396587,1776592626.247308,1776592626.333381,4.350148,0.413322,-32.443600,0.111000,0.052000,0.000000,0.066992,-0.062207,9.589435,0.009325,0.019983,-0.391933,23.0830,5.7887,-0.4882,-0.0174,1
1776592626.446445,1617,1776592626.446445,1776592626.446494,1776592626.247308,1776592626.333381,4.355258,0.409878,-32.465755,0.112000,0.052000,0.000000,0.071777,-0.039477,11.124270,-0.080731,-0.038101,-0.437228,23.0830,5.7887,-0.4882,-0.0174,1
1776592626.496550,1618,1776592626.496550,1776592626.496598,1776592626.247308,1776592626.482198,4.360248,0.406618,-32.486450,0.106000,0.054000,0.000000,-0.009570,-0.089722,9.551153,0.063946,0.042098,-0.375414,23.0830,5.7835,-0.4838,-0.0150,1
1776592626.546535,1619,1776592626.546535,1776592626.496598,1776592626.247308,1776592626.482198,4.365717,0.403284,-32.506546,0.111000,0.064000,0.000000,-0.009570,-0.089722,9.551153,0.063946,0.042098,-0.375414,23.0830,5.7835,-0.4838,-0.0150,1
1776592626.596472,1620,1776592626.596472,1776592626.596538,1776592626.247308,1776592626.482198,4.371068,0.399822,-32.526421,0.111000,0.063000,0.000000,0.082544,0.078955,9.887310,-0.006395,-0.000266,-0.369819,23.0830,5.7835,-0.4838,-0.0150,1
1776592626.646538,1621,1776592626.646538,1776592626.646584,1776592626.247308,1776592626.630531,4.376139,0.396468,-32.545147,0.105000,0.061000,0.000000,-0.005981,-0.769212,11.172122,-0.022647,-0.011457,-0.379411,23.0830,5.7788,-0.4775,-0.0121,1
1776592626.696439,1622,1776592626.696439,1776592626.646584,1776592626.247308,1776592626.630531,4.380900,0.392702,-32.566406,0.109000,0.054000,0.000000,-0.005981,-0.769212,11.172122,-0.022647,-0.011457,-0.379411,23.0830,5.7788,-0.4775,-0.0121,1
1776592626.747762,1623,1776592626.747762,1776592626.747808,1776592626.247308,1776592626.630531,4.385208,0.388725,-32.588680,0.105000,0.045000,0.000000,-0.074170,-0.253613,9.939946,-0.002931,0.009325,-0.398861,23.0830,5.7788,-0.4775,-0.0121,1
1776592626.796514,1624,1776592626.796514,1776592626.796561,1776592626.247308,1776592626.779620,4.389264,0.384613,-32.611153,0.110000,0.044000,0.000000,0.100488,0.239257,9.689922,-0.013588,-0.001332,-0.379677,23.0830,5.7743,-0.4718,-0.0106,1
1776592626.846530,1625,1776592626.846530,1776592626.846575,1776592626.847052,1776592626.779620,4.393880,0.380949,-32.629559,0.102000,0.059000,0.000000,0.078955,-0.641210,10.947220,-0.025312,-0.019717,-0.388736,23.0860,5.7743,-0.4718,-0.0106,1
1776592626.896414,1626,1776592626.896414,1776592626.896475,1776592626.847052,1776592626.779620,4.398562,0.377106,-32.648415,0.105000,0.061000,0.000000,0.250024,0.049048,10.219877,0.029841,0.024779,-0.380476,23.0860,5.7743,-0.4718,-0.0106,1
1776592626.946445,1627,1776592626.946445,1776592626.946493,1776592626.847052,1776592626.927478,4.403443,0.372883,-32.668678,0.112000,0.064000,0.000000,0.058618,-0.062207,9.569098,0.009592,0.018118,-0.363158,23.0860,5.7694,-0.4642,-0.0096,1
1776592626.996459,1628,1776592626.996459,1776592626.946493,1776592626.847052,1776592626.927478,4.408455,0.368373,-32.690285,0.117000,0.067000,0.000000,0.058618,-0.062207,9.569098,0.009592,0.018118,-0.363158,23.0860,5.7694,-0.4642,-0.0096,1
1776592627.046372,1629,1776592627.046372,1776592627.046415,1776592626.847052,1776592626.927478,4.413283,0.363845,-32.711048,0.115000,0.066000,0.000000,0.099292,-0.663939,8.606087,0.066876,0.051689,-0.367154,23.0860,5.7694,-0.4642,-0.0096,1
1776592627.096419,1630,1776592627.096419,1776592627.096471,1776592626.847052,1776592627.075877,4.417499,0.359421,-32.731167,0.108000,0.057000,0.000000,-0.133984,0.263183,9.499713,-0.009325,-0.006661,-0.392999,23.0860,5.7628,-0.4585,-0.0078,1
1776592627.146375,1631,1776592627.146375,1776592627.096471,1776592626.847052,1776592627.075877,4.421933,0.354900,-32.750950,0.110000,0.063000,0.000000,-0.133984,0.263183,9.499713,-0.009325,-0.006661,-0.392999,23.0860,5.7628,-0.4585,-0.0078,1
1776592627.196356,1632,1776592627.196356,1776592627.196402,1776592626.847052,1776592627.075877,4.426556,0.349995,-32.772491,0.117000,0.067000,0.000000,0.168676,0.338549,9.689922,-0.073271,-0.030641,-0.397795,23.0860,5.7628,-0.4585,-0.0078,1
1776592627.246438,1633,1776592627.246438,1776592627.246595,1776592626.847052,1776592627.224874,4.431129,0.344994,-32.793777,0.117000,0.068000,0.000000,0.070581,-0.352905,9.164753,0.059150,0.032239,-0.367154,23.0860,5.7578,-0.4562,-0.0097,1
1776592627.296458,1634,1776592627.296458,1776592627.296516,1776592626.847052,1776592627.224874,4.435364,0.340011,-32.814484,0.114000,0.064000,0.000000,-0.084936,0.251220,9.520050,0.009858,0.011723,-0.420442,23.0860,5.7578,-0.4562,-0.0097,1
1776592627.346430,1635,1776592627.346430,1776592627.296516,1776592626.847052,1776592627.224874,4.439788,0.334695,-32.836269,0.120000,0.069000,0.000000,-0.084936,0.251220,9.520050,0.009858,0.011723,-0.420442,23.0860,5.7578,-0.4562,-0.0097,1
1776592627.396352,1636,1776592627.396352,1776592627.396402,1776592626.847052,1776592627.373123,4.443843,0.329603,-32.856838,0.113000,0.065000,0.000000,0.094507,0.033496,10.916117,-0.070607,-0.048226,-0.424705,23.0860,5.7540,-0.4559,-0.0118,1
1776592627.446396,1637,1776592627.446396,1776592627.396402,1776592627.447275,1776592627.373123,4.447758,0.324361,-32.877708,0.114000,0.064000,0.000000,0.094507,0.033496,10.916117,-0.070607,-0.048226,-0.424705,23.0870,5.7540,-0.4559,-0.0118,1
1776592627.496382,1638,1776592627.496382,1776592627.446445,1776592627.447275,1776592627.373123,4.451778,0.318868,-32.899052,0.118000,0.068000,0.000000,0.191406,0.075366,10.101445,0.018651,0.022381,-0.432432,23.0870,5.7540,-0.4559,-0.0118,1
1776592627.546386,1639,1776592627.546386,1776592627.496456,1776592627.447275,1776592627.522098,4.455691,0.313188,-32.921104,0.120000,0.068000,0.000000,-0.080151,-0.049048,10.239018,-0.002931,0.003464,-0.410850,23.0870,5.7500,-0.4575,-0.0108,1
1776592627.596390,1640,1776592627.596390,1776592627.546438,1776592627.447275,1776592627.522098,4.459361,0.307666,-32.941956,0.115000,0.066000,0.000000,0.212939,0.373241,9.559527,-0.050890,-0.018651,-0.408186,23.0870,5.7500,-0.4575,-0.0108,1
1776592627.646422,1641,1776592627.646422,1776592627.596438,1776592627.447275,1776592627.522098,4.462354,0.302342,-32.962620,0.109000,0.055000,0.000000,0.185424,-0.948655,9.419562,0.028776,0.034904,-0.391933,23.0870,5.7500,-0.4575,-0.0108,1
1776592627.696339,1642,1776592627.696339,1776592627.646468,1776592627.447275,1776592627.670153,4.465580,0.296927,-32.982685,0.110000,0.062000,0.000000,-0.137573,0.259594,9.607379,0.005062,-0.002664,-0.401525,23.0870,5.7462,-0.4615,-0.0118,1
1776592627.746319,1643,1776592627.746319,1776592627.746370,1776592627.447275,1776592627.670153,4.468302,0.291390,-33.004425,0.111000,0.054000,0.000000,0.107666,0.053833,10.193560,-0.072472,-0.048492,-0.407120,23.0870,5.7462,-0.4615,-0.0118,1
1776592627.798213,1644,1776592627.798213,1776592627.746370,1776592627.447275,1776592627.670153,4.471210,0.285629,-33.025909,0.110000,0.058000,0.000000,0.107666,0.053833,10.193560,-0.072472,-0.048492,-0.407120,23.0870,5.7462,-0.4615,-0.0118,1
1776592627.846374,1645,1776592627.846374,1776592627.846423,1776592627.447275,1776592627.818546,4.473359,0.280195,-33.047535,0.111000,0.049000,0.000000,0.066992,-0.045459,10.161260,-0.009325,-0.015986,-0.436962,23.0870,5.7430,-0.4660,-0.0087,1
1776592627.896388,1646,1776592627.896388,1776592627.846423,1776592627.447275,1776592627.818546,4.475455,0.274305,-33.070992,0.115000,0.049000,0.000000,0.066992,-0.045459,10.161260,-0.009325,-0.015986,-0.436962,23.0870,5.7430,-0.4660,-0.0087,1
1776592627.946353,1647,1776592627.946353,1776592627.946400,1776592627.447275,1776592627.818546,4.477490,0.268718,-33.092575,0.108000,0.050000,0.000000,0.004785,-0.720165,11.600392,-0.037302,-0.038367,-0.462273,23.0870,5.7430,-0.4660,-0.0087,1
1776592627.996294,1648,1776592627.996294,1776592627.996342,1776592627.447275,1776592627.967126,4.478881,0.262895,-33.116947,0.113000,0.040000,0.000000,0.143554,0.234472,10.170830,-0.001066,0.024779,-0.441491,23.0870,5.7389,-0.4714,-0.0043,1
1776592628.046338,1649,1776592628.046338,1776592628.046377,1776592628.046814,1776592627.967126,4.480660,0.257211,-33.138268,0.108000,0.050000,0.000000,0.163891,-0.384008,9.959087,0.004529,0.004529,-0.443356,23.0860,5.7389,-0.4714,-0.0043,1
1776592628.096330,1650,1776592628.096330,1776592628.046377,1776592628.046814,1776592627.967126,4.481860,0.251162,-33.163063,0.116000,0.042000,0.000000,0.163891,-0.384008,9.959087,0.004529,0.004529,-0.443356,23.0860,5.7389,-0.4714,-0.0043,1
1776592628.146344,1651,1776592628.146344,1776592628.096389,1776592628.046814,1776592628.112904,4.483684,0.245147,-33.184719,0.112000,0.057000,0.000000,0.179443,0.352905,9.759307,-0.053022,0.002132,-0.452149,23.0860,5.7346,-0.4770,0.0008,1
1776592628.196346,1652,1776592628.196346,1776592628.146395,1776592628.046814,1776592628.112904,4.484553,0.239057,-33.209770,0.116000,0.041000,0.000000,0.139966,-0.708202,9.561920,0.025578,0.025578,-0.452415,23.0860,5.7346,-0.4770,0.0008,1
1776592628.247935,1653,1776592628.247935,1776592628.196396,1776592628.046814,1776592628.112904,4.485299,0.233015,-33.233810,0.111000,0.040000,0.000000,0.080151,0.133984,9.907647,0.007727,0.020249,-0.443889,23.0860,5.7346,-0.4770,0.0008,1
1776592628.296338,1654,1776592628.296338,1776592628.296386,1776592628.046814,1776592628.257680,4.486143,0.226663,-33.258591,0.123000,0.049000,0.000000,0.263183,0.113647,9.420758,-0.052489,-0.025312,-0.480924,23.0860,5.7314,-0.4821,0.0059,1
1776592628.346335,1655,1776592628.346335,1776592628.296386,1776592628.046814,1776592628.257680,4.487143,0.220571,-33.280987,0.112000,0.052000,0.000000,0.263183,0.113647,9.420758,-0.052489,-0.025312,-0.480924,23.0860,5.7314,-0.4821,0.0059,1
1776592628.396271,1656,1776592628.396271,1776592628.346374,1776592628.046814,1776592628.257680,4.488158,0.214106,-33.304157,0.118000,0.057000,0.000000,-0.074170,0.340942,9.199445,0.077534,0.042364,-0.373016,23.0860,5.7314,-0.4821,0.0059,1
1776592628.446323,1657,1776592628.446323,1776592628.446364,1776592628.046814,1776592628.403281,4.488757,0.207429,-33.328983,0.123000,0.053000,0.000000,0.026318,0.230883,9.664801,-0.007460,-0.010125,-0.445754,23.0860,5.7292,-0.4866,0.0098,1
1776592628.496275,1658,1776592628.496275,1776592628.446364,1776592628.046814,1776592628.403281,4.489843,0.201103,-33.349564,0.112000,0.063000,0.000000,0.026318,0.230883,9.664801,-0.007460,-0.010125,-0.445754,23.0860,5.7292,-0.4866,0.0098,1
1776592628.546330,1659,1776592628.546330,1776592628.546393,1776592628.046814,1776592628.403281,4.490426,0.194457,-33.372940,0.120000,0.058000,0.000000,-0.124414,0.220117,9.914824,0.006927,0.013056,-0.443623,23.0860,5.7292,-0.4866,0.0098,1
1776592628.596245,1660,1776592628.596245,1776592628.546393,1776592628.046814,1776592628.549309,4.490530,0.188487,-33.395203,0.110000,0.047000,0.000000,-0.124414,0.220117,9.914824,0.006927,0.013056,-0.443623,23.0860,5.7258,-0.4949,0.0115,1
1776592628.646314,1661,1776592628.646314,1776592628.646364,1776592628.647173,1776592628.549309,4.490697,0.181813,-33.419334,0.121000,0.056000,0.000000,0.227294,-0.009570,9.551153,-0.063679,-0.038101,-0.435363,23.0850,5.7258,-0.4949,0.0115,1
1776592628.696342,1662,1776592628.696342,1776592628.696396,1776592628.647173,1776592628.695160,4.491269,0.175653,-33.438843,0.107000,0.062000,0.000000,0.031103,-0.708202,9.100153,0.045828,0.046893,-0.361026,23.0850,5.7205,-0.5030,0.0124,1
1776592628.746346,1663,1776592628.746346,1776592628.746388,1776592628.647173,1776592628.695160,4.491701,0.169217,-33.459194,0.112000,0.064000,0.000000,0.169873,-0.023926,9.822710,-0.003997,-0.011190,-0.407387,23.0850,5.7205,-0.5030,0.0124,1
1776592628.798520,1664,1776592628.798520,1776592628.746388,1776592628.647173,1776592628.695160,4.491995,0.162915,-33.478916,0.105000,0.060000,0.000000,0.169873,-0.023926,9.822710,-0.003997,-0.011190,-0.407387,23.0850,5.7205,-0.5030,0.0124,1
1776592628.846305,1665,1776592628.846305,1776592628.846355,1776592628.647173,1776592628.840801,4.492184,0.156795,-33.497982,0.111000,0.064000,0.000000,0.167480,0.301464,9.593023,-0.063679,-0.036502,-0.371684,23.0850,5.7152,-0.5129,0.0095,1
1776592628.896303,1666,1776592628.896303,1776592628.896343,1776592628.647173,1776592628.840801,4.492295,0.150656,-33.517132,0.106000,0.062000,0.000000,0.325390,-0.701024,8.888411,0.046893,0.040232,-0.307472,23.0850,5.7152,-0.5129,0.0095,1
1776592628.946281,1667,1776592628.946281,1776592628.896343,1776592628.647173,1776592628.840801,4.492187,0.144346,-33.537525,0.110000,0.062000,0.000000,0.325390,-0.701024,8.888411,0.046893,0.040232,-0.307472,23.0850,5.7152,-0.5129,0.0095,1
1776592628.996215,1668,1776592628.996215,1776592628.946330,1776592628.647173,1776592628.986600,4.491930,0.137823,-33.558296,0.114000,0.064000,0.000000,0.199780,-0.039477,10.000957,0.002664,-0.010391,-0.406321,23.0850,5.7101,-0.5205,0.0098,1
1776592629.046348,1669,1776592629.046348,1776592629.046429,1776592628.647173,1776592628.986600,4.491348,0.131820,-33.578598,0.107000,0.055000,0.000000,0.299072,0.111255,10.490238,-0.074870,-0.044762,-0.395663,23.0850,5.7101,-0.5205,0.0098,1
1776592629.096238,1670,1776592629.096238,1776592629.046429,1776592628.647173,1776592628.986600,4.490521,0.125582,-33.600300,0.113000,0.056000,0.000000,0.299072,0.111255,10.490238,-0.074870,-0.044762,-0.395663,23.0850,5.7101,-0.5205,0.0098,1
1776592629.146233,1671,1776592629.146233,1776592629.096285,1776592628.647173,1776592629.132612,4.489581,0.119212,-33.622498,0.115000,0.058000,0.000000,0.033496,-0.118432,9.277204,0.070607,0.042630,-0.348237,23.0850,5.7069,-0.5291,0.0100,1
1776592629.196186,1672,1776592629.196186,1776592629.146282,1776592628.647173,1776592629.132612,4.488503,0.112620,-33.645226,0.119000,0.061000,0.000000,0.070581,-0.232080,10.419658,0.002132,-0.003730,-0.437761,23.0850,5.7069,-0.5291,0.0100,1
1776592629.246212,1673,1776592629.246212,1776592629.196228,1776592629.247012,1776592629.132612,4.487229,0.106395,-33.667439,0.114000,0.056000,0.000000,-0.055029,0.549096,9.829888,-0.003464,-0.005595,-0.407653,23.0860,5.7069,-0.5291,0.0100,1
1776592629.296197,1674,1776592629.296197,1776592629.246272,1776592629.247012,1776592629.278332,4.485605,0.099862,-33.691933,0.122000,0.057000,0.000000,0.200976,-0.758446,10.274907,0.003197,0.016253,-0.406321,23.0860,5.7055,-0.5381,0.0089,1
1776592629.346216,1675,1776592629.346216,1776592629.346267,1776592629.247012,1776592629.278332,4.483690,0.093677,-33.716442,0.119000,0.051000,0.000000,-0.159106,0.031103,9.457843,0.001332,0.019983,-0.458810,23.0860,5.7055,-0.5381,0.0089,1
1776592629.396558,1676,1776592629.396558,1776592629.396601,1776592629.247012,1776592629.278332,4.481811,0.087725,-33.739147,0.113000,0.051000,0.000000,-0.010767,0.485692,9.509283,-0.058084,-0.022381,-0.445488,23.0860,5.7055,-0.5381,0.0089,1
1776592629.446201,1677,1776592629.446201,1776592629.446251,1776592629.247012,1776592629.425010,4.480326,0.081635,-33.759201,0.110000,0.062000,0.000000,-0.094507,0.074170,9.853814,0.054354,0.047426,-0.353033,23.0860,5.7042,-0.5450,0.0112,1
1776592629.496206,1678,1776592629.496206,1776592629.496251,1776592629.247012,1776592629.425010,4.478493,0.075741,-33.780453,0.110000,0.056000,0.000000,0.014355,0.266772,9.845440,-0.003997,-0.008260,-0.395930,23.0860,5.7042,-0.5450,0.0112,1
1776592629.546197,1679,1776592629.546197,1776592629.496251,1776592629.247012,1776592629.425010,4.476286,0.069715,-33.803349,0.116000,0.055000,0.000000,0.014355,0.266772,9.845440,-0.003997,-0.008260,-0.395930,23.0860,5.7042,-0.5450,0.0112,1
1776592629.596198,1680,1776592629.596198,1776592629.546246,1776592629.247012,1776592629.572145,4.473900,0.064661,-33.824894,0.104000,0.041000,0.000000,0.021533,0.178247,9.961480,-0.003730,0.005595,-0.394598,23.0860,5.7020,-0.5478,0.0161,1
1776592629.646213,1681,1776592629.646213,1776592629.596240,1776592629.247012,1776592629.572145,4.471169,0.059244,-33.848755,0.113000,0.044000,0.000000,0.251220,-0.155517,10.684037,-0.080731,-0.037834,-0.438294,23.0860,5.7020,-0.5478,0.0161,1
1776592629.696181,1682,1776592629.696181,1776592629.646253,1776592629.247012,1776592629.572145,4.468856,0.053575,-33.869942,0.109000,0.056000,0.000000,-0.034692,0.250024,10.154082,0.016519,0.027976,-0.441491,23.0860,5.7020,-0.5478,0.0161,1
1776592629.746181,1683,1776592629.746181,1776592629.746229,1776592629.247012,1776592629.715871,4.466598,0.047579,-33.889942,0.111000,0.064000,0.000000,0.312231,0.285913,9.924395,-0.037834,-0.025845,-0.384473,23.0860,5.7003,-0.5535,0.0198,1
1776592629.796193,1684,1776592629.796193,1776592629.746229,1776592629.247012,1776592629.715871,4.464363,0.041932,-33.908798,0.105000,0.061000,0.000000,0.312231,0.285913,9.924395,-0.037834,-0.025845,-0.384473,23.0860,5.7003,-0.5535,0.0198,1
1776592629.846184,1685,1776592629.846184,1776592629.846231,1776592629.846965,1776592629.715871,4.461411,0.036558,-33.931042,0.112000,0.050000,0.000000,-0.202172,-0.208154,9.632501,-0.005595,0.019184,-0.373815,23.0860,5.7003,-0.5535,0.0198,1
1776592629.896237,1686,1776592629.896237,1776592629.846231,1776592629.846965,1776592629.861912,4.458550,0.030780,-33.952766,0.114000,0.060000,0.000000,-0.202172,-0.208154,9.632501,-0.005595,0.019184,-0.373815,23.0860,5.6987,-0.5586,0.0219,1
1776592629.946148,1687,1776592629.946148,1776592629.896276,1776592629.846965,1776592629.861912,4.455345,0.025410,-33.975574,0.114000,0.052000,0.000000,0.043066,-0.306249,10.112212,-0.012789,0.015187,-0.399660,23.0860,5.6987,-0.5586,0.0219,1
1776592629.996160,1688,1776592629.996160,1776592629.996229,1776592629.846965,1776592629.861912,4.452368,0.019560,-33.996181,0.114000,0.065000,0.000000,0.120825,-0.778783,10.428032,0.005329,0.019717,-0.419909,23.0860,5.6987,-0.5586,0.0219,1
1776592630.046158,1689,1776592630.046158,1776592629.996229,1776592629.846965,1776592630.008257,4.449252,0.013998,-34.016628,0.112000,0.061000,0.000000,0.120825,-0.778783,10.428032,0.005329,0.019717,-0.419909,23.0860,5.6965,-0.5638,0.0191,1
1776592630.096146,1690,1776592630.096146,1776592630.096189,1776592629.846965,1776592630.008257,4.446005,0.008141,-34.037624,0.116000,0.067000,0.000000,0.143554,-0.098096,9.331037,0.015986,0.013056,-0.372750,23.0860,5.6965,-0.5638,0.0191,1
1776592630.146143,1691,1776592630.146143,1776592630.146190,1776592629.846965,1776592630.008257,4.442394,0.002271,-34.060223,0.121000,0.066000,0.000000,0.081347,0.167480,9.950713,-0.068475,-0.040232,-0.421242,23.0860,5.6965,-0.5638,0.0191,1
1776592630.196151,1692,1776592630.196151,1776592630.146190,1776592629.846965,1776592630.153193,4.438847,-0.003353,-34.081326,0.116000,0.065000,0.000000,0.081347,0.167480,9.950713,-0.068475,-0.040232,-0.421242,23.0860,5.6937,-0.5697,0.0143,1
1776592630.246132,1693,1776592630.246132,1776592630.196193,1776592629.846965,1776592630.153193,4.435295,-0.008896,-34.101818,0.114000,0.066000,0.000000,0.090918,-0.733324,8.500813,0.061015,0.035170,-0.389002,23.0860,5.6937,-0.5697,0.0143,1
1776592630.296152,1694,1776592630.296152,1776592630.246177,1776592629.846965,1776592630.153193,4.431673,-0.014348,-34.122326,0.113000,0.066000,0.000000,-0.143554,0.033496,10.160064,-0.002398,-0.000799,-0.401259,23.0860,5.6937,-0.5697,0.0143,1
1776592630.346121,1695,1776592630.346121,1776592630.346167,1776592629.846965,1776592630.299355,4.428221,-0.019369,-34.141315,0.105000,0.062000,0.000000,-0.057422,-0.666332,11.352761,-0.032239,-0.021049,-0.390868,23.0860,5.6907,-0.5754,0.0098,1
1776592630.396160,1696,1776592630.396160,1776592630.346167,1776592629.846965,1776592630.299355,4.424503,-0.024077,-34.161331,0.106000,0.056000,0.000000,-0.057422,-0.666332,11.352761,-0.032239,-0.021049,-0.390868,23.0860,5.6907,-0.5754,0.0098,1
1776592630.446206,1697,1776592630.446206,1776592630.396201,1776592630.447077,1776592630.444323,4.420568,-0.029195,-34.181549,0.112000,0.064000,0.000000,0.175854,0.070581,10.306010,0.032506,0.014921,-0.374615,23.0870,5.6876,-0.5793,0.0015,1
1776592630.496211,1698,1776592630.496211,1776592630.496258,1776592630.447077,1776592630.444323,4.416087,-0.034458,-34.204651,0.122000,0.065000,0.000000,0.222509,0.348119,9.994976,-0.025045,0.003464,-0.400193,23.0870,5.6876,-0.5793,0.0015,1
1776592630.546210,1699,1776592630.546210,1776592630.546264,1776592630.447077,1776592630.444323,4.411649,-0.039769,-34.226452,0.120000,0.069000,0.000000,0.174658,-0.862523,8.673079,0.054354,0.045295,-0.401259,23.0870,5.6876,-0.5793,0.0015,1
1776592630.596187,1700,1776592630.596187,1776592630.546264,1776592630.447077,1776592630.592424,4.407172,-0.044425,-34.248138,0.115000,0.059000,0.000000,0.174658,-0.862523,8.673079,0.054354,0.045295,-0.401259,23.0870,5.6829,-0.5869,-0.0047,1
1776592630.646112,1701,1776592630.646112,1776592630.596233,1776592630.447077,1776592630.592424,4.402754,-0.049297,-34.268509,0.114000,0.066000,0.000000,-0.038281,0.130395,9.799981,0.011457,0.022647,-0.427636,23.0870,5.6829,-0.5869,-0.0047,1
1776592630.696121,1702,1776592630.696121,1776592630.646158,1776592630.447077,1776592630.592424,4.398370,-0.053679,-34.289211,0.109000,0.059000,0.000000,-0.132788,0.004785,9.337018,0.008526,0.004529,-0.382874,23.0870,5.6829,-0.5869,-0.0047,1
1776592630.746107,1703,1776592630.746107,1776592630.746158,1776592630.447077,1776592630.740885,4.394099,-0.057756,-34.308758,0.104000,0.056000,0.000000,-0.098096,-0.159106,9.847833,0.059416,0.010391,-0.364756,23.0870,5.6786,-0.5942,-0.0083,1
1776592630.796110,1704,1776592630.796110,1776592630.746158,1776592630.447077,1776592630.740885,4.389518,-0.061654,-34.329861,0.108000,0.053000,0.000000,-0.098096,-0.159106,9.847833,0.059416,0.010391,-0.364756,23.0870,5.6786,-0.5942,-0.0083,1
1776592630.846091,1705,1776592630.846091,1776592630.796158,1776592630.447077,1776592630.740885,4.384943,-0.065382,-34.350304,0.106000,0.052000,0.000000,-0.169873,0.125610,9.620538,0.002132,0.000000,-0.385272,23.0870,5.6786,-0.5942,-0.0083,1
1776592630.896143,1706,1776592630.896143,1776592630.896191,1776592630.447077,1776592630.889444,4.379797,-0.069123,-34.373627,0.116000,0.052000,0.000000,0.320605,0.217724,9.643268,-0.065011,-0.047693,-0.427903,23.0870,5.6754,-0.6030,-0.0134,1
1776592630.946095,1707,1776592630.946095,1776592630.946140,1776592630.447077,1776592630.889444,4.374852,-0.072584,-34.395805,0.110000,0.050000,0.000000,0.162695,0.331371,10.271318,0.049824,0.019717,-0.405788,23.0870,5.6754,-0.6030,-0.0134,1
1776592630.996143,1708,1776592630.996143,1776592630.946140,1776592630.447077,1776592630.889444,4.369392,-0.076416,-34.419426,0.120000,0.058000,0.000000,0.162695,0.331371,10.271318,0.049824,0.019717,-0.405788,23.0870,5.6754,-0.6030,-0.0134,1
1776592631.046079,1709,1776592631.046079,1776592631.046126,1776592631.046594,1776592631.037926,4.363850,-0.079707,-34.443745,0.119000,0.050000,0.000000,-0.009570,0.349316,9.679156,-0.029042,-0.003197,-0.446820,23.0890,5.6717,-0.6124,-0.0153,1
1776592631.096133,1710,1776592631.096133,1776592631.046126,1776592631.046594,1776592631.037926,4.358400,-0.083604,-34.465420,0.117000,0.065000,0.000000,-0.009570,0.349316,9.679156,-0.029042,-0.003197,-0.446820,23.0890,5.6717,-0.6124,-0.0153,1
1776592631.146074,1711,1776592631.146074,1776592631.096179,1776592631.046594,1776592631.037926,4.352594,-0.086447,-34.491138,0.121000,0.046000,0.000000,-0.023926,-0.695043,11.970045,-0.056752,-0.035703,-0.482256,23.0890,5.6717,-0.6124,-0.0153,1
1776592631.196159,1712,1776592631.196159,1776592631.146121,1776592631.046594,1776592631.186604,4.347251,-0.089111,-34.513519,0.110000,0.046000,0.000000,-0.141162,-0.107666,9.432721,-0.013588,0.016786,-0.461741,23.0890,5.6671,-0.6231,-0.0182,1
1776592631.246074,1713,1776592631.246074,1776592631.246118,1776592631.046594,1776592631.186604,4.341301,-0.091322,-34.540329,0.121000,0.039000,0.000000,0.260790,-0.070581,9.493731,-0.070873,-0.047693,-0.476395,23.0890,5.6671,-0.6231,-0.0182,1
1776592631.296122,1714,1776592631.296122,1776592631.296170,1776592631.046594,1776592631.186604,4.336087,-0.093714,-34.561901,0.105000,0.046000,0.000000,-0.039477,-0.580199,8.517562,0.061015,0.045828,-0.435097,23.0890,5.6671,-0.6231,-0.0182,1
1776592631.346112,1715,1776592631.346112,1776592631.346159,1776592631.046594,1776592631.334974,4.330731,-0.095290,-34.585846,0.107000,0.032000,0.000000,0.184228,-0.017944,10.179204,0.005062,-0.025312,-0.435363,23.0890,5.6621,-0.6336,-0.0193,1
1776592631.396165,1716,1776592631.396165,1776592631.396266,1776592631.046594,1776592631.334974,4.325261,-0.097489,-34.607719,0.108000,0.047000,0.000000,-0.080151,-0.092114,9.602593,0.004263,0.009858,-0.414581,23.0890,5.6621,-0.6336,-0.0193,1
1776592631.446118,1717,1776592631.446118,1776592631.396266,1776592631.046594,1776592631.334974,4.320016,-0.099326,-34.628899,0.103000,0.042000,0.000000,-0.080151,-0.092114,9.602593,0.004263,0.009858,-0.414581,23.0890,5.6621,-0.6336,-0.0193,1
1776592631.496083,1718,1776592631.496083,1776592631.496131,1776592631.046594,1776592631.483938,4.314456,-0.101433,-34.650284,0.108000,0.050000,0.000000,-0.101684,0.191406,9.660015,0.059150,0.045028,-0.354365,23.0890,5.6571,-0.6422,-0.0221,1
1776592631.546113,1719,1776592631.546113,1776592631.546163,1776592631.046594,1776592631.483938,4.308816,-0.103722,-34.671047,0.108000,0.056000,0.000000,0.251220,-0.178247,10.479472,-0.003997,0.002398,-0.397795,23.0890,5.6571,-0.6422,-0.0221,1
1776592631.596161,1720,1776592631.596161,1776592631.596202,1776592631.046594,1776592631.483938,4.302675,-0.105893,-34.693920,0.117000,0.057000,0.000000,0.080151,0.265576,9.876543,0.002931,0.004529,-0.388203,23.0890,5.6571,-0.6422,-0.0221,1
1776592631.646057,1721,1776592631.646057,1776592631.646117,1776592631.646529,1776592631.629431,4.296943,-0.108027,-34.713829,0.108000,0.058000,0.000000,-0.064599,-0.738109,11.306106,-0.031706,-0.018384,-0.435363,23.0870,5.6522,-0.6494,-0.0272,1
1776592631.696084,1722,1776592631.696084,1776592631.646117,1776592631.646529,1776592631.629431,4.290847,-0.109751,-34.736843,0.115000,0.053000,0.000000,-0.064599,-0.738109,11.306106,-0.031706,-0.018384,-0.435363,23.0870,5.6522,-0.6494,-0.0272,1
1776592631.746094,1723,1776592631.746094,1776592631.746141,1776592631.646529,1776592631.629431,4.285131,-0.111002,-34.759247,0.108000,0.045000,0.000000,0.037085,-0.220117,9.657623,0.005329,0.011723,-0.412183,23.0870,5.6522,-0.6494,-0.0272,1
1776592631.796148,1724,1776592631.796148,1776592631.796205,1776592631.646529,1776592631.775452,4.278982,-0.112094,-34.783672,0.116000,0.046000,0.000000,0.010767,0.076562,9.905254,-0.029042,-0.004796,-0.411650,23.0870,5.6481,-0.6588,-0.0317,1
1776592631.846036,1725,1776592631.846036,1776592631.846083,1776592631.646529,1776592631.775452,4.273381,-0.113519,-34.803131,0.103000,0.053000,0.000000,0.282324,-0.842186,9.360944,0.033838,0.031973,-0.407387,23.0870,5.6481,-0.6588,-0.0317,1
1776592631.896061,1726,1776592631.896061,1776592631.896115,1776592631.646529,1776592631.775452,4.267338,-0.114789,-34.824593,0.111000,0.054000,0.000000,-0.002393,-0.111255,9.898077,0.000533,0.026910,-0.440958,23.0870,5.6481,-0.6588,-0.0317,1
1776592631.946146,1727,1776592631.946146,1776592631.946197,1776592631.646529,1776592631.921525,4.261644,-0.115101,-34.848331,0.108000,0.036000,0.000000,-0.282324,-0.053833,9.614556,-0.000266,0.038101,-0.402324,23.0870,5.6432,-0.6663,-0.0354,1
1776592631.996106,1728,1776592631.996106,1776592631.996159,1776592631.646529,1776592631.921525,4.256132,-0.115224,-34.871761,0.105000,0.034000,0.000000,0.169873,-0.049048,9.648052,-0.029575,-0.010391,-0.424439,23.0870,5.6432,-0.6663,-0.0354,1
1776592632.046077,1729,1776592632.046077,1776592631.996159,1776592631.646529,1776592631.921525,4.250981,-0.115389,-34.892750,0.097000,0.035000,0.000000,0.169873,-0.049048,9.648052,-0.029575,-0.010391,-0.424439,23.0870,5.6432,-0.6663,-0.0354,1
1776592632.096077,1730,1776592632.096077,1776592632.096129,1776592631.646529,1776592632.067430,4.245246,-0.116197,-34.912498,0.103000,0.053000,0.000000,-0.102881,0.360082,9.803570,0.012256,0.003730,-0.404989,23.0870,5.6391,-0.6754,-0.0363,1
1776592632.146079,1731,1776592632.146079,1776592632.146126,1776592631.646529,1776592632.067430,4.239567,-0.117132,-34.930649,0.100000,0.057000,0.000000,0.226098,-0.016748,9.630108,0.012789,-0.002132,-0.315465,23.0870,5.6391,-0.6754,-0.0363,1
1776592632.196040,1732,1776592632.196040,1776592632.146126,1776592631.646529,1776592632.067430,4.233573,-0.117788,-34.950672,0.107000,0.056000,0.000000,0.226098,-0.016748,9.630108,0.012789,-0.002132,-0.315465,23.0870,5.6391,-0.6754,-0.0363,1
1776592632.246005,1733,1776592632.246005,1776592632.196087,1776592632.246473,1776592632.213273,4.227777,-0.117928,-34.971771,0.106000,0.047000,0.000000,0.206958,0.293090,9.471003,-0.012256,-0.008260,-0.347438,23.0870,5.6357,-0.6848,-0.0338,1
1776592632.296018,1734,1776592632.296018,1776592632.246049,1776592632.246473,1776592632.213273,4.221275,-0.118182,-34.994919,0.117000,0.057000,0.000000,0.198584,-0.604125,10.051201,0.017319,0.015454,-0.380743,23.0870,5.6357,-0.6848,-0.0338,1
1776592632.346019,1735,1776592632.346019,1776592632.296064,1776592632.246473,1776592632.213273,4.214619,-0.118603,-35.016773,0.117000,0.064000,0.000000,0.133984,0.066992,9.968657,0.003997,0.018118,-0.390601,23.0870,5.6357,-0.6848,-0.0338,1
1776592632.396000,1736,1776592632.396000,1776592632.396094,1776592632.246473,1776592632.359041,4.207801,-0.118745,-35.039467,0.121000,0.063000,0.000000,0.149536,0.324194,9.492536,-0.051689,-0.025312,-0.419110,23.0870,5.6331,-0.6933,-0.0296,1
1776592632.446035,1737,1776592632.446035,1776592632.446080,1776592632.246473,1776592632.359041,4.200972,-0.118956,-35.061180,0.119000,0.067000,0.000000,-0.095703,-0.229687,9.158772,0.062613,0.035170,-0.400992,23.0870,5.6331,-0.6933,-0.0296,1
1776592632.495997,1738,1776592632.495997,1776592632.496085,1776592632.246473,1776592632.359041,4.194396,-0.118983,-35.082664,0.115000,0.064000,0.000000,-0.148340,0.190210,9.546369,-0.004529,0.002664,-0.412449,23.0870,5.6331,-0.6933,-0.0296,1
1776592632.546034,1739,1776592632.546034,1776592632.496085,1776592632.246473,1776592632.504797,4.187973,-0.118789,-35.103779,0.113000,0.061000,0.000000,-0.148340,0.190210,9.546369,-0.004529,0.002664,-0.412449,23.0870,5.6298,-0.7008,-0.0246,1
1776592632.596195,1740,1776592632.596195,1776592632.546083,1776592632.246473,1776592632.504797,4.182031,-0.118522,-35.122940,0.104000,0.057000,0.000000,0.078955,0.088525,9.938750,-0.006661,-0.004796,-0.385272,23.0870,5.6298,-0.7008,-0.0246,1
1776592632.645990,1741,1776592632.645990,1776592632.596836,1776592632.246473,1776592632.504797,4.176102,-0.117827,-35.144203,0.108000,0.052000,0.000000,0.064599,-0.025122,10.473491,-0.069008,-0.046094,-0.423107,23.0870,5.6298,-0.7008,-0.0246,1
1776592632.696082,1742,1776592632.696082,1776592632.696130,1776592632.246473,1776592632.650735,4.169947,-0.117224,-35.165043,0.109000,0.058000,0.000000,0.137573,0.043066,10.449565,-0.014388,-0.022914,-0.427103,23.0870,5.6257,-0.7108,-0.0190,1
1776592632.746078,1743,1776592632.746078,1776592632.696130,1776592632.246473,1776592632.650735,4.163169,-0.116288,-35.188190,0.122000,0.062000,0.000000,0.137573,0.043066,10.449565,-0.014388,-0.022914,-0.427103,23.0870,5.6257,-0.7108,-0.0190,1
1776592632.795978,1744,1776592632.795978,1776592632.746125,1776592632.246473,1776592632.650735,4.156552,-0.115534,-35.209099,0.116000,0.066000,0.000000,0.173462,0.412719,9.661212,-0.033039,-0.014388,-0.411916,23.0870,5.6257,-0.7108,-0.0190,1
1776592632.846015,1745,1776592632.846015,1776592632.846063,1776592632.846473,1776592632.797554,4.150209,-0.114032,-35.233067,0.119000,0.053000,0.000000,-0.099292,0.021533,9.247296,-0.001066,0.023180,-0.434031,23.0870,5.6224,-0.7177,-0.0127,1
1776592632.896054,1746,1776592632.896054,1776592632.896100,1776592632.846473,1776592632.797554,4.144154,-0.112386,-35.256683,0.115000,0.050000,0.000000,0.039477,-0.332568,9.460236,0.009059,-0.000266,-0.437761,23.0870,5.6224,-0.7177,-0.0127,1
1776592632.946012,1747,1776592632.946012,1776592632.896100,1776592632.846473,1776592632.942603,4.138336,-0.110300,-35.281013,0.116000,0.043000,0.000000,0.039477,-0.332568,9.460236,0.009059,-0.000266,-0.437761,23.0870,5.6203,-0.7251,-0.0058,1
1776592632.995958,1748,1776592632.995958,1776592632.946062,1776592632.846473,1776592632.942603,4.132763,-0.108310,-35.303886,0.110000,0.044000,0.000000,0.133984,0.128003,9.426740,-0.067409,-0.047426,-0.462007,23.0870,5.6203,-0.7251,-0.0058,1
1776592633.046009,1749,1776592633.046009,1776592633.046057,1776592632.846473,1776592632.942603,4.127186,-0.106084,-35.327713,0.112000,0.043000,0.000000,0.100488,-0.193798,9.983013,0.002132,-0.011723,-0.451882,23.0870,5.6203,-0.7251,-0.0058,1
1776592633.095952,1750,1776592633.095952,1776592633.095996,1776592632.846473,1776592633.085422,4.121848,-0.103410,-35.352985,0.114000,0.036000,0.000000,0.032300,0.303857,9.543976,0.018651,0.012789,-0.432965,23.0870,5.6198,-0.7336,0.0018,1
1776592633.145945,1751,1776592633.145945,1776592633.095996,1776592632.846473,1776592633.085422,4.116748,-0.100778,-35.376732,0.109000,0.036000,0.000000,0.032300,0.303857,9.543976,0.018651,0.012789,-0.432965,23.0870,5.6198,-0.7336,0.0018,1
1776592633.195927,1752,1776592633.195927,1776592633.145990,1776592632.846473,1776592633.085422,4.111214,-0.098151,-35.400673,0.114000,0.045000,0.000000,0.173462,-0.167480,11.412576,-0.069541,-0.046361,-0.494779,23.0870,5.6198,-0.7336,0.0018,1
1776592633.245947,1753,1776592633.245947,1776592633.245992,1776592632.846473,1776592633.228789,4.105704,-0.095423,-35.424633,0.114000,0.046000,0.000000,0.057422,0.059814,10.284477,0.009858,0.009858,-0.445754,23.0870,5.6200,-0.7382,0.0103,1
1776592633.295993,1754,1776592633.295993,1776592633.245992,1776592632.846473,1776592633.228789,4.099470,-0.092640,-35.448757,0.123000,0.059000,0.000000,0.057422,0.059814,10.284477,0.009858,0.009858,-0.445754,23.0870,5.6200,-0.7382,0.0103,1
1776592633.345987,1755,1776592633.345987,1776592633.346033,1776592632.846473,1776592633.228789,4.093360,-0.090249,-35.469357,0.114000,0.065000,0.000000,0.181836,-0.579003,8.635994,0.053821,0.047693,-0.396463,23.0870,5.6200,-0.7382,0.0103,1
1776592633.396112,1756,1776592633.396112,1776592633.346033,1776592632.846473,1776592633.374265,4.087663,-0.087311,-35.492554,0.116000,0.054000,0.000000,0.181836,-0.579003,8.635994,0.053821,0.047693,-0.396463,23.0870,5.6208,-0.7427,0.0157,1
1776592633.445939,1757,1776592633.445939,1776592633.445983,1776592633.446440,1776592633.374265,4.082162,-0.084307,-35.515236,0.114000,0.053000,0.000000,-0.153125,0.009570,9.402814,0.003997,0.000266,-0.399926,23.0890,5.6208,-0.7427,0.0157,1
1776592633.496079,1758,1776592633.496079,1776592633.496129,1776592633.446440,1776592633.374265,4.077341,-0.081201,-35.537048,0.106000,0.043000,0.000000,0.088525,0.045459,9.383674,-0.066610,-0.038367,-0.433764,23.0890,5.6208,-0.7427,0.0157,1
1776592633.545987,1759,1776592633.545987,1776592633.496129,1776592633.446440,1776592633.519401,4.072902,-0.078350,-35.556461,0.097000,0.042000,0.000000,0.088525,0.045459,9.383674,-0.066610,-0.038367,-0.433764,23.0890,5.6217,-0.7473,0.0213,1
1776592633.596940,1760,1776592633.596940,1776592633.546035,1776592633.446440,1776592633.519401,4.068307,-0.075103,-35.577930,0.104000,0.042000,0.000000,-0.180639,0.336157,10.235430,0.050624,0.019983,-0.358095,23.0890,5.6217,-0.7473,0.0213,1
1776592633.645907,1761,1776592633.645907,1776592633.645952,1776592633.446440,1776592633.519401,4.063510,-0.071567,-35.601067,0.111000,0.045000,0.000000,0.218920,0.229687,9.827496,0.001599,0.005862,-0.400193,23.0890,5.6217,-0.7473,0.0213,1
1776592633.695911,1762,1776592633.695911,1776592633.695955,1776592633.446440,1776592633.665542,4.058661,-0.067910,-35.624218,0.112000,0.047000,0.000000,0.332568,0.000000,10.079912,-0.068209,-0.025845,-0.459076,23.0890,5.6220,-0.7519,0.0271,1
1776592633.745890,1763,1776592633.745890,1776592633.745936,1776592633.446440,1776592633.665542,4.054372,-0.064169,-35.647160,0.107000,0.039000,0.000000,-0.090918,0.025122,9.931573,0.034904,0.039966,-0.414314,23.0890,5.6220,-0.7519,0.0271,1
1776592633.795947,1764,1776592633.795947,1776592633.796125,1776592633.446440,1776592633.665542,4.050277,-0.060435,-35.669281,0.104000,0.038000,0.000000,0.154321,-0.410326,10.085894,0.010125,0.004263,-0.459076,23.0890,5.6220,-0.7519,0.0271,1
1776592633.845905,1765,1776592633.845905,1776592633.845949,1776592633.446440,1776592633.811729,4.046766,-0.056150,-35.694565,0.108000,0.025000,0.000000,-0.037085,0.417504,9.669586,-0.017851,0.007460,-0.441758,23.0890,5.6222,-0.7574,0.0338,1
1776592633.895972,1766,1776592633.895972,1776592633.896061,1776592633.446440,1776592633.811729,4.042663,-0.052533,-35.715092,0.100000,0.044000,0.000000,0.233276,0.173462,10.623026,-0.072738,-0.043430,-0.454547,23.0890,5.6222,-0.7574,0.0338,1
1776592633.945884,1767,1776592633.945884,1776592633.945930,1776592633.446440,1776592633.811729,4.038278,-0.048624,-35.736553,0.107000,0.049000,0.000000,0.034692,0.326586,10.116997,0.015454,0.017052,-0.375148,23.0890,5.6222,-0.7574,0.0338,1
1776592633.995968,1768,1776592633.995968,1776592633.945930,1776592633.446440,1776592633.956738,4.033154,-0.044617,-35.757088,0.113000,0.064000,0.000000,0.034692,0.326586,10.116997,0.015454,0.017052,-0.375148,23.0890,5.6225,-0.7635,0.0365,1
1776592634.045871,1769,1776592634.045871,1776592634.045915,1776592634.046359,1776592633.956738,4.027838,-0.040314,-35.778545,0.119000,0.068000,0.000000,0.192602,0.184228,9.622931,-0.037568,-0.018651,-0.410850,23.0900,5.6225,-0.7635,0.0365,1
1776592634.095876,1770,1776592634.095876,1776592634.045915,1776592634.046359,1776592633.956738,4.023318,-0.035948,-35.800747,0.113000,0.055000,0.000000,0.192602,0.184228,9.622931,-0.037568,-0.018651,-0.410850,23.0900,5.6225,-0.7635,0.0365,1
1776592634.145880,1771,1776592634.145880,1776592634.095918,1776592634.046359,1776592634.102349,4.018784,-0.031310,-35.823750,0.117000,0.056000,0.000000,-0.160302,-0.473730,11.871950,-0.060482,-0.030907,-0.443623,23.0900,5.6223,-0.7698,0.0397,1
1776592634.195903,1772,1776592634.195903,1776592634.196692,1776592634.046359,1776592634.102349,4.014443,-0.027172,-35.842949,0.105000,0.058000,0.000000,-0.022729,-0.220117,9.649249,0.013322,0.024512,-0.397528,23.0900,5.6223,-0.7698,0.0397,1
1776592634.245840,1773,1776592634.245840,1776592634.245883,1776592634.046359,1776592634.102349,4.010129,-0.022762,-35.863033,0.109000,0.058000,0.000000,0.104077,0.149536,9.505694,-0.054354,-0.039433,-0.393532,23.0900,5.6223,-0.7698,0.0397,1
1776592634.295847,1774,1776592634.295847,1776592634.245883,1776592634.046359,1776592634.250285,4.005870,-0.018529,-35.881737,0.104000,0.060000,0.000000,0.104077,0.149536,9.505694,-0.054354,-0.039433,-0.393532,23.0900,5.6203,-0.7733,0.0413,1
1776592634.345860,1775,1776592634.345860,1776592634.345904,1776592634.046359,1776592634.250285,4.001812,-0.014084,-35.901741,0.106000,0.057000,0.000000,-0.026318,0.210546,9.686334,0.002398,0.001865,-0.371684,23.0900,5.6203,-0.7733,0.0413,1
1776592634.395841,1776,1776592634.395841,1776592634.345904,1776592634.046359,1776592634.393652,3.997793,-0.009779,-35.920433,0.102000,0.059000,0.000000,-0.026318,0.210546,9.686334,0.002398,0.001865,-0.371684,23.0900,5.6182,-0.7752,0.0398,1
1776592634.445902,1777,1776592634.445902,1776592634.395886,1776592634.046359,1776592634.393652,3.993628,-0.004825,-35.941856,0.114000,0.061000,0.000000,0.057422,-0.094507,9.413581,0.018384,-0.002931,-0.355964,23.0900,5.6182,-0.7752,0.0398,1
1776592634.495898,1778,1776592634.495898,1776592634.495942,1776592634.046359,1776592634.393652,3.989590,-0.000143,-35.961155,0.107000,0.062000,0.000000,0.244043,-0.880467,9.142023,0.046361,0.025845,-0.367687,23.0900,5.6182,-0.7752,0.0398,1
1776592634.545848,1779,1776592634.545848,1776592634.545893,1776592634.046359,1776592634.536827,3.985974,0.005072,-35.983780,0.115000,0.054000,0.000000,0.062207,0.124414,9.599005,-0.007993,-0.012789,-0.412716,23.0900,5.6171,-0.7749,0.0355,1
1776592634.595932,1780,1776592634.595932,1776592634.545893,1776592634.046359,1776592634.536827,3.982414,0.010421,-36.006802,0.116000,0.055000,0.000000,0.062207,0.124414,9.599005,-0.007993,-0.012789,-0.412716,23.0900,5.6171,-0.7749,0.0355,1
1776592634.645890,1781,1776592634.645890,1776592634.595996,1776592634.646380,1776592634.536827,3.979274,0.015930,-36.031002,0.117000,0.049000,0.000000,0.082544,-0.165088,9.248493,0.008793,-0.000533,-0.421508,23.0940,5.6171,-0.7749,0.0355,1
1776592634.695824,1782,1776592634.695824,1776592634.645934,1776592634.646380,1776592634.679491,3.976563,0.021084,-36.053074,0.108000,0.044000,0.000000,0.141162,-0.122021,10.865872,-0.076735,-0.050091,-0.476661,23.0940,5.6176,-0.7741,0.0323,1
1776592634.745879,1783,1776592634.745879,1776592634.695870,1776592634.646380,1776592634.679491,3.973577,0.026732,-36.076900,0.117000,0.051000,0.000000,0.010767,-0.059814,9.161164,0.077534,0.031973,-0.422041,23.0940,5.6176,-0.7741,0.0323,1
1776592634.795887,1784,1776592634.795887,1776592634.745923,1776592634.646380,1776592634.679491,3.970972,0.032606,-36.102352,0.120000,0.046000,0.000000,0.216528,-0.276342,10.447172,-0.014921,-0.017585,-0.464139,23.0940,5.6176,-0.7741,0.0323,1
1776592634.845821,1785,1776592634.845821,1776592634.796052,1776592634.646380,1776592634.823249,3.967780,0.038168,-36.123428,0.113000,0.061000,0.000000,0.057422,0.250024,9.589435,-0.003464,0.001865,-0.442024,23.0940,5.6183,-0.7698,0.0327,1
1776592634.895837,1786,1776592634.895837,1776592634.895881,1776592634.646380,1776592634.823249,3.965400,0.044159,-36.148438,0.120000,0.047000,0.000000,0.096899,0.116040,10.016509,0.015187,0.026644,-0.448152,23.0940,5.6183,-0.7698,0.0327,1
1776592634.945821,1787,1776592634.945821,1776592634.945867,1776592634.646380,1776592634.823249,3.962915,0.049858,-36.171181,0.113000,0.052000,0.000000,0.013159,-0.234472,9.395637,0.014654,0.009325,-0.433231,23.0940,5.6183,-0.7698,0.0327,1
1776592634.995932,1788,1776592634.995932,1776592634.945867,1776592634.646380,1776592634.965703,3.960524,0.056079,-36.195881,0.122000,0.053000,0.000000,0.013159,-0.234472,9.395637,0.014654,0.009325,-0.433231,23.0940,5.6192,-0.7680,0.0303,1
1776592635.045805,1789,1776592635.045805,1776592635.045848,1776592634.646380,1776592634.965703,3.958439,0.061469,-36.216431,0.105000,0.049000,0.000000,-0.162695,0.211743,8.996077,0.080198,0.041298,-0.391667,23.0940,5.6192,-0.7680,0.0303,1
1776592635.095805,1790,1776592635.095805,1776592635.095849,1776592634.646380,1776592634.965703,3.956614,0.066951,-36.237881,0.106000,0.046000,0.000000,0.226098,-0.267968,9.668389,-0.003997,-0.018917,-0.455612,23.0940,5.6192,-0.7680,0.0303,1
1776592635.145852,1791,1776592635.145852,1776592635.145900,1776592634.646380,1776592635.109063,3.954320,0.072641,-36.258350,0.108000,0.058000,0.000000,0.058618,0.453393,9.752130,0.015187,-0.002398,-0.385272,23.0940,5.6192,-0.7640,0.0287,1
1776592635.195842,1792,1776592635.195842,1776592635.195972,1776592634.646380,1776592635.109063,3.951824,0.078614,-36.278946,0.112000,0.065000,0.000000,0.261987,0.400756,9.591827,-0.062880,-0.029575,-0.385539,23.0940,5.6192,-0.7640,0.0287,1
1776592635.245837,1793,1776592635.245837,1776592635.195972,1776592635.246350,1776592635.109063,3.949577,0.084467,-36.298546,0.109000,0.062000,0.000000,0.261987,0.400756,9.591827,-0.062880,-0.029575,-0.385539,23.0930,5.6192,-0.7640,0.0287,1
1776592635.295800,1794,1776592635.295800,1776592635.245881,1776592635.246350,1776592635.251990,3.947479,0.090252,-36.317680,0.107000,0.061000,0.000000,0.055029,0.045459,9.851421,0.055153,0.031440,-0.318396,23.0930,5.6196,-0.7599,0.0263,1
1776592635.345784,1795,1776592635.345784,1776592635.295844,1776592635.246350,1776592635.251990,3.945272,0.096528,-36.338474,0.115000,0.067000,0.000000,0.183032,0.040674,10.075127,-0.007993,-0.012789,-0.400992,23.0930,5.6196,-0.7599,0.0263,1
1776592635.396074,1796,1776592635.396074,1776592635.396483,1776592635.246350,1776592635.396313,3.943307,0.102501,-36.358387,0.108000,0.063000,0.000000,0.100488,0.165088,11.059671,-0.075136,-0.040232,-0.409252,23.0930,5.6198,-0.7577,0.0236,1
1776592635.445833,1797,1776592635.445833,1776592635.396483,1776592635.246350,1776592635.396313,3.941727,0.108850,-36.380630,0.117000,0.060000,0.000000,0.100488,0.165088,11.059671,-0.075136,-0.040232,-0.409252,23.0930,5.6198,-0.7577,0.0236,1
1776592635.495789,1798,1776592635.495789,1776592635.445878,1776592635.246350,1776592635.396313,3.940632,0.114807,-36.402161,0.110000,0.051000,0.000000,-0.016748,0.001196,9.790411,0.010125,0.028243,-0.388470,23.0930,5.6198,-0.7577,0.0236,1
1776592635.545767,1799,1776592635.545767,1776592635.545827,1776592635.246350,1776592635.538510,3.939567,0.121180,-36.425251,0.117000,0.055000,0.000000,0.180639,0.020337,9.523639,-0.047959,-0.037568,-0.415646,23.0930,5.6170,-0.7555,0.0240,1
1776592635.595813,1800,1776592635.595813,1776592635.595877,1776592635.246350,1776592635.538510,3.938219,0.127035,-36.444214,0.104000,0.060000,0.000000,-0.059814,-1.008470,10.303617,0.002132,0.004529,-0.410318,23.0930,5.6170,-0.7555,0.0240,1
1776592635.645773,1801,1776592635.645773,1776592635.645833,1776592635.246350,1776592635.538510,3.936935,0.133079,-36.463551,0.107000,0.062000,0.000000,0.071777,0.089722,9.392047,0.000799,-0.007194,-0.389802,23.0930,5.6170,-0.7555,0.0240,1
1776592635.695815,1802,1776592635.695815,1776592635.645833,1776592635.246350,1776592635.681133,3.935876,0.139013,-36.482716,0.105000,0.059000,0.000000,0.071777,0.089722,9.392047,0.000799,-0.007194,-0.389802,23.0930,5.6143,-0.7540,0.0230,1
1776592635.745755,1803,1776592635.745755,1776592635.745799,1776592635.246350,1776592635.681133,3.935605,0.144757,-36.504189,0.106000,0.045000,0.000000,0.227294,0.273950,9.711456,-0.043430,-0.023980,-0.359694,23.0930,5.6143,-0.7540,0.0230,1
1776592635.795766,1804,1776592635.795766,1776592635.745799,1776592635.246350,1776592635.681133,3.934770,0.150678,-36.522991,0.104000,0.059000,0.000000,0.227294,0.273950,9.711456,-0.043430,-0.023980,-0.359694,23.0930,5.6143,-0.7540,0.0230,1
1776592635.845755,1805,1776592635.845755,1776592635.845802,1776592635.846138,1776592635.824453,3.934484,0.156754,-36.544888,0.110000,0.052000,0.000000,0.001196,0.234472,9.604986,-0.002132,-0.002931,-0.400992,23.0920,5.6117,-0.7535,0.0225,1
1776592635.895751,1806,1776592635.895751,1776592635.845802,1776592635.846138,1776592635.824453,3.933794,0.162855,-36.564137,0.106000,0.062000,0.000000,0.001196,0.234472,9.604986,-0.002132,-0.002931,-0.400992,23.0920,5.6117,-0.7535,0.0225,1
1776592635.945743,1807,1776592635.945743,1776592635.945789,1776592635.846138,1776592635.824453,3.933203,0.169637,-36.585484,0.118000,0.068000,0.000000,0.269165,0.206958,9.545172,-0.054087,-0.030907,-0.393265,23.0920,5.6117,-0.7535,0.0225,1
1776592635.995797,1808,1776592635.995797,1776592635.945789,1776592635.846138,1776592635.967637,3.932916,0.175859,-36.605305,0.109000,0.060000,0.000000,0.269165,0.206958,9.545172,-0.054087,-0.030907,-0.393265,23.0920,5.6089,-0.7546,0.0212,1
1776592636.045723,1809,1776592636.045723,1776592636.045768,1776592635.846138,1776592635.967637,3.932957,0.182244,-36.627274,0.114000,0.058000,0.000000,0.224902,-0.122021,9.676764,-0.001066,-0.027976,-0.403923,23.0920,5.6089,-0.7546,0.0212,1
1776592636.095743,1810,1776592636.095743,1776592636.045768,1776592635.846138,1776592635.967637,3.933198,0.188436,-36.648884,0.111000,0.055000,0.000000,0.224902,-0.122021,9.676764,-0.001066,-0.027976,-0.403923,23.0920,5.6089,-0.7546,0.0212,1
1776592636.145733,1811,1776592636.145733,1776592636.095784,1776592635.846138,1776592636.110907,3.934136,0.194294,-36.672527,0.111000,0.042000,0.000000,-0.155517,-0.215332,9.389655,0.011990,0.015720,-0.373016,23.0920,5.6057,-0.7551,0.0201,1
1776592636.195777,1812,1776592636.195777,1776592636.145777,1776592635.846138,1776592636.110907,3.934809,0.199853,-36.692642,0.102000,0.046000,0.000000,0.084936,-0.198584,10.761796,-0.073537,-0.041298,-0.442823,23.0920,5.6057,-0.7551,0.0201,1
1776592636.245723,1813,1776592636.245723,1776592636.195894,1776592635.846138,1776592636.110907,3.935497,0.205329,-36.712273,0.100000,0.047000,0.000000,-0.167480,-0.028711,9.310699,0.069807,0.034371,-0.379411,23.0920,5.6057,-0.7551,0.0201,1
1776592636.295725,1814,1776592636.295725,1776592636.245767,1776592635.846138,1776592636.253291,3.935943,0.211627,-36.732372,0.110000,0.062000,0.000000,0.149536,-0.075366,10.497416,-0.001599,-0.006661,-0.410584,23.0920,5.6025,-0.7530,0.0183,1
1776592636.345724,1815,1776592636.345724,1776592636.345765,1776592635.846138,1776592636.253291,3.936541,0.217774,-36.752617,0.108000,0.060000,0.000000,0.210546,0.338549,11.024979,-0.073537,-0.027976,-0.384473,23.0920,5.6025,-0.7530,0.0183,1
1776592636.395790,1816,1776592636.395790,1776592636.345765,1776592635.846138,1776592636.253291,3.937388,0.224261,-36.774097,0.115000,0.062000,0.000000,0.210546,0.338549,11.024979,-0.073537,-0.027976,-0.384473,23.0920,5.6025,-0.7530,0.0183,1
1776592636.445748,1817,1776592636.445748,1776592636.445791,1776592636.446184,1776592636.397280,3.938960,0.230082,-36.797180,0.112000,0.045000,0.000000,0.093310,-0.461767,10.362236,-0.009325,0.015720,-0.435363,23.0940,5.5999,-0.7525,0.0181,1
1776592636.495765,1818,1776592636.495765,1776592636.445791,1776592636.446184,1776592636.397280,3.940877,0.236218,-36.822590,0.120000,0.046000,0.000000,0.093310,-0.461767,10.362236,-0.009325,0.015720,-0.435363,23.0940,5.5999,-0.7525,0.0181,1
1776592636.545818,1819,1776592636.545818,1776592636.545863,1776592636.446184,1776592636.539619,3.942720,0.241717,-36.845413,0.108000,0.042000,0.000000,0.136377,-0.845775,9.588239,0.027177,0.056485,-0.440692,23.0940,5.5971,-0.7531,0.0205,1
1776592636.595690,1820,1776592636.595690,1776592636.545863,1776592636.446184,1776592636.539619,3.945108,0.247112,-36.870399,0.113000,0.035000,0.000000,0.136377,-0.845775,9.588239,0.027177,0.056485,-0.440692,23.0940,5.5971,-0.7531,0.0205,1
1776592636.645697,1821,1776592636.645697,1776592636.645750,1776592636.446184,1776592636.539619,3.946713,0.252561,-36.890102,0.102000,0.050000,0.000000,-0.047851,0.096899,9.382477,0.011457,0.007993,-0.413515,23.0940,5.5971,-0.7531,0.0205,1
1776592636.695691,1822,1776592636.695691,1776592636.695744,1776592636.446184,1776592636.683127,3.948234,0.258503,-36.909401,0.107000,0.060000,0.000000,-0.047851,0.522777,9.549957,-0.025845,-0.015720,-0.370884,23.0940,5.5930,-0.7556,0.0247,1
1776592636.745688,1823,1776592636.745688,1776592636.745734,1776592636.446184,1776592636.683127,3.949694,0.264236,-36.927849,0.102000,0.060000,0.000000,0.212939,-0.756053,8.846540,0.067409,0.047959,-0.315998,23.0940,5.5930,-0.7556,0.0247,1
1776592636.795727,1824,1776592636.795727,1776592636.745734,1776592636.446184,1776592636.683127,3.951578,0.269836,-36.948212,0.105000,0.054000,0.000000,0.212939,-0.756053,8.846540,0.067409,0.047959,-0.315998,23.0940,5.5930,-0.7556,0.0247,1
1776592636.845674,1825,1776592636.845674,1776592636.845719,1776592636.446184,1776592636.826365,3.953845,0.275094,-36.969540,0.105000,0.046000,0.000000,0.169873,-0.034692,9.643268,0.011990,-0.005595,-0.362891,23.0940,5.5892,-0.7566,0.0295,1
1776592636.895682,1826,1776592636.895682,1776592636.845719,1776592636.446184,1776592636.826365,3.956440,0.280970,-36.992844,0.117000,0.053000,0.000000,0.169873,-0.034692,9.643268,0.011990,-0.005595,-0.362891,23.0940,5.5892,-0.7566,0.0295,1
1776592636.945740,1827,1776592636.945740,1776592636.945791,1776592636.446184,1776592636.826365,3.958593,0.287084,-37.012917,0.112000,0.065000,0.000000,0.187817,-0.784764,8.680257,0.063413,0.048759,-0.383940,23.0940,5.5892,-0.7566,0.0295,1
1776592636.995720,1828,1776592636.995720,1776592636.995862,1776592636.446184,1776592636.969575,3.960957,0.293348,-37.034008,0.116000,0.067000,0.000000,-0.077759,0.468944,9.579865,0.008793,0.022381,-0.408186,23.0940,5.5854,-0.7610,0.0303,1
1776592637.045681,1829,1776592637.045681,1776592637.045727,1776592637.046100,1776592636.969575,3.963207,0.299303,-37.053246,0.109000,0.066000,0.000000,0.090918,-0.131592,9.718634,0.006128,0.007194,-0.352234,23.0960,5.5854,-0.7610,0.0303,1
1776592637.095678,1830,1776592637.095678,1776592637.045727,1776592637.046100,1776592636.969575,3.965853,0.305429,-37.074444,0.116000,0.066000,0.000000,0.090918,-0.131592,9.718634,0.006128,0.007194,-0.352234,23.0960,5.5854,-0.7610,0.0303,1
1776592637.145660,1831,1776592637.145660,1776592637.095720,1776592637.046100,1776592637.112438,3.968356,0.310931,-37.093487,0.105000,0.060000,0.000000,0.095703,0.150732,9.637286,-0.052489,-0.025578,-0.393532,23.0960,5.5825,-0.7628,0.0300,1
1776592637.195675,1832,1776592637.195675,1776592637.145705,1776592637.046100,1776592637.112438,3.970943,0.316068,-37.112041,0.101000,0.055000,0.000000,-0.244043,-0.391186,9.530816,0.050624,0.028509,-0.352234,23.0960,5.5825,-0.7628,0.0300,1
1776592637.245670,1833,1776592637.245670,1776592637.195730,1776592637.046100,1776592637.112438,3.973583,0.321307,-37.130692,0.102000,0.058000,0.000000,-0.045459,0.193798,9.679156,0.004796,0.000799,-0.378345,23.0960,5.5825,-0.7628,0.0300,1
1776592637.295698,1834,1776592637.295698,1776592637.295741,1776592637.046100,1776592637.256174,3.976632,0.326757,-37.151253,0.110000,0.059000,0.000000,0.161499,0.270361,9.674371,-0.046893,-0.023447,-0.363691,23.0960,5.5808,-0.7648,0.0276,1
1776592637.345655,1835,1776592637.345655,1776592637.295741,1776592637.046100,1776592637.256174,3.979446,0.331927,-37.169937,0.102000,0.059000,0.000000,0.161499,0.270361,9.674371,-0.046893,-0.023447,-0.363691,23.0960,5.5808,-0.7648,0.0276,1
1776592637.395793,1836,1776592637.395793,1776592637.345700,1776592637.046100,1776592637.256174,3.982584,0.337189,-37.189941,0.107000,0.059000,0.000000,-0.068188,-0.139966,9.564313,0.057817,0.021049,-0.352767,23.0960,5.5808,-0.7648,0.0276,1
1776592637.445711,1837,1776592637.445711,1776592637.445758,1776592637.046100,1776592637.400078,3.985826,0.342544,-37.209560,0.109000,0.062000,0.000000,0.112451,0.145947,9.770074,0.001066,-0.000799,-0.358628,23.0960,5.5783,-0.7663,0.0273,1
1776592637.495740,1838,1776592637.495740,1776592637.495780,1776592637.046100,1776592637.400078,3.989330,0.348096,-37.230274,0.114000,0.065000,0.000000,0.290698,0.428271,9.564313,-0.058350,-0.025045,-0.389269,23.0960,5.5783,-0.7663,0.0273,1
1776592637.545632,1839,1776592637.545632,1776592637.545678,1776592637.046100,1776592637.542605,3.992850,0.353513,-37.250778,0.112000,0.065000,0.000000,0.071777,-0.168676,10.252177,0.042098,0.014121,-0.391400,23.0960,5.5747,-0.7657,0.0270,1
1776592637.595678,1840,1776592637.595678,1776592637.595742,1776592637.046100,1776592637.542605,3.996491,0.358874,-37.271244,0.112000,0.065000,0.000000,-0.155517,0.258398,9.963872,-0.003730,-0.015187,-0.400726,23.0960,5.5747,-0.7657,0.0270,1
1776592637.645682,1841,1776592637.645682,1776592637.645728,1776592637.646176,1776592637.542605,4.000399,0.364284,-37.292347,0.116000,0.066000,0.000000,0.051440,0.090918,9.729400,-0.035437,-0.010924,-0.390068,23.0970,5.5747,-0.7657,0.0270,1
1776592637.695638,1842,1776592637.695638,1776592637.645728,1776592637.646176,1776592637.685704,4.004253,0.369480,-37.312477,0.112000,0.065000,0.000000,0.051440,0.090918,9.729400,-0.035437,-0.010924,-0.390068,23.0970,5.5730,-0.7644,0.0274,1
1776592637.745667,1843,1776592637.745667,1776592637.745712,1776592637.646176,1776592637.685704,4.008311,0.374373,-37.333691,0.112000,0.060000,0.000000,0.011963,0.278735,9.703082,0.014921,0.023713,-0.417778,23.0970,5.5730,-0.7644,0.0274,1
1776592637.795622,1844,1776592637.795622,1776592637.795675,1776592637.646176,1776592637.685704,4.012423,0.379423,-37.354122,0.113000,0.065000,0.000000,-0.046655,-0.277539,9.973443,0.005329,0.002132,-0.399926,23.0970,5.5730,-0.7644,0.0274,1
1776592637.845609,1845,1776592637.845609,1776592637.845653,1776592637.646176,1776592637.828628,4.016801,0.384237,-37.375416,0.115000,0.061000,0.000000,0.072973,0.193798,9.532013,-0.049025,-0.028509,-0.400459,23.0970,5.5712,-0.7604,0.0300,1
1776592637.895606,1846,1776592637.895606,1776592637.895645,1776592637.646176,1776592637.828628,4.020935,0.388893,-37.394966,0.108000,0.062000,0.000000,0.050244,-0.961815,9.076227,0.047693,0.042630,-0.378078,23.0970,5.5712,-0.7604,0.0300,1
1776592637.945715,1847,1776592637.945715,1776592637.945767,1776592637.646176,1776592637.828628,4.025380,0.392967,-37.416714,0.109000,0.051000,0.000000,-0.031103,0.143554,9.595416,0.003197,-0.013855,-0.396996,23.0970,5.5712,-0.7604,0.0300,1
1776592637.995608,1848,1776592637.995608,1776592637.945767,1776592637.646176,1776592637.971999,4.029647,0.397062,-37.436920,0.105000,0.055000,0.000000,-0.031103,0.143554,9.595416,0.003197,-0.013855,-0.396996,23.0970,5.5695,-0.7559,0.0339,1
1776592638.045608,1849,1776592638.045608,1776592637.995662,1776592637.646176,1776592637.971999,4.034571,0.401283,-37.459919,0.117000,0.056000,0.000000,-0.041870,-0.034692,9.406403,0.020516,0.000000,-0.375680,23.0970,5.5695,-0.7559,0.0339,1
1776592638.095603,1850,1776592638.095603,1776592638.045651,1776592637.646176,1776592637.971999,4.039058,0.405464,-37.479267,0.107000,0.060000,0.000000,0.287109,0.135180,9.620538,-0.059416,-0.043163,-0.414847,23.0970,5.5695,-0.7559,0.0339,1
1776592638.145605,1851,1776592638.145605,1776592638.095647,1776592637.646176,1776592638.115655,4.043679,0.409315,-37.499367,0.107000,0.055000,0.000000,-0.034692,-0.659154,8.891999,0.051423,0.036502,-0.390868,23.0970,5.5664,-0.7490,0.0386,1
1776592638.195598,1852,1776592638.195598,1776592638.195641,1776592637.646176,1776592638.115655,4.048327,0.413062,-37.519463,0.106000,0.055000,0.000000,0.033496,-0.107666,9.612164,0.007993,0.005329,-0.365822,23.0970,5.5664,-0.7490,0.0386,1
1776592638.245640,1853,1776592638.245640,1776592638.195641,1776592638.246078,1776592638.115655,4.053108,0.416422,-37.540878,0.106000,0.049000,0.000000,0.033496,-0.107666,9.612164,0.007993,0.005329,-0.365822,23.0990,5.5664,-0.7490,0.0386,1
1776592638.295636,1854,1776592638.295636,1776592638.245684,1776592638.246078,1776592638.258390,4.057634,0.419473,-37.560726,0.099000,0.046000,0.000000,0.217724,-0.077759,10.192363,-0.074070,-0.046893,-0.403657,23.0990,5.5634,-0.7424,0.0436,1
1776592638.345639,1855,1776592638.345639,1776592638.295680,1776592638.246078,1776592638.258390,4.062517,0.422475,-37.582275,0.105000,0.046000,0.000000,0.081347,-0.471337,8.842952,0.071139,0.051423,-0.368487,23.0990,5.5634,-0.7424,0.0436,1
1776592638.395608,1856,1776592638.395608,1776592638.395668,1776592638.246078,1776592638.258390,4.067558,0.425381,-37.603809,0.107000,0.046000,0.000000,0.045459,0.149536,9.713848,0.017585,0.007727,-0.391667,23.0990,5.5634,-0.7424,0.0436,1
1776592638.445595,1857,1776592638.445595,1776592638.445640,1776592638.246078,1776592638.402089,4.073133,0.428525,-37.627304,0.117000,0.052000,0.000000,0.269165,0.212939,10.262944,-0.068209,-0.038101,-0.435896,23.0990,5.5609,-0.7385,0.0459,1
1776592638.495584,1858,1776592638.495584,1776592638.445640,1776592638.246078,1776592638.402089,4.078524,0.431620,-37.649448,0.112000,0.054000,0.000000,0.269165,0.212939,10.262944,-0.068209,-0.038101,-0.435896,23.0990,5.5609,-0.7385,0.0459,1
1776592638.545613,1859,1776592638.545613,1776592638.495627,1776592638.246078,1776592638.545468,4.084249,0.434359,-37.673561,0.117000,0.049000,0.000000,0.162695,-0.467748,8.797493,0.067409,0.041565,-0.417511,23.0990,5.5593,-0.7350,0.0450,1
1776592638.595606,1860,1776592638.595606,1776592638.545667,1776592638.246078,1776592638.545468,4.089787,0.436800,-37.696407,0.112000,0.046000,0.000000,0.150732,-0.263183,10.252177,0.000000,-0.010924,-0.447353,23.0990,5.5593,-0.7350,0.0450,1
1776592638.645633,1861,1776592638.645633,1776592638.645678,1776592638.246078,1776592638.545468,4.095284,0.439017,-37.719421,0.110000,0.044000,0.000000,0.050244,-0.534740,11.170926,-0.009592,-0.007727,-0.470267,23.0990,5.5593,-0.7350,0.0450,1
1776592638.695578,1862,1776592638.695578,1776592638.695620,1776592638.246078,1776592638.688809,4.100874,0.441201,-37.742695,0.111000,0.046000,0.000000,0.014355,0.241650,10.150493,0.017319,0.026111,-0.405522,23.0990,5.5565,-0.7301,0.0416,1
1776592638.745567,1863,1776592638.745567,1776592638.695620,1776592638.246078,1776592638.688809,4.106583,0.443604,-37.764690,0.112000,0.053000,0.000000,0.014355,0.241650,10.150493,0.017319,0.026111,-0.405522,23.0990,5.5565,-0.7301,0.0416,1
1776592638.795619,1864,1776592638.795619,1776592638.795671,1776592638.246078,1776592638.688809,4.112243,0.445790,-37.786411,0.110000,0.051000,0.000000,0.194995,0.206958,9.777251,-0.031973,-0.015986,-0.411650,23.0990,5.5565,-0.7301,0.0416,1
1776592638.845613,1865,1776592638.845613,1776592638.795671,1776592638.846043,1776592638.831326,4.117565,0.447533,-37.807213,0.103000,0.044000,0.000000,0.194995,0.206958,9.777251,-0.031973,-0.015986,-0.411650,23.1020,5.5527,-0.7231,0.0388,1
1776592638.895558,1866,1776592638.895558,1776592638.895599,1776592638.846043,1776592638.831326,4.123435,0.449307,-37.830288,0.113000,0.048000,0.000000,0.056225,0.000000,9.646856,0.000533,0.014921,-0.418044,23.1020,5.5527,-0.7231,0.0388,1
1776592638.945570,1867,1776592638.945570,1776592638.945614,1776592638.846043,1776592638.831326,4.129410,0.451394,-37.852093,0.113000,0.057000,0.000000,0.035889,0.089722,9.443487,0.009059,0.008526,-0.402324,23.1020,5.5527,-0.7231,0.0388,1
1776592638.995662,1868,1776592638.995662,1776592638.995744,1776592638.846043,1776592638.974745,4.136022,0.453517,-37.875885,0.124000,0.062000,0.000000,0.312231,0.247631,9.490143,-0.046094,-0.025312,-0.436429,23.1020,5.5489,-0.7158,0.0336,1
1776592639.045573,1869,1776592639.045573,1776592639.045617,1776592638.846043,1776592638.974745,4.142163,0.455259,-37.898094,0.115000,0.056000,0.000000,0.050244,0.002393,8.924299,0.081264,0.043696,-0.385272,23.1020,5.5489,-0.7158,0.0336,1
1776592639.095583,1870,1776592639.095583,1776592639.095624,1776592638.846043,1776592638.974745,4.148296,0.456573,-37.921955,0.115000,0.050000,0.000000,0.107666,-0.165088,9.478180,0.001066,-0.017319,-0.454547,23.1020,5.5489,-0.7158,0.0336,1
1776592639.145557,1871,1776592639.145557,1776592639.145608,1776592638.846043,1776592639.118263,4.154502,0.457729,-37.945744,0.116000,0.050000,0.000000,-0.023926,0.075366,9.560723,0.005062,-0.003197,-0.440159,23.1020,5.5459,-0.7082,0.0313,1
1776592639.195600,1872,1776592639.195600,1776592639.145608,1776592638.846043,1776592639.118263,4.160073,0.458133,-37.968609,0.106000,0.035000,0.000000,-0.023926,0.075366,9.560723,0.005062,-0.003197,-0.440159,23.1020,5.5459,-0.7082,0.0313,1
1776592639.245526,1873,1776592639.245526,1776592639.195657,1776592638.846043,1776592639.118263,4.166000,0.458775,-37.991676,0.111000,0.044000,0.000000,0.283520,-0.185424,10.272514,-0.076468,-0.044229,-0.488118,23.1020,5.5459,-0.7082,0.0313,1
1776592639.295526,1874,1776592639.295526,1776592639.245581,1776592638.846043,1776592639.261290,4.171695,0.458783,-38.016174,0.109000,0.033000,0.000000,0.183032,-0.025122,10.162456,0.015454,0.030641,-0.452415,23.1020,5.5425,-0.7038,0.0298,1
1776592639.345539,1875,1776592639.345539,1776592639.345585,1776592638.846043,1776592639.261290,4.178051,0.459065,-38.041481,0.119000,0.045000,0.000000,0.261987,0.265576,9.628912,-0.030641,0.000799,-0.461741,23.1020,5.5425,-0.7038,0.0298,1
1776592639.395546,1876,1776592639.395546,1776592639.345585,1776592638.846043,1776592639.261290,4.184320,0.460122,-38.061729,0.111000,0.062000,0.000000,0.261987,0.265576,9.628912,-0.030641,0.000799,-0.461741,23.1020,5.5425,-0.7038,0.0298,1
1776592639.445529,1877,1776592639.445529,1776592639.395602,1776592639.446017,1776592639.404505,4.191052,0.461097,-38.083874,0.119000,0.066000,0.000000,-0.270361,-0.144751,11.340798,-0.034904,-0.013588,-0.443356,23.1040,5.5382,-0.6981,0.0303,1
1776592639.495572,1878,1776592639.495572,1776592639.445572,1776592639.446017,1776592639.404505,4.197645,0.462045,-38.104893,0.115000,0.067000,0.000000,-0.094507,0.294287,9.243708,0.001865,0.007460,-0.399127,23.1040,5.5382,-0.6981,0.0303,1
1776592639.545568,1879,1776592639.545568,1776592639.545619,1776592639.446017,1776592639.404505,4.204309,0.462610,-38.126740,0.118000,0.063000,0.000000,0.092114,0.102881,9.913629,-0.073005,-0.038634,-0.406587,23.1040,5.5382,-0.6981,0.0303,1
1776592639.595552,1880,1776592639.595552,1776592639.545619,1776592639.446017,1776592639.548249,4.210374,0.463142,-38.145733,0.106000,0.060000,0.000000,0.092114,0.102881,9.913629,-0.073005,-0.038634,-0.406587,23.1040,5.5347,-0.6905,0.0298,1
1776592639.645562,1881,1776592639.645562,1776592639.595613,1776592639.446017,1776592639.548249,4.216231,0.463331,-38.165539,0.104000,0.054000,0.000000,0.059814,-0.836204,8.492439,0.063946,0.051423,-0.361293,23.1040,5.5347,-0.6905,0.0298,1
1776592639.695535,1882,1776592639.695535,1776592639.695578,1776592639.446017,1776592639.690762,4.222043,0.463650,-38.183929,0.101000,0.058000,0.000000,-0.057422,-0.055029,9.722222,0.010391,0.000000,-0.337579,23.1040,5.5323,-0.6873,0.0289,1
1776592639.745503,1883,1776592639.745503,1776592639.745548,1776592639.446017,1776592639.690762,4.227922,0.463771,-38.203064,0.103000,0.057000,0.000000,0.256005,0.132788,10.431621,-0.066876,-0.041032,-0.355431,23.1040,5.5323,-0.6873,0.0289,1
1776592639.795737,1884,1776592639.795737,1776592639.745548,1776592639.446017,1776592639.690762,4.233886,0.463868,-38.222057,0.103000,0.059000,0.000000,0.256005,0.132788,10.431621,-0.066876,-0.041032,-0.355431,23.1040,5.5323,-0.6873,0.0289,1
1776592639.845491,1885,1776592639.845491,1776592639.795784,1776592639.446017,1776592639.833778,4.239946,0.463820,-38.241264,0.106000,0.060000,0.000000,0.077759,-0.362475,9.335822,0.063413,0.043963,-0.323458,23.1040,5.5290,-0.6832,0.0272,1
1776592639.895497,1886,1776592639.895497,1776592639.845535,1776592639.446017,1776592639.833778,4.246103,0.463672,-38.260418,0.107000,0.061000,0.000000,0.153125,0.153125,10.215093,-0.006927,0.001599,-0.359694,23.1040,5.5290,-0.6832,0.0272,1
1776592639.945483,1887,1776592639.945483,1776592639.895538,1776592639.446017,1776592639.833778,4.252461,0.463454,-38.280262,0.110000,0.064000,0.000000,0.096899,-0.063403,9.892096,0.007993,0.009858,-0.351168,23.1040,5.5290,-0.6832,0.0272,1
1776592639.995535,1888,1776592639.995535,1776592639.995623,1776592639.446017,1776592639.977024,4.258572,0.463093,-38.299580,0.106000,0.061000,0.000000,0.124414,-0.084936,9.469806,0.067409,0.035437,-0.325057,23.1040,5.5257,-0.6801,0.0255,1
1776592640.045521,1889,1776592640.045521,1776592639.995623,1776592640.046024,1776592639.977024,4.264998,0.462569,-38.319977,0.112000,0.064000,0.000000,0.124414,-0.084936,9.469806,0.067409,0.035437,-0.325057,23.1030,5.5257,-0.6801,0.0255,1
1776592640.095517,1890,1776592640.095517,1776592640.095558,1776592640.046024,1776592639.977024,4.271199,0.461700,-38.340874,0.111000,0.058000,0.000000,0.039477,0.278735,9.758111,-0.001066,-0.002132,-0.372483,23.1030,5.5257,-0.6801,0.0255,1
1776592640.145464,1891,1776592640.145464,1776592640.145509,1776592640.046024,1776592640.119663,4.277265,0.460471,-38.362949,0.112000,0.053000,0.000000,-0.095703,-0.435448,11.442483,-0.041032,-0.017319,-0.426837,23.1030,5.5229,-0.6774,0.0225,1
1776592640.195510,1892,1776592640.195510,1776592640.145509,1776592640.046024,1776592640.119663,4.283556,0.459172,-38.385319,0.115000,0.057000,0.000000,-0.095703,-0.435448,11.442483,-0.041032,-0.017319,-0.426837,23.1030,5.5229,-0.6774,0.0225,1
1776592640.245512,1893,1776592640.245512,1776592640.195608,1776592640.046024,1776592640.119663,4.289962,0.457998,-38.406422,0.114000,0.063000,0.000000,-0.009570,0.043066,10.193560,0.032772,0.023713,-0.368487,23.1030,5.5229,-0.6774,0.0225,1
1776592640.295560,1894,1776592640.295560,1776592640.295603,1776592640.046024,1776592640.262977,4.296043,0.456486,-38.427792,0.112000,0.056000,0.000000,0.122021,0.282324,9.703082,-0.029042,-0.021049,-0.403124,23.1030,5.5216,-0.6753,0.0167,1
1776592640.345533,1895,1776592640.345533,1776592640.295603,1776592640.046024,1776592640.262977,4.302382,0.455182,-38.448032,0.112000,0.065000,0.000000,0.122021,0.282324,9.703082,-0.029042,-0.021049,-0.403124,23.1030,5.5216,-0.6753,0.0167,1
1776592640.395469,1896,1776592640.395469,1776592640.345577,1776592640.046024,1776592640.262977,4.308517,0.453569,-38.469105,0.112000,0.060000,0.000000,0.008374,-0.622069,8.420663,0.071672,0.045561,-0.371684,23.1030,5.5216,-0.6753,0.0167,1
1776592640.445472,1897,1776592640.445472,1776592640.395527,1776592640.046024,1776592640.406641,4.314731,0.452002,-38.489208,0.111000,0.064000,0.000000,-0.021533,0.321801,9.394440,0.014654,0.020516,-0.390335,23.1030,5.5197,-0.6710,0.0105,1
1776592640.495453,1898,1776592640.495453,1776592640.445517,1776592640.046024,1776592640.406641,4.320906,0.449959,-38.511200,0.116000,0.059000,0.000000,0.090918,-0.017944,9.572686,0.017319,-0.001599,-0.362358,23.1030,5.5197,-0.6710,0.0105,1
1776592640.545441,1899,1776592640.545441,1776592640.495504,1776592640.046024,1776592640.406641,4.327114,0.448060,-38.531845,0.113000,0.064000,0.000000,0.081347,0.264379,9.490143,-0.043430,-0.026378,-0.396463,23.1030,5.5197,-0.6710,0.0105,1
1776592640.595450,1900,1776592640.595450,1776592640.545484,1776592640.046024,1776592640.548533,4.333095,0.445795,-38.553898,0.114000,0.058000,0.000000,0.043066,-0.446215,9.119294,0.056485,0.034104,-0.394598,23.1030,5.5169,-0.6654,0.0050,1
1776592640.645437,1901,1776592640.645437,1776592640.645480,1776592640.645914,1776592640.548533,4.338957,0.443474,-38.575344,0.112000,0.058000,0.000000,0.078955,0.198584,9.662408,-0.006128,-0.001332,-0.389535,23.1040,5.5169,-0.6654,0.0050,1
1776592640.695467,1902,1776592640.695467,1776592640.645480,1776592640.645914,1776592640.693749,4.344459,0.441090,-38.595806,0.107000,0.054000,0.000000,0.078955,0.198584,9.662408,-0.006128,-0.001332,-0.389535,23.1040,5.5137,-0.6597,-0.0006,1
1776592640.745535,1903,1776592640.745535,1776592640.745579,1776592640.645914,1776592640.693749,4.349759,0.438467,-38.616936,0.107000,0.050000,0.000000,0.265576,0.173462,10.355058,0.026378,0.011457,-0.401792,23.1040,5.5137,-0.6597,-0.0006,1
1776592640.795427,1904,1776592640.795427,1776592640.795492,1776592640.645914,1776592640.693749,4.355483,0.435747,-38.638638,0.113000,0.058000,0.000000,0.105273,-0.010767,10.333525,-0.012256,-0.017851,-0.419643,23.1040,5.5137,-0.6597,-0.0006,1
1776592640.845414,1905,1776592640.845414,1776592640.845457,1776592640.645914,1776592640.839521,4.361323,0.432586,-38.662384,0.120000,0.057000,0.000000,0.172265,0.233276,9.801177,-0.032239,-0.015187,-0.418844,23.1040,5.5127,-0.6532,-0.0054,1
1776592640.895423,1906,1776592640.895423,1776592640.845457,1776592640.645914,1776592640.839521,4.367148,0.429815,-38.682537,0.112000,0.064000,0.000000,0.172265,0.233276,9.801177,-0.032239,-0.015187,-0.418844,23.1040,5.5127,-0.6532,-0.0054,1
1776592640.945402,1907,1776592640.945402,1776592640.945445,1776592640.645914,1776592640.839521,4.372649,0.426332,-38.706276,0.119000,0.053000,0.000000,0.088525,0.156714,9.328644,-0.006128,0.014654,-0.436695,23.1040,5.5127,-0.6532,-0.0054,1
1776592640.995436,1908,1776592640.995436,1776592640.945445,1776592640.645914,1776592640.985466,4.378244,0.423003,-38.728539,0.116000,0.059000,0.000000,0.088525,0.156714,9.328644,-0.006128,0.014654,-0.436695,23.1040,5.5141,-0.6480,-0.0106,1
1776592641.045387,1909,1776592641.045387,1776592641.045431,1776592640.645914,1776592640.985466,4.383800,0.419290,-38.752316,0.121000,0.057000,0.000000,0.154321,-0.022729,9.847833,-0.074337,-0.050624,-0.448419,23.1040,5.5141,-0.6480,-0.0106,1
1776592641.095406,1910,1776592641.095406,1776592641.095448,1776592640.645914,1776592640.985466,4.388981,0.415851,-38.773422,0.111000,0.056000,0.000000,0.065796,-0.647191,8.201742,0.070074,0.057285,-0.414581,23.1040,5.5141,-0.6480,-0.0106,1
1776592641.145391,1911,1776592641.145391,1776592641.095448,1776592640.645914,1776592641.131374,4.393937,0.412055,-38.796516,0.114000,0.051000,0.000000,0.065796,-0.647191,8.201742,0.070074,0.057285,-0.414581,23.1040,5.5156,-0.6455,-0.0133,1
1776592641.195400,1912,1776592641.195400,1776592641.145433,1776592640.645914,1776592641.131374,4.398448,0.408074,-38.820221,0.112000,0.044000,0.000000,0.137573,-0.106470,10.207915,-0.013855,-0.009592,-0.422041,23.1040,5.5156,-0.6455,-0.0133,1
1776592641.245384,1913,1776592641.245384,1776592641.195464,1776592641.245882,1776592641.131374,4.402663,0.404058,-38.843014,0.109000,0.041000,0.000000,0.064599,0.107666,9.547565,0.006395,0.003730,-0.414847,23.1050,5.5156,-0.6455,-0.0133,1
1776592641.295368,1914,1776592641.295368,1776592641.245428,1776592641.245882,1776592641.277293,4.406855,0.400034,-38.865456,0.108000,0.043000,0.000000,0.217724,-0.071777,11.633888,-0.078866,-0.039433,-0.471599,23.1050,5.5174,-0.6401,-0.0146,1
1776592641.345394,1915,1776592641.345394,1776592641.345439,1776592641.245882,1776592641.277293,4.411240,0.395763,-38.888813,0.113000,0.047000,0.000000,0.058618,-0.100488,10.111015,0.016253,0.018118,-0.428436,23.1050,5.5174,-0.6401,-0.0146,1
1776592641.395425,1916,1776592641.395425,1776592641.345439,1776592641.245882,1776592641.277293,4.415944,0.391287,-38.912430,0.118000,0.054000,0.000000,0.058618,-0.100488,10.111015,0.016253,0.018118,-0.428436,23.1050,5.5174,-0.6401,-0.0146,1
1776592641.445349,1917,1776592641.445349,1776592641.395489,1776592641.245882,1776592641.423383,4.419923,0.386911,-38.935349,0.110000,0.044000,0.000000,0.263183,0.288305,9.849029,-0.014921,-0.010658,-0.436429,23.1050,5.5192,-0.6336,-0.0142,1
1776592641.495467,1918,1776592641.495467,1776592641.445392,1776592641.245882,1776592641.423383,4.424296,0.382117,-38.959805,0.119000,0.051000,0.000000,0.123218,-0.495263,9.894487,0.017052,0.014654,-0.449218,23.1050,5.5192,-0.6336,-0.0142,1
1776592641.545376,1919,1776592641.545376,1776592641.495507,1776592641.245882,1776592641.423383,4.428806,0.377692,-38.981117,0.112000,0.059000,0.000000,0.105273,-0.068188,10.124175,-0.006661,0.013056,-0.444955,23.1050,5.5192,-0.6336,-0.0142,1
1776592641.595437,1920,1776592641.595437,1776592641.595491,1776592641.245882,1776592641.569155,4.433342,0.372617,-39.005394,0.123000,0.058000,0.000000,0.189013,0.358886,9.622931,-0.058350,-0.029308,-0.419643,23.1050,5.5214,-0.6266,-0.0171,1
1776592641.645417,1921,1776592641.645417,1776592641.645462,1776592641.245882,1776592641.569155,4.437810,0.367976,-39.026039,0.113000,0.062000,0.000000,-0.010767,-0.278735,9.517657,0.054354,0.034104,-0.380476,23.1050,5.5214,-0.6266,-0.0171,1
1776592641.695401,1922,1776592641.695401,1776592641.645462,1776592641.245882,1776592641.569155,4.441672,0.363013,-39.049332,0.115000,0.051000,0.000000,-0.010767,-0.278735,9.517657,0.054354,0.034104,-0.380476,23.1050,5.5214,-0.6266,-0.0171,1
1776592641.745356,1923,1776592641.745356,1776592641.695444,1776592641.245882,1776592641.714999,4.445360,0.358209,-39.071461,0.110000,0.051000,0.000000,-0.111255,0.080151,9.563116,-0.012256,-0.004796,-0.426304,23.1050,5.5230,-0.6219,-0.0182,1
1776592641.795398,1924,1776592641.795398,1776592641.745399,1776592641.245882,1776592641.714999,4.448750,0.353531,-39.092377,0.105000,0.048000,0.000000,0.008374,0.143554,9.900469,-0.014921,-0.004529,-0.397262,23.1050,5.5230,-0.6219,-0.0182,1
1776592641.845344,1925,1776592641.845344,1776592641.795454,1776592641.845822,1776592641.714999,4.452198,0.349024,-39.111507,0.101000,0.052000,0.000000,0.205761,-0.016748,10.694803,-0.082863,-0.042630,-0.432432,23.1070,5.5230,-0.6219,-0.0182,1
1776592641.895383,1926,1776592641.895383,1776592641.895424,1776592641.845822,1776592641.861323,4.455326,0.344355,-39.131573,0.102000,0.047000,0.000000,0.172265,-0.094507,10.334722,-0.002132,-0.002931,-0.383407,23.1070,5.5247,-0.6165,-0.0186,1
1776592641.945395,1927,1776592641.945395,1776592641.895424,1776592641.845822,1776592641.861323,4.458370,0.339174,-39.154678,0.111000,0.046000,0.000000,0.172265,-0.094507,10.334722,-0.002132,-0.002931,-0.383407,23.1070,5.5247,-0.6165,-0.0186,1
1776592641.995352,1928,1776592641.995352,1776592641.945441,1776592641.845822,1776592641.861323,4.461360,0.334190,-39.176159,0.106000,0.048000,0.000000,0.291894,0.130395,9.542779,-0.029575,-0.016253,-0.392999,23.1070,5.5247,-0.6165,-0.0186,1
1776592642.045382,1929,1776592642.045382,1776592642.045427,1776592641.845822,1776592642.007311,4.464734,0.328778,-39.198326,0.114000,0.057000,0.000000,0.039477,-0.149536,9.863384,-0.000266,0.025578,-0.459875,23.1070,5.5284,-0.6141,-0.0202,1
1776592642.095373,1930,1776592642.095373,1776592642.045427,1776592641.845822,1776592642.007311,4.466712,0.323557,-39.221874,0.107000,0.032000,0.000000,0.039477,-0.149536,9.863384,-0.000266,0.025578,-0.459875,23.1070,5.5284,-0.6141,-0.0202,1
1776592642.145331,1931,1776592642.145331,1776592642.095415,1776592641.845822,1776592642.007311,4.469094,0.317720,-39.247551,0.119000,0.042000,0.000000,-0.013159,0.192602,9.945928,0.015454,0.016519,-0.429768,23.1070,5.5284,-0.6141,-0.0202,1
1776592642.195332,1932,1776592642.195332,1776592642.145374,1776592641.845822,1776592642.153381,4.471269,0.312167,-39.271900,0.112000,0.041000,0.000000,0.229687,0.133984,9.662408,-0.039167,-0.010658,-0.463073,23.1070,5.5321,-0.6125,-0.0246,1
1776592642.245377,1933,1776592642.245377,1776592642.195384,1776592641.845822,1776592642.153381,4.473859,0.306156,-39.296223,0.120000,0.052000,0.000000,0.148340,-0.644799,10.947220,-0.013056,0.011990,-0.470533,23.1070,5.5321,-0.6125,-0.0246,1
1776592642.295305,1934,1776592642.295305,1776592642.245420,1776592641.845822,1776592642.153381,4.476604,0.300390,-39.317692,0.114000,0.058000,0.000000,0.059814,0.081347,9.627716,-0.007460,-0.003464,-0.481191,23.1070,5.5321,-0.6125,-0.0246,1
1776592642.345319,1935,1776592642.345319,1776592642.345364,1776592641.845822,1776592642.299306,4.479175,0.294459,-39.340149,0.116000,0.057000,0.000000,0.206958,-0.080151,10.584745,-0.079133,-0.045028,-0.400726,23.1070,5.5352,-0.6114,-0.0297,1
1776592642.395327,1936,1776592642.395327,1776592642.345364,1776592641.845822,1776592642.299306,4.481917,0.288551,-39.361549,0.114000,0.063000,0.000000,0.206958,-0.080151,10.584745,-0.079133,-0.045028,-0.400726,23.1070,5.5352,-0.6114,-0.0297,1
1776592642.445498,1937,1776592642.445498,1776592642.445553,1776592642.446068,1776592642.444829,4.484360,0.282785,-39.382221,0.110000,0.059000,0.000000,0.055029,-0.053833,10.079912,0.025312,0.021315,-0.393532,23.1070,5.5375,-0.6108,-0.0329,1
1776592642.495310,1938,1776592642.495310,1776592642.445553,1776592642.446068,1776592642.444829,4.486557,0.276922,-39.403343,0.112000,0.057000,0.000000,0.055029,-0.053833,10.079912,0.025312,0.021315,-0.393532,23.1070,5.5375,-0.6108,-0.0329,1
1776592642.545313,1939,1776592642.545313,1776592642.545357,1776592642.446068,1776592642.444829,4.488990,0.270996,-39.423492,0.111000,0.064000,0.000000,-0.037085,-0.607714,11.391043,-0.026910,-0.023980,-0.431633,23.1070,5.5375,-0.6108,-0.0329,1
1776592642.595315,1940,1776592642.595315,1776592642.545357,1776592642.446068,1776592642.590981,4.491025,0.264862,-39.445541,0.115000,0.059000,0.000000,-0.037085,-0.607714,11.391043,-0.026910,-0.023980,-0.431633,23.1070,5.5409,-0.6128,-0.0319,1
1776592642.645343,1941,1776592642.645343,1776592642.595369,1776592642.446068,1776592642.590981,4.493190,0.258736,-39.465954,0.113000,0.064000,0.000000,0.206958,0.209350,10.231840,0.035703,0.011723,-0.410318,23.1070,5.5409,-0.6128,-0.0319,1
1776592642.695343,1942,1776592642.695343,1776592642.645386,1776592642.446068,1776592642.590981,4.495297,0.252149,-39.488205,0.121000,0.067000,0.000000,0.087329,-0.136377,9.685138,0.014654,0.002664,-0.406055,23.1070,5.5409,-0.6128,-0.0319,1
1776592642.745393,1943,1776592642.745393,1776592642.695384,1776592642.446068,1776592642.737048,4.497314,0.245755,-39.509377,0.116000,0.067000,0.000000,0.147143,0.386401,9.737774,-0.033305,-0.021582,-0.410850,23.1070,5.5443,-0.6173,-0.0297,1
1776592642.795345,1944,1776592642.795345,1776592642.745438,1776592642.446068,1776592642.737048,4.498901,0.239198,-39.531952,0.120000,0.062000,0.000000,0.044263,-0.555077,8.626424,0.068209,0.038101,-0.381009,23.1070,5.5443,-0.6173,-0.0297,1
1776592642.845283,1945,1776592642.845283,1776592642.845330,1776592642.446068,1776592642.737048,4.500526,0.232919,-39.552380,0.113000,0.064000,0.000000,0.105273,0.066992,9.569098,-0.000266,-0.004529,-0.390868,23.1070,5.5443,-0.6173,-0.0297,1
1776592642.895269,1946,1776592642.895269,1776592642.895312,1776592642.446068,1776592642.882812,4.501935,0.226837,-39.572575,0.109000,0.061000,0.000000,0.111255,0.015552,10.115801,-0.074070,-0.047426,-0.423107,23.1070,5.5485,-0.6193,-0.0234,1
1776592642.945276,1947,1776592642.945276,1776592642.895312,1776592642.446068,1776592642.882812,4.503160,0.220692,-39.593128,0.110000,0.060000,0.000000,0.111255,0.015552,10.115801,-0.074070,-0.047426,-0.423107,23.1070,5.5485,-0.6193,-0.0234,1
1776592642.995275,1948,1776592642.995275,1776592642.945333,1776592642.446068,1776592642.882812,4.504258,0.214366,-39.613976,0.113000,0.061000,0.000000,0.108862,0.029907,10.197148,0.035969,0.020516,-0.399394,23.1070,5.5485,-0.6193,-0.0234,1
1776592643.045792,1949,1776592643.045792,1776592642.995335,1776592643.046470,1776592643.028430,4.505199,0.207858,-39.635647,0.115000,0.061000,0.000000,0.050244,0.064599,10.255766,-0.013322,-0.009325,-0.409785,23.1080,5.5514,-0.6239,-0.0173,1
1776592643.096653,1950,1776592643.096653,1776592643.045871,1776592643.046470,1776592643.028430,4.506220,0.201421,-39.656246,0.111000,0.064000,0.000000,0.124414,0.299072,9.835870,-0.030108,-0.003197,-0.402591,23.1080,5.5514,-0.6239,-0.0173,1
1776592643.145264,1951,1776592643.145264,1776592643.145309,1776592643.046470,1776592643.028430,4.506563,0.195300,-39.678261,0.114000,0.054000,0.000000,-0.116040,0.291894,9.619342,0.017052,0.027710,-0.417245,23.1080,5.5514,-0.6239,-0.0173,1
1776592643.195299,1952,1776592643.195299,1776592643.145309,1776592643.046470,1776592643.174299,4.506929,0.189089,-39.699379,0.111000,0.056000,0.000000,-0.116040,0.291894,9.619342,0.017052,0.027710,-0.417245,23.1080,5.5540,-0.6306,-0.0138,1
1776592643.245246,1953,1776592643.245246,1776592643.195343,1776592643.046470,1776592643.174299,4.506683,0.182554,-39.724201,0.121000,0.050000,0.000000,0.055029,-0.343334,10.038042,0.008260,-0.010924,-0.423906,23.1080,5.5540,-0.6306,-0.0138,1
1776592643.295253,1954,1776592643.295253,1776592643.245291,1776592643.046470,1776592643.174299,4.507102,0.176005,-39.745205,0.114000,0.065000,0.000000,0.217724,0.214135,9.475787,-0.053022,-0.046627,-0.444688,23.1080,5.5540,-0.6306,-0.0138,1
1776592643.345244,1955,1776592643.345244,1776592643.295339,1776592643.046470,1776592643.320413,4.506737,0.169615,-39.768902,0.117000,0.052000,0.000000,0.181836,-0.760838,9.223371,0.039700,0.026910,-0.433764,23.1080,5.5556,-0.6359,-0.0119,1
1776592643.395224,1956,1776592643.395224,1776592643.395269,1776592643.046470,1776592643.320413,4.506017,0.163803,-39.791542,0.109000,0.043000,0.000000,-0.095703,0.068188,9.497320,0.024512,0.007727,-0.409252,23.1080,5.5556,-0.6359,-0.0119,1
1776592643.445342,1957,1776592643.445342,1776592643.395269,1776592643.046470,1776592643.320413,4.505089,0.157863,-39.815048,0.112000,0.043000,0.000000,-0.095703,0.068188,9.497320,0.024512,0.007727,-0.409252,23.1080,5.5556,-0.6359,-0.0119,1
1776592643.495217,1958,1776592643.495217,1776592643.495262,1776592643.046470,1776592643.466209,4.504488,0.151869,-39.836594,0.109000,0.052000,0.000000,-0.172265,0.082544,9.106134,0.061814,0.037302,-0.388736,23.1080,5.5557,-0.6438,-0.0103,1
1776592643.545692,1959,1776592643.545692,1776592643.545763,1776592643.046470,1776592643.466209,4.503582,0.145745,-39.859509,0.112000,0.050000,0.000000,0.306249,-0.069385,10.449565,-0.002664,-0.003997,-0.446820,23.1080,5.5557,-0.6438,-0.0103,1
1776592643.595226,1960,1776592643.595226,1776592643.595273,1776592643.046470,1776592643.466209,4.502459,0.139524,-39.882889,0.117000,0.051000,0.000000,0.017944,0.297875,9.709064,-0.002132,0.001865,-0.439360,23.1080,5.5557,-0.6438,-0.0103,1
1776592643.645226,1961,1776592643.645226,1776592643.645271,1776592643.645719,1776592643.612217,4.501797,0.133020,-39.903839,0.114000,0.064000,0.000000,0.165088,-0.750072,10.885014,-0.003997,0.005862,-0.443356,23.1090,5.5555,-0.6522,-0.0084,1
1776592643.695237,1962,1776592643.695237,1776592643.695279,1776592643.645719,1776592643.612217,4.501010,0.126464,-39.925182,0.115000,0.065000,0.000000,-0.066992,0.317016,10.423246,0.021315,0.029042,-0.410318,23.1090,5.5555,-0.6522,-0.0084,1
1776592643.745207,1963,1776592643.745207,1776592643.745247,1776592643.645719,1776592643.612217,4.500013,0.119916,-39.946682,0.116000,0.064000,0.000000,-0.033496,-0.162695,9.323859,0.010658,0.018651,-0.365289,23.1090,5.5555,-0.6522,-0.0084,1
1776592643.795225,1964,1776592643.795225,1776592643.795270,1776592643.645719,1776592643.757649,4.498516,0.113740,-39.969189,0.115000,0.054000,0.000000,0.145947,0.150732,9.581060,-0.041565,-0.029575,-0.414581,23.1090,5.5548,-0.6628,-0.0056,1
1776592643.845202,1965,1776592643.845202,1776592643.795270,1776592643.645719,1776592643.757649,4.496769,0.108091,-39.991627,0.109000,0.046000,0.000000,0.145947,0.150732,9.581060,-0.041565,-0.029575,-0.414581,23.1090,5.5548,-0.6628,-0.0056,1
1776592643.895190,1966,1776592643.895190,1776592643.895236,1776592643.645719,1776592643.757649,4.495017,0.102242,-40.013821,0.111000,0.051000,0.000000,0.087329,-0.080151,9.520050,-0.004796,-0.006128,-0.410584,23.1090,5.5548,-0.6628,-0.0056,1
1776592643.945218,1967,1776592643.945218,1776592643.945266,1776592643.645719,1776592643.903637,4.493587,0.095739,-40.034733,0.115000,0.067000,0.000000,0.020337,0.411523,9.764092,0.011990,0.004263,-0.375680,23.1090,5.5537,-0.6706,-0.0036,1
1776592643.995237,1968,1776592643.995237,1776592643.995279,1776592643.645719,1776592643.903637,4.492020,0.089409,-40.054993,0.113000,0.065000,0.000000,0.423486,0.141162,9.631305,-0.067143,-0.038900,-0.425238,23.1090,5.5537,-0.6706,-0.0036,1
1776592644.045206,1969,1776592644.045206,1776592644.045253,1776592643.645719,1776592643.903637,4.490290,0.082943,-40.075981,0.116000,0.067000,0.000000,-0.017944,0.289501,10.113408,0.039433,0.031706,-0.371684,23.1090,5.5537,-0.6706,-0.0036,1
1776592644.095222,1970,1776592644.095222,1776592644.045253,1776592643.645719,1776592644.051276,4.488183,0.076831,-40.097939,0.115000,0.059000,0.000000,-0.017944,0.289501,10.113408,0.039433,0.031706,-0.371684,23.1090,5.5515,-0.6774,-0.0017,1
1776592644.145209,1971,1776592644.145209,1776592644.095320,1776592643.645719,1776592644.051276,4.485802,0.070777,-40.120483,0.117000,0.057000,0.000000,0.165088,-0.070581,10.224663,-0.002132,-0.012523,-0.426570,23.1090,5.5515,-0.6774,-0.0017,1
1776592644.195210,1972,1776592644.195210,1776592644.145256,1776592643.645719,1776592644.191648,4.483270,0.065096,-40.142933,0.113000,0.052000,0.000000,0.187817,0.256005,9.790411,-0.040765,-0.015454,-0.417245,23.1090,5.5496,-0.6810,0.0025,1
1776592644.245185,1973,1776592644.245185,1776592644.195253,1776592644.245685,1776592644.191648,4.480536,0.059412,-40.166222,0.115000,0.052000,0.000000,-0.138769,-0.382812,11.660207,-0.052222,-0.027177,-0.433498,23.1110,5.5496,-0.6810,0.0025,1
1776592644.295230,1974,1776592644.295230,1776592644.245230,1776592644.245685,1776592644.191648,4.477830,0.053661,-40.188290,0.114000,0.056000,0.000000,-0.026318,-0.084936,9.762897,0.004529,0.002664,-0.420442,23.1110,5.5496,-0.6810,0.0025,1
1776592644.345194,1975,1776592644.345194,1776592644.295347,1776592644.245685,1776592644.334460,4.474790,0.048257,-40.211372,0.114000,0.049000,0.000000,-0.047851,-0.206958,9.902862,0.005062,0.012523,-0.417245,23.1110,5.5454,-0.6873,0.0071,1
1776592644.395180,1976,1776592644.395180,1776592644.395224,1776592644.245685,1776592644.334460,4.472151,0.042626,-40.231316,0.109000,0.060000,0.000000,0.130395,-0.568236,8.665901,0.061548,0.051689,-0.378345,23.1110,5.5454,-0.6873,0.0071,1
1776592644.445224,1977,1776592644.445224,1776592644.395224,1776592644.245685,1776592644.334460,4.469122,0.037521,-40.253136,0.108000,0.049000,0.000000,0.130395,-0.568236,8.665901,0.061548,0.051689,-0.378345,23.1110,5.5454,-0.6873,0.0071,1
1776592644.495156,1978,1776592644.495156,1776592644.445270,1776592644.245685,1776592644.477655,4.465879,0.032482,-40.275555,0.110000,0.048000,0.000000,0.272753,-0.010767,10.028472,0.004529,-0.015454,-0.404189,23.1110,5.5397,-0.6951,0.0112,1
1776592644.545158,1979,1776592644.545158,1776592644.495197,1776592644.245685,1776592644.477655,4.462500,0.027260,-40.297905,0.113000,0.052000,0.000000,-0.126806,0.104077,9.613360,0.021315,0.015720,-0.373815,23.1110,5.5397,-0.6951,0.0112,1
1776592644.595219,1980,1776592644.595219,1776592644.545203,1776592644.245685,1776592644.477655,4.459602,0.021887,-40.316479,0.105000,0.062000,0.000000,0.334960,0.102881,10.172027,-0.072738,-0.034904,-0.431366,23.1110,5.5397,-0.6951,0.0112,1
1776592644.645217,1981,1776592644.645217,1776592644.645262,1776592644.245685,1776592644.621313,4.456218,0.016754,-40.337727,0.110000,0.055000,0.000000,0.078955,0.126806,10.254570,0.004263,-0.002398,-0.418044,23.1110,5.5327,-0.7037,0.0168,1
1776592644.695187,1982,1776592644.695187,1776592644.645262,1776592644.245685,1776592644.621313,4.452650,0.011939,-40.359562,0.109000,0.050000,0.000000,0.078955,0.126806,10.254570,0.004263,-0.002398,-0.418044,23.1110,5.5327,-0.7037,0.0168,1
1776592644.745160,1983,1776592644.745160,1776592644.745201,1776592644.245685,1776592644.621313,4.448927,0.007515,-40.381702,0.107000,0.044000,0.000000,-0.051440,-0.514403,11.523830,-0.055420,-0.021582,-0.432699,23.1110,5.5327,-0.7037,0.0168,1
1776592644.795164,1984,1776592644.795164,1776592644.745201,1776592644.245685,1776592644.763937,4.445283,0.002926,-40.402351,0.106000,0.050000,0.000000,-0.051440,-0.514403,11.523830,-0.055420,-0.021582,-0.432699,23.1110,5.5254,-0.7107,0.0182,1
1776592644.845152,1985,1776592644.845152,1776592644.845198,1776592644.845678,1776592644.763937,4.441544,-0.001698,-40.423248,0.107000,0.052000,0.000000,0.038281,0.102881,10.388555,-0.009325,0.016519,-0.391933,23.1100,5.5254,-0.7107,0.0182,1
1776592644.895156,1986,1776592644.895156,1776592644.845198,1776592644.845678,1776592644.763937,4.437707,-0.006736,-40.443897,0.111000,0.061000,0.000000,0.038281,0.102881,10.388555,-0.009325,0.016519,-0.391933,23.1100,5.5254,-0.7107,0.0182,1
1776592644.945152,1987,1776592644.945152,1776592644.895216,1776592644.845678,1776592644.906710,4.434143,-0.011428,-40.462498,0.102000,0.059000,0.000000,0.010767,0.259594,9.939946,-0.002931,-0.003730,-0.359161,23.1100,5.5198,-0.7178,0.0201,1
1776592644.995149,1988,1776592644.995149,1776592644.945186,1776592644.845678,1776592644.906710,4.429918,-0.015959,-40.484596,0.112000,0.053000,0.000000,0.305053,-0.788353,10.087090,0.020249,0.017319,-0.369286,23.1100,5.5198,-0.7178,0.0201,1
1776592645.045265,1989,1776592645.045265,1776592644.995192,1776592644.845678,1776592644.906710,4.425765,-0.020605,-40.505192,0.110000,0.058000,0.000000,0.043066,0.189013,9.939946,0.035703,0.022647,-0.387670,23.1100,5.5198,-0.7178,0.0201,1
1776592645.095148,1990,1776592645.095148,1776592645.045317,1776592644.845678,1776592645.049969,4.421079,-0.025197,-40.528637,0.119000,0.056000,0.000000,0.051440,-0.208154,9.522443,0.006395,0.011457,-0.390601,23.1100,5.5133,-0.7244,0.0191,1
1776592645.145194,1991,1776592645.145194,1776592645.145238,1776592644.845678,1776592645.049969,4.416748,-0.029539,-40.549706,0.109000,0.056000,0.000000,0.071777,-0.340942,8.701790,0.066344,0.057817,-0.361026,23.1100,5.5133,-0.7244,0.0191,1
1776592645.195206,1992,1776592645.195206,1776592645.145238,1776592644.845678,1776592645.193189,4.412052,-0.034078,-40.571758,0.116000,0.060000,0.000000,0.071777,-0.340942,8.701790,0.066344,0.057817,-0.361026,23.1100,5.5060,-0.7284,0.0209,1
1776592645.245142,1993,1776592645.245142,1776592645.245187,1776592644.845678,1776592645.193189,4.407582,-0.038159,-40.592331,0.108000,0.055000,0.000000,-0.206958,0.165088,9.700689,0.012523,0.017585,-0.365023,23.1100,5.5060,-0.7284,0.0209,1
1776592645.295098,1994,1776592645.295098,1776592645.245187,1776592644.845678,1776592645.193189,4.402544,-0.042271,-40.615509,0.118000,0.055000,0.000000,-0.206958,0.165088,9.700689,0.012523,0.017585,-0.365023,23.1100,5.5060,-0.7284,0.0209,1
1776592645.345109,1995,1776592645.345109,1776592645.295143,1776592644.845678,1776592645.336182,4.397885,-0.046571,-40.635662,0.110000,0.063000,0.000000,0.265576,0.189013,9.621735,-0.055153,-0.039433,-0.403390,23.1100,5.4987,-0.7299,0.0266,1
1776592645.395138,1996,1776592645.395138,1776592645.345153,1776592644.845678,1776592645.336182,4.393078,-0.050483,-40.656574,0.110000,0.057000,0.000000,-0.055029,-0.302661,9.515265,0.049025,0.038101,-0.366888,23.1100,5.4987,-0.7299,0.0266,1
1776592645.445171,1997,1776592645.445171,1776592645.445218,1776592645.445621,1776592645.336182,4.388355,-0.054365,-40.676136,0.107000,0.059000,0.000000,0.108862,0.263183,9.886114,0.003997,0.002664,-0.380743,23.1120,5.4987,-0.7299,0.0266,1
1776592645.495088,1998,1776592645.495088,1776592645.445218,1776592645.445621,1776592645.480451,4.383512,-0.058105,-40.696152,0.108000,0.058000,0.000000,0.108862,0.263183,9.886114,0.003997,0.002664,-0.380743,23.1120,5.4906,-0.7297,0.0306,1
1776592645.545186,1999,1776592645.545186,1776592645.495146,1776592645.445621,1776592645.480451,4.378548,-0.061915,-40.716290,0.109000,0.061000,0.000000,0.235668,0.245239,9.624126,-0.062880,-0.038367,-0.403124,23.1120,5.4906,-0.7297,0.0306,1
1776592645.595068,2000,1776592645.595068,1776592645.595109,1776592645.445621,1776592645.480451,4.373518,-0.065510,-40.736794,0.109000,0.059000,0.000000,-0.035889,0.240454,9.981816,-0.003730,-0.005862,-0.398328,23.1120,5.4906,-0.7297,0.0306,1
1776592645.645147,2001,1776592645.645147,1776592645.595109,1776592645.445621,1776592645.622573,4.368173,-0.069290,-40.757725,0.114000,0.064000,0.000000,-0.035889,0.240454,9.981816,-0.003730,-0.005862,-0.398328,23.1120,5.4821,-0.7278,0.0305,1
1776592645.695134,2002,1776592645.695134,1776592645.695183,1776592645.445621,1776592645.622573,4.363095,-0.072772,-40.776970,0.107000,0.061000,0.000000,0.016748,0.058618,11.237918,-0.072472,-0.038101,-0.420975,23.1120,5.4821,-0.7278,0.0305,1
1776592645.745145,2003,1776592645.745145,1776592645.745191,1776592645.445621,1776592645.622573,4.357700,-0.076173,-40.797726,0.112000,0.061000,0.000000,0.129199,0.038281,9.924395,0.014921,0.022381,-0.412982,23.1120,5.4821,-0.7278,0.0305,1
1776592645.795081,2004,1776592645.795081,1776592645.745191,1776592645.445621,1776592645.768561,4.352347,-0.079553,-40.817799,0.110000,0.063000,0.000000,0.129199,0.038281,9.924395,0.014921,0.022381,-0.412982,23.1120,5.4723,-0.7229,0.0296,1
1776592645.845109,2005,1776592645.845109,1776592645.795124,1776592645.445621,1776592645.768561,4.346667,-0.082835,-40.839359,0.115000,0.063000,0.000000,-0.033496,-0.102881,10.198344,-0.006128,0.006927,-0.402058,23.1120,5.4723,-0.7229,0.0296,1
1776592645.895112,2006,1776592645.895112,1776592645.895156,1776592645.445621,1776592645.768561,4.341421,-0.085842,-40.858261,0.105000,0.060000,0.000000,0.013159,-0.740502,10.524931,-0.005062,0.004796,-0.400459,23.1120,5.4723,-0.7229,0.0296,1
1776592645.945123,2007,1776592645.945123,1776592645.895156,1776592645.445621,1776592645.914059,4.336021,-0.088549,-40.878517,0.107000,0.056000,0.000000,0.013159,-0.740502,10.524931,-0.005062,0.004796,-0.400459,23.1120,5.4632,-0.7190,0.0307,1
1776592645.995073,2008,1776592645.995073,1776592645.995117,1776592645.445621,1776592645.914059,4.330564,-0.091441,-40.897999,0.107000,0.062000,0.000000,0.049048,-0.174658,9.631305,0.011457,0.005062,-0.370085,23.1120,5.4632,-0.7190,0.0307,1
1776592646.045069,2009,1776592646.045069,1776592646.045114,1776592646.045846,1776592645.914059,4.324854,-0.094069,-40.918896,0.111000,0.059000,0.000000,0.165088,0.167480,9.536798,-0.051956,-0.035170,-0.390068,23.1110,5.4632,-0.7190,0.0307,1
1776592646.095110,2010,1776592646.095110,1776592646.095150,1776592646.045846,1776592646.059508,4.319278,-0.096694,-40.938614,0.107000,0.061000,0.000000,0.019141,-0.952244,9.130060,0.049824,0.036236,-0.375680,23.1110,5.4542,-0.7169,0.0316,1
1776592646.145066,2011,1776592646.145066,1776592646.095150,1776592646.045846,1776592646.059508,4.313629,-0.098498,-40.960793,0.109000,0.047000,0.000000,0.019141,-0.952244,9.130060,0.049824,0.036236,-0.375680,23.1110,5.4542,-0.7169,0.0316,1
1776592646.195177,2012,1776592646.195177,1776592646.145111,1776592646.045846,1776592646.059508,4.308155,-0.100361,-40.980888,0.104000,0.050000,0.000000,-0.066992,0.161499,9.899273,0.001865,-0.012256,-0.404189,23.1110,5.4542,-0.7169,0.0316,1
1776592646.247622,2013,1776592646.247622,1776592646.195221,1776592646.045846,1776592646.205493,4.301809,-0.102167,-41.005173,0.115000,0.051000,0.000000,-0.055029,-0.137573,9.565509,0.018651,0.000266,-0.389535,23.1110,5.4471,-0.7123,0.0302,1
1776592646.295464,2014,1776592646.295464,1776592646.247670,1776592646.045846,1776592646.205493,4.296320,-0.103972,-41.024693,0.107000,0.056000,0.000000,0.196191,0.183032,9.673175,-0.059150,-0.036769,-0.424705,23.1110,5.4471,-0.7123,0.0302,1
1776592646.345033,2015,1776592646.345033,1776592646.345075,1776592646.045846,1776592646.205493,4.290494,-0.105207,-41.047443,0.111000,0.046000,0.000000,0.130395,-0.139966,9.833477,-0.011457,-0.021582,-0.424439,23.1110,5.4471,-0.7123,0.0302,1
1776592646.395055,2016,1776592646.395055,1776592646.345075,1776592646.045846,1776592646.351862,4.284677,-0.106134,-41.070553,0.110000,0.042000,0.000000,0.130395,-0.139966,9.833477,-0.011457,-0.021582,-0.424439,23.1110,5.4377,-0.7105,0.0267,1
1776592646.445026,2017,1776592646.445026,1776592646.395094,1776592646.045846,1776592646.351862,4.278972,-0.106390,-41.095188,0.110000,0.031000,0.000000,-0.029907,-0.071777,9.382477,0.013322,0.012256,-0.417245,23.1110,5.4377,-0.7105,0.0267,1
1776592646.495036,2018,1776592646.495036,1776592646.495081,1776592646.045846,1776592646.351862,4.273401,-0.106749,-41.118294,0.106000,0.035000,0.000000,-0.104077,-0.149536,9.212605,0.066610,0.037834,-0.422840,23.1110,5.4377,-0.7105,0.0267,1
1776592646.545132,2019,1776592646.545132,1776592646.545187,1776592646.045846,1776592646.497330,4.267938,-0.106546,-41.143089,0.106000,0.026000,0.000000,0.021533,-0.022729,10.404106,0.000266,-0.001066,-0.459875,23.1110,5.4306,-0.7066,0.0257,1
1776592646.595031,2020,1776592646.595031,1776592646.545187,1776592646.045846,1776592646.497330,4.262163,-0.106627,-41.167240,0.110000,0.036000,0.000000,0.021533,-0.022729,10.404106,0.000266,-0.001066,-0.459875,23.1110,5.4306,-0.7066,0.0257,1
1776592646.645017,2021,1776592646.645017,1776592646.645061,1776592646.645422,1776592646.642181,4.256663,-0.106348,-41.190884,0.106000,0.030000,0.000000,0.130395,0.013159,11.365920,-0.070340,-0.044762,-0.483056,23.1100,5.4258,-0.7008,0.0266,1
1776592646.695037,2022,1776592646.695037,1776592646.645061,1776592646.645422,1776592646.642181,4.250911,-0.106643,-41.212242,0.106000,0.045000,0.000000,0.130395,0.013159,11.365920,-0.070340,-0.044762,-0.483056,23.1100,5.4258,-0.7008,0.0266,1
1776592646.745011,2023,1776592646.745011,1776592646.745059,1776592646.645422,1776592646.642181,4.244835,-0.106957,-41.234581,0.111000,0.050000,0.000000,-0.002393,-0.110058,10.417265,0.003730,-0.004796,-0.427903,23.1100,5.4258,-0.7008,0.0266,1
1776592646.794988,2024,1776592646.794988,1776592646.745059,1776592646.645422,1776592646.789023,4.238622,-0.107190,-41.257221,0.113000,0.052000,0.000000,-0.002393,-0.110058,10.417265,0.003730,-0.004796,-0.427903,23.1100,5.4230,-0.6932,0.0274,1
1776592646.845009,2025,1776592646.845009,1776592646.795033,1776592646.645422,1776592646.789023,4.232705,-0.107088,-41.279430,0.109000,0.046000,0.000000,0.132788,0.235668,9.847833,-0.004263,-0.003730,-0.407653,23.1100,5.4230,-0.6932,0.0274,1
1776592646.895010,2026,1776592646.895010,1776592646.895052,1776592646.645422,1776592646.789023,4.226552,-0.107018,-41.301632,0.112000,0.051000,0.000000,0.102881,-0.055029,10.243803,0.015187,0.021049,-0.423640,23.1100,5.4230,-0.6932,0.0274,1
1776592646.945087,2027,1776592646.945087,1776592646.945130,1776592646.645422,1776592646.933986,4.220013,-0.107125,-41.323765,0.116000,0.060000,0.000000,-0.020337,-0.204565,9.602593,0.002398,0.022115,-0.441225,23.1100,5.4201,-0.6864,0.0313,1
1776592646.994995,2028,1776592646.994995,1776592646.945130,1776592646.645422,1776592646.933986,4.213843,-0.106425,-41.348370,0.116000,0.045000,0.000000,-0.020337,-0.204565,9.602593,0.002398,0.022115,-0.441225,23.1100,5.4201,-0.6864,0.0313,1
1776592647.045002,2029,1776592647.045002,1776592646.995057,1776592646.645422,1776592646.933986,4.207874,-0.105737,-41.371223,0.111000,0.046000,0.000000,0.022729,0.311035,9.748541,-0.031973,-0.007194,-0.436162,23.1100,5.4201,-0.6864,0.0313,1
1776592647.095037,2030,1776592647.095037,1776592647.045043,1776592646.645422,1776592647.080625,4.201901,-0.104843,-41.394238,0.112000,0.045000,0.000000,0.090918,-0.306249,8.670687,0.082863,0.065011,-0.381809,23.1100,5.4161,-0.6763,0.0365,1
1776592647.144993,2031,1776592647.144993,1776592647.145038,1776592646.645422,1776592647.080625,4.195861,-0.104164,-41.416019,0.110000,0.052000,0.000000,-0.034692,0.275146,9.480573,0.006661,0.014654,-0.400459,23.1100,5.4161,-0.6763,0.0365,1
1776592647.194984,2032,1776592647.194984,1776592647.195046,1776592646.645422,1776592647.080625,4.189734,-0.103230,-41.439014,0.113000,0.051000,0.000000,0.137573,0.227294,9.600202,-0.059150,-0.016786,-0.415380,23.1100,5.4161,-0.6763,0.0365,1
1776592647.244971,2033,1776592647.244971,1776592647.195046,1776592647.245626,1776592647.225374,4.183625,-0.102695,-41.458908,0.107000,0.060000,0.000000,0.137573,0.227294,9.600202,-0.059150,-0.016786,-0.415380,23.1130,5.4130,-0.6686,0.0421,1
1776592647.294984,2034,1776592647.294984,1776592647.245011,1776592647.245626,1776592647.225374,4.177670,-0.101836,-41.479160,0.107000,0.055000,0.000000,-0.259594,0.270361,9.795196,0.059683,0.037302,-0.366621,23.1130,5.4130,-0.6686,0.0421,1
1776592647.345030,2035,1776592647.345030,1776592647.345078,1776592647.245626,1776592647.225374,4.171878,-0.100654,-41.500080,0.107000,0.050000,0.000000,-0.026318,0.108862,9.850225,0.005595,-0.005062,-0.367687,23.1130,5.4130,-0.6686,0.0421,1
1776592647.394970,2036,1776592647.394970,1776592647.345078,1776592647.245626,1776592647.371541,4.165779,-0.099148,-41.523350,0.115000,0.051000,0.000000,-0.026318,0.108862,9.850225,0.005595,-0.005062,-0.367687,23.1130,5.4098,-0.6609,0.0475,1
1776592647.444960,2037,1776592647.444960,1776592647.445000,1776592647.245626,1776592647.371541,4.160311,-0.097473,-41.545547,0.106000,0.043000,0.000000,-0.129199,0.330175,9.916021,0.050890,0.026644,-0.364490,23.1130,5.4098,-0.6609,0.0475,1
1776592647.494967,2038,1776592647.494967,1776592647.495150,1776592647.245626,1776592647.371541,4.154134,-0.096092,-41.566601,0.112000,0.059000,0.000000,0.136377,-0.178247,10.039238,0.003197,-0.019450,-0.414314,23.1130,5.4098,-0.6609,0.0475,1
1776592647.544972,2039,1776592647.544972,1776592647.545019,1776592647.245626,1776592647.517102,4.148170,-0.094676,-41.586601,0.108000,0.058000,0.000000,0.093310,0.360082,9.782037,-0.017585,-0.007460,-0.395663,23.1130,5.4065,-0.6558,0.0515,1
1776592647.595010,2040,1776592647.595010,1776592647.595075,1776592647.245626,1776592647.517102,4.142025,-0.093290,-41.606312,0.109000,0.063000,0.000000,0.155517,0.021533,10.779740,-0.079133,-0.041298,-0.405522,23.1130,5.4065,-0.6558,0.0515,1
1776592647.644964,2041,1776592647.644964,1776592647.595075,1776592647.245626,1776592647.517102,4.136021,-0.091678,-41.626698,0.109000,0.060000,0.000000,0.155517,0.021533,10.779740,-0.079133,-0.041298,-0.405522,23.1130,5.4065,-0.6558,0.0515,1
1776592647.694985,2042,1776592647.694985,1776592647.695021,1776592647.245626,1776592647.662676,4.129691,-0.089941,-41.647354,0.114000,0.065000,0.000000,-0.081347,-0.078955,10.253374,-0.009592,-0.001599,-0.399127,23.1130,5.4042,-0.6511,0.0576,1
1776592647.744950,2043,1776592647.744950,1776592647.744997,1776592647.245626,1776592647.662676,4.123514,-0.087972,-41.668140,0.114000,0.062000,0.000000,0.026318,0.194995,9.570294,-0.040499,-0.019450,-0.401525,23.1130,5.4042,-0.6511,0.0576,1
1776592647.794996,2044,1776592647.794996,1776592647.744997,1776592647.245626,1776592647.662676,4.117326,-0.086047,-41.688259,0.112000,0.065000,0.000000,0.026318,0.194995,9.570294,-0.040499,-0.019450,-0.401525,23.1130,5.4042,-0.6511,0.0576,1
1776592647.844970,2045,1776592647.844970,1776592647.845009,1776592647.845348,1776592647.808265,4.111482,-0.083807,-41.709496,0.111000,0.058000,0.000000,-0.203369,0.265576,9.469806,0.012523,0.013855,-0.397528,23.1130,5.4038,-0.6486,0.0677,1
1776592647.895049,2046,1776592647.895049,1776592647.845009,1776592647.845348,1776592647.808265,4.105341,-0.081588,-41.730129,0.113000,0.065000,0.000000,-0.203369,0.265576,9.469806,0.012523,0.013855,-0.397528,23.1130,5.4038,-0.6486,0.0677,1
1776592647.944987,2047,1776592647.944987,1776592647.895104,1776592647.845348,1776592647.808265,4.099319,-0.079077,-41.751354,0.115000,0.062000,0.000000,0.019141,-0.101684,9.626519,0.011723,-0.004529,-0.390068,23.1130,5.4038,-0.6486,0.0677,1
1776592647.994981,2048,1776592647.994981,1776592647.945036,1776592647.845348,1776592647.954949,4.093288,-0.076608,-41.771801,0.113000,0.065000,0.000000,0.202172,0.077759,9.767681,-0.065278,-0.046361,-0.407653,23.1130,5.4034,-0.6483,0.0762,1
1776592648.044934,2049,1776592648.044934,1776592647.995044,1776592647.845348,1776592647.954949,4.087574,-0.073948,-41.792931,0.111000,0.060000,0.000000,0.163891,-0.712987,8.529525,0.068209,0.046094,-0.375947,23.1130,5.4034,-0.6483,0.0762,1
1776592648.094981,2050,1776592648.094981,1776592648.044975,1776592647.845348,1776592647.954949,4.081685,-0.071199,-41.813599,0.113000,0.064000,0.000000,-0.046655,0.077759,10.065557,-0.002398,-0.012789,-0.402857,23.1130,5.4034,-0.6483,0.0762,1
1776592648.144919,2051,1776592648.144919,1776592648.095032,1776592647.845348,1776592648.099807,4.076422,-0.068439,-41.833076,0.105000,0.056000,0.000000,0.069385,0.095703,9.632501,0.008526,-0.001332,-0.370884,23.1130,5.4022,-0.6455,0.0817,1
1776592648.194953,2052,1776592648.194953,1776592648.195012,1776592647.845348,1776592648.099807,4.071512,-0.065311,-41.854340,0.106000,0.048000,0.000000,0.059814,-0.129199,10.083501,0.051156,0.005062,-0.400459,23.1130,5.4022,-0.6455,0.0817,1
1776592648.244957,2053,1776592648.244957,1776592648.244997,1776592647.845348,1776592648.245981,4.066624,-0.061816,-41.877396,0.111000,0.046000,0.000000,-0.004785,-0.172265,10.114605,-0.013855,-0.007993,-0.436429,23.1130,5.4003,-0.6421,0.0850,1
1776592648.294904,2054,1776592648.294904,1776592648.244997,1776592647.845348,1776592648.245981,4.061756,-0.058196,-41.900570,0.112000,0.047000,0.000000,-0.004785,-0.172265,10.114605,-0.013855,-0.007993,-0.436429,23.1130,5.4003,-0.6421,0.0850,1
1776592648.344947,2055,1776592648.344947,1776592648.294944,1776592647.845348,1776592648.245981,4.056974,-0.054681,-41.921940,0.108000,0.049000,0.000000,0.153125,0.196191,9.900469,-0.011190,-0.000266,-0.419643,23.1130,5.4003,-0.6421,0.0850,1
1776592648.394987,2056,1776592648.394987,1776592648.395028,1776592647.845348,1776592648.392198,4.052910,-0.050779,-41.945358,0.107000,0.035000,0.000000,0.143554,0.166284,10.332329,0.018917,0.008526,-0.430833,23.1130,5.3984,-0.6431,0.0872,1
1776592648.444895,2057,1776592648.444895,1776592648.395028,1776592648.446978,1776592648.392198,4.048391,-0.046684,-41.969513,0.114000,0.044000,0.000000,0.143554,0.166284,10.332329,0.018917,0.008526,-0.430833,23.1140,5.3984,-0.6431,0.0872,1
1776592648.494900,2058,1776592648.494900,1776592648.444933,1776592648.446978,1776592648.392198,4.044219,-0.042075,-41.996468,0.119000,0.036000,0.000000,0.118432,-0.193798,9.634893,0.014121,0.001865,-0.455080,23.1140,5.3984,-0.6431,0.0872,1
1776592648.545054,2059,1776592648.545054,1776592648.494941,1776592648.446978,1776592648.537674,4.039461,-0.037869,-42.018986,0.115000,0.053000,0.000000,0.133984,0.271557,9.758111,-0.035170,-0.019184,-0.471066,23.1140,5.3985,-0.6413,0.0908,1
1776592648.594884,2060,1776592648.594884,1776592648.545126,1776592648.446978,1776592648.537674,4.035527,-0.033187,-42.044697,0.117000,0.037000,0.000000,0.144751,-0.421093,8.476888,0.070873,0.046361,-0.457478,23.1140,5.3985,-0.6413,0.0908,1
1776592648.644944,2061,1776592648.644944,1776592648.644999,1776592648.446978,1776592648.537674,4.031342,-0.028574,-42.069378,0.116000,0.045000,0.000000,0.108862,-0.025122,9.594220,0.007727,-0.002931,-0.455080,23.1140,5.3985,-0.6413,0.0908,1
1776592648.694915,2062,1776592648.694915,1776592648.694976,1776592648.446978,1776592648.682865,4.027417,-0.023660,-42.095112,0.119000,0.041000,0.000000,0.169873,0.183032,9.593023,-0.065278,-0.037302,-0.488651,23.1140,5.3971,-0.6378,0.0935,1
1776592648.745802,2063,1776592648.745802,1776592648.694976,1776592648.446978,1776592648.682865,4.023307,-0.018955,-42.118317,0.113000,0.048000,0.000000,0.169873,0.183032,9.593023,-0.065278,-0.037302,-0.488651,23.1140,5.3971,-0.6378,0.0935,1
1776592648.794962,2064,1776592648.794962,1776592648.745857,1776592648.446978,1776592648.682865,4.019289,-0.014317,-42.140968,0.114000,0.051000,0.000000,0.021533,0.217724,10.206718,0.041298,0.031440,-0.423107,23.1140,5.3971,-0.6378,0.0935,1
1776592648.844849,2065,1776592648.844849,1776592648.795029,1776592648.446978,1776592648.829108,4.015872,-0.009463,-42.165127,0.112000,0.040000,0.000000,0.098096,-0.123218,10.096661,-0.007460,-0.010125,-0.449218,23.1140,5.3950,-0.6323,0.0974,1
1776592648.894914,2066,1776592648.894914,1776592648.894987,1776592648.446978,1776592648.829108,4.012283,-0.004843,-42.186703,0.107000,0.047000,0.000000,-0.058618,-0.608910,11.594411,-0.054087,-0.027177,-0.465471,23.1140,5.3950,-0.6323,0.0974,1
1776592648.944880,2067,1776592648.944880,1776592648.894987,1776592648.446978,1776592648.829108,4.009252,-0.000102,-42.209339,0.106000,0.038000,0.000000,-0.058618,-0.608910,11.594411,-0.054087,-0.027177,-0.465471,23.1140,5.3950,-0.6323,0.0974,1
1776592648.994837,2068,1776592648.994837,1776592648.944921,1776592648.446978,1776592648.976251,4.006730,0.004736,-42.233219,0.105000,0.030000,0.000000,-0.100488,-0.034692,9.654034,-0.011990,0.015454,-0.462007,23.1140,5.3912,-0.6256,0.1020,1
1776592649.044844,2069,1776592649.044844,1776592648.994874,1776592648.446978,1776592648.976251,4.004269,0.009932,-42.258873,0.111000,0.030000,0.000000,0.023926,-0.191406,10.218681,-0.005595,0.010125,-0.447353,23.1140,5.3912,-0.6256,0.1020,1
1776592649.094902,2070,1776592649.094902,1776592649.094943,1776592649.046111,1776592648.976251,4.002024,0.014651,-42.281548,0.100000,0.030000,0.000000,-0.163891,-0.576610,10.511771,0.006128,0.031173,-0.469201,23.1170,5.3912,-0.6256,0.1020,1
1776592649.145033,2071,1776592649.145033,1776592649.145076,1776592649.046111,1776592649.120954,3.999933,0.019434,-42.304607,0.100000,0.029000,0.000000,0.026318,0.446215,9.256866,0.006395,0.017052,-0.422307,23.1170,5.3879,-0.6200,0.1074,1
1776592649.194844,2072,1776592649.194844,1776592649.194882,1776592649.046111,1776592649.120954,3.997162,0.024247,-42.325031,0.102000,0.045000,0.000000,0.031103,0.063403,9.844244,0.006927,-0.005062,-0.402324,23.1170,5.3879,-0.6200,0.1074,1
1776592649.244855,2073,1776592649.244855,1776592649.244900,1776592649.046111,1776592649.120954,3.994014,0.029295,-42.345085,0.106000,0.054000,0.000000,0.282324,0.098096,9.593023,-0.033305,-0.027177,-0.355165,23.1170,5.3879,-0.6200,0.1074,1
1776592649.294836,2074,1776592649.294836,1776592649.294875,1776592649.046111,1776592649.267688,3.990843,0.034043,-42.362778,0.099000,0.057000,0.000000,-0.019141,-0.679491,11.213992,-0.018651,-0.018651,-0.377013,23.1170,5.3848,-0.6168,0.1100,1
1776592649.344862,2075,1776592649.344862,1776592649.344908,1776592649.046111,1776592649.267688,3.987839,0.039155,-42.382637,0.105000,0.055000,0.000000,-0.026318,0.382812,9.424347,0.021582,0.012523,-0.376213,23.1170,5.3848,-0.6168,0.1100,1
1776592649.394850,2076,1776592649.394850,1776592649.394895,1776592649.046111,1776592649.267688,3.984482,0.044559,-42.402683,0.110000,0.064000,0.000000,0.032300,-0.032300,10.090679,-0.019184,-0.014654,-0.381542,23.1170,5.3848,-0.6168,0.1100,1
1776592649.444883,2077,1776592649.444883,1776592649.394895,1776592649.046111,1776592649.413694,3.981229,0.050284,-42.424198,0.115000,0.064000,0.000000,0.032300,-0.032300,10.090679,-0.019184,-0.014654,-0.381542,23.1170,5.3806,-0.6119,0.1145,1
1776592649.494819,2078,1776592649.494819,1776592649.494859,1776592649.046111,1776592649.413694,3.978154,0.055867,-42.444122,0.111000,0.063000,0.000000,-0.019141,-0.653173,10.804862,-0.014654,-0.001599,-0.407387,23.1170,5.3806,-0.6119,0.1145,1
1776592649.544827,2079,1776592649.544827,1776592649.544879,1776592649.046111,1776592649.413694,3.975533,0.061406,-42.464725,0.109000,0.056000,0.000000,-0.013159,0.283520,9.493731,0.007727,0.014921,-0.392999,23.1170,5.3806,-0.6119,0.1145,1
1776592649.594812,2080,1776592649.594812,1776592649.594853,1776592649.046111,1776592649.559107,3.972686,0.067164,-42.485172,0.112000,0.063000,0.000000,0.043066,-0.084936,9.301129,0.018917,0.009592,-0.381809,23.1170,5.3785,-0.6100,0.1154,1
1776592649.644840,2081,1776592649.644840,1776592649.594853,1776592649.046111,1776592649.559107,3.970042,0.073479,-42.508736,0.122000,0.062000,0.000000,0.043066,-0.084936,9.301129,0.018917,0.009592,-0.381809,23.1170,5.3785,-0.6100,0.1154,1
1776592649.694840,2082,1776592649.694840,1776592649.644895,1776592649.646506,1776592649.559107,3.967505,0.079404,-42.529385,0.113000,0.062000,0.000000,0.153125,0.130395,9.548760,-0.067676,-0.045295,-0.430833,23.1180,5.3785,-0.6100,0.1154,1
1776592649.744823,2083,1776592649.744823,1776592649.694880,1776592649.646506,1776592649.705365,3.965440,0.085335,-42.551174,0.113000,0.055000,0.000000,0.100488,-0.781175,8.384774,0.056752,0.054887,-0.411916,23.1180,5.3767,-0.6072,0.1159,1
1776592649.794789,2084,1776592649.794789,1776592649.744886,1776592649.646506,1776592649.705365,3.963362,0.091380,-42.572910,0.114000,0.058000,0.000000,-0.044263,-0.031103,10.103838,-0.004529,-0.021315,-0.426304,23.1180,5.3767,-0.6072,0.1159,1
1776592649.844882,2085,1776592649.844882,1776592649.794826,1776592649.646506,1776592649.705365,3.961521,0.097212,-42.593899,0.109000,0.055000,0.000000,0.058618,0.116040,9.472198,0.010658,-0.003997,-0.399127,23.1180,5.3767,-0.6072,0.1159,1
1776592649.894901,2086,1776592649.894901,1776592649.844929,1776592649.646506,1776592649.851771,3.960269,0.102834,-42.615307,0.106000,0.045000,0.000000,0.071777,-0.401952,11.797780,-0.054354,-0.053288,-0.439093,23.1180,5.3738,-0.6081,0.1163,1
1776592649.944822,2087,1776592649.944822,1776592649.894939,1776592649.646506,1776592649.851771,3.958956,0.108814,-42.637619,0.112000,0.050000,0.000000,-0.038281,0.181836,10.333525,0.053022,0.006927,-0.399127,23.1180,5.3738,-0.6081,0.1163,1
1776592649.994788,2088,1776592649.994788,1776592649.944877,1776592649.646506,1776592649.851771,3.957967,0.114990,-42.661957,0.116000,0.047000,0.000000,0.049048,-0.346923,10.081108,0.006128,-0.008526,-0.430034,23.1180,5.3738,-0.6081,0.1163,1
1776592650.044809,2089,1776592650.044809,1776592650.044853,1776592649.646506,1776592649.998505,3.956606,0.121172,-42.683666,0.113000,0.057000,0.000000,0.072973,-0.662743,9.146809,0.032506,0.031440,-0.440958,23.1180,5.3711,-0.6084,0.1149,1
1776592650.094780,2090,1776592650.094780,1776592650.094818,1776592649.646506,1776592649.998505,3.956137,0.127114,-42.707554,0.112000,0.041000,0.000000,0.119629,0.055029,9.845440,0.006661,0.019450,-0.434564,23.1180,5.3711,-0.6084,0.1149,1
1776592650.144786,2091,1776592650.144786,1776592650.144826,1776592649.646506,1776592650.143638,3.955508,0.133109,-42.730106,0.111000,0.047000,0.000000,0.075366,0.021533,9.291559,0.014654,0.012256,-0.426837,23.1180,5.3699,-0.6097,0.1172,1
1776592650.194897,2092,1776592650.194897,1776592650.194940,1776592649.646506,1776592650.143638,3.955346,0.139495,-42.756012,0.120000,0.043000,0.000000,0.173462,0.218920,9.432721,-0.051423,-0.023447,-0.464405,23.1180,5.3699,-0.6097,0.1172,1
1776592650.244929,2093,1776592650.244929,1776592650.194940,1776592650.245633,1776592650.143638,3.954823,0.145742,-42.778778,0.114000,0.052000,0.000000,0.173462,0.218920,9.432721,-0.051423,-0.023447,-0.464405,23.1160,5.3699,-0.6097,0.1172,1
1776592650.294784,2094,1776592650.294784,1776592650.244975,1776592650.245633,1776592650.290245,3.954752,0.151805,-42.801960,0.113000,0.045000,0.000000,-0.163891,0.008374,9.213800,0.066344,0.035703,-0.425238,23.1160,5.3692,-0.6138,0.1207,1
1776592650.344838,2095,1776592650.344838,1776592650.294826,1776592650.245633,1776592650.290245,3.954877,0.157761,-42.824982,0.111000,0.043000,0.000000,0.133984,-0.105273,9.380084,-0.005062,-0.012523,-0.479858,23.1160,5.3692,-0.6138,0.1207,1
1776592650.394759,2096,1776592650.394759,1776592650.344894,1776592650.245633,1776592650.290245,3.954991,0.163491,-42.846901,0.106000,0.044000,0.000000,-0.143554,0.284716,9.752130,0.004263,-0.003730,-0.418311,23.1160,5.3692,-0.6138,0.1207,1
1776592650.444772,2097,1776592650.444772,1776592650.444816,1776592650.245633,1776592650.435677,3.954667,0.169433,-42.866856,0.105000,0.056000,0.000000,-0.009570,0.119629,10.302422,0.044495,0.019450,-0.375414,23.1160,5.3699,-0.6174,0.1246,1
1776592650.494810,2098,1776592650.494810,1776592650.444816,1776592650.245633,1776592650.435677,3.954595,0.175430,-42.887520,0.107000,0.054000,0.000000,-0.009570,0.119629,10.302422,0.044495,0.019450,-0.375414,23.1160,5.3699,-0.6174,0.1246,1
1776592650.544752,2099,1776592650.544752,1776592650.494850,1776592650.245633,1776592650.435677,3.954735,0.181369,-42.908146,0.107000,0.052000,0.000000,0.172265,0.044263,10.307207,-0.003197,-0.017851,-0.390601,23.1160,5.3699,-0.6174,0.1246,1
1776592650.594748,2100,1776592650.594748,1776592650.544802,1776592650.245633,1776592650.582527,3.954934,0.187404,-42.928795,0.108000,0.054000,0.000000,0.118432,0.306249,9.716241,-0.011723,-0.008793,-0.381276,23.1160,5.3702,-0.6201,0.1281,1
1776592650.644763,2101,1776592650.644763,1776592650.594785,1776592650.245633,1776592650.582527,3.955587,0.193304,-42.951202,0.109000,0.047000,0.000000,0.299072,-0.124414,10.943631,-0.077800,-0.046627,-0.422574,23.1160,5.3702,-0.6201,0.1281,1
1776592650.694798,2102,1776592650.694798,1776592650.644809,1776592650.245633,1776592650.582527,3.956115,0.199346,-42.972569,0.109000,0.053000,0.000000,-0.001196,0.183032,9.844244,0.019184,0.022914,-0.404722,23.1160,5.3702,-0.6201,0.1281,1
1776592650.744757,2103,1776592650.744757,1776592650.694839,1776592650.245633,1776592650.728323,3.956892,0.205464,-42.994747,0.112000,0.052000,0.000000,0.101684,-0.271557,10.359843,-0.001066,0.007194,-0.409252,23.1160,5.3710,-0.6250,0.1289,1
1776592650.794863,2104,1776592650.794863,1776592650.744814,1776592650.245633,1776592650.728323,3.958117,0.210960,-43.016598,0.105000,0.040000,0.000000,0.153125,0.157910,9.584649,-0.039433,-0.014921,-0.422307,23.1160,5.3710,-0.6250,0.1289,1
1776592650.844755,2105,1776592650.844755,1776592650.794902,1776592650.245633,1776592650.728323,3.959436,0.216903,-43.040096,0.113000,0.046000,0.000000,-0.105273,-0.540722,11.430520,-0.045295,-0.021582,-0.440692,23.1160,5.3710,-0.6250,0.1289,1
1776592650.894734,2106,1776592650.894734,1776592650.844800,1776592650.845905,1776592650.874937,3.960659,0.222749,-43.062336,0.109000,0.049000,0.000000,0.026318,-0.150732,9.722222,-0.001865,0.003730,-0.440692,23.1170,5.3732,-0.6326,0.1318,1
1776592650.944771,2107,1776592650.944771,1776592650.894772,1776592650.845905,1776592650.874937,3.962731,0.228278,-43.087654,0.113000,0.034000,0.000000,0.014355,-0.271557,10.028472,-0.002398,0.026378,-0.441758,23.1170,5.3732,-0.6326,0.1318,1
1776592650.994764,2108,1776592650.994764,1776592650.944814,1776592650.845905,1776592650.874937,3.964448,0.233374,-43.109352,0.101000,0.037000,0.000000,-0.002393,0.181836,9.509283,-0.035969,-0.023447,-0.460941,23.1170,5.3732,-0.6326,0.1318,1
1776592651.044778,2109,1776592651.044778,1776592651.044822,1776592650.845905,1776592651.020100,3.966397,0.238267,-43.131058,0.100000,0.033000,0.000000,-0.034692,0.220117,9.394440,0.011723,-0.012523,-0.418844,23.1170,5.3743,-0.6426,0.1346,1
1776592651.094763,2110,1776592651.094763,1776592651.044822,1776592650.845905,1776592651.020100,3.968075,0.243443,-43.151302,0.100000,0.043000,0.000000,-0.034692,0.220117,9.394440,0.011723,-0.012523,-0.418844,23.1170,5.3743,-0.6426,0.1346,1
1776592651.144705,2111,1776592651.144705,1776592651.094803,1776592650.845905,1776592651.020100,3.969747,0.249423,-43.172626,0.111000,0.056000,0.000000,0.038281,0.049048,9.730597,0.005595,0.005595,-0.393532,23.1170,5.3743,-0.6426,0.1346,1
1776592651.194750,2112,1776592651.194750,1776592651.144749,1776592650.845905,1776592651.166172,3.971092,0.255260,-43.191093,0.103000,0.061000,0.000000,0.242846,0.254809,9.671978,-0.037834,-0.032772,-0.377546,23.1170,5.3757,-0.6563,0.1357,1
1776592651.244721,2113,1776592651.244721,1776592651.244766,1776592650.845905,1776592651.166172,3.972930,0.261172,-43.212032,0.110000,0.057000,0.000000,0.028711,0.214135,9.327448,0.009059,-0.002664,-0.392999,23.1170,5.3757,-0.6563,0.1357,1
1776592651.294755,2114,1776592651.294755,1776592651.294797,1776592650.845905,1776592651.166172,3.974721,0.267302,-43.232197,0.111000,0.063000,0.000000,-0.045459,-0.217724,9.542779,0.003730,0.002398,-0.382608,23.1170,5.3757,-0.6563,0.1357,1
1776592651.344714,2115,1776592651.344714,1776592651.294797,1776592650.845905,1776592651.312829,3.976840,0.273236,-43.253281,0.112000,0.058000,0.000000,-0.045459,-0.217724,9.542779,0.003730,0.002398,-0.382608,23.1170,5.3768,-0.6704,0.1350,1
1776592651.394701,2116,1776592651.394701,1776592651.344757,1776592650.845905,1776592651.312829,3.978880,0.279281,-43.273525,0.111000,0.063000,0.000000,0.154321,0.251220,9.660015,-0.060748,-0.028776,-0.400992,23.1170,5.3768,-0.6704,0.1350,1
1776592651.444698,2117,1776592651.444698,1776592651.394744,1776592650.845905,1776592651.312829,3.981130,0.285030,-43.294426,0.109000,0.058000,0.000000,0.122021,-0.886449,8.865681,0.043696,0.041831,-0.372750,23.1170,5.3768,-0.6704,0.1350,1
1776592651.494699,2118,1776592651.494699,1776592651.444740,1776592651.446200,1776592651.458561,3.983347,0.290994,-43.314327,0.110000,0.064000,0.000000,-0.142358,0.202172,9.863384,-0.003730,-0.001865,-0.391134,23.1200,5.3782,-0.6834,0.1325,1
1776592651.544755,2119,1776592651.544755,1776592651.544801,1776592651.446200,1776592651.458561,3.985936,0.296926,-43.335602,0.114000,0.061000,0.000000,0.277539,0.137573,9.827496,-0.071672,-0.041298,-0.403923,23.1200,5.3782,-0.6834,0.1325,1
1776592651.594738,2120,1776592651.594738,1776592651.544801,1776592651.446200,1776592651.458561,3.988467,0.302782,-43.355644,0.111000,0.063000,0.000000,0.277539,0.137573,9.827496,-0.071672,-0.041298,-0.403923,23.1200,5.3782,-0.6834,0.1325,1
1776592651.644735,2121,1776592651.644735,1776592651.594785,1776592651.446200,1776592651.606704,3.991302,0.308415,-43.376991,0.112000,0.058000,0.000000,0.086133,-0.644799,8.601302,0.058883,0.047693,-0.375947,23.1200,5.3803,-0.6963,0.1298,1
1776592651.694719,2122,1776592651.694719,1776592651.644776,1776592651.446200,1776592651.606704,3.994062,0.313911,-43.397385,0.108000,0.059000,0.000000,-0.011963,-0.062207,10.218681,0.004529,0.000533,-0.403124,23.1200,5.3803,-0.6963,0.1298,1
1776592651.744693,2123,1776592651.744693,1776592651.694773,1776592651.446200,1776592651.606704,3.997101,0.319460,-43.418373,0.112000,0.059000,0.000000,0.019141,0.248828,9.703082,0.021848,0.005329,-0.372217,23.1200,5.3803,-0.6963,0.1298,1
1776592651.794696,2124,1776592651.794696,1776592651.744741,1776592651.446200,1776592651.751180,4.000216,0.324920,-43.439125,0.111000,0.059000,0.000000,0.245239,-0.095703,11.243899,-0.074603,-0.046094,-0.420176,23.1200,5.3818,-0.7065,0.1294,1
1776592651.844738,2125,1776592651.844738,1776592651.794738,1776592651.446200,1776592651.751180,4.003521,0.330482,-43.460495,0.114000,0.061000,0.000000,-0.076562,-0.090918,9.593023,0.056485,0.022914,-0.386604,23.1200,5.3818,-0.7065,0.1294,1
1776592651.894790,2126,1776592651.894790,1776592651.844784,1776592651.446200,1776592651.751180,4.007009,0.335663,-43.482368,0.112000,0.055000,0.000000,0.001196,-0.204565,10.326347,-0.007194,-0.007993,-0.412716,23.1200,5.3818,-0.7065,0.1294,1
1776592651.944726,2127,1776592651.944726,1776592651.894831,1776592651.446200,1776592651.897731,4.010330,0.340833,-43.502193,0.108000,0.059000,0.000000,0.102881,0.118432,9.860991,-0.011723,-0.012789,-0.386604,23.1200,5.3831,-0.7158,0.1306,1
1776592651.994676,2128,1776592651.994676,1776592651.944772,1776592651.446200,1776592651.897731,4.014009,0.345340,-43.523773,0.107000,0.046000,0.000000,0.043066,-0.738109,10.319169,0.003997,0.011990,-0.422840,23.1200,5.3831,-0.7158,0.1306,1
1776592652.044704,2129,1776592652.044704,1776592652.044763,1776592652.045258,1776592652.043848,4.017859,0.350197,-43.545883,0.112000,0.053000,0.000000,0.166284,-0.178247,9.478180,0.006128,-0.000533,-0.411916,23.1210,5.3855,-0.7208,0.1308,1
1776592652.094725,2130,1776592652.094725,1776592652.044763,1776592652.045258,1776592652.043848,4.022100,0.354714,-43.570095,0.115000,0.046000,0.000000,0.166284,-0.178247,9.478180,0.006128,-0.000533,-0.411916,23.1210,5.3855,-0.7208,0.1308,1
1776592652.144692,2131,1776592652.144692,1776592652.144736,1776592652.045258,1776592652.043848,4.026067,0.359612,-43.591431,0.112000,0.058000,0.000000,0.003589,-0.425878,8.553451,0.064745,0.049025,-0.411650,23.1210,5.3855,-0.7208,0.1308,1
1776592652.194669,2132,1776592652.194669,1776592652.144736,1776592652.045258,1776592652.189810,4.030323,0.363582,-43.614422,0.109000,0.041000,0.000000,0.003589,-0.425878,8.553451,0.064745,0.049025,-0.411650,23.1210,5.3877,-0.7254,0.1303,1
1776592652.244686,2133,1776592652.244686,1776592652.194714,1776592652.045258,1776592652.189810,4.034704,0.367790,-43.637280,0.112000,0.047000,0.000000,0.084936,-0.092114,9.529620,0.000533,0.009858,-0.437228,23.1210,5.3877,-0.7254,0.1303,1
1776592652.294681,2134,1776592652.294681,1776592652.294723,1776592652.045258,1776592652.189810,4.039708,0.371607,-43.663826,0.120000,0.038000,0.000000,0.281127,0.132788,9.496124,-0.056485,-0.033039,-0.476661,23.1210,5.3877,-0.7254,0.1303,1
1776592652.344677,2135,1776592652.344677,1776592652.344720,1776592652.045258,1776592652.335875,4.044417,0.375844,-43.687374,0.116000,0.051000,0.000000,-0.090918,0.145947,9.807158,0.065011,0.031973,-0.427370,23.1210,5.3891,-0.7285,0.1300,1
1776592652.394634,2136,1776592652.394634,1776592652.344720,1776592652.045258,1776592652.335875,4.049171,0.379272,-43.711254,0.111000,0.038000,0.000000,-0.090918,0.145947,9.807158,0.065011,0.031973,-0.427370,23.1210,5.3891,-0.7285,0.1300,1
1776592652.444677,2137,1776592652.444677,1776592652.444719,1776592652.045258,1776592652.335875,4.054188,0.382900,-43.736126,0.116000,0.043000,0.000000,0.058618,0.275146,9.833477,-0.020249,-0.014121,-0.436429,23.1210,5.3891,-0.7285,0.1300,1
1776592652.494629,2138,1776592652.494629,1776592652.494672,1776592652.045258,1776592652.482730,4.058752,0.386261,-43.758102,0.105000,0.043000,0.000000,0.155517,0.107666,11.068045,-0.072738,-0.041565,-0.452948,23.1210,5.3911,-0.7312,0.1281,1
1776592652.544779,2139,1776592652.544779,1776592652.544822,1776592652.045258,1776592652.482730,4.063606,0.389786,-43.780769,0.110000,0.047000,0.000000,0.065796,0.209350,9.994976,0.009592,0.020782,-0.414048,23.1210,5.3911,-0.7312,0.1281,1
1776592652.594678,2140,1776592652.594678,1776592652.544822,1776592652.045258,1776592652.482730,4.068338,0.393299,-43.801826,0.107000,0.050000,0.000000,0.065796,0.209350,9.994976,0.009592,0.020782,-0.414048,23.1210,5.3911,-0.7312,0.1281,1
1776592652.644659,2141,1776592652.644659,1776592652.594720,1776592652.645156,1776592652.628473,4.073534,0.396838,-43.824917,0.115000,0.051000,0.000000,0.094507,-0.193798,10.450761,-0.012256,0.003197,-0.417511,23.1220,5.3928,-0.7334,0.1259,1
1776592652.694665,2142,1776592652.694665,1776592652.694708,1776592652.645156,1776592652.628473,4.078591,0.400071,-43.847469,0.110000,0.048000,0.000000,-0.094507,-0.553881,11.103933,-0.025845,-0.010658,-0.442823,23.1220,5.3928,-0.7334,0.1259,1
1776592652.744619,2143,1776592652.744619,1776592652.694708,1776592652.645156,1776592652.628473,4.083961,0.403219,-43.871197,0.115000,0.048000,0.000000,-0.094507,-0.553881,11.103933,-0.025845,-0.010658,-0.442823,23.1220,5.3928,-0.7334,0.1259,1
1776592652.794627,2144,1776592652.794627,1776592652.744660,1776592652.645156,1776592652.774942,4.089207,0.406270,-43.893250,0.111000,0.049000,0.000000,0.061011,-0.166284,9.648052,0.001599,-0.006128,-0.437228,23.1220,5.3951,-0.7361,0.1274,1
1776592652.844619,2145,1776592652.844619,1776592652.794670,1776592652.645156,1776592652.774942,4.094788,0.409529,-43.916145,0.117000,0.055000,0.000000,-0.061011,-0.221313,9.583453,0.009858,0.027976,-0.415114,23.1220,5.3951,-0.7361,0.1274,1
1776592652.894657,2146,1776592652.894657,1776592652.894701,1776592652.645156,1776592652.774942,4.100081,0.412136,-43.938911,0.109000,0.045000,0.000000,0.214135,-0.398364,9.017610,0.046893,0.041032,-0.431366,23.1220,5.3951,-0.7361,0.1274,1
1776592652.944711,2147,1776592652.944711,1776592652.944755,1776592652.645156,1776592652.921294,4.105684,0.414634,-43.962837,0.114000,0.045000,0.000000,0.257202,-0.307446,9.936357,0.002398,-0.008793,-0.460675,23.1220,5.3971,-0.7361,0.1324,1
1776592652.994603,2148,1776592652.994603,1776592652.994642,1776592652.645156,1776592652.921294,4.111231,0.416788,-43.986538,0.112000,0.041000,0.000000,-0.137573,0.043066,9.380084,0.013855,0.028509,-0.425505,23.1220,5.3971,-0.7361,0.1324,1
1776592653.044642,2149,1776592653.044642,1776592652.994642,1776592652.645156,1776592652.921294,4.116793,0.418616,-44.010708,0.111000,0.037000,0.000000,-0.137573,0.043066,9.380084,0.013855,0.028509,-0.425505,23.1220,5.3971,-0.7361,0.1324,1
1776592653.094640,2150,1776592653.094640,1776592653.044683,1776592652.645156,1776592653.067487,4.122277,0.421511,-44.030258,0.108000,0.061000,0.000000,0.105273,-0.074170,10.944827,-0.072738,-0.033039,-0.466536,23.1220,5.3989,-0.7369,0.1352,1
1776592653.144704,2151,1776592653.144704,1776592653.094679,1776592652.645156,1776592653.067487,4.127624,0.424312,-44.049183,0.104000,0.061000,0.000000,-0.354101,0.312231,9.535602,0.069008,0.045028,-0.374615,23.1220,5.3989,-0.7369,0.1352,1
1776592653.194638,2152,1776592653.194638,1776592653.144756,1776592652.645156,1776592653.067487,4.133365,0.427080,-44.069607,0.111000,0.063000,0.000000,0.102881,0.117236,10.365825,-0.009592,0.011457,-0.360493,23.1220,5.3989,-0.7369,0.1352,1
1776592653.244591,2153,1776592653.244591,1776592653.244632,1776592653.245045,1776592653.213619,4.138654,0.429074,-44.089489,0.102000,0.049000,0.000000,-0.057422,-0.598143,11.271414,-0.030374,-0.017851,-0.393798,23.1230,5.4016,-0.7364,0.1347,1
1776592653.294588,2154,1776592653.294588,1776592653.294627,1776592653.245045,1776592653.213619,4.144064,0.430755,-44.110439,0.104000,0.045000,0.000000,0.013159,0.089722,10.033257,0.043696,0.035437,-0.343974,23.1230,5.4016,-0.7364,0.1347,1
1776592653.344599,2155,1776592653.344599,1776592653.344642,1776592653.245045,1776592653.213619,4.149915,0.432724,-44.131943,0.111000,0.054000,0.000000,-0.001196,-0.192602,10.028472,-0.004529,0.003997,-0.410850,23.1230,5.4016,-0.7364,0.1347,1
1776592653.394561,2156,1776592653.394561,1776592653.394601,1776592653.245045,1776592653.359565,4.155831,0.434763,-44.153275,0.111000,0.058000,0.000000,0.013159,0.297875,9.838263,-0.007194,-0.003730,-0.386604,23.1230,5.4052,-0.7340,0.1330,1
1776592653.444588,2157,1776592653.444588,1776592653.394601,1776592653.245045,1776592653.359565,4.161576,0.436867,-44.172436,0.106000,0.061000,0.000000,0.013159,0.297875,9.838263,-0.007194,-0.003730,-0.386604,23.1230,5.4052,-0.7340,0.1330,1
1776592653.494629,2158,1776592653.494629,1776592653.494668,1776592653.245045,1776592653.359565,4.167382,0.438706,-44.191952,0.107000,0.058000,0.000000,0.281127,0.019141,10.033257,0.036769,0.015720,-0.392999,23.1230,5.4052,-0.7340,0.1330,1
1776592653.544554,2159,1776592653.544554,1776592653.544597,1776592653.245045,1776592653.505316,4.173575,0.440706,-44.212170,0.113000,0.065000,0.000000,0.076562,-0.177050,9.431524,0.013322,0.002398,-0.376213,23.1230,5.4068,-0.7321,0.1294,1
1776592653.594594,2160,1776592653.594594,1776592653.594632,1776592653.245045,1776592653.505316,4.180028,0.442587,-44.233788,0.117000,0.066000,0.000000,0.194995,0.171069,9.619342,-0.021848,-0.009858,-0.395930,23.1230,5.4068,-0.7321,0.1294,1
1776592653.644552,2161,1776592653.644552,1776592653.594632,1776592653.245045,1776592653.505316,4.186365,0.444364,-44.254421,0.114000,0.066000,0.000000,0.194995,0.171069,9.619342,-0.021848,-0.009858,-0.395930,23.1230,5.4068,-0.7321,0.1294,1
1776592653.694550,2162,1776592653.694550,1776592653.644595,1776592653.245045,1776592653.651436,4.192380,0.445644,-44.274822,0.109000,0.057000,0.000000,0.102881,-0.832616,8.701790,0.048226,0.034104,-0.386871,23.1230,5.4063,-0.7282,0.1279,1
1776592653.744591,2163,1776592653.744591,1776592653.694590,1776592653.245045,1776592653.651436,4.198560,0.447075,-44.294640,0.110000,0.063000,0.000000,0.047851,0.064599,9.687531,0.016253,0.021315,-0.413248,23.1230,5.4063,-0.7282,0.1279,1
1776592653.794569,2164,1776592653.794569,1776592653.794608,1776592653.245045,1776592653.651436,4.205060,0.448337,-44.316380,0.116000,0.064000,0.000000,0.169873,0.244043,9.437506,-0.050890,-0.023980,-0.394598,23.1230,5.4063,-0.7282,0.1279,1
1776592653.844596,2165,1776592653.844596,1776592653.794608,1776592653.845037,1776592653.797820,4.211467,0.449556,-44.337139,0.113000,0.065000,0.000000,0.169873,0.244043,9.437506,-0.050890,-0.023980,-0.394598,23.1230,5.4045,-0.7265,0.1240,1
1776592653.894616,2166,1776592653.894616,1776592653.844640,1776592653.845037,1776592653.797820,4.217728,0.450330,-44.358349,0.112000,0.058000,0.000000,-0.049048,-0.264379,9.382477,0.051156,0.027177,-0.376213,23.1230,5.4045,-0.7265,0.1240,1
1776592653.944566,2167,1776592653.944566,1776592653.944621,1776592653.845037,1776592653.944191,4.223827,0.451090,-44.378178,0.108000,0.059000,0.000000,0.136377,0.101684,9.811944,-0.006128,-0.010391,-0.377546,23.1230,5.4035,-0.7255,0.1220,1
1776592653.994528,2168,1776592653.994528,1776592653.944621,1776592653.845037,1776592653.944191,4.229958,0.451506,-44.399761,0.110000,0.055000,0.000000,0.136377,0.101684,9.811944,-0.006128,-0.010391,-0.377546,23.1230,5.4035,-0.7255,0.1220,1
1776592654.044526,2169,1776592654.044526,1776592653.994570,1776592653.845037,1776592653.944191,4.235898,0.451825,-44.420361,0.106000,0.054000,0.000000,0.130395,-0.034692,10.071538,-0.067409,-0.053288,-0.415114,23.1230,5.4035,-0.7255,0.1220,1
1776592654.094568,2170,1776592654.094568,1776592654.094609,1776592653.845037,1776592654.090164,4.242210,0.451852,-44.442730,0.114000,0.054000,0.000000,0.051440,-0.066992,10.109819,0.000000,-0.015720,-0.419377,23.1230,5.4026,-0.7234,0.1204,1
1776592654.144517,2171,1776592654.144517,1776592654.094609,1776592653.845037,1776592654.090164,4.248332,0.451604,-44.464909,0.112000,0.050000,0.000000,0.051440,-0.066992,10.109819,0.000000,-0.015720,-0.419377,23.1230,5.4026,-0.7234,0.1204,1
1776592654.194597,2172,1776592654.194597,1776592654.194645,1776592653.845037,1776592654.090164,4.254764,0.451795,-44.485592,0.112000,0.063000,0.000000,-0.055029,-0.645995,11.605178,-0.038900,-0.035969,-0.452948,23.1230,5.4026,-0.7234,0.1204,1
1776592654.244498,2173,1776592654.244498,1776592654.194645,1776592653.845037,1776592654.235822,4.260776,0.451334,-44.507797,0.110000,0.050000,0.000000,-0.055029,-0.645995,11.605178,-0.038900,-0.035969,-0.452948,23.1230,5.4004,-0.7253,0.1205,1
1776592654.294536,2174,1776592654.294536,1776592654.294586,1776592653.845037,1776592654.235822,4.266979,0.450860,-44.529564,0.112000,0.054000,0.000000,0.206958,-0.299072,10.012920,0.005062,0.006128,-0.414048,23.1230,5.4004,-0.7253,0.1205,1
1776592654.344554,2175,1776592654.344554,1776592654.294586,1776592653.845037,1776592654.235822,4.272830,0.449696,-44.553272,0.112000,0.041000,0.000000,0.206958,-0.299072,10.012920,0.005062,0.006128,-0.414048,23.1230,5.4004,-0.7253,0.1205,1
1776592654.394506,2176,1776592654.394506,1776592654.394549,1776592653.845037,1776592654.381850,4.279061,0.449137,-44.574402,0.111000,0.058000,0.000000,0.153125,-0.831419,9.566705,0.030374,0.024512,-0.434564,23.1230,5.3977,-0.7257,0.1203,1
1776592654.444500,2177,1776592654.444500,1776592654.444544,1776592654.444983,1776592654.381850,4.284753,0.447477,-44.599350,0.113000,0.036000,0.000000,0.077759,-0.092114,9.596612,-0.005329,-0.020782,-0.446553,23.1230,5.3977,-0.7257,0.1203,1
1776592654.494550,2178,1776592654.494550,1776592654.444544,1776592654.444983,1776592654.381850,4.290483,0.445867,-44.623623,0.112000,0.040000,0.000000,0.077759,-0.092114,9.596612,-0.005329,-0.020782,-0.446553,23.1230,5.3977,-0.7257,0.1203,1
1776592654.544489,2179,1776592654.544489,1776592654.494589,1776592654.444983,1776592654.527909,4.296171,0.443802,-44.649094,0.116000,0.035000,0.000000,0.044263,-0.294287,9.271222,0.016519,0.007194,-0.442290,23.1230,5.3960,-0.7245,0.1169,1
1776592654.594544,2180,1776592654.594544,1776592654.594587,1776592654.444983,1776592654.527909,4.301534,0.441874,-44.672569,0.108000,0.036000,0.000000,0.022729,0.088525,8.865681,0.081797,0.046361,-0.410850,23.1230,5.3960,-0.7245,0.1169,1
1776592654.644521,2181,1776592654.644521,1776592654.644561,1776592654.444983,1776592654.527909,4.306937,0.439940,-44.695957,0.108000,0.039000,0.000000,0.382812,0.084936,10.152885,-0.000533,-0.004796,-0.428968,23.1230,5.3960,-0.7245,0.1169,1
1776592654.694575,2182,1776592654.694575,1776592654.694616,1776592654.444983,1776592654.674088,4.312964,0.438031,-44.719833,0.116000,0.050000,0.000000,0.065796,0.154321,9.459040,0.014388,-0.009325,-0.427103,23.1230,5.3915,-0.7201,0.1149,1
1776592654.744465,2183,1776592654.744465,1776592654.744509,1776592654.444983,1776592654.674088,4.318529,0.436143,-44.741634,0.108000,0.047000,0.000000,0.037085,-0.405541,11.647048,-0.051156,-0.041565,-0.464671,23.1230,5.3915,-0.7201,0.1149,1
1776592654.794527,2184,1776592654.794527,1776592654.794568,1776592654.444983,1776592654.674088,4.324354,0.434135,-44.763863,0.112000,0.051000,0.000000,-0.002393,0.266772,10.260551,0.050091,0.022115,-0.394331,23.1230,5.3915,-0.7201,0.1149,1
1776592654.844487,2185,1776592654.844487,1776592654.794568,1776592654.444983,1776592654.819933,4.330225,0.432179,-44.785545,0.111000,0.055000,0.000000,-0.002393,0.266772,10.260551,0.050091,0.022115,-0.394331,23.1230,5.3864,-0.7192,0.1135,1
1776592654.894463,2186,1776592654.894463,1776592654.894507,1776592654.444983,1776592654.819933,4.335940,0.429568,-44.810184,0.117000,0.046000,0.000000,0.142358,0.151928,9.725811,-0.025312,-0.013056,-0.424172,23.1230,5.3864,-0.7192,0.1135,1
1776592654.944467,2187,1776592654.944467,1776592654.894507,1776592654.444983,1776592654.819933,4.341588,0.427558,-44.829937,0.106000,0.056000,0.000000,0.142358,0.151928,9.725811,-0.025312,-0.013056,-0.424172,23.1230,5.3864,-0.7192,0.1135,1
1776592654.994459,2188,1776592654.994459,1776592654.944510,1776592654.444983,1776592654.966139,4.347233,0.424940,-44.852783,0.114000,0.050000,0.000000,0.265576,-0.687865,8.767586,0.057285,0.059683,-0.412716,23.1230,5.3814,-0.7164,0.1085,1
1776592655.044554,2189,1776592655.044554,1776592654.994508,1776592655.045285,1776592654.966139,4.352207,0.421992,-44.876774,0.109000,0.038000,0.000000,0.005981,-0.016748,9.596612,-0.005062,0.017052,-0.450816,23.1250,5.3814,-0.7164,0.1085,1
1776592655.094793,2190,1776592655.094793,1776592655.094849,1776592655.045285,1776592654.966139,4.357313,0.418680,-44.902248,0.115000,0.038000,0.000000,0.119629,0.142358,9.485357,-0.045561,-0.009059,-0.462007,23.1250,5.3814,-0.7164,0.1085,1
1776592655.144464,2191,1776592655.144464,1776592655.144514,1776592655.045285,1776592655.112806,4.362134,0.415547,-44.925243,0.109000,0.039000,0.000000,0.086133,-0.504833,8.981721,0.060482,0.066344,-0.429501,23.1250,5.3750,-0.7157,0.1030,1
1776592655.196036,2192,1776592655.196036,1776592655.196086,1776592655.045285,1776592655.112806,4.366785,0.412299,-44.948074,0.104000,0.036000,0.000000,-0.010767,0.334960,9.211408,0.009325,0.010924,-0.438294,23.1250,5.3750,-0.7157,0.1030,1
1776592655.244494,2193,1776592655.244494,1776592655.244557,1776592655.045285,1776592655.112806,4.371769,0.409438,-44.968388,0.107000,0.051000,0.000000,0.076562,0.303857,9.633698,0.012523,-0.001066,-0.370884,23.1250,5.3750,-0.7157,0.1030,1
1776592655.294511,2194,1776592655.294511,1776592655.294589,1776592655.045285,1776592655.258855,4.377669,0.406506,-44.989197,0.114000,0.066000,0.000000,0.247631,0.229687,9.451861,-0.044495,-0.034637,-0.368220,23.1250,5.3687,-0.7142,0.0978,1
1776592655.344443,2195,1776592655.344443,1776592655.344493,1776592655.045285,1776592655.258855,4.383226,0.403698,-45.008324,0.107000,0.064000,0.000000,-0.093310,0.120825,9.725811,0.069807,0.034104,-0.316797,23.1250,5.3687,-0.7142,0.0978,1
1776592655.394447,2196,1776592655.394447,1776592655.344493,1776592655.045285,1776592655.258855,4.388661,0.400326,-45.030075,0.114000,0.058000,0.000000,-0.093310,0.120825,9.725811,0.069807,0.034104,-0.316797,23.1250,5.3687,-0.7142,0.0978,1
1776592655.444540,2197,1776592655.444540,1776592655.444638,1776592655.045285,1776592655.404196,4.394135,0.396948,-45.051010,0.113000,0.061000,0.000000,0.104077,0.130395,9.943536,0.000799,-0.011190,-0.389002,23.1250,5.3635,-0.7155,0.0951,1
1776592655.494579,2198,1776592655.494579,1776592655.444638,1776592655.045285,1776592655.404196,4.399396,0.393500,-45.072128,0.111000,0.059000,0.000000,0.104077,0.130395,9.943536,0.000799,-0.011190,-0.389002,23.1250,5.3635,-0.7155,0.0951,1
1776592655.544442,2199,1776592655.544442,1776592655.544486,1776592655.045285,1776592655.404196,4.404473,0.390131,-45.092026,0.107000,0.059000,0.000000,0.230883,0.122021,10.416069,0.027976,0.009592,-0.401792,23.1250,5.3635,-0.7155,0.0951,1
1776592655.594479,2200,1776592655.594479,1776592655.594521,1776592655.045285,1776592655.550017,4.409790,0.386514,-45.112442,0.112000,0.063000,0.000000,-0.037085,0.059814,10.315580,-0.019983,-0.010924,-0.399660,23.1250,5.3565,-0.7157,0.0916,1
1776592655.644440,2201,1776592655.644440,1776592655.644501,1776592655.645093,1776592655.550017,4.414932,0.382753,-45.132824,0.112000,0.061000,0.000000,0.230883,0.226098,9.667193,-0.028243,-0.005062,-0.389802,23.1250,5.3565,-0.7157,0.0916,1
1776592655.695748,2202,1776592655.695748,1776592655.695806,1776592655.645093,1776592655.696123,4.420322,0.378868,-45.153503,0.112000,0.065000,0.000000,0.026318,-0.180639,11.724807,-0.068209,-0.040232,-0.422041,23.1250,5.3504,-0.7124,0.0900,1
1776592655.744398,2203,1776592655.744398,1776592655.744442,1776592655.645093,1776592655.696123,4.425112,0.375028,-45.173645,0.111000,0.060000,0.000000,0.138769,0.128003,9.764092,0.016786,0.030108,-0.407653,23.1250,5.3504,-0.7124,0.0900,1
1776592655.794409,2204,1776592655.794409,1776592655.794454,1776592655.645093,1776592655.696123,4.430160,0.371011,-45.193798,0.112000,0.064000,0.000000,-0.039477,-0.092114,9.908843,0.014654,0.007194,-0.390335,23.1250,5.3504,-0.7124,0.0900,1
1776592655.844498,2205,1776592655.844498,1776592655.794454,1776592655.645093,1776592655.842194,4.435233,0.366764,-45.214733,0.115000,0.065000,0.000000,-0.039477,-0.092114,9.908843,0.014654,0.007194,-0.390335,23.1250,5.3445,-0.7117,0.0876,1
1776592655.894465,2206,1776592655.894465,1776592655.844552,1776592655.645093,1776592655.842194,4.440345,0.362471,-45.235218,0.115000,0.068000,0.000000,0.160302,0.372045,9.358551,-0.049025,-0.025845,-0.393532,23.1250,5.3445,-0.7117,0.0876,1
1776592655.944385,2207,1776592655.944385,1776592655.894541,1776592655.645093,1776592655.842194,4.445032,0.357969,-45.256935,0.115000,0.061000,0.000000,0.185424,-0.845775,9.389655,0.021049,0.019184,-0.388470,23.1250,5.3445,-0.7117,0.0876,1
1776592655.994381,2208,1776592655.994381,1776592655.994423,1776592655.645093,1776592655.988248,4.449616,0.353566,-45.277184,0.111000,0.062000,0.000000,0.078955,-0.161499,9.386065,0.008526,-0.012523,-0.382075,23.1250,5.3397,-0.7098,0.0888,1
1776592656.044436,2209,1776592656.044436,1776592655.994423,1776592655.645093,1776592655.988248,4.453833,0.348778,-45.299557,0.115000,0.055000,0.000000,0.078955,-0.161499,9.386065,0.008526,-0.012523,-0.382075,23.1250,5.3397,-0.7098,0.0888,1
1776592656.096587,2210,1776592656.096587,1776592656.096633,1776592655.645093,1776592655.988248,4.458124,0.344071,-45.320938,0.108000,0.057000,0.000000,0.038281,-0.217724,9.116901,0.061548,0.024779,-0.374348,23.1250,5.3397,-0.7098,0.0888,1
1776592656.144396,2211,1776592656.144396,1776592656.096633,1776592655.645093,1776592656.134132,4.461603,0.339539,-45.341976,0.109000,0.049000,0.000000,0.038281,-0.217724,9.116901,0.061548,0.024779,-0.374348,23.1250,5.3324,-0.7091,0.0903,1
1776592656.194424,2212,1776592656.194424,1776592656.144442,1776592655.645093,1776592656.134132,4.465125,0.334563,-45.364639,0.112000,0.048000,0.000000,0.118432,-0.259594,10.353862,-0.011190,-0.022647,-0.416446,23.1250,5.3324,-0.7091,0.0903,1
1776592656.244499,2213,1776592656.244499,1776592656.194466,1776592656.244962,1776592656.134132,4.468421,0.329839,-45.385521,0.105000,0.047000,0.000000,0.108862,0.175854,9.864580,-0.003197,-0.005329,-0.396729,23.1270,5.3324,-0.7091,0.0903,1
1776592656.294388,2214,1776592656.294388,1776592656.294444,1776592656.244962,1776592656.279765,4.471567,0.324705,-45.408569,0.112000,0.045000,0.000000,0.174658,0.319409,10.430424,0.033305,0.011990,-0.412449,23.1270,5.3250,-0.7099,0.0899,1
1776592656.344373,2215,1776592656.344373,1776592656.344418,1776592656.244962,1776592656.279765,4.474812,0.319418,-45.432114,0.114000,0.049000,0.000000,0.058618,-0.287109,9.880133,0.009858,-0.002398,-0.444955,23.1270,5.3250,-0.7099,0.0899,1
1776592656.394370,2216,1776592656.394370,1776592656.394413,1776592656.244962,1776592656.279765,4.477769,0.313734,-45.457413,0.120000,0.045000,0.000000,0.186621,0.235668,9.768878,-0.029042,-0.016786,-0.455346,23.1270,5.3250,-0.7099,0.0899,1
1776592656.444359,2217,1776592656.444359,1776592656.394413,1776592656.244962,1776592656.426006,4.481104,0.308279,-45.479607,0.115000,0.056000,0.000000,0.186621,0.235668,9.768878,-0.029042,-0.016786,-0.455346,23.1270,5.3193,-0.7089,0.0863,1
1776592656.494337,2218,1776592656.494337,1776592656.494375,1776592656.244962,1776592656.426006,4.483638,0.302452,-45.505795,0.120000,0.042000,0.000000,-0.015552,0.206958,9.679156,-0.002931,0.021848,-0.469201,23.1270,5.3193,-0.7089,0.0863,1
1776592656.544347,2219,1776592656.544347,1776592656.544387,1776592656.244962,1776592656.426006,4.486165,0.296664,-45.530750,0.118000,0.045000,0.000000,-0.014355,0.166284,9.338214,0.010658,0.007460,-0.446553,23.1270,5.3193,-0.7089,0.0863,1
1776592656.594401,2220,1776592656.594401,1776592656.594442,1776592656.244962,1776592656.572318,4.487996,0.290897,-45.556728,0.116000,0.034000,0.000000,0.278735,-0.099292,9.795196,-0.076735,-0.049291,-0.502772,23.1270,5.3139,-0.7067,0.0849,1
1776592656.644346,2221,1776592656.644346,1776592656.594442,1776592656.244962,1776592656.572318,4.490323,0.285245,-45.580204,0.113000,0.047000,0.000000,0.278735,-0.099292,9.795196,-0.076735,-0.049291,-0.502772,23.1270,5.3139,-0.7067,0.0849,1
1776592656.694326,2222,1776592656.694326,1776592656.694391,1776592656.244962,1776592656.572318,4.492322,0.279690,-45.603497,0.110000,0.043000,0.000000,0.327783,-0.150732,10.140923,-0.009858,-0.019450,-0.446820,23.1270,5.3139,-0.7067,0.0849,1
1776592656.744419,2223,1776592656.744419,1776592656.694391,1776592656.244962,1776592656.718254,4.494386,0.273869,-45.627041,0.114000,0.047000,0.000000,0.327783,-0.150732,10.140923,-0.009858,-0.019450,-0.446820,23.1270,5.3086,-0.7034,0.0855,1
1776592656.794400,2224,1776592656.794400,1776592656.744466,1776592656.244962,1776592656.718254,4.496234,0.268369,-45.648582,0.107000,0.045000,0.000000,0.133984,0.324194,9.740167,-0.031440,-0.014921,-0.442024,23.1270,5.3086,-0.7034,0.0855,1
1776592656.844381,2225,1776592656.844381,1776592656.794439,1776592656.844837,1776592656.718254,4.498029,0.262473,-45.672173,0.114000,0.047000,0.000000,0.023926,-0.308642,11.659011,-0.062081,-0.035703,-0.450017,23.1280,5.3086,-0.7034,0.0855,1
1776592656.894424,2226,1776592656.894424,1776592656.894515,1776592656.844837,1776592656.863272,4.499915,0.256755,-45.693737,0.109000,0.051000,0.000000,0.058618,-0.254809,9.753325,0.005595,0.007993,-0.412183,23.1280,5.3052,-0.7001,0.0866,1
1776592656.944434,2227,1776592656.944434,1776592656.944485,1776592656.844837,1776592656.863272,4.501627,0.250653,-45.717144,0.116000,0.051000,0.000000,0.203369,0.096899,9.456647,-0.053554,-0.035703,-0.434830,23.1280,5.3052,-0.7001,0.0866,1
1776592656.994322,2228,1776592656.994322,1776592656.994363,1776592656.844837,1776592656.863272,4.502905,0.245233,-45.737949,0.103000,0.043000,0.000000,0.319409,-0.695043,9.223371,0.044229,0.037302,-0.412183,23.1280,5.3052,-0.7001,0.0866,1
1776592657.044314,2229,1776592657.044314,1776592656.994363,1776592656.844837,1776592657.009143,4.504078,0.239266,-45.761547,0.113000,0.045000,0.000000,0.319409,-0.695043,9.223371,0.044229,0.037302,-0.412183,23.1280,5.3009,-0.6938,0.0892,1
1776592657.094600,2230,1776592657.094600,1776592657.044356,1776592656.844837,1776592657.009143,4.505323,0.233246,-45.784527,0.112000,0.049000,0.000000,0.313427,-0.141162,9.811944,-0.003730,-0.019983,-0.447886,23.1280,5.3009,-0.6938,0.0892,1
1776592657.144317,2231,1776592657.144317,1776592657.094645,1776592656.844837,1776592657.009143,4.505645,0.227245,-45.810528,0.116000,0.034000,0.000000,0.076562,-0.251220,9.687531,0.008260,0.023713,-0.446820,23.1280,5.3009,-0.6938,0.0892,1
1776592657.194537,2232,1776592657.194537,1776592657.194584,1776592656.844837,1776592657.155193,4.506450,0.221425,-45.832623,0.108000,0.045000,0.000000,0.206958,-0.666332,8.491243,0.071939,0.073804,-0.428169,23.1280,5.2947,-0.6857,0.0943,1
1776592657.244316,2233,1776592657.244316,1776592657.194584,1776592656.844837,1776592657.155193,4.506840,0.215927,-45.854626,0.104000,0.038000,0.000000,0.206958,-0.666332,8.491243,0.071939,0.073804,-0.428169,23.1280,5.2947,-0.6857,0.0943,1
1776592657.294332,2234,1776592657.294332,1776592657.244363,1776592656.844837,1776592657.155193,4.507653,0.210122,-45.875282,0.106000,0.050000,0.000000,0.071777,0.045459,10.341899,-0.021582,0.000000,-0.426038,23.1280,5.2947,-0.6857,0.0943,1
1776592657.344303,2235,1776592657.344303,1776592657.294384,1776592656.844837,1776592657.301441,4.508678,0.204195,-45.895271,0.106000,0.057000,0.000000,-0.056225,0.260790,9.620538,0.016253,0.006927,-0.358362,23.1280,5.2892,-0.6773,0.0987,1
1776592657.394715,2236,1776592657.394715,1776592657.394761,1776592656.844837,1776592657.301441,4.509700,0.198052,-45.915436,0.108000,0.060000,0.000000,0.010767,-0.157910,9.537994,0.062081,0.036502,-0.350635,23.1280,5.2892,-0.6773,0.0987,1
1776592657.444319,2237,1776592657.444319,1776592657.394761,1776592657.444784,1776592657.301441,4.510427,0.191994,-45.936069,0.109000,0.057000,0.000000,0.010767,-0.157910,9.537994,0.062081,0.036502,-0.350635,23.1300,5.2892,-0.6773,0.0987,1
1776592657.494315,2238,1776592657.494315,1776592657.444368,1776592657.444784,1776592657.448164,4.511276,0.185938,-45.955120,0.106000,0.061000,0.000000,0.136377,0.077759,10.480668,-0.021049,0.002398,-0.397262,23.1300,5.2836,-0.6667,0.1024,1
1776592657.544697,2239,1776592657.544697,1776592657.494365,1776592657.444784,1776592657.448164,4.512009,0.179865,-45.974277,0.106000,0.061000,0.000000,0.055029,0.133984,9.840654,-0.005329,0.002398,-0.366089,23.1300,5.2836,-0.6667,0.1024,1
1776592657.594363,2240,1776592657.594363,1776592657.544733,1776592657.444784,1776592657.593887,4.512302,0.174033,-45.994537,0.104000,0.053000,0.000000,-0.128003,-0.728539,11.219974,-0.014388,-0.007727,-0.390068,23.1300,5.2767,-0.6558,0.1061,1
1776592657.644277,2241,1776592657.644277,1776592657.594409,1776592657.444784,1776592657.593887,4.512712,0.167656,-46.015152,0.112000,0.062000,0.000000,0.165088,0.083740,10.449565,0.052489,0.016786,-0.385272,23.1300,5.2767,-0.6558,0.1061,1
1776592657.694263,2242,1776592657.694263,1776592657.694301,1776592657.444784,1776592657.593887,4.513035,0.161240,-46.035297,0.112000,0.063000,0.000000,0.107666,0.309838,9.772467,-0.002132,0.007194,-0.377812,23.1300,5.2767,-0.6558,0.1061,1
1776592657.744281,2243,1776592657.744281,1776592657.744322,1776592657.444784,1776592657.740061,4.513256,0.155084,-46.054653,0.107000,0.061000,0.000000,-0.011963,-0.733324,11.401809,-0.027177,-0.020782,-0.407920,23.1300,5.2700,-0.6454,0.1124,1
1776592657.794276,2244,1776592657.794276,1776592657.744322,1776592657.444784,1776592657.740061,4.513047,0.148984,-46.075600,0.109000,0.055000,0.000000,-0.011963,-0.733324,11.401809,-0.027177,-0.020782,-0.407920,23.1300,5.2700,-0.6454,0.1124,1
1776592657.844259,2245,1776592657.844259,1776592657.794347,1776592657.444784,1776592657.740061,4.512989,0.142673,-46.096043,0.110000,0.062000,0.000000,0.197387,-0.047851,10.454350,0.038634,0.001066,-0.401525,23.1300,5.2700,-0.6454,0.1124,1
1776592657.894238,2246,1776592657.894238,1776592657.844298,1776592657.444784,1776592657.886182,4.512442,0.136348,-46.118183,0.114000,0.056000,0.000000,0.059814,-0.177050,9.602593,0.020516,0.000000,-0.388203,23.1300,5.2648,-0.6382,0.1175,1
1776592657.944245,2247,1776592657.944245,1776592657.894277,1776592657.444784,1776592657.886182,4.512153,0.130196,-46.137535,0.107000,0.061000,0.000000,0.120825,0.293090,9.777251,-0.029042,-0.009059,-0.395930,23.1300,5.2648,-0.6382,0.1175,1
1776592657.994252,2248,1776592657.994252,1776592657.944281,1776592657.444784,1776592657.886182,4.511274,0.123882,-46.160088,0.115000,0.055000,0.000000,0.162695,-0.744090,9.052301,0.038101,0.035969,-0.396463,23.1300,5.2648,-0.6382,0.1175,1
1776592658.044253,2249,1776592658.044253,1776592657.994289,1776592658.044647,1776592658.033473,4.510626,0.117514,-46.180988,0.112000,0.062000,0.000000,0.179443,0.179443,9.931573,0.005329,0.023180,-0.412449,23.1320,5.2619,-0.6282,0.1247,1
1776592658.094249,2250,1776592658.094249,1776592658.044288,1776592658.044647,1776592658.033473,4.509400,0.110805,-46.205036,0.123000,0.059000,0.000000,0.112451,0.071777,9.393244,0.005329,0.003997,-0.389002,23.1320,5.2619,-0.6282,0.1247,1
1776592658.144244,2251,1776592658.144244,1776592658.094285,1776592658.044647,1776592658.033473,4.508388,0.104534,-46.225636,0.112000,0.060000,0.000000,0.141162,0.265576,9.554742,-0.056485,-0.022381,-0.423640,23.1320,5.2619,-0.6282,0.1247,1
1776592658.194289,2252,1776592658.194289,1776592658.144282,1776592658.044647,1776592658.179131,4.506877,0.098380,-46.248753,0.115000,0.053000,0.000000,-0.082544,0.017944,9.590631,0.061548,0.023180,-0.395930,23.1320,5.2592,-0.6196,0.1296,1
1776592658.244267,2253,1776592658.244267,1776592658.194354,1776592658.044647,1776592658.179131,4.505144,0.092404,-46.271744,0.114000,0.050000,0.000000,-0.052637,0.001196,9.681549,-0.009059,-0.018651,-0.430567,23.1320,5.2592,-0.6196,0.1296,1
1776592658.295459,2254,1776592658.295459,1776592658.244308,1776592658.044647,1776592658.179131,4.503421,0.086702,-46.293346,0.106000,0.048000,0.000000,0.089722,0.261987,9.907647,-0.009592,-0.004796,-0.420709,23.1320,5.2592,-0.6196,0.1296,1
1776592658.344241,2255,1776592658.344241,1776592658.344282,1776592658.044647,1776592658.325012,4.501338,0.081601,-46.315201,0.106000,0.039000,0.000000,0.096899,0.245239,9.919610,0.015454,0.026644,-0.414847,23.1320,5.2573,-0.6110,0.1343,1
1776592658.394241,2256,1776592658.394241,1776592658.344282,1776592658.044647,1776592658.325012,4.499171,0.075928,-46.338303,0.112000,0.047000,0.000000,0.096899,0.245239,9.919610,0.015454,0.026644,-0.414847,23.1320,5.2573,-0.6110,0.1343,1
1776592658.444459,2257,1776592658.444459,1776592658.444535,1776592658.044647,1776592658.325012,4.496686,0.070104,-46.362961,0.117000,0.047000,0.000000,0.285913,0.251220,9.632501,-0.040765,-0.026378,-0.463872,23.1320,5.2573,-0.6110,0.1343,1
1776592658.494302,2258,1776592658.494302,1776592658.494363,1776592658.044647,1776592658.472338,4.493844,0.064850,-46.387630,0.114000,0.037000,0.000000,0.071777,-0.634032,11.217581,-0.031173,-0.011990,-0.490516,23.1320,5.2555,-0.6039,0.1368,1
1776592658.544611,2259,1776592658.544611,1776592658.494363,1776592658.044647,1776592658.472338,4.490958,0.059044,-46.412735,0.120000,0.047000,0.000000,0.071777,-0.634032,11.217581,-0.031173,-0.011990,-0.490516,23.1320,5.2555,-0.6039,0.1368,1
1776592658.594422,2260,1776592658.594422,1776592658.594462,1776592658.044647,1776592658.472338,4.487963,0.053439,-46.437889,0.119000,0.046000,0.000000,-0.070581,0.106470,9.724615,0.002664,0.027177,-0.450550,23.1320,5.2555,-0.6039,0.1368,1
1776592658.644507,2261,1776592658.644507,1776592658.644555,1776592658.644959,1776592658.617547,4.484778,0.047920,-46.463131,0.119000,0.045000,0.000000,0.206958,-0.004785,10.952005,-0.071406,-0.045561,-0.473730,23.1320,5.2516,-0.5966,0.1428,1
1776592658.694227,2262,1776592658.694227,1776592658.694270,1776592658.644959,1776592658.617547,4.482090,0.042304,-46.484562,0.112000,0.056000,0.000000,-0.214135,0.181836,9.603790,0.063679,0.046094,-0.396196,23.1320,5.2516,-0.5966,0.1428,1
1776592658.744310,2263,1776592658.744310,1776592658.744357,1776592658.644959,1776592658.617547,4.479083,0.036947,-46.507248,0.112000,0.050000,0.000000,0.163891,-0.008374,10.539287,-0.002132,-0.000799,-0.415114,23.1320,5.2516,-0.5966,0.1428,1
1776592658.794266,2264,1776592658.794266,1776592658.744357,1776592658.644959,1776592658.763721,4.475880,0.031187,-46.530727,0.119000,0.057000,0.000000,0.163891,-0.008374,10.539287,-0.002132,-0.000799,-0.415114,23.1320,5.2465,-0.5912,0.1482,1
1776592658.844234,2265,1776592658.844234,1776592658.794309,1776592658.644959,1776592658.763721,4.472872,0.025905,-46.551464,0.109000,0.054000,0.000000,0.104077,-0.013159,10.060772,-0.012789,-0.008526,-0.414314,23.1320,5.2465,-0.5912,0.1482,1
1776592658.894246,2266,1776592658.894246,1776592658.844304,1776592658.644959,1776592658.763721,4.469503,0.020700,-46.574120,0.113000,0.051000,0.000000,0.028711,-0.849364,10.753422,-0.012523,-0.003997,-0.443889,23.1320,5.2465,-0.5912,0.1482,1
1776592658.944344,2267,1776592658.944344,1776592658.894308,1776592658.644959,1776592658.910006,4.466254,0.015360,-46.595608,0.111000,0.057000,0.000000,0.078955,0.227294,10.168437,0.027177,0.023713,-0.404989,23.1320,5.2413,-0.5894,0.1507,1
1776592658.994257,2268,1776592658.994257,1776592658.944417,1776592658.644959,1776592658.910006,4.462611,0.010113,-46.618622,0.116000,0.054000,0.000000,0.043066,-0.029907,9.366925,0.015454,0.016253,-0.392466,23.1320,5.2413,-0.5894,0.1507,1
1776592659.044227,2269,1776592659.044227,1776592659.044269,1776592658.644959,1776592658.910006,4.459249,0.005455,-46.639061,0.104000,0.049000,0.000000,0.081347,-0.203369,8.836970,0.078067,0.048492,-0.361026,23.1320,5.2413,-0.5894,0.1507,1
1776592659.094247,2270,1776592659.094247,1776592659.094291,1776592658.644959,1776592659.056700,4.455470,0.001146,-46.661320,0.107000,0.041000,0.000000,0.168676,-0.075366,9.481769,-0.003197,-0.000533,-0.436962,23.1320,5.2375,-0.5915,0.1550,1
1776592659.144231,2271,1776592659.144231,1776592659.144290,1776592658.644959,1776592659.056700,4.451441,-0.003320,-46.684761,0.112000,0.044000,0.000000,0.025122,0.143554,9.646856,0.019450,0.015986,-0.432166,23.1320,5.2375,-0.5915,0.1550,1
1776592659.194246,2272,1776592659.194246,1776592659.144290,1776592658.644959,1776592659.056700,4.446958,-0.007305,-46.710720,0.115000,0.034000,0.000000,0.025122,0.143554,9.646856,0.019450,0.015986,-0.432166,23.1320,5.2375,-0.5915,0.1550,1
1776592659.244283,2273,1776592659.244283,1776592659.194289,1776592659.244865,1776592659.202608,4.442882,-0.011714,-46.732937,0.110000,0.048000,0.000000,0.155517,0.088525,9.657623,-0.059949,-0.009592,-0.456145,23.1350,5.2339,-0.5961,0.1562,1
1776592659.294248,2274,1776592659.294248,1776592659.244389,1776592659.244865,1776592659.202608,4.438784,-0.015673,-46.754974,0.106000,0.042000,0.000000,-0.187817,0.092114,9.378888,0.061015,0.056752,-0.413248,23.1350,5.2339,-0.5961,0.1562,1
1776592659.344921,2275,1776592659.344921,1776592659.294291,1776592659.244865,1776592659.202608,4.434779,-0.020209,-46.775143,0.106000,0.055000,0.000000,0.041870,0.305053,9.487750,-0.011190,-0.000799,-0.418577,23.1350,5.2339,-0.5961,0.1562,1
1776592659.394285,2276,1776592659.394285,1776592659.344977,1776592659.244865,1776592659.349038,4.430629,-0.024975,-46.795826,0.112000,0.062000,0.000000,0.002393,0.338549,9.711456,0.000266,0.013322,-0.361826,23.1350,5.2320,-0.6044,0.1557,1
1776592659.444217,2277,1776592659.444217,1776592659.444270,1776592659.244865,1776592659.349038,4.426534,-0.029217,-46.816048,0.105000,0.054000,0.000000,-0.071777,0.118432,10.106231,0.047160,0.033039,-0.347438,23.1350,5.2320,-0.6044,0.1557,1
1776592659.494201,2278,1776592659.494201,1776592659.494247,1776592659.244865,1776592659.349038,4.422093,-0.033723,-46.837090,0.112000,0.059000,0.000000,0.234472,-0.043066,10.005742,-0.003197,-0.017585,-0.414581,23.1350,5.2320,-0.6044,0.1557,1
1776592659.544238,2279,1776592659.544238,1776592659.494247,1776592659.244865,1776592659.495746,4.417597,-0.037762,-46.858406,0.109000,0.052000,0.000000,0.234472,-0.043066,10.005742,-0.003197,-0.017585,-0.414581,23.1350,5.2307,-0.6111,0.1541,1
1776592659.594180,2280,1776592659.594180,1776592659.544279,1776592659.244865,1776592659.495746,4.413170,-0.042226,-46.877983,0.109000,0.063000,0.000000,0.093310,0.275146,9.683941,-0.013855,-0.010658,-0.391134,23.1350,5.2307,-0.6111,0.1541,1
1776592659.644258,2281,1776592659.644258,1776592659.594226,1776592659.244865,1776592659.644562,4.408546,-0.046226,-46.899315,0.109000,0.055000,0.000000,0.210546,-0.002393,10.869461,-0.068475,-0.045561,-0.418844,23.1350,5.2283,-0.6198,0.1543,1
1776592659.694224,2282,1776592659.694224,1776592659.694270,1776592659.244865,1776592659.644562,4.403619,-0.050684,-46.920502,0.116000,0.065000,0.000000,0.027515,0.051440,10.307207,-0.003997,0.006128,-0.399926,23.1350,5.2283,-0.6198,0.1543,1
1776592659.744213,2283,1776592659.744213,1776592659.694270,1776592659.244865,1776592659.644562,4.398635,-0.054978,-46.941296,0.115000,0.064000,0.000000,0.027515,0.051440,10.307207,-0.003997,0.006128,-0.399926,23.1350,5.2283,-0.6198,0.1543,1
1776592659.794178,2284,1776592659.794178,1776592659.794222,1776592659.244865,1776592659.787547,4.393651,-0.059354,-46.961582,0.114000,0.068000,0.000000,-0.005981,-0.653173,11.310891,-0.029841,-0.013056,-0.414048,23.1350,5.2253,-0.6258,0.1556,1
1776592659.844309,2285,1776592659.844309,1776592659.844358,1776592659.844783,1776592659.787547,4.388463,-0.063353,-46.983341,0.115000,0.062000,0.000000,-0.064599,0.218920,9.515265,0.009592,0.017052,-0.421508,23.1390,5.2253,-0.6258,0.1556,1
1776592659.894212,2286,1776592659.894212,1776592659.894255,1776592659.844783,1776592659.787547,4.383285,-0.067361,-47.003952,0.114000,0.065000,0.000000,0.077759,0.069385,9.503302,0.015454,0.011990,-0.394331,23.1390,5.2253,-0.6258,0.1556,1
1776592659.944295,2287,1776592659.944295,1776592659.944346,1776592659.844783,1776592659.934570,4.377590,-0.071577,-47.026333,0.123000,0.070000,0.000000,0.215332,0.142358,10.100249,-0.077534,-0.042897,-0.428968,23.1390,5.2235,-0.6302,0.1548,1
1776592659.994264,2288,1776592659.994264,1776592659.994307,1776592659.844783,1776592659.934570,4.372101,-0.075530,-47.047726,0.117000,0.068000,0.000000,0.052637,-0.565844,8.659920,0.056485,0.038900,-0.382608,23.1390,5.2235,-0.6302,0.1548,1
1776592660.044174,2289,1776592660.044174,1776592659.994307,1776592659.844783,1776592659.934570,4.366361,-0.079021,-47.070587,0.120000,0.061000,0.000000,0.052637,-0.565844,8.659920,0.056485,0.038900,-0.382608,23.1390,5.2235,-0.6302,0.1548,1
1776592660.094166,2290,1776592660.094166,1776592660.044216,1776592659.844783,1776592660.080068,4.360977,-0.082262,-47.091232,0.111000,0.059000,0.000000,-0.166284,-0.117236,10.164848,-0.004529,-0.006927,-0.434031,23.1390,5.2206,-0.6342,0.1536,1
1776592660.144251,2291,1776592660.144251,1776592660.094212,1776592659.844783,1776592660.080068,4.355670,-0.085492,-47.110813,0.108000,0.061000,0.000000,0.124414,0.128003,9.634893,-0.000533,-0.010125,-0.398594,23.1390,5.2206,-0.6342,0.1536,1
1776592660.194154,2292,1776592660.194154,1776592660.144304,1776592659.844783,1776592660.080068,4.350465,-0.088156,-47.131424,0.105000,0.052000,0.000000,0.017944,-0.796727,10.797685,-0.002931,-0.002931,-0.417245,23.1390,5.2206,-0.6342,0.1536,1
1776592660.244156,2293,1776592660.244156,1776592660.194196,1776592659.844783,1776592660.226453,4.344892,-0.091164,-47.151924,0.111000,0.061000,0.000000,0.137573,0.041870,10.283281,0.030108,0.012523,-0.400992,23.1390,5.2153,-0.6415,0.1520,1
1776592660.294240,2294,1776592660.294240,1776592660.294282,1776592659.844783,1776592660.226453,4.339307,-0.093763,-47.172859,0.110000,0.055000,0.000000,0.166284,0.283520,9.671978,-0.034904,-0.024246,-0.392733,23.1390,5.2153,-0.6415,0.1520,1
1776592660.346381,2295,1776592660.346381,1776592660.294282,1776592659.844783,1776592660.226453,4.333364,-0.096813,-47.193821,0.111000,0.064000,0.000000,0.166284,0.283520,9.671978,-0.034904,-0.024246,-0.392733,23.1390,5.2153,-0.6415,0.1520,1
1776592660.394148,2296,1776592660.394148,1776592660.394190,1776592659.844783,1776592660.372735,4.327758,-0.098910,-47.215652,0.114000,0.052000,0.000000,0.114844,0.162695,9.413581,0.004529,0.019717,-0.412183,23.1390,5.2089,-0.6489,0.1522,1
1776592660.444183,2297,1776592660.444183,1776592660.394190,1776592660.444716,1776592660.372735,4.321976,-0.101141,-47.237267,0.111000,0.055000,0.000000,0.114844,0.162695,9.413581,0.004529,0.019717,-0.412183,23.1370,5.2089,-0.6489,0.1522,1
1776592660.494147,2298,1776592660.494147,1776592660.444244,1776592660.444716,1776592660.372735,4.315840,-0.102907,-47.261353,0.118000,0.049000,0.000000,0.077759,0.043066,9.563116,0.012523,0.007727,-0.398061,23.1370,5.2089,-0.6489,0.1522,1
1776592660.544225,2299,1776592660.544225,1776592660.494190,1776592660.444716,1776592660.518939,4.309837,-0.105009,-47.282784,0.113000,0.058000,0.000000,0.108862,0.151928,9.515265,-0.050624,-0.029308,-0.441491,23.1370,5.2040,-0.6574,0.1521,1
1776592660.594183,2300,1776592660.594183,1776592660.544286,1776592660.444716,1776592660.518939,4.303834,-0.106475,-47.306465,0.114000,0.048000,0.000000,-0.199780,-0.010767,9.213800,0.068742,0.017851,-0.402058,23.1370,5.2040,-0.6574,0.1521,1
1776592660.644202,2301,1776592660.644202,1776592660.594228,1776592660.444716,1776592660.518939,4.297845,-0.107506,-47.330925,0.114000,0.042000,0.000000,-0.065796,-0.154321,9.686334,-0.010391,-0.007194,-0.443090,23.1370,5.2040,-0.6574,0.1521,1
1776592660.694201,2302,1776592660.694201,1776592660.694252,1776592660.444716,1776592660.665039,4.292399,-0.107895,-47.354675,0.105000,0.030000,0.000000,0.198584,-0.076562,10.663700,-0.067143,-0.046893,-0.483855,23.1370,5.1974,-0.6626,0.1549,1
1776592660.744146,2303,1776592660.744146,1776592660.744208,1776592660.444716,1776592660.665039,4.286952,-0.108154,-47.378349,0.105000,0.030000,0.000000,0.028711,0.096899,9.949517,0.025578,0.023713,-0.455346,23.1370,5.1974,-0.6626,0.1549,1
1776592660.794170,2304,1776592660.794170,1776592660.794212,1776592660.444716,1776592660.665039,4.281284,-0.108282,-47.403114,0.109000,0.031000,0.000000,0.141162,-0.094507,10.474687,-0.010658,-0.013322,-0.471865,23.1370,5.1974,-0.6626,0.1549,1
1776592660.844167,2305,1776592660.844167,1776592660.844228,1776592660.444716,1776592660.811751,4.275529,-0.108400,-47.427662,0.110000,0.034000,0.000000,0.144751,0.189013,9.571490,-0.035969,-0.020516,-0.468934,23.1370,5.1929,-0.6682,0.1562,1
1776592660.894177,2306,1776592660.894177,1776592660.894219,1776592660.444716,1776592660.811751,4.269914,-0.108422,-47.451420,0.107000,0.034000,0.000000,0.004785,-0.004785,11.382668,-0.069807,-0.036769,-0.477194,23.1370,5.1929,-0.6682,0.1562,1
1776592660.944796,2307,1776592660.944796,1776592660.945059,1776592660.444716,1776592660.811751,4.263990,-0.108708,-47.474350,0.109000,0.043000,0.000000,0.016748,0.049048,9.892096,-0.002398,0.004529,-0.439360,23.1370,5.1929,-0.6682,0.1562,1
1776592660.994146,2308,1776592660.994146,1776592660.945059,1776592660.444716,1776592660.957540,4.257952,-0.109128,-47.496555,0.112000,0.050000,0.000000,0.016748,0.049048,9.892096,-0.002398,0.004529,-0.439360,23.1370,5.1899,-0.6723,0.1542,1
1776592661.044151,2309,1776592661.044151,1776592660.994198,1776592661.044608,1776592660.957540,4.251805,-0.109195,-47.520309,0.114000,0.046000,0.000000,0.026318,-0.069385,10.395732,-0.009858,0.021049,-0.413781,23.1370,5.1899,-0.6723,0.1542,1
1776592661.094149,2310,1776592661.094149,1776592661.044192,1776592661.044608,1776592660.957540,4.245462,-0.109846,-47.541409,0.112000,0.061000,0.000000,0.234472,0.126806,9.463824,-0.049025,-0.025312,-0.431633,23.1370,5.1899,-0.6723,0.1542,1
1776592661.144129,2311,1776592661.144129,1776592661.094225,1776592661.044608,1776592661.103616,4.239174,-0.109845,-47.564301,0.115000,0.051000,0.000000,0.149536,-0.819456,9.743755,0.025845,0.038101,-0.429235,23.1370,5.1876,-0.6768,0.1558,1
1776592661.194156,2312,1776592661.194156,1776592661.144169,1776592661.044608,1776592661.103616,4.233098,-0.109360,-47.588314,0.114000,0.043000,0.000000,0.086133,-0.173462,9.693512,-0.011457,-0.003997,-0.467336,23.1370,5.1876,-0.6768,0.1558,1
1776592661.244143,2313,1776592661.244143,1776592661.194201,1776592661.044608,1776592661.103616,4.227041,-0.108394,-47.614357,0.117000,0.037000,0.000000,0.015552,-0.156714,9.521246,0.005862,0.025045,-0.461741,23.1370,5.1876,-0.6768,0.1558,1
1776592661.294109,2314,1776592661.294109,1776592661.244205,1776592661.044608,1776592661.249999,4.221180,-0.107700,-47.637444,0.110000,0.043000,0.000000,0.163891,-0.088525,10.064361,-0.074870,-0.027443,-0.479858,23.1370,5.1847,-0.6792,0.1570,1
1776592661.344137,2315,1776592661.344137,1776592661.344181,1776592661.044608,1776592661.249999,4.215447,-0.106764,-47.660458,0.109000,0.040000,0.000000,0.150732,-0.144751,10.195952,-0.013855,-0.001599,-0.452415,23.1370,5.1847,-0.6792,0.1570,1
1776592661.394140,2316,1776592661.394140,1776592661.394207,1776592661.044608,1776592661.249999,4.209580,-0.106358,-47.680359,0.105000,0.053000,0.000000,-0.221313,0.281127,9.476984,0.013855,0.010391,-0.395663,23.1370,5.1847,-0.6792,0.1570,1
1776592661.444109,2317,1776592661.444109,1776592661.444149,1776592661.044608,1776592661.397944,4.203456,-0.106080,-47.699947,0.107000,0.060000,0.000000,0.044263,-0.020337,11.307302,-0.059416,-0.036502,-0.381009,23.1370,5.1831,-0.6821,0.1589,1
1776592661.494225,2318,1776592661.494225,1776592661.494278,1776592661.044608,1776592661.397944,4.197765,-0.105550,-47.719143,0.101000,0.053000,0.000000,-0.034692,0.074170,9.855010,0.064745,0.031973,-0.315998,23.1370,5.1831,-0.6821,0.1589,1
1776592661.544155,2319,1776592661.544155,1776592661.494278,1776592661.044608,1776592661.541941,4.192247,-0.104527,-47.740162,0.103000,0.045000,0.000000,-0.034692,0.074170,9.855010,0.064745,0.031973,-0.315998,23.1370,5.1800,-0.6851,0.1606,1
1776592661.594081,2320,1776592661.594081,1776592661.544214,1776592661.044608,1776592661.541941,4.185935,-0.103850,-47.760582,0.111000,0.062000,0.000000,0.171069,0.284716,10.194756,-0.009858,0.001066,-0.364756,23.1370,5.1800,-0.6851,0.1606,1
1776592661.644193,2321,1776592661.644193,1776592661.594126,1776592661.644707,1776592661.541941,4.179845,-0.102899,-47.781128,0.109000,0.057000,0.000000,0.074170,0.037085,9.734185,-0.002398,0.004529,-0.359428,23.1350,5.1800,-0.6851,0.1606,1
1776592661.694134,2322,1776592661.694134,1776592661.644241,1776592661.644707,1776592661.689352,4.173604,-0.101994,-47.801052,0.110000,0.062000,0.000000,0.039477,-0.031103,11.422146,-0.069008,-0.029308,-0.415380,23.1350,5.1776,-0.6889,0.1643,1
1776592661.744138,2323,1776592661.744138,1776592661.694194,1776592661.644707,1776592661.689352,4.167203,-0.101018,-47.821606,0.112000,0.065000,0.000000,0.026318,-0.092114,9.664801,0.053288,0.021049,-0.376480,23.1350,5.1776,-0.6889,0.1643,1
1776592661.794003,2324,1776592661.794003,1776592661.744180,1776592661.644707,1776592661.689352,4.160624,-0.099862,-47.842648,0.116000,0.067000,0.000000,0.051440,-0.069385,10.412479,-0.005329,0.003197,-0.401792,23.1350,5.1776,-0.6889,0.1643,1
1776592661.844062,2325,1776592661.844062,1776592661.844115,1776592661.644707,1776592661.834705,4.154474,-0.098605,-47.862221,0.109000,0.062000,0.000000,-0.082544,-0.784764,10.658915,-0.003997,-0.007727,-0.413515,23.1350,5.1765,-0.6937,0.1673,1
1776592661.894120,2326,1776592661.894120,1776592661.894166,1776592661.644707,1776592661.834705,4.148305,-0.097053,-47.883247,0.112000,0.060000,0.000000,0.251220,-0.100488,10.337113,0.026910,0.010924,-0.415380,23.1350,5.1765,-0.6937,0.1673,1
1776592661.943999,2327,1776592661.943999,1776592661.894166,1776592661.644707,1776592661.834705,4.142022,-0.095558,-47.903648,0.112000,0.065000,0.000000,0.251220,-0.100488,10.337113,0.026910,0.010924,-0.415380,23.1350,5.1765,-0.6937,0.1673,1
1776592661.994038,2328,1776592661.994038,1776592661.944073,1776592661.644707,1776592661.980517,4.135537,-0.093720,-47.925613,0.118000,0.065000,0.000000,-0.016748,-0.032300,9.369318,0.023180,0.000799,-0.386604,23.1350,5.1750,-0.6967,0.1711,1
1776592662.043979,2329,1776592662.043979,1776592661.994103,1776592661.644707,1776592661.980517,4.129596,-0.091963,-47.945042,0.108000,0.061000,0.000000,0.104077,0.212939,9.624126,-0.032772,-0.010391,-0.398061,23.1350,5.1750,-0.6967,0.1711,1
1776592662.093985,2330,1776592662.093985,1776592662.094029,1776592661.644707,1776592661.980517,4.123798,-0.089844,-47.965946,0.110000,0.056000,0.000000,0.003589,0.214135,9.468610,0.005862,0.003464,-0.396996,23.1350,5.1750,-0.6967,0.1711,1
1776592662.144236,2331,1776592662.144236,1776592662.094029,1776592661.644707,1776592662.126727,4.117894,-0.087908,-47.985592,0.107000,0.062000,0.000000,0.003589,0.214135,9.468610,0.005862,0.003464,-0.396996,23.1350,5.1732,-0.7003,0.1781,1
1776592662.193990,2332,1776592662.193990,1776592662.144313,1776592661.644707,1776592662.126727,4.111967,-0.085585,-48.007038,0.113000,0.060000,0.000000,0.009570,0.104077,9.488947,0.009858,0.000533,-0.360760,23.1350,5.1732,-0.7003,0.1781,1
1776592662.243969,2333,1776592662.243969,1776592662.244057,1776592662.244431,1776592662.126727,4.106044,-0.083335,-48.027081,0.110000,0.063000,0.000000,-0.009570,-0.017944,9.710259,0.058350,0.017052,-0.365556,23.1360,5.1732,-0.7003,0.1781,1
1776592662.294024,2334,1776592662.294024,1776592662.244057,1776592662.244431,1776592662.272765,4.100623,-0.080662,-48.048252,0.109000,0.052000,0.000000,-0.009570,-0.017944,9.710259,0.058350,0.017052,-0.365556,23.1360,5.1723,-0.7007,0.1890,1
1776592662.344065,2335,1776592662.344065,1776592662.344110,1776592662.244431,1776592662.272765,4.095000,-0.077946,-48.069420,0.111000,0.057000,0.000000,0.066992,0.279931,9.902862,-0.004796,0.002132,-0.390868,23.1360,5.1723,-0.7007,0.1890,1
1776592662.393978,2336,1776592662.393978,1776592662.394023,1776592662.244431,1776592662.272765,4.089792,-0.074996,-48.091133,0.109000,0.050000,0.000000,0.196191,0.008374,10.278496,-0.072472,-0.050357,-0.439626,23.1360,5.1723,-0.7007,0.1890,1
1776592662.443997,2337,1776592662.443997,1776592662.394023,1776592662.244431,1776592662.418559,4.084641,-0.072107,-48.111992,0.106000,0.052000,0.000000,0.196191,0.008374,10.278496,-0.072472,-0.050357,-0.439626,23.1360,5.1731,-0.6982,0.2002,1
1776592662.494000,2338,1776592662.494000,1776592662.444114,1776592662.244431,1776592662.418559,4.079277,-0.069055,-48.132946,0.110000,0.056000,0.000000,0.142358,0.319409,10.253374,0.033571,0.025045,-0.397528,23.1360,5.1731,-0.6982,0.2002,1
1776592662.543999,2339,1776592662.543999,1776592662.494045,1776592662.244431,1776592662.418559,4.074204,-0.065689,-48.155045,0.111000,0.050000,0.000000,0.119629,-0.105273,10.201934,-0.005062,-0.018917,-0.417511,23.1360,5.1731,-0.6982,0.2002,1
1776592662.593989,2340,1776592662.593989,1776592662.544109,1776592662.244431,1776592662.564737,4.069569,-0.062231,-48.177490,0.107000,0.044000,0.000000,0.159106,0.226098,9.772467,-0.022381,-0.005862,-0.411383,23.1360,5.1759,-0.6948,0.2091,1
1776592662.643991,2341,1776592662.643991,1776592662.644082,1776592662.244431,1776592662.564737,4.065520,-0.058551,-48.200592,0.104000,0.034000,0.000000,-0.015552,0.038281,9.719830,0.012256,0.009858,-0.428169,23.1360,5.1759,-0.6948,0.2091,1
1776592662.693993,2342,1776592662.693993,1776592662.694037,1776592662.244431,1776592662.564737,4.061263,-0.054654,-48.224045,0.109000,0.038000,0.000000,0.137573,-0.247631,10.484257,-0.001865,0.001865,-0.442290,23.1360,5.1759,-0.6948,0.2091,1
1776592662.743983,2343,1776592662.743983,1776592662.744093,1776592662.244431,1776592662.711410,4.057500,-0.050455,-48.248589,0.109000,0.029000,0.000000,0.282324,0.069385,9.510480,-0.043163,-0.018118,-0.458010,23.1360,5.1781,-0.6922,0.2140,1
1776592662.793990,2344,1776592662.793990,1776592662.794036,1776592662.244431,1776592662.711410,4.053659,-0.046250,-48.273094,0.109000,0.033000,0.000000,0.021533,-0.601732,10.540483,-0.006661,0.007727,-0.479059,23.1360,5.1781,-0.6922,0.2140,1
1776592662.843989,2345,1776592662.843989,1776592662.844069,1776592662.844483,1776592662.711410,4.049481,-0.041822,-48.298244,0.115000,0.040000,0.000000,0.276342,0.004785,9.380084,-0.005062,-0.019184,-0.479059,23.1350,5.1781,-0.6922,0.2140,1
1776592662.893972,2346,1776592662.893972,1776592662.894029,1776592662.844483,1776592662.856948,4.045221,-0.037211,-48.323536,0.118000,0.043000,0.000000,-0.095703,-0.001196,9.578668,0.001599,0.018118,-0.450284,23.1350,5.1816,-0.6913,0.2156,1
1776592662.943989,2347,1776592662.943989,1776592662.944135,1776592662.844483,1776592662.856948,4.040965,-0.032481,-48.348446,0.119000,0.045000,0.000000,0.209350,0.167480,9.305915,-0.064478,-0.042897,-0.468135,23.1350,5.1816,-0.6913,0.2156,1
1776592662.993976,2348,1776592662.993976,1776592662.994020,1776592662.844483,1776592662.856948,4.035911,-0.028193,-48.369392,0.115000,0.066000,0.000000,0.150732,-0.678295,8.511580,0.051423,0.039167,-0.417511,23.1350,5.1816,-0.6913,0.2156,1
1776592663.043976,2349,1776592663.043976,1776592662.994020,1776592662.844483,1776592663.002820,4.031753,-0.023686,-48.392189,0.112000,0.050000,0.000000,0.150732,-0.678295,8.511580,0.051423,0.039167,-0.417511,23.1350,5.1846,-0.6907,0.2169,1
1776592663.093905,2350,1776592663.093905,1776592663.044104,1776592662.844483,1776592663.002820,4.027656,-0.019106,-48.414658,0.112000,0.051000,0.000000,0.163891,-0.178247,10.201934,0.002664,-0.018651,-0.409252,23.1350,5.1846,-0.6907,0.2169,1
1776592663.144053,2351,1776592663.144053,1776592663.093951,1776592662.844483,1776592663.002820,4.024256,-0.014715,-48.435947,0.103000,0.041000,0.000000,-0.064599,0.041870,9.661212,0.011990,0.003197,-0.397795,23.1350,5.1846,-0.6907,0.2169,1
1776592663.194002,2352,1776592663.194002,1776592663.194048,1776592662.844483,1776592663.149591,4.020447,-0.010292,-48.456249,0.105000,0.051000,0.000000,-0.145947,0.183032,10.014116,0.058617,0.031973,-0.375148,23.1350,5.1853,-0.6901,0.2228,1
1776592663.243898,2353,1776592663.243898,1776592663.194048,1776592662.844483,1776592663.149591,4.017295,-0.005564,-48.479103,0.107000,0.039000,0.000000,-0.145947,0.183032,10.014116,0.058617,0.031973,-0.375148,23.1350,5.1853,-0.6901,0.2228,1
1776592663.293968,2354,1776592663.293968,1776592663.294018,1776592662.844483,1776592663.149591,4.014465,-0.000596,-48.503338,0.109000,0.034000,0.000000,0.052637,0.026318,9.857403,-0.009059,0.009325,-0.429768,23.1350,5.1853,-0.6901,0.2228,1
1776592663.343944,2355,1776592663.343944,1776592663.294018,1776592662.844483,1776592663.296203,4.011965,0.004163,-48.526478,0.103000,0.031000,0.000000,0.052637,0.026318,9.857403,-0.009059,0.009325,-0.429768,23.1350,5.1857,-0.6881,0.2289,1
1776592663.393895,2356,1776592663.393895,1776592663.343990,1776592662.844483,1776592663.296203,4.009634,0.008935,-48.549305,0.102000,0.030000,0.000000,-0.090918,-0.462963,11.289358,-0.033838,-0.002664,-0.448685,23.1350,5.1857,-0.6881,0.2289,1
1776592663.444047,2357,1776592663.444047,1776592663.444102,1776592663.444553,1776592663.441178,4.006790,0.013836,-48.571003,0.105000,0.042000,0.000000,0.035889,0.081347,10.069145,-0.002132,-0.010658,-0.424705,23.1390,5.1846,-0.6847,0.2336,1
1776592663.493948,2358,1776592663.493948,1776592663.493993,1776592663.444553,1776592663.441178,4.002990,0.018900,-48.591030,0.110000,0.063000,0.000000,0.038281,0.512011,9.704278,-0.007194,0.003197,-0.375414,23.1390,5.1846,-0.6847,0.2336,1
1776592663.543933,2359,1776592663.543933,1776592663.543977,1776592663.444553,1776592663.441178,3.999529,0.023665,-48.609623,0.102000,0.059000,0.000000,0.031103,-0.710594,10.332329,0.006395,0.006927,-0.353832,23.1390,5.1846,-0.6847,0.2336,1
1776592663.594036,2360,1776592663.594036,1776592663.543977,1776592663.444553,1776592663.587769,3.996257,0.029018,-48.631317,0.112000,0.056000,0.000000,0.031103,-0.710594,10.332329,0.006395,0.006927,-0.353832,23.1390,5.1834,-0.6784,0.2386,1
1776592663.643950,2361,1776592663.643950,1776592663.644069,1776592663.444553,1776592663.587769,3.993568,0.034349,-48.653328,0.110000,0.047000,0.000000,-0.026318,-0.020337,9.614556,0.006395,0.010658,-0.400726,23.1390,5.1834,-0.6784,0.2386,1
1776592663.693876,2362,1776592663.693876,1776592663.644069,1776592663.444553,1776592663.587769,3.990181,0.040105,-48.675297,0.118000,0.063000,0.000000,-0.026318,-0.020337,9.614556,0.006395,0.010658,-0.400726,23.1390,5.1834,-0.6784,0.2386,1
1776592663.743900,2363,1776592663.743900,1776592663.743948,1776592663.444553,1776592663.733600,3.986722,0.045642,-48.695408,0.112000,0.067000,0.000000,0.095703,-0.836204,8.522346,0.060748,0.048759,-0.386072,23.1390,5.1835,-0.6721,0.2424,1
1776592663.794030,2364,1776592663.794030,1776592663.743948,1776592663.444553,1776592663.733600,3.983568,0.051359,-48.716763,0.114000,0.063000,0.000000,0.095703,-0.836204,8.522346,0.060748,0.048759,-0.386072,23.1390,5.1835,-0.6721,0.2424,1
1776592663.844134,2365,1776592663.844134,1776592663.794079,1776592663.444553,1776592663.733600,3.980583,0.056888,-48.736305,0.109000,0.062000,0.000000,-0.009570,0.275146,9.573883,0.018384,0.022115,-0.403124,23.1390,5.1835,-0.6721,0.2424,1
1776592663.893840,2366,1776592663.893840,1776592663.844179,1776592663.444553,1776592663.879467,3.977497,0.062837,-48.757481,0.117000,0.067000,0.000000,0.017944,-0.141162,9.502106,0.011190,0.001865,-0.369286,23.1390,5.1822,-0.6681,0.2439,1
1776592663.943855,2367,1776592663.943855,1776592663.893903,1776592663.444553,1776592663.879467,3.974555,0.068635,-48.777885,0.112000,0.066000,0.000000,0.053833,0.336157,9.508087,-0.043430,-0.023447,-0.393532,23.1390,5.1822,-0.6681,0.2439,1
1776592663.994066,2368,1776592663.994066,1776592663.994112,1776592663.444553,1776592663.879467,3.972015,0.074439,-48.798622,0.111000,0.060000,0.000000,-0.133984,0.266772,9.748541,0.007460,0.009059,-0.384739,23.1390,5.1822,-0.6681,0.2439,1
1776592664.043902,2369,1776592664.043902,1776592663.994112,1776592664.044427,1776592664.025554,3.969550,0.080108,-48.818108,0.108000,0.061000,0.000000,-0.133984,0.266772,9.748541,0.007460,0.009059,-0.384739,23.1390,5.1808,-0.6640,0.2465,1
1776592664.093845,2370,1776592664.093845,1776592664.043947,1776592664.044427,1776592664.025554,3.967265,0.086028,-48.838982,0.112000,0.060000,0.000000,0.145947,0.160302,9.987798,-0.003197,-0.000799,-0.372483,23.1390,5.1808,-0.6640,0.2465,1
1776592664.143845,2371,1776592664.143845,1776592664.093897,1776592664.044427,1776592664.025554,3.964960,0.092072,-48.859730,0.113000,0.063000,0.000000,0.099292,0.263183,9.782037,-0.069008,-0.032506,-0.397528,23.1390,5.1808,-0.6640,0.2465,1
1776592664.193825,2372,1776592664.193825,1776592664.143886,1776592664.044427,1776592664.171957,3.962971,0.098079,-48.880974,0.112000,0.059000,0.000000,0.028711,0.021533,10.451958,0.034637,0.003730,-0.398594,23.1390,5.1807,-0.6640,0.2492,1
1776592664.243864,2373,1776592664.243864,1776592664.193880,1776592664.044427,1776592664.171957,3.961068,0.104191,-48.902241,0.113000,0.060000,0.000000,-0.135180,0.165088,10.185185,-0.010125,-0.010391,-0.402324,23.1390,5.1807,-0.6640,0.2492,1
1776592664.293844,2374,1776592664.293844,1776592664.293889,1776592664.044427,1776592664.171957,3.959334,0.110020,-48.921829,0.107000,0.058000,0.000000,-0.025122,-0.183032,11.632692,-0.062880,-0.049824,-0.435363,23.1390,5.1807,-0.6640,0.2492,1
1776592664.344460,2375,1776592664.344460,1776592664.293889,1776592664.044427,1776592664.318259,3.957985,0.116100,-48.944107,0.111000,0.053000,0.000000,-0.025122,-0.183032,11.632692,-0.062880,-0.049824,-0.435363,23.1390,5.1818,-0.6665,0.2477,1
1776592664.393842,2376,1776592664.393842,1776592664.344750,1776592664.044427,1776592664.318259,3.956658,0.122094,-48.965389,0.111000,0.056000,0.000000,0.075366,0.165088,9.711456,0.014121,0.025845,-0.407387,23.1390,5.1818,-0.6665,0.2477,1
1776592664.443812,2377,1776592664.443812,1776592664.443860,1776592664.044427,1776592664.318259,3.955801,0.128347,-48.988876,0.116000,0.050000,0.000000,0.144751,0.168676,9.504498,-0.050091,-0.030907,-0.428702,23.1390,5.1818,-0.6665,0.2477,1
1776592664.493826,2378,1776592664.493826,1776592664.443860,1776592664.044427,1776592664.463815,3.954558,0.134420,-49.008881,0.109000,0.059000,0.000000,0.144751,0.168676,9.504498,-0.050091,-0.030907,-0.428702,23.1390,5.1822,-0.6704,0.2462,1
1776592664.543823,2379,1776592664.543823,1776592664.493889,1776592664.044427,1776592664.463815,3.953909,0.140677,-49.031982,0.115000,0.051000,0.000000,0.069385,-0.734520,9.925591,0.011190,0.009592,-0.428169,23.1390,5.1822,-0.6704,0.2462,1
1776592664.593834,2380,1776592664.593834,1776592664.593879,1776592664.044427,1776592664.463815,3.953354,0.146648,-49.054085,0.109000,0.050000,0.000000,0.057422,-0.135180,9.304718,0.014388,0.014121,-0.408186,23.1390,5.1822,-0.6704,0.2462,1
1776592664.643824,2381,1776592664.643824,1776592664.593879,1776592664.644308,1776592664.611247,3.953200,0.153061,-49.078880,0.119000,0.048000,0.000000,0.057422,-0.135180,9.304718,0.014388,0.014121,-0.408186,23.1370,5.1828,-0.6780,0.2450,1
1776592664.693825,2382,1776592664.693825,1776592664.643869,1776592664.644308,1776592664.611247,3.953017,0.159013,-49.100582,0.109000,0.048000,0.000000,0.215332,0.064599,9.826300,-0.072472,-0.046361,-0.455080,23.1370,5.1828,-0.6780,0.2450,1
1776592664.743807,2383,1776592664.743807,1776592664.743846,1776592664.644308,1776592664.611247,3.953339,0.165077,-49.124973,0.114000,0.042000,0.000000,0.131592,-0.241650,10.162456,-0.006128,-0.015720,-0.453214,23.1370,5.1828,-0.6780,0.2450,1
1776592664.793853,2384,1776592664.793853,1776592664.743846,1776592664.644308,1776592664.756717,3.953812,0.171027,-49.149246,0.112000,0.041000,0.000000,0.131592,-0.241650,10.162456,-0.006128,-0.015720,-0.453214,23.1370,5.1830,-0.6858,0.2417,1
1776592664.843857,2385,1776592664.843857,1776592664.793896,1776592664.644308,1776592664.756717,3.954721,0.176761,-49.174049,0.111000,0.034000,0.000000,-0.002393,0.068188,9.687531,0.008260,0.004263,-0.435097,23.1370,5.1830,-0.6858,0.2417,1
1776592664.893815,2386,1776592664.893815,1776592664.893877,1776592664.644308,1776592664.756717,3.955282,0.182605,-49.196526,0.109000,0.044000,0.000000,-0.029907,0.250024,10.216289,0.032506,0.027976,-0.436162,23.1370,5.1830,-0.6858,0.2417,1
1776592664.943774,2387,1776592664.943774,1776592664.943812,1776592664.644308,1776592664.903193,3.956295,0.188605,-49.221462,0.115000,0.040000,0.000000,0.045459,-0.077759,10.042828,0.001066,0.015187,-0.427370,23.1370,5.1830,-0.6914,0.2410,1
1776592664.993804,2388,1776592664.993804,1776592664.993847,1776592664.644308,1776592664.903193,3.957006,0.194904,-49.245026,0.116000,0.051000,0.000000,0.147143,0.181836,9.905254,-0.021848,-0.010125,-0.433231,23.1370,5.1830,-0.6914,0.2410,1
1776592665.043805,2389,1776592665.043805,1776592664.993847,1776592664.644308,1776592664.903193,3.957352,0.201203,-49.265877,0.111000,0.060000,0.000000,0.147143,0.181836,9.905254,-0.021848,-0.010125,-0.433231,23.1370,5.1830,-0.6914,0.2410,1
1776592665.093779,2390,1776592665.093779,1776592665.093832,1776592664.644308,1776592665.049173,3.958447,0.206974,-49.288162,0.109000,0.044000,0.000000,-0.057422,0.078955,9.679156,0.009059,0.020782,-0.410318,23.1370,5.1828,-0.6964,0.2410,1
1776592665.143878,2391,1776592665.143878,1776592665.143922,1776592664.644308,1776592665.049173,3.959481,0.212986,-49.310310,0.111000,0.050000,0.000000,0.008374,-0.010767,9.486554,0.011190,0.010125,-0.398861,23.1370,5.1828,-0.6964,0.2410,1
1776592665.193802,2392,1776592665.193802,1776592665.193851,1776592664.644308,1776592665.195714,3.960799,0.219085,-49.333874,0.115000,0.049000,0.000000,0.173462,0.101684,9.404010,-0.047160,-0.022647,-0.432432,23.1370,5.1831,-0.7000,0.2407,1
1776592665.243833,2393,1776592665.243833,1776592665.243878,1776592665.244329,1776592665.195714,3.962035,0.224774,-49.355186,0.106000,0.048000,0.000000,-0.141162,0.287109,9.575079,0.074603,0.039167,-0.356230,23.1390,5.1831,-0.7000,0.2407,1
1776592665.293757,2394,1776592665.293757,1776592665.243878,1776592665.244329,1776592665.195714,3.963718,0.230358,-49.378002,0.109000,0.042000,0.000000,-0.141162,0.287109,9.575079,0.074603,0.039167,-0.356230,23.1390,5.1831,-0.7000,0.2407,1
1776592665.343772,2395,1776592665.343772,1776592665.343809,1776592665.244329,1776592665.341386,3.965383,0.235968,-49.399910,0.108000,0.045000,0.000000,0.055029,-0.027515,9.650445,0.007727,0.005862,-0.421242,23.1390,5.1849,-0.7050,0.2365,1
1776592665.393770,2396,1776592665.393770,1776592665.343809,1776592665.244329,1776592665.341386,3.967761,0.241692,-49.426010,0.118000,0.038000,0.000000,0.055029,-0.027515,9.650445,0.007727,0.005862,-0.421242,23.1390,5.1849,-0.7050,0.2365,1
1776592665.443792,2397,1776592665.443792,1776592665.393811,1776592665.244329,1776592665.341386,3.969663,0.247108,-49.448219,0.106000,0.044000,0.000000,0.087329,0.159106,9.753325,-0.049824,-0.024779,-0.474796,23.1390,5.1849,-0.7050,0.2365,1
1776592665.493770,2398,1776592665.493770,1776592665.443845,1776592665.244329,1776592665.487327,3.971933,0.252449,-49.471458,0.109000,0.040000,0.000000,-0.013159,-0.116040,9.890899,0.051689,0.038900,-0.412982,23.1390,5.1869,-0.7123,0.2302,1
1776592665.543816,2399,1776592665.543816,1776592665.493820,1776592665.244329,1776592665.487327,3.973652,0.258338,-49.491577,0.108000,0.058000,0.000000,-0.064599,0.355297,9.723418,0.004529,0.013322,-0.424705,23.1390,5.1869,-0.7123,0.2302,1
1776592665.593745,2400,1776592665.593745,1776592665.593789,1776592665.244329,1776592665.487327,3.975414,0.264179,-49.511101,0.107000,0.059000,0.000000,0.156714,0.078955,10.357450,-0.071672,-0.036236,-0.398861,23.1390,5.1869,-0.7123,0.2302,1
1776592665.643765,2401,1776592665.643765,1776592665.593789,1776592665.244329,1776592665.633362,3.977462,0.269742,-49.531712,0.106000,0.053000,0.000000,0.156714,0.078955,10.357450,-0.071672,-0.036236,-0.398861,23.1390,5.1903,-0.7213,0.2244,1
1776592665.693731,2402,1776592665.693731,1776592665.693770,1776592665.244329,1776592665.633362,3.979685,0.275111,-49.552746,0.105000,0.050000,0.000000,0.119629,-0.027515,10.201934,-0.001599,-0.008793,-0.394864,23.1390,5.1903,-0.7213,0.2244,1
1776592665.743772,2403,1776592665.743772,1776592665.743809,1776592665.244329,1776592665.633362,3.981952,0.280906,-49.573563,0.110000,0.058000,0.000000,0.128003,0.313427,9.698297,-0.022381,-0.007993,-0.389269,23.1390,5.1903,-0.7213,0.2244,1
1776592665.794200,2404,1776592665.794200,1776592665.794262,1776592665.244329,1776592665.780128,3.984303,0.286129,-49.593479,0.102000,0.050000,0.000000,0.122021,0.068188,11.087186,-0.065278,-0.040765,-0.399127,23.1390,5.1934,-0.7298,0.2196,1
1776592665.843855,2405,1776592665.843855,1776592665.794262,1776592665.244329,1776592665.780128,3.986761,0.291574,-49.613342,0.107000,0.055000,0.000000,0.122021,0.068188,11.087186,-0.065278,-0.040765,-0.399127,23.1390,5.1934,-0.7298,0.2196,1
1776592665.893802,2406,1776592665.893802,1776592665.843909,1776592665.846216,1776592665.780128,3.989218,0.297407,-49.633514,0.110000,0.063000,0.000000,0.074170,0.199780,9.798785,0.028243,0.023713,-0.397528,23.1410,5.1934,-0.7298,0.2196,1
1776592665.943727,2407,1776592665.943727,1776592665.943773,1776592665.846216,1776592665.925872,3.991862,0.303181,-49.654091,0.111000,0.062000,0.000000,0.117236,0.350512,9.471003,-0.032239,-0.011990,-0.387670,23.1410,5.1964,-0.7362,0.2166,1
1776592665.993719,2408,1776592665.993719,1776592665.993758,1776592665.846216,1776592665.925872,3.994569,0.308986,-49.674088,0.111000,0.064000,0.000000,-0.039477,-0.561058,11.584841,-0.049291,-0.031973,-0.409252,23.1410,5.1964,-0.7362,0.2166,1
1776592666.043761,2409,1776592666.043761,1776592666.043800,1776592665.846216,1776592665.925872,3.997493,0.314506,-49.694405,0.110000,0.059000,0.000000,0.014355,0.284716,9.518854,0.015720,0.025578,-0.410850,23.1410,5.1964,-0.7362,0.2166,1
1776592666.093739,2410,1776592666.093739,1776592666.043800,1776592665.846216,1776592666.072158,4.000518,0.320430,-49.715096,0.115000,0.067000,0.000000,0.014355,0.284716,9.518854,0.015720,0.025578,-0.410850,23.1410,5.2006,-0.7392,0.2126,1
1776592666.145994,2411,1776592666.145994,1776592666.093780,1776592665.846216,1776592666.072158,4.004014,0.326622,-49.738194,0.119000,0.066000,0.000000,-0.004785,-0.166284,9.604986,0.017319,0.007993,-0.394331,23.1410,5.2006,-0.7392,0.2126,1
1776592666.193694,2412,1776592666.193694,1776592666.146040,1776592665.846216,1776592666.072158,4.007195,0.332062,-49.758083,0.115000,0.065000,0.000000,0.210546,0.366064,9.576276,-0.057018,-0.026378,-0.405255,23.1410,5.2006,-0.7392,0.2126,1
1776592666.243717,2413,1776592666.243717,1776592666.193732,1776592665.846216,1776592666.218332,4.010841,0.337237,-49.780243,0.114000,0.055000,0.000000,0.172265,-0.978563,8.847736,0.041298,0.038634,-0.394331,23.1410,5.2027,-0.7397,0.2091,1
1776592666.293689,2414,1776592666.293689,1776592666.293725,1776592665.846216,1776592666.218332,4.014396,0.342388,-49.801331,0.111000,0.058000,0.000000,0.040674,0.038281,9.287971,0.012523,-0.004263,-0.391134,23.1410,5.2027,-0.7397,0.2091,1
1776592666.343687,2415,1776592666.343687,1776592666.343737,1776592665.846216,1776592666.218332,4.018172,0.347466,-49.823177,0.113000,0.057000,0.000000,0.130395,-0.084936,11.367117,-0.068742,-0.049025,-0.422574,23.1410,5.2027,-0.7397,0.2091,1
1776592666.393688,2416,1776592666.393688,1776592666.343737,1776592665.846216,1776592666.364140,4.021811,0.352398,-49.843178,0.108000,0.058000,0.000000,0.130395,-0.084936,11.367117,-0.068742,-0.049025,-0.422574,23.1410,5.2058,-0.7404,0.2013,1
1776592666.443902,2417,1776592666.443902,1776592666.393730,1776592666.444378,1776592666.364140,4.025488,0.357078,-49.862961,0.105000,0.055000,0.000000,-0.193798,0.088525,9.715045,0.058350,0.022914,-0.369552,23.1390,5.2058,-0.7404,0.2013,1
1776592666.493674,2418,1776592666.493674,1776592666.493712,1776592666.444378,1776592666.364140,4.029434,0.361787,-49.883968,0.110000,0.056000,0.000000,0.086133,0.211743,9.889703,-0.008793,-0.002398,-0.378078,23.1390,5.2058,-0.7404,0.2013,1
1776592666.543748,2419,1776592666.543748,1776592666.493712,1776592666.444378,1776592666.510010,4.033242,0.366282,-49.903797,0.104000,0.055000,0.000000,0.086133,0.211743,9.889703,-0.008793,-0.002398,-0.378078,23.1390,5.2074,-0.7418,0.1939,1
1776592666.593732,2420,1776592666.593732,1776592666.543793,1776592666.444378,1776592666.510010,4.037395,0.370419,-49.925541,0.107000,0.048000,0.000000,-0.094507,-0.698631,10.810843,-0.007460,-0.006661,-0.419909,23.1390,5.2074,-0.7418,0.1939,1
1776592666.643689,2421,1776592666.643689,1776592666.643743,1776592666.444378,1776592666.510010,4.041693,0.374747,-49.946873,0.110000,0.053000,0.000000,0.076562,-0.259594,9.664801,0.006395,0.001599,-0.417778,23.1390,5.2074,-0.7418,0.1939,1
1776592666.693825,2422,1776592666.693825,1776592666.643743,1776592666.444378,1776592666.655963,4.046351,0.378871,-49.970036,0.114000,0.049000,0.000000,0.076562,-0.259594,9.664801,0.006395,0.001599,-0.417778,23.1390,5.2092,-0.7439,0.1850,1
1776592666.743708,2423,1776592666.743708,1776592666.743759,1776592666.444378,1776592666.655963,4.050739,0.383126,-49.990887,0.109000,0.056000,0.000000,0.198584,-0.684276,9.317878,0.034104,0.030108,-0.428968,23.1390,5.2092,-0.7439,0.1850,1
1776592666.793676,2424,1776592666.793676,1776592666.743759,1776592666.444378,1776592666.655963,4.055688,0.386752,-50.015324,0.115000,0.043000,0.000000,0.198584,-0.684276,9.317878,0.034104,0.030108,-0.428968,23.1390,5.2092,-0.7439,0.1850,1
1776592666.843729,2425,1776592666.843729,1776592666.793721,1776592666.444378,1776592666.802032,4.060571,0.390272,-50.038433,0.112000,0.044000,0.000000,-0.007178,0.056225,9.916021,0.010658,0.024779,-0.431899,23.1390,5.2092,-0.7427,0.1756,1
1776592666.893682,2426,1776592666.893682,1776592666.843789,1776592666.444378,1776592666.802032,4.065893,0.393656,-50.064022,0.119000,0.042000,0.000000,0.013159,-0.436645,9.311896,0.010658,0.010658,-0.433764,23.1390,5.2092,-0.7427,0.1756,1
1776592666.943648,2427,1776592666.943648,1776592666.893732,1776592666.444378,1776592666.802032,4.070741,0.396890,-50.086460,0.108000,0.044000,0.000000,0.106470,0.089722,9.563116,-0.057018,-0.030641,-0.475329,23.1390,5.2092,-0.7427,0.1756,1
1776592666.993648,2428,1776592666.993648,1776592666.993688,1776592666.444378,1776592666.948144,4.075788,0.399887,-50.109959,0.110000,0.041000,0.000000,0.202172,-0.025122,9.542779,-0.003730,-0.014121,-0.453747,23.1390,5.2089,-0.7410,0.1698,1
1776592667.043643,2429,1776592667.043643,1776592666.993688,1776592667.044062,1776592666.948144,4.081002,0.402779,-50.133606,0.112000,0.041000,0.000000,0.202172,-0.025122,9.542779,-0.003730,-0.014121,-0.453747,23.1400,5.2089,-0.7410,0.1698,1
1776592667.093655,2430,1776592667.093655,1776592667.043683,1776592667.044062,1776592666.948144,4.086351,0.405809,-50.157063,0.114000,0.046000,0.000000,0.081347,0.015552,9.834673,-0.009858,-0.004529,-0.425505,23.1400,5.2089,-0.7410,0.1698,1
1776592667.143651,2431,1776592667.143651,1776592667.093694,1776592667.044062,1776592667.096870,4.091620,0.409149,-50.178909,0.112000,0.055000,0.000000,0.315820,0.124414,9.851421,-0.071406,-0.033838,-0.451349,23.1400,5.2080,-0.7375,0.1637,1
1776592667.193662,2432,1776592667.193662,1776592667.193721,1776592667.044062,1776592667.096870,4.097017,0.412328,-50.201263,0.113000,0.054000,0.000000,0.163891,-0.149536,10.295244,-0.005595,-0.011190,-0.423107,23.1400,5.2080,-0.7375,0.1637,1
1776592667.243853,2433,1776592667.243853,1776592667.193721,1776592667.044062,1776592667.240879,4.102666,0.415206,-50.224804,0.116000,0.050000,0.000000,0.163891,-0.149536,10.295244,-0.005595,-0.011190,-0.423107,23.1400,5.2057,-0.7341,0.1598,1
1776592667.293621,2434,1776592667.293621,1776592667.293661,1776592667.044062,1776592667.240879,4.107967,0.418361,-50.244961,0.109000,0.059000,0.000000,0.038281,-0.825438,11.065653,-0.011990,-0.011190,-0.444688,23.1400,5.2057,-0.7341,0.1598,1
1776592667.343924,2435,1776592667.343924,1776592667.343970,1776592667.044062,1776592667.240879,4.113692,0.421346,-50.267696,0.115000,0.057000,0.000000,-0.026318,0.290698,9.451861,-0.007460,-0.006128,-0.437494,23.1400,5.2057,-0.7341,0.1598,1
1776592667.393673,2436,1776592667.393673,1776592667.343970,1776592667.044062,1776592667.387188,4.119318,0.423572,-50.291225,0.113000,0.045000,0.000000,-0.026318,0.290698,9.451861,-0.007460,-0.006128,-0.437494,23.1400,5.2035,-0.7306,0.1545,1
1776592667.443623,2437,1776592667.443623,1776592667.443666,1776592667.044062,1776592667.387188,4.125117,0.425621,-50.315250,0.115000,0.044000,0.000000,0.208154,-0.120825,9.512873,-0.054620,-0.038900,-0.447086,23.1400,5.2035,-0.7306,0.1545,1
1776592667.493620,2438,1776592667.493620,1776592667.443666,1776592667.044062,1776592667.387188,4.130422,0.427610,-50.336349,0.104000,0.045000,0.000000,0.208154,-0.120825,9.512873,-0.054620,-0.038900,-0.447086,23.1400,5.2035,-0.7306,0.1545,1
1776592667.543602,2439,1776592667.543602,1776592667.493664,1776592667.044062,1776592667.533153,4.136187,0.429055,-50.361191,0.113000,0.037000,0.000000,0.107666,-0.701024,9.121687,0.051956,0.045561,-0.431899,23.1400,5.2013,-0.7266,0.1522,1
1776592667.593672,2440,1776592667.593672,1776592667.593715,1776592667.044062,1776592667.533153,4.141593,0.430346,-50.384323,0.105000,0.036000,0.000000,-0.020337,-0.107666,9.589435,0.007993,0.033039,-0.425505,23.1400,5.2013,-0.7266,0.1522,1
1776592667.643661,2441,1776592667.643661,1776592667.643706,1776592667.644175,1776592667.533153,4.147432,0.431612,-50.408966,0.113000,0.039000,0.000000,0.093310,0.375634,10.004546,-0.069807,-0.035170,-0.443356,23.1400,5.2013,-0.7266,0.1522,1
1776592667.693582,2442,1776592667.693582,1776592667.643706,1776592667.644175,1776592667.678841,4.152921,0.433291,-50.429535,0.104000,0.049000,0.000000,0.093310,0.375634,10.004546,-0.069807,-0.035170,-0.443356,23.1400,5.1984,-0.7187,0.1477,1
1776592667.743655,2443,1776592667.743655,1776592667.743692,1776592667.644175,1776592667.678841,4.158492,0.435364,-50.447964,0.103000,0.059000,0.000000,0.014355,0.056225,10.005742,-0.003997,-0.004796,-0.354099,23.1400,5.1984,-0.7187,0.1477,1
1776592667.793620,2444,1776592667.793620,1776592667.793667,1776592667.644175,1776592667.678841,4.164011,0.437190,-50.466648,0.102000,0.056000,0.000000,0.153125,-0.106470,9.585846,0.009325,-0.000266,-0.343441,23.1400,5.1984,-0.7187,0.1477,1
1776592667.843637,2445,1776592667.843637,1776592667.793667,1776592667.644175,1776592667.824768,4.170365,0.439059,-50.488605,0.117000,0.062000,0.000000,0.153125,-0.106470,9.585846,0.009325,-0.000266,-0.343441,23.1400,5.1958,-0.7081,0.1444,1
1776592667.893603,2446,1776592667.893603,1776592667.893656,1776592667.644175,1776592667.824768,4.176264,0.440897,-50.508240,0.107000,0.062000,0.000000,0.305053,-0.697435,8.551058,0.070340,0.051156,-0.354365,23.1400,5.1958,-0.7081,0.1444,1
1776592667.943590,2447,1776592667.943590,1776592667.943624,1776592667.644175,1776592667.824768,4.182408,0.442414,-50.529438,0.112000,0.059000,0.000000,-0.028711,0.084936,10.162456,-0.002931,-0.002132,-0.398061,23.1400,5.1958,-0.7081,0.1444,1
1776592667.993650,2448,1776592667.993650,1776592667.993698,1776592667.644175,1776592667.971707,4.188498,0.444035,-50.548962,0.109000,0.063000,0.000000,0.004785,0.029907,9.593023,0.013056,-0.005062,-0.371684,23.1400,5.1904,-0.6999,0.1402,1
1776592668.043582,2449,1776592668.043582,1776592667.993698,1776592667.644175,1776592667.971707,4.195068,0.445346,-50.571529,0.119000,0.062000,0.000000,0.004785,0.029907,9.593023,0.013056,-0.005062,-0.371684,23.1400,5.1904,-0.6999,0.1402,1
1776592668.093597,2450,1776592668.093597,1776592668.043635,1776592667.644175,1776592667.971707,4.201234,0.446597,-50.592136,0.110000,0.061000,0.000000,0.135180,0.215332,10.691215,-0.085261,-0.045028,-0.414048,23.1400,5.1904,-0.6999,0.1402,1
1776592668.143565,2451,1776592668.143565,1776592668.143601,1776592667.644175,1776592668.117630,4.207275,0.447610,-50.612526,0.108000,0.058000,0.000000,-0.074170,0.116040,10.150493,0.014921,0.014388,-0.394864,23.1400,5.1848,-0.6924,0.1373,1
1776592668.193577,2452,1776592668.193577,1776592668.193622,1776592667.644175,1776592668.117630,4.213230,0.448488,-50.632130,0.106000,0.057000,0.000000,0.275146,0.254809,9.882524,-0.000533,-0.001865,-0.372750,23.1400,5.1848,-0.6924,0.1373,1
1776592668.243588,2453,1776592668.243588,1776592668.243634,1776592668.244121,1776592668.117630,4.219089,0.449238,-50.651333,0.104000,0.056000,0.000000,0.139966,0.184228,11.611159,-0.043163,-0.033039,-0.413248,23.1400,5.1848,-0.6924,0.1373,1
1776592668.293579,2454,1776592668.293579,1776592668.243634,1776592668.244121,1776592668.263427,4.225182,0.449892,-50.671528,0.108000,0.058000,0.000000,0.139966,0.184228,11.611159,-0.043163,-0.033039,-0.413248,23.1400,5.1792,-0.6884,0.1369,1
1776592668.343544,2455,1776592668.343544,1776592668.293643,1776592668.244121,1776592668.263427,4.231350,0.450450,-50.691967,0.109000,0.059000,0.000000,0.063403,0.014355,10.369413,0.035437,0.005062,-0.386338,23.1400,5.1792,-0.6884,0.1369,1
