timestamp,frame,odom_time,imu_time,voltage_time,current_time,x,y,z,vx,vy,vz,ax,ay,az,gx,gy,gz,voltage,current0,current1,current2,fault_label
1776592555.451468,197,1776592555.451468,1776592555.401589,1776592555.45221,1776592555.419424,0.9704071738895378,0.7843252723618348,-0.02892787727096879,0.9055118110236221,0.9285714285714285,0.0,0.33055544590549923,-0.7799508054156963,0.7455657256786695,0.6435050798258345,0.5270717034307084,-0.6791196717784812,1.0,0.3004654697444666,-0.4364035087719298,-0.2536115569823435,1
1776592555.50149,198,1776592555.50149,1776592555.501532,1776592555.45221,1776592555.419424,0.9712163458044479,0.773443600937104,-0.029314703846469402,0.8582677165354331,0.8857142857142857,0.0,0.29444368334405324,0.022004715077107963,0.8112130528266492,0.060424981857764876,-0.17690098097664084,-0.6893554657487938,1.0,0.3004654697444666,-0.4364035087719298,-0.2536115569823435,1
1776592555.551544,199,1776592555.551544,1776592555.501532,1776592555.45221,1776592555.419424,0.9720656218038596,0.7617063314258404,-0.029727392507771497,0.9133858267716536,0.9571428571428571,0.0,0.29444368334405324,0.022004715077107963,0.8112130528266492,0.060424981857764876,-0.17690098097664084,-0.6893554657487938,1.0,0.3004654697444666,-0.4364035087719298,-0.2536115569823435,1
1776592555.601581,200,1776592555.601581,1776592555.551602,1776592555.45221,1776592555.568418,0.9728524151964789,0.7503147150068918,-0.030127199443651498,0.8740157480314961,0.9142857142857143,0.0,-0.361110659610879,0.01344726910786531,0.9743119488072716,-0.6948589441219158,-0.4187713403067585,-0.7563961707489474,1.0,0.3146195497292676,-0.4423374613003096,-0.24478330658105937,1
1776592555.65151,201,1776592555.65151,1776592555.601632,1776592555.45221,1776592555.568418,0.9736252497088576,0.7384920990530812,-0.03053468017920867,0.8976377952755906,0.9285714285714285,0.0,0.32777833247806293,-0.08924208252304655,0.8205912059002146,0.5921398766328011,0.3104709771828085,-0.6709314207566305,1.0,0.3146195497292676,-0.4423374613003096,-0.24478330658105937,1
1776592555.701444,202,1776592555.701444,1776592555.651566,1776592555.45221,1776592555.568418,0.9743850116191061,0.726394240822057,-0.0309418058289196,0.9055118110236221,0.9428571428571428,0.0,0.18055649080603625,0.11246899790815718,0.8634046245547617,0.0,0.06136523765649559,-0.7548614739235994,1.0,0.3146195497292676,-0.4423374613003096,-0.24478330658105937,1
1776592555.751486,203,1776592555.751486,1776592555.701486,1776592555.45221,1776592555.717366,0.9751308146491137,0.7141320906891299,-0.031351476260528616,0.9055118110236221,0.9571428571428571,0.0,0.5472213772717879,0.16014707279960513,0.842303737533736,-0.2054381349782293,-0.057761096959514396,-0.7456494514275178,1.0,0.32848864823786456,-0.44801341589267285,-0.23154093097913322,1
1776592555.801424,204,1776592555.801424,1776592555.801464,1776592555.45221,1776592555.717366,0.9758799412220357,0.700786040735857,-0.03179874633785665,0.9763779527559054,1.0,0.0,-0.24722346707286205,-0.09902172880029186,0.8361875470418019,0.09667543541364296,0.35740610265026285,-0.820367482098405,1.0,0.32848864823786456,-0.44801341589267285,-0.23154093097913322,1
1776592555.851519,205,1776592555.851519,1776592555.801464,1776592555.45221,1776592555.717366,0.9765388889972118,0.6886497766056867,-0.03219399633870984,0.8740157480314961,0.9142857142857143,0.0,-0.24722346707286205,-0.09902172880029186,0.8361875470418019,0.09667543541364296,0.35740610265026285,-0.820367482098405,1.0,0.32848864823786456,-0.44801341589267285,-0.23154093097913322,1
1776592555.901482,206,1776592555.901482,1776592555.851571,1776592555.45221,1776592555.865927,0.9772007171762471,0.6758691468342871,-0.032606014282302365,0.9133858267716536,0.9571428571428571,0.0,-0.09166564111613952,-0.11124679760015452,0.8065239762898667,0.14804063860667632,0.08303073004173216,-0.7006131104213407,1.0,0.34205693296602385,-0.4545923632610939,-0.22792937399678972,1
1776592555.951507,207,1776592555.951507,1776592555.901524,1776592555.45221,1776592555.865927,0.9778073745429021,0.6636176650066784,-0.033000475203497234,0.8661417322834646,0.9142857142857143,0.0,0.08333430083383062,0.3019560314461103,0.8135576337005445,-0.38670174165457183,-0.3357406102650263,-0.7487207658502105,1.0,0.34205693296602385,-0.4545923632610939,-0.22792937399678972,1
1776592556.001522,208,1776592556.001522,1776592555.951571,1776592555.45221,1776592555.865927,0.9783958632082913,0.6507986293361326,-0.03341415021437223,0.8976377952755906,0.9285714285714285,0.0,0.35833354618344276,-0.45843548141509544,0.7912334574545272,0.788518232946299,0.5090239011435694,-0.6729789637050924,1.0,0.34205693296602385,-0.4545923632610939,-0.22792937399678972,1
1776592556.051422,209,1776592556.051422,1776592556.001572,1776592556.052152,1776592556.0147,0.978955769404616,0.6380094649204784,-0.033817744732612176,0.889763779527559,0.9285714285714285,0.0,-0.21111170451141612,0.13936455803049982,0.8274209533697247,0.07854453918722785,-0.07942658934475097,-0.7789153016380344,0.9963150621833257,0.3553560685222127,-0.46362229102167185,-0.20746388443017658,1
1776592556.101386,210,1776592556.101386,1776592556.101429,1776592556.052152,1776592556.0147,0.9794983931777856,0.6249749294825019,-0.03422285822919438,0.8976377952755906,0.9428571428571428,0.0,-0.07500063855032822,0.18337398818471576,0.8574923440039953,-0.7734148222060958,-0.5667849981030839,-0.7871035526598851,0.9963150621833257,0.3553560685222127,-0.46362229102167185,-0.20746388443017658,1
1776592556.151427,211,1776592556.151427,1776592556.101429,1776592556.052152,1776592556.0147,0.9800137638990565,0.6118166417028323,-0.034634461905966286,0.8976377952755906,0.9428571428571428,0.0,-0.07500063855032822,0.18337398818471576,0.8574923440039953,-0.7734148222060958,-0.5667849981030839,-0.7871035526598851,0.9963150621833257,0.3553560685222127,-0.46362229102167185,-0.20746388443017658,1
1776592556.201473,212,1776592556.201473,1776592556.151487,1776592556.052152,1776592556.16321,0.9804899168139364,0.5985751411416793,-0.035045197595114035,0.8976377952755906,0.9285714285714285,0.0,0.15555550395552903,-0.007335245661240003,0.8797146078849324,0.28096652757619733,0.3032491463877297,-0.7502554626755585,0.9963150621833257,0.36840188721066464,-0.4703302373581011,-0.17576243980738362,1
1776592556.251416,213,1776592556.251416,1776592556.201518,1776592556.052152,1776592556.16321,0.9809576500867666,0.5846807402950427,-0.03546488933838373,0.9370078740157479,0.9714285714285714,0.0,0.24444403164423226,0.27995131636900233,0.8787971409661889,-0.033234306966618284,-0.13718768630426537,-0.7717508220904146,0.9963150621833257,0.36840188721066464,-0.4703302373581011,-0.17576243980738362,1
1776592556.30138,214,1776592556.30138,1776592556.25148,1776592556.052152,1776592556.16321,0.9813912616523414,0.5710253094875373,-0.03588085268026786,0.9133858267716536,0.9571428571428571,0.0,0.18333360423347256,0.248165933108037,0.8232416090803577,-0.5105678519593614,-0.2635358517153542,-0.7860797811856541,0.9963150621833257,0.36840188721066464,-0.4703302373581011,-0.17576243980738362,1
1776592556.351373,215,1776592556.351373,1776592556.301433,1776592556.052152,1776592556.311951,0.9817951829012136,0.5568364634141137,-0.03631376150781444,0.9448818897637795,0.9714285714285714,0.0,0.44722207387214596,-0.7444988212307231,0.9098879108842831,0.03927793904208998,0.16245731938648314,-0.7482079197270968,0.9963150621833257,0.38116272442291255,-0.4760061919504644,-0.15088282504012843,1
1776592556.401398,216,1776592556.401398,1776592556.401438,1776592556.052152,1776592556.311951,0.9821428254900674,0.5437251161778449,-0.03670459266258103,0.8661417322834646,0.8999999999999999,0.0,-0.1333339525336516,-0.08312903716980921,0.8070337085372823,0.07251224600870826,0.08664842013982982,-0.7118726758658841,0.9963150621833257,0.38116272442291255,-0.4760061919504644,-0.15088282504012843,1
1776592556.451363,217,1776592556.451363,1776592556.401438,1776592556.052152,1776592556.311951,0.9824953426085291,0.5293655772193275,-0.037129373969646905,0.9448818897637795,0.9857142857142857,0.0,-0.1333339525336516,-0.08312903716980921,0.8070337085372823,0.07251224600870826,0.08664842013982982,-0.7118726758658841,0.9963150621833257,0.38116272442291255,-0.4760061919504644,-0.15088282504012843,1
1776592556.501367,218,1776592556.501367,1776592556.451454,1776592556.052152,1776592556.461227,0.9827860418287817,0.5164697297504897,-0.03751509583362587,0.84251968503937,0.8857142857142857,0.0,0.03611176256144596,0.1955990569845784,0.8636085344959296,-0.7552839259796806,-0.5306893935288061,-0.7267144810842374,0.9963150621833257,0.3936544124631899,-0.48310113519091846,-0.1440609951845907,1
1776592556.551319,219,1776592556.551319,1776592556.501413,1776592556.052152,1776592556.461227,0.9830530331095776,0.5029657888785051,-0.03791415314383046,0.8818897637795275,0.9142857142857143,0.0,0.46944362529402334,-0.5097801572305514,0.7551477886934025,0.7643437046444121,0.6281637851606959,-0.6612065521374351,0.9963150621833257,0.3936544124631899,-0.48310113519091846,-0.1440609951845907,1
1776592556.601316,220,1776592556.601316,1776592556.601358,1776592556.052152,1776592556.461227,0.9832947654642236,0.4891610017965426,-0.03831658376957438,0.8976377952755906,0.9285714285714285,0.0,0.3444456570450677,-0.029339960738347968,0.8361875470418019,0.05438134978229317,-0.06136523765649559,-0.7026606533698024,0.9963150621833257,0.3936544124631899,-0.48310113519091846,-0.1440609951845907,1
1776592556.651334,221,1776592556.651334,1776592556.601358,1776592556.052152,1776592556.609305,0.983506807502167,0.4758810953362437,-0.03870534359023788,0.8582677165354331,0.8999999999999999,0.0,0.3444456570450677,-0.029339960738347968,0.8361875470418019,0.05438134978229317,-0.06136523765649559,-0.7026606533698024,0.9963150621833257,0.40587695133149676,-0.4878740970072239,-0.1456661316211878,1
1776592556.751302,223,1776592556.751302,1776592556.701392,1776592556.654632,1776592556.609305,0.9838604324682667,0.4479002641472397,-0.039530642004876236,0.9212598425196851,0.9571428571428571,0.0,0.09999930339964194,-0.03789740670759062,0.8770642047047895,0.4652576197387518,0.2852013441005907,-0.707779510740957,0.9926301243666512,0.40587695133149676,-0.4878740970072239,-0.1456661316211878,1
1776592556.801307,224,1776592556.801307,1776592556.801347,1776592556.654632,1776592556.758853,0.9839849545427957,0.4337114180738162,-0.039939049909031944,0.9133858267716536,0.9428571428571428,0.0,0.31111100791105806,0.15158962683036248,0.838124393244369,-0.34743514150943394,-0.1913310931656821,-0.7589565598205231,0.9926301243666512,0.4178936702447674,-0.49484004127966974,-0.1384430176565008,1
1776592556.851305,225,1776592556.851305,1776592556.801347,1776592556.654632,1776592556.758853,0.9840935236113352,0.419552443255284,-0.04034834552780325,0.9055118110236221,0.9571428571428571,0.0,0.31111100791105806,0.15158962683036248,0.838124393244369,-0.34743514150943394,-0.1913310931656821,-0.7589565598205231,0.9926301243666512,0.4178936702447674,-0.49484004127966974,-0.1384430176565008,1
1776592556.90134,226,1776592556.90134,1776592556.85136,1776592556.654632,1776592556.758853,0.9841416041988312,0.4050328797169912,-0.040779695923024654,0.9370078740157479,0.9428571428571428,0.0,0.552777926127854,-0.7469432218467283,0.7339449893072967,0.5619330551523947,0.6534334182429137,-0.7185262300623868,0.9926301243666512,0.4178936702447674,-0.49484004127966974,-0.1384430176565008,1
1776592556.951277,227,1776592556.951277,1776592556.951317,1776592556.654632,1776592556.907386,0.9841730670717548,0.3910531324278076,-0.04118555904528227,0.8976377952755906,0.9285714285714285,0.0,0.08333430083383062,-0.14303218086111985,0.8155963070571842,0.06646861393323657,-0.050539266164435534,-0.6898663910999109,0.9926301243666512,0.4296095753776004,-0.5018059855521156,-0.1292134831460674,1
1776592557.001401,228,1776592557.001401,1776592557.001462,1776592556.654632,1776592556.907386,0.9841790494490008,0.3768834893039571,-0.04159264524101028,0.9055118110236221,0.9428571428571428,0.0,0.18333360423347256,0.3496330844309462,0.8137614584307046,-0.5045242198838896,-0.3898975665275595,-0.7476969943759796,0.9926301243666512,0.4296095753776004,-0.5018059855521156,-0.1292134831460674,1
1776592557.051316,229,1776592557.051316,1776592557.051358,1776592556.654632,1776592556.907386,0.984160216039152,0.3634670285355831,-0.041979905810322966,0.8582677165354331,0.8999999999999999,0.0,0.4861109498610282,-0.001222200308002653,0.8259939246255806,0.6253741835994194,0.32129694867486863,-0.6576243123636252,0.9926301243666512,0.4296095753776004,-0.5018059855521156,-0.1292134831460674,1
1776592557.101284,230,1776592557.101284,1776592557.051358,1776592556.654632,1776592557.055736,0.9840811157177878,0.3497454542351039,-0.04239685550178,0.889763779527559,0.8857142857142857,0.0,0.4861109498610282,-0.001222200308002653,0.8259939246255806,0.6253741835994194,0.32129694867486863,-0.6576243123636252,0.9926301243666512,0.441056331338463,-0.5079979360165119,-0.10634028892455859,1
1776592557.151342,231,1776592557.151342,1776592557.101325,1776592556.654632,1776592557.055736,0.9839787505960219,0.3353389747331857,-0.04282244561549565,0.9291338582677164,0.9428571428571428,0.0,0.0666669762668258,0.2493891553226517,0.8340468761090745,0.09063180333817125,-0.17690098097664084,-0.7799390731122653,0.9926301243666512,0.441056331338463,-0.5079979360165119,-0.10634028892455859,1
1776592557.201356,232,1776592557.201356,1776592557.151397,1776592556.654632,1776592557.055736,0.9838515696871616,0.3222105582084075,-0.043212191785732046,0.8503937007874015,0.857142857142857,0.0,0.3527769973273766,0.14303218086111985,0.838124393244369,-0.1842910921625544,-0.15523548859140426,-0.7420672116537079,0.9926301243666512,0.441056331338463,-0.5079979360165119,-0.10634028892455859,1
1776592557.251405,233,1776592557.251405,1776592557.251458,1776592557.251854,1776592557.204663,0.9837093220504222,0.3079726379305195,-0.04362783949575284,0.9133858267716536,0.9571428571428571,0.0,0.008333662283502415,-0.15647944996898516,0.8221202322204463,0.027190674891146585,0.3140751178797897,-0.7952918036817358,0.988945186549977,0.4522656027358221,-0.5091589267285862,-0.08948635634028893,1
1776592557.301414,234,1776592557.301414,1776592557.301471,1776592557.251854,1776592557.204663,0.9835338389845378,0.293926747148362,-0.04404115942078161,0.9055118110236221,0.9428571428571428,0.0,-0.20555515565535,-0.058679921476695936,0.8653414707573289,0.045321571117561674,0.15523548859140426,-0.7610021819969882,0.988945186549977,0.4522656027358221,-0.5091589267285862,-0.08948635634028893,1
1776592557.351343,235,1776592557.351343,1776592557.301471,1776592557.251854,1776592557.204663,0.9833262283371473,0.28008995515044444,-0.04444503011690196,0.8976377952755906,0.9285714285714285,0.0,-0.20555515565535,-0.058679921476695936,0.8653414707573289,0.045321571117561674,0.15523548859140426,-0.7610021819969882,0.988945186549977,0.4522656027358221,-0.5091589267285862,-0.08948635634028893,1
1776592557.401258,236,1776592557.401258,1776592557.351396,1776592557.251854,1776592557.353298,0.9831015568361289,0.26661588553335125,-0.044837932605771645,0.8740157480314961,0.9142857142857143,0.0,0.31388812133849436,0.30929127710735027,0.8093782042001698,-0.5770364658925979,-0.3104709771828085,-0.768166661544608,0.988945186549977,0.46325322187391155,-0.5119969040247677,-0.07584269662921349,1
1776592557.451291,237,1776592557.451291,1776592557.451396,1776592557.251854,1776592557.353298,0.9828438714754933,0.2527748262133064,-0.04525144980071497,0.8976377952755906,0.9428571428571428,0.0,-0.07777775197776451,-0.0660141452313239,0.8298675318197074,0.03927793904208998,-0.19855292396076096,-0.7758439872153415,0.988945186549977,0.46325322187391155,-0.5119969040247677,-0.07584269662921349,1
1776592557.501233,238,1776592557.501233,1776592557.451396,1776592557.251854,1776592557.353298,0.9825611487582356,0.23954399395747186,-0.04564950103435521,0.8661417322834646,0.8999999999999999,0.0,-0.07777775197776451,-0.0660141452313239,0.8298675318197074,0.03927793904208998,-0.19855292396076096,-0.7758439872153415,0.988945186549977,0.46325322187391155,-0.5119969040247677,-0.07584269662921349,1
1776592557.551255,239,1776592557.551255,1776592557.501274,1776592557.251854,1776592557.502982,0.9822365494002556,0.2258906968110302,-0.04605802730045966,0.8976377952755906,0.9285714285714285,0.0,-0.15833261738296533,0.006112023446625307,0.8065239762898667,0.19335087082728591,0.10107853232887107,-0.7067557392667261,0.988945186549977,0.4739875241442639,-0.5168988648090815,-0.05417335473515249,1
1776592557.601336,240,1776592557.601336,1776592557.551299,1776592557.251854,1776592557.502982,0.981895332327703,0.2135026606753464,-0.04643240614435024,0.8267716535433071,0.8285714285714285,0.0,0.10555585225570806,0.08924208252304655,0.8573904316389153,-0.7341368831640057,-0.5848328003902228,-0.7579327883462922,0.988945186549977,0.4739875241442639,-0.5168988648090815,-0.05417335473515249,1
1776592557.651259,241,1776592557.651259,1776592557.601397,1776592557.251854,1776592557.650551,0.9814920757874138,0.20023555618142946,-0.04684902047695249,0.8976377952755906,0.8857142857142857,0.0,0.38888875988882254,-0.25305575624665966,0.7550458763283224,0.8791500362844702,0.46208877567611517,-0.6243603829251052,0.988945186549977,0.48448434185111294,-0.5167698658410733,-0.03731942215088282,1
1776592557.701285,242,1776592557.701285,1776592557.651312,1776592557.251854,1776592557.650551,0.9810586857913665,0.18702819419729538,-0.04727141481805194,0.8976377952755906,0.8857142857142857,0.0,0.31666755676712416,0.09902172880029186,0.8778797592584529,-0.009059778664731495,-0.13718768630426537,-0.7604912566458711,0.988945186549977,0.48448434185111294,-0.5167698658410733,-0.03731942215088282,1
1776592557.751373,243,1776592557.751373,1776592557.751432,1776592557.251854,1776592557.650551,0.9806151035970482,0.1747959153192597,-0.047667591987503664,0.84251968503937,0.8142857142857143,0.0,-0.21944536679491852,-0.26283642443051697,0.9938837242970582,-0.555889423076923,-0.3862798764294618,-0.818832785273057,0.988945186549977,0.48448434185111294,-0.5167698658410733,-0.03731942215088282,1
1776592557.801253,244,1776592557.801253,1776592557.751432,1776592557.251854,1776592557.799132,0.9801358487087815,0.16203022117530586,-0.048074027192513566,0.8818897637795275,0.8714285714285713,0.0,-0.21944536679491852,-0.26283642443051697,0.9938837242970582,-0.555889423076923,-0.3862798764294618,-0.818832785273057,0.988945186549977,0.4947911719071593,-0.5188338493292054,-0.030497592295345103,1
1776592557.851209,245,1776592557.851209,1776592557.85125,1776592557.851645,1776592557.799132,0.9796322211724751,0.1488121908858534,-0.048489911626431854,0.9055118110236221,0.9285714285714285,0.0,-0.02777810027794354,-0.14669878178512777,0.8477063710480945,0.06344112844702467,0.2490921901251965,-0.7517901595009067,0.9845902600393619,0.4947911719071593,-0.5188338493292054,-0.030497592295345103,1
1776592557.901291,246,1776592557.901291,1776592557.85125,1776592557.851645,1776592557.799132,0.9790898189688332,0.13559842791852827,-0.048913706583924826,0.9133858267716536,0.9285714285714285,0.0,-0.02777810027794354,-0.14669878178512777,0.8477063710480945,0.06344112844702467,0.2490921901251965,-0.7517901595009067,0.9845902600393619,0.4947911719071593,-0.5188338493292054,-0.030497592295345103,1
1776592557.951209,247,1776592557.951209,1776592557.951252,1776592557.851645,1776592557.947509,0.9785604893673215,0.12325306500411796,-0.049295818408466974,0.8582677165354331,0.8857142857142857,0.0,0.5638887018387927,-0.8618576422775028,0.8370030163844577,0.17220382801161102,0.2996450056907485,-0.7563961707489474,0.9845902600393619,0.5048921820081694,-0.5197368421052632,-0.018057784911717494,1
1776592558.001298,248,1776592558.001298,1776592558.00134,1776592557.851645,1776592557.947509,0.9779423103852296,0.11051937577611921,-0.04972365739920883,0.9133858267716536,0.8857142857142857,0.0,0.2694450184947395,-0.006112023446625307,0.8520897104896369,0.14501315312046442,0.29242317489566966,-0.8167852423245952,0.9845902600393619,0.5048921820081694,-0.5197368421052632,-0.018057784911717494,1
1776592558.05122,249,1776592558.05122,1776592558.00134,1776592557.851645,1776592557.947509,0.9773531570112574,0.0979478447889596,-0.05012740973338044,0.8818897637795275,0.9285714285714285,0.0,0.2694450184947395,-0.006112023446625307,0.8520897104896369,0.14501315312046442,0.29242317489566966,-0.8167852423245952,0.9845902600393619,0.5048921820081694,-0.5197368421052632,-0.018057784911717494,1
1776592558.101223,250,1776592558.101223,1776592558.051282,1776592557.851645,1776592558.093308,0.9766784777996197,0.08496238355544745,-0.05055949002728578,0.9370078740157479,0.9428571428571428,0.0,-0.0638898628393895,-0.13447473489187717,0.798674849536533,0.12990974238026123,-0.12634816541108884,-0.7287620240326993,0.9845902600393619,0.5148032044583768,-0.5199948400412797,0.0036115569823434992,1
1776592558.151248,251,1776592558.151248,1776592558.101266,1776592557.851645,1776592558.093308,0.9760427948248448,0.07305868848121738,-0.050943377281059146,0.8582677165354331,0.8857142857142857,0.0,0.32222178362199677,0.23838628683079172,0.8221202322204463,-0.5286987481857764,-0.3718362148393041,-0.7691904330188389,0.9845902600393619,0.5148032044583768,-0.5199948400412797,0.0036115569823434992,1
1776592558.201373,252,1776592558.201373,1776592558.15129,1776592557.851645,1776592558.093308,0.9753209213038214,0.06139182978505499,-0.05136654097482546,0.889763779527559,0.8285714285714285,0.0,0.06111042741075969,-0.1919314341539584,0.8091742942590021,0.6616246371552975,0.29602731559265083,-0.7021497280186852,0.9845902600393619,0.5148032044583768,-0.5199948400412797,0.0036115569823434992,1
1776592558.251181,253,1776592558.251181,1776592558.201434,1776592557.851645,1776592558.23847,0.9746265224042243,0.04936011504700455,-0.05176843897180001,0.8818897637795275,0.9285714285714285,0.0,-0.18888783108834517,0.3679701766774342,0.8100917611777456,0.09667543541364296,0.057761096959514396,-0.7579327883462922,0.9845902600393619,0.524508406953548,-0.5179308565531476,0.015650080256821828,1
1776592558.301274,254,1776592558.301274,1776592558.251222,1776592557.851645,1776592558.23847,0.9738975586583167,0.037496959532984264,-0.05217061314665497,0.8818897637795275,0.9142857142857143,0.0,0.17777705537740646,0.13202931236925983,0.8363914569829697,-0.09970292089985486,-0.050539266164435534,-0.73695027505455,0.9845902600393619,0.524508406953548,-0.5179308565531476,0.015650080256821828,1
1776592558.351179,255,1776592558.351179,1776592558.351221,1776592557.851645,1776592558.23847,0.9731985067986393,0.026455263528477976,-0.05254276284051081,0.8267716535433071,0.8714285714285713,0.0,0.5638887018387927,-0.16014707279960513,0.8916412517735605,0.2870101596516691,0.259931711018373,-0.7676557361934909,0.9845902600393619,0.524508406953548,-0.5179308565531476,0.015650080256821828,1
1776592558.401248,256,1776592558.401248,1776592558.351221,1776592557.851645,1776592558.384588,0.9724314330939791,0.01516819650164932,-0.05293783529844088,0.8661417322834646,0.8857142857142857,0.0,0.5638887018387927,-0.16014707279960513,0.8916412517735605,0.2870101596516691,0.259931711018373,-0.7676557361934909,0.9845902600393619,0.5340236217979165,-0.5185758513931888,0.02447833065810594,1
1776592558.451174,257,1776592558.451174,1776592558.40129,1776592558.451607,1776592558.384588,0.971613176828436,0.0034458626178314323,-0.05335151030931587,0.9055118110236221,0.9428571428571428,0.0,0.02500098685050724,0.17726196473809044,0.8753312684433899,-0.060424981857764876,0.010825971492060053,-0.7589565598205231,0.9809471965160587,0.5340236217979165,-0.5185758513931888,0.02447833065810594,1
1776592558.501235,258,1776592558.501235,1776592558.501275,1776592558.451607,1776592558.384588,0.9708239461710126,-0.007533957215828351,-0.0537386130626969,0.8503937007874015,0.8999999999999999,0.0,-0.013887889138375017,-0.3740832220306715,0.9916412262102583,-0.6163144049346879,-0.3393447509620075,-0.790685792433695,0.9809471965160587,0.5340236217979165,-0.5185758513931888,0.02447833065810594,1
1776592558.551191,259,1776592558.551191,1776592558.501275,1776592558.451607,1776592558.529939,0.9699655858209684,-0.018080643853562575,-0.05414660670003198,0.8740157480314961,0.8428571428571427,0.0,-0.013887889138375017,-0.3740832220306715,0.9916412262102583,-0.6163144049346879,-0.3393447509620075,-0.790685792433695,0.9809471965160587,0.5433646812957158,-0.5197368421052632,0.04373996789727127,1
1776592558.601256,260,1776592558.601256,1776592558.551241,1776592558.451607,1776592558.529939,0.9690999136765119,-0.028870567852555488,-0.0545446184796893,0.8740157480314961,0.8999999999999999,0.0,-0.16944339309390402,0.28484113950762496,0.8034658384383957,0.2326288098693759,0.2418703593301176,-0.8014325117551246,0.9809471965160587,0.5433646812957158,-0.5197368421052632,0.04373996789727127,1
1776592558.65121,261,1776592558.65121,1776592558.601298,1776592558.451607,1776592558.529939,0.9681748608986506,-0.03938524957433462,-0.054968373983199356,0.8976377952755906,0.8714285714285713,0.0,-0.22222248022235483,-0.3105134774153529,0.8443424961013832,0.05135386429608128,-0.014443661590157718,-0.7604912566458711,0.9809471965160587,0.5433646812957158,-0.5197368421052632,0.04373996789727127,1
1776592558.701159,262,1776592558.701159,1776592558.651252,1776592558.451607,1776592558.67588,0.9672965592911192,-0.049682297867619137,-0.05535660117509348,0.8503937007874015,0.8999999999999999,0.0,0.30000023220011934,0.2701706481851449,0.8076452679387705,-0.44411057692307687,-0.350184271855184,-0.7497445373244415,0.9809471965160587,0.5525157531427123,-0.5180598555211559,0.08025682182985554,1
1776592558.751166,263,1776592558.751166,1776592558.701202,1776592558.451607,1776592558.67588,0.9663296298725355,-0.05959528716944256,-0.05577881797326981,0.889763779527559,0.8428571428571427,0.0,0.38333453303395,-0.810512966462047,0.8262997469318285,0.3293042452830188,0.25631402092027533,-0.7451385260764006,0.9809471965160587,0.5525157531427123,-0.5180598555211559,0.08025682182985554,1
1776592558.801299,264,1776592558.801299,1776592558.751209,1776592558.451607,1776592558.67588,0.9653908397839608,-0.06950400914913864,-0.05616745943198456,0.8582677165354331,0.8857142857142857,0.0,-0.18055649080603625,0.27383827101576497,0.818144797872247,0.12990974238026123,0.04693512546745434,-0.76663196471926,0.9809471965160587,0.5525157531427123,-0.5180598555211559,0.08025682182985554,1
1776592558.851161,265,1776592558.851161,1776592558.801354,1776592558.451607,1776592558.822925,0.9643507924212587,-0.08010190365240101,-0.05659141220540919,0.9370078740157479,0.9714285714285714,0.0,0.17499994194997015,-0.058679921476695936,0.7964321810277181,0.16918768142235122,0.01804780228713891,-0.7231322413104275,0.9809471965160587,0.5615085019473735,-0.5187048503611972,0.12520064205457462,1
1776592558.901155,266,1776592558.901155,1776592558.901197,1776592558.451607,1776592558.822925,0.9633577177984143,-0.08986553667976735,-0.05698887162930569,0.8740157480314961,0.9142857142857143,0.0,0.2638884696386734,-0.6002444400616006,0.7478083941874845,0.6888153120464441,0.5451195057178473,-0.7134073726912321,0.9809471965160587,0.5615085019473735,-0.5187048503611972,0.12520064205457462,1
1776592558.951143,267,1776592558.951143,1776592558.951184,1776592558.451607,1776592558.822925,0.9623041546945265,-0.09920670481652649,-0.05741191696112325,0.8976377952755906,0.8714285714285713,0.0,-0.09444507654476934,0.028117760430345314,0.8702344572352794,-0.1601165638606676,-0.09025256083681102,-0.7922204892590431,0.9809471965160587,0.5615085019473735,-0.5187048503611972,0.12520064205457462,1
1776592559.001117,268,1776592559.001117,1776592558.951184,1776592558.451607,1776592558.967684,0.9612816113245072,-0.10809767046885069,-0.05781119126823388,0.8582677165354331,0.857142857142857,0.0,-0.09444507654476934,0.028117760430345314,0.8702344572352794,-0.1601165638606676,-0.09025256083681102,-0.7922204892590431,0.9809471965160587,0.5702954307969982,-0.5197368421052632,0.17295345104333867,1
1776592559.051174,269,1776592559.051174,1776592559.051246,1776592559.052327,1776592558.967684,0.9601979147648615,-0.1169950371043659,-0.0582258920826647,0.889763779527559,0.8714285714285713,0.0,0.10277873882827175,-0.29584298609287296,0.9887869130889475,-0.6042271407837445,-0.32129694867486863,-0.8162743169734781,0.9773041329927556,0.5702954307969982,-0.5197368421052632,0.17295345104333867,1
1776592559.101129,270,1776592559.101129,1776592559.101164,1776592559.052327,1776592558.967684,0.959127955515929,-0.1249471918886741,-0.058642782593147355,0.8582677165354331,0.7857142857142857,0.0,0.04722253827238467,0.12958388984664249,0.8759429130558858,0.4320233127721335,0.19494878326377976,-0.7553723992747164,0.9773041329927556,0.5702954307969982,-0.5197368421052632,0.17295345104333867,1
1776592559.151142,271,1776592559.151142,1776592559.101164,1776592559.052327,1776592559.113513,0.9580070352756415,-0.13274145575427052,-0.05907292964188981,0.8818897637795275,0.7857142857142857,0.0,0.04722253827238467,0.12958388984664249,0.8759429130558858,0.4320233127721335,0.19494878326377976,-0.7553723992747164,0.9773041329927556,0.5789398689085209,-0.5243808049535603,0.2050561797752809,1
1776592559.201244,272,1776592559.201244,1776592559.151186,1776592559.052327,1776592559.113513,0.956881683644801,-0.1391018993850789,-0.05951668831473832,0.8582677165354331,0.6285714285714284,0.0,-0.0638898628393895,-0.4266500981541301,0.8539245591161163,0.04229408563134978,-0.11552219391902879,-0.8157614708503642,0.9773041329927556,0.5789398689085209,-0.5243808049535603,0.2050561797752809,1
1776592559.251132,273,1776592559.251132,1776592559.20129,1776592559.052327,1776592559.113513,0.9557645300864829,-0.14656331212474236,-0.059923162973731126,0.8582677165354331,0.8142857142857143,0.0,0.4111103113107,0.1051347741535292,0.8394495096234329,-0.2628356313497823,-0.28880548479757195,-0.7978502719813149,0.9773041329927556,0.5789398689085209,-0.5243808049535603,0.2050561797752809,1
1776592559.30114,274,1776592559.30114,1776592559.301189,1776592559.052327,1776592559.259416,0.9545563114523083,-0.15228365743644892,-0.06040653344542737,0.8976377952755906,0.6,0.0,-0.01944443799444113,0.25183355593865697,0.8340468761090745,0.13595337445573294,0.2852013441005907,-0.8300923507176005,0.9773041329927556,0.5874101516734745,-0.5299277605779154,0.22592295345104335,1
1776592559.351152,275,1776592559.351152,1776592559.351192,1776592559.052327,1776592559.259416,0.9533418888713602,-0.1586739723221487,-0.06086433773619398,0.8976377952755906,0.7285714285714284,0.0,0.0027771134274363015,-0.13936455803049982,0.799184496572941,0.2265851777939042,0.169679150181562,-0.8239497218722149,0.9773041329927556,0.5874101516734745,-0.5299277605779154,0.22592295345104335,1
1776592559.401108,276,1776592559.401108,1776592559.351192,1776592559.052327,1776592559.259416,0.9520609954321226,-0.16331895245776418,-0.06137382674458065,0.9291338582677164,0.5285714285714285,0.0,0.0027771134274363015,-0.13936455803049982,0.799184496572941,0.2265851777939042,0.169679150181562,-0.8239497218722149,0.9773041329927556,0.5874101516734745,-0.5299277605779154,0.22592295345104335,1
1776592559.4511,277,1776592559.4511,1776592559.401144,1776592559.052327,1776592559.405747,0.9507823176881612,-0.16902862946415237,-0.061844216855897506,0.9212598425196851,0.7142857142857143,0.0,0.35833354618344276,0.22249359520030904,0.8132518113942967,-0.5105678519593614,-0.3971058479215219,-0.8899685761701344,0.9773041329927556,0.5956904467876255,-0.5381836945304438,0.2371589085072231,1
1776592559.501132,278,1776592559.501132,1776592559.501181,1776592559.052327,1776592559.405747,0.9494987654145921,-0.172421150555392,-0.06237420220840908,0.9133858267716536,0.44285714285714284,0.0,0.05833331398332338,-0.025672337907727962,0.820081473652799,-0.07251224600870826,0.03249146387729662,-0.9452407111466241,0.9773041329927556,0.5956904467876255,-0.5381836945304438,0.2371589085072231,1
1776592559.551131,279,1776592559.551131,1776592559.551176,1776592559.052327,1776592559.551518,0.9482067934989727,-0.17558323625175495,-0.0628979538316199,0.9133858267716536,0.45714285714285713,0.0,-0.02222155142187743,0.20171108043120373,0.8237512561167656,-0.12084996371552975,-0.08303073004173216,-0.9344920710531978,0.9773041329927556,0.6038282511636743,-0.5469556243550051,0.24558587479935792,1
1776592559.601155,280,1776592559.601155,1776592559.6012,1776592559.052327,1776592559.551518,0.9469748669253416,-0.17791106047222188,-0.06339333804111409,0.8661417322834646,0.3857142857142857,0.0,-0.02222155142187743,-0.12224966609201451,0.8962283307342556,-0.8972809325108853,-0.6353720665546583,-0.9713401610375243,0.9773041329927556,0.6038282511636743,-0.5469556243550051,0.24558587479935792,1
1776592559.651073,281,1776592559.651073,1776592559.6012,1776592559.651492,1776592559.551518,0.9457666482911672,-0.18081070585775308,-0.06385715906427541,0.84251968503937,0.5,0.0,-0.02222155142187743,-0.12224966609201451,0.8962283307342556,-0.8972809325108853,-0.6353720665546583,-0.9713401610375243,0.9731167036556259,0.6038282511636743,-0.5469556243550051,0.24558587479935792,1
1776592559.701079,282,1776592559.701079,1776592559.651117,1776592559.651492,1776592559.698396,0.9445506747235255,-0.18333269323501425,-0.06433066604024264,0.84251968503937,0.4857142857142857,0.0,0.13888817938852419,0.37530542233867414,0.8656472930635769,0.25679199927431057,0.3140751178797897,-0.8418628415132611,0.9731167036556259,0.6117760678889206,-0.5577915376676986,0.2387640449438202,1
1776592559.751107,283,1776592559.751107,1776592559.751159,1776592559.651492,1776592559.698396,0.943221035988209,-0.1860979179735341,-0.06482411700457393,0.9133858267716536,0.5714285714285714,0.0,0.10833296568314436,0.09046428283104921,0.8061162416185388,-0.44108309143686497,-0.08664842013982982,-0.9319336027536187,0.9731167036556259,0.6117760678889206,-0.5577915376676986,0.2387640449438202,1
1776592559.801095,284,1776592559.801095,1776592559.751159,1776592559.651492,1776592559.698396,0.9420176918836423,-0.18721382270983492,-0.06530533723420123,0.8346456692913385,0.3714285714285714,0.0,0.10833296568314436,0.09046428283104921,0.8061162416185388,-0.44108309143686497,-0.08664842013982982,-0.9319336027536187,0.9731167036556259,0.6117760678889206,-0.5577915376676986,0.2387640449438202,1
1776592559.851111,285,1776592559.851111,1776592559.851166,1776592559.651492,1776592559.843432,0.940711317948727,-0.18799047533701177,-0.06583808436551693,0.9055118110236221,0.3857142857142857,0.0,0.08333430083383062,-0.26405862473851965,0.8499490395569095,-0.07251224600870826,0.45848463497913394,-1.0,0.9731167036556259,0.6195655615718312,-0.5718524251805986,0.2303370786516854,1
1776592559.901064,286,1776592559.901064,1776592559.851166,1776592559.651492,1776592559.843432,0.9394629952300512,-0.18886741003418125,-0.06632889191299285,0.8582677165354331,0.4285714285714285,0.0,0.08333430083383062,-0.26405862473851965,0.8499490395569095,-0.07251224600870826,0.45848463497913394,-1.0,0.9731167036556259,0.6195655615718312,-0.5718524251805986,0.2303370786516854,1
1776592559.951089,287,1776592559.951089,1776592559.951133,1776592559.651492,1776592559.843432,0.9381776704002609,-0.18991717127750823,-0.06681439289976655,0.8740157480314961,0.5,0.0,0.35555643275600646,0.4877744202468314,0.8347604330866504,-0.5619330551523947,-0.5487371958159449,-0.8577264974338487,0.9731167036556259,0.6195655615718312,-0.5718524251805986,0.2303370786516854,1
1776592560.001073,288,1776592560.001073,1776592559.951133,1776592559.651492,1776592559.989165,0.9369151672318167,-0.1936894840380816,-0.06716245593705211,0.8031496062992125,0.8857142857142857,0.0,0.35555643275600646,0.4877744202468314,0.8347604330866504,-0.5619330551523947,-0.5487371958159449,-0.8577264974338487,0.9731167036556259,0.6271492352997055,-0.5824303405572756,0.22191011235955058,1
1776592560.051081,289,1776592560.051081,1776592560.05112,1776592559.651492,1776592559.989165,0.9356187639256447,-0.19695825278762819,-0.06753440836099338,0.8267716535433071,0.857142857142857,0.0,-0.10555585225570806,0.3496330844309462,0.8116207874979773,0.09970292089985486,0.03249146387729662,-0.7088013614431913,0.9731167036556259,0.6271492352997055,-0.5824303405572756,0.22191011235955058,1
1776592560.101077,290,1776592560.101077,1776592560.05112,1776592559.651492,1776592559.989165,0.9342162288157375,-0.2002654274363209,-0.06793877223190017,0.889763779527559,0.9285714285714285,0.0,-0.10555585225570806,0.3496330844309462,0.8116207874979773,0.09970292089985486,0.03249146387729662,-0.7088013614431913,0.9731167036556259,0.6271492352997055,-0.5824303405572756,0.22191011235955058,1
1776592560.151128,291,1776592560.151128,1776592560.101123,1776592559.651492,1776592560.139205,0.932731934550134,-0.20341471116630183,-0.06837219396122467,0.9370078740157479,0.9714285714285714,0.0,0.30277734562755565,-0.16870451876884782,0.8176350656248315,0.06646861393323657,0.07942658934475097,-0.7036844248440334,0.9731167036556259,0.6346379152021785,-0.5933952528379773,0.21027287319422153,1
1776592560.201731,292,1776592560.201731,1776592560.151173,1776592559.651492,1776592560.139205,0.9312631501514649,-0.20651918801394561,-0.06877750472772146,0.9055118110236221,0.9857142857142857,0.0,0.1250002902501492,0.4621020823391034,0.8138633707957846,-0.6737119013062408,-0.36823207414232295,-0.7743092903899935,0.9731167036556259,0.6346379152021785,-0.5933952528379773,0.21027287319422153,1
1776592560.251045,293,1776592560.251045,1776592560.251085,1776592560.251463,1776592560.139205,0.9299410447800878,-0.20865498273868202,-0.0691539746327066,0.84251968503937,0.857142857142857,0.0,-0.27499924534961206,0.1821517878767131,0.8441385861602155,-0.12084996371552975,0.03609560457427782,-0.7338789606318572,0.9696830115991792,0.6346379152021785,-0.5933952528379773,0.21027287319422153,1
1776592560.301056,294,1776592560.301056,1776592560.301105,1776592560.251463,1776592560.281206,0.928539395948291,-0.21082064871830983,-0.06954859336983314,0.8740157480314961,0.9142857142857143,0.0,0.33055544590549923,-0.051344675815455924,0.8069317109611946,0.0060436320754716985,0.06858706845157445,-0.6934486308737208,0.9696830115991792,0.6419841043665495,-0.6068111455108359,0.19983948635634027,1
1776592560.351266,295,1776592560.351266,1776592560.301105,1776592560.251463,1776592560.281206,0.9270719409667876,-0.2126214586560496,-0.0699705537171205,0.9133858267716536,0.9285714285714285,0.0,0.33055544590549923,-0.051344675815455924,0.8069317109611946,0.0060436320754716985,0.06858706845157445,-0.6934486308737208,0.9696830115991792,0.6419841043665495,-0.6068111455108359,0.19983948635634027,1
1776592560.40105,296,1776592560.40105,1776592560.351313,1776592560.251463,1776592560.281206,0.9256973236173617,-0.2141064867563658,-0.07036337729802436,0.8582677165354331,0.8857142857142857,0.0,-0.3666672084669451,-0.09535410596967187,0.9390417493888028,-0.8610191400580551,-0.4837542680613517,-0.7737964442668798,0.9696830115991792,0.6419841043665495,-0.6068111455108359,0.19983948635634027,1
1776592560.45104,297,1776592560.45104,1776592560.401135,1776592560.251463,1776592560.4292,0.9243526181541664,-0.21503462931906342,-0.07075785794621069,0.84251968503937,0.8285714285714285,0.0,0.24166691821679595,-0.39364251458516214,0.7871559403192329,0.6797555333817126,0.4007235380196196,-0.7072666646178433,0.9696830115991792,0.649203635097052,-0.618937048503612,0.18780096308186195,1
1776592560.501082,298,1776592560.501082,1776592560.45107,1776592560.251463,1776592560.4292,0.9230152244853825,-0.21574940577539378,-0.07114671640183148,0.8346456692913385,0.8285714285714285,0.0,0.1333339525336516,-0.11980424356939717,0.8840978621154671,-0.04229408563134978,-0.11913988401712645,-0.765608193245029,0.9696830115991792,0.649203635097052,-0.618937048503612,0.18780096308186195,1
1776592560.551039,299,1776592560.551039,1776592560.501133,1776592560.251463,1776592560.4292,0.9216585542676949,-0.21635109819534948,-0.07153902708095743,0.84251968503937,0.857142857142857,0.0,-0.013887889138375017,0.12347186640001717,0.8345566083564901,0.033234306966618284,0.039713294672375485,-0.7093142075663051,0.9696830115991792,0.649203635097052,-0.618937048503612,0.18780096308186195,1
1776592560.601044,300,1776592560.601044,1776592560.551074,1776592560.251463,1776592560.572974,0.920320717459856,-0.21631695961833072,-0.07194445620940297,0.84251968503937,0.7999999999999999,0.0,0.18888783108834517,-0.4914420430774513,0.9882772660525396,-0.5226551161103048,-0.5379112243238849,-0.788127324134116,0.9696830115991792,0.6563123396979197,-0.6324819401444789,0.17576243980738362,1
1776592560.651055,301,1776592560.651055,1776592560.601088,1776592560.251463,1776592560.572974,0.9188732037358394,-0.21616333602174628,-0.07236866543371655,0.9055118110236221,0.8857142857142857,0.0,0.32222178362199677,0.03789740670759062,0.8662589376760725,0.5347423802612482,0.17690098097664084,-0.7256907096100065,0.9696830115991792,0.6563123396979197,-0.6324819401444789,0.17576243980738362,1
1776592560.701047,302,1776592560.701047,1776592560.651102,1776592560.251463,1776592560.572974,0.9175054550417703,-0.2150431639633181,-0.07280260006481895,0.8818897637795275,0.757142857142857,0.0,0.20555515565535,-0.38019524547729683,0.8515799782422213,0.05438134978229317,-0.057761096959514396,-0.7804499984633824,0.9696830115991792,0.6563123396979197,-0.6324819401444789,0.17576243980738362,1
1776592560.751022,303,1776592560.751022,1776592560.751058,1776592560.251463,1776592560.718996,0.9160683550855525,-0.21457802585143745,-0.07320680611979409,0.889763779527559,0.9142857142857143,0.0,-0.22777902907842093,-0.770171159138451,0.785015354597513,0.41691990203193036,0.47653243726627287,-0.8014325117551246,0.9696830115991792,0.6632627212564517,-0.6426728586171311,0.1637239165329053,1
1776592560.801037,304,1776592560.801037,1776592560.751058,1776592560.251463,1776592560.718996,0.9147949950102542,-0.21255531516307571,-0.07364486369211122,0.84251968503937,0.657142857142857,0.0,-0.22777902907842093,-0.770171159138451,0.785015354597513,0.41691990203193036,0.47653243726627287,-0.8014325117551246,0.9696830115991792,0.6632627212564517,-0.6426728586171311,0.1637239165329053,1
1776592560.851022,305,1776592560.851022,1776592560.801085,1776592560.85179,1776592560.718996,0.9134378816535114,-0.21058594600130578,-0.07408169819095795,0.8818897637795275,0.757142857142857,0.0,0.4388884115886435,-0.0709049902765586,0.8369011040193777,0.11782247822931784,0.1660614600834643,-0.7917095639079259,0.9662074452493615,0.6632627212564517,-0.6426728586171311,0.1637239165329053,1
1776592560.901092,306,1776592560.901092,1776592560.851066,1776592560.85179,1776592560.864508,0.9121137821563854,-0.20735344948984166,-0.07455479090010456,0.9055118110236221,0.6285714285714284,0.0,0.17499994194997015,-0.004889823138622654,0.7827726860886981,0.12084996371552975,0.06498292775459324,-0.7691904330188389,0.9662074452493615,0.6700706120768817,-0.6514447884416925,0.15369181380417335,1
1776592560.951093,307,1776592560.951093,1776592560.901155,1776592560.85179,1776592560.864508,0.9107338471382966,-0.20467783851599605,-0.07500166643760342,0.9055118110236221,0.7714285714285714,0.0,0.4750001741500895,0.17970636535409576,0.8038735731097236,-0.5438021589259796,-0.3898975665275595,-0.8362330587909893,0.9662074452493615,0.6700706120768817,-0.6514447884416925,0.15369181380417335,1
1776592561.001075,308,1776592561.001075,1776592561.00112,1776592560.85179,1776592560.864508,0.9094653615926064,-0.20058761025693547,-0.07549561057672116,0.8976377952755906,0.5714285714285714,0.0,-0.39999953559976126,0.09290970535366655,0.8036696631685559,-0.16918768142235122,-0.06858706845157445,-0.8955983588924061,0.9662074452493615,0.6700706120768817,-0.6514447884416925,0.15369181380417335,1
1776592561.051006,309,1776592561.051006,1776592561.00112,1776592560.85179,1776592561.010549,0.9082329918799199,-0.19625201097555253,-0.0759762981775791,0.8818897637795275,0.557142857142857,0.0,-0.39999953559976126,0.09290970535366655,0.8036696631685559,-0.16918768142235122,-0.06858706845157445,-0.8955983588924061,0.9662074452493615,0.676688515246509,-0.6600877192982457,0.1328250401284109,1
1776592561.101018,310,1776592561.101018,1776592561.101077,1776592560.85179,1776592561.010549,0.9070041672796757,-0.19086878411190625,-0.07649225763916402,0.9212598425196851,0.4857142857142857,0.0,0.6722216675219371,0.11124679760015452,0.8158002169983519,-0.7069462082728591,-0.5667849981030839,-0.9319336027536187,0.9662074452493615,0.676688515246509,-0.6600877192982457,0.1328250401284109,1
1776592561.151068,311,1776592561.151068,1776592561.101077,1776592560.85179,1776592561.010549,0.905793068241642,-0.18592509142737657,-0.0769671849585162,0.8818897637795275,0.557142857142857,0.0,0.6722216675219371,0.11124679760015452,0.8158002169983519,-0.7069462082728591,-0.5667849981030839,-0.9319336027536187,0.9662074452493615,0.676688515246509,-0.6600877192982457,0.1328250401284109,1
1776592561.20103,312,1776592561.20103,1776592561.151117,1776592560.85179,1776592561.156303,0.9046125457984212,-0.18071042378776048,-0.07744520941552732,0.8740157480314961,0.5428571428571428,0.0,0.23055614250585726,0.3068458545847329,0.8642201791084252,0.5770364658925979,0.3718362148393041,-0.8382806017394512,0.9662074452493615,0.6832272568949685,-0.6649896800825593,0.1187800963081862,1
1776592561.250979,313,1776592561.250979,1776592561.251026,1776592560.85179,1776592561.156303,0.903312818949335,-0.1752973256692228,-0.0779368849506274,0.9370078740157479,0.6714285714285714,0.0,0.3777779841778839,0.3496330844309462,0.8407747112135044,-0.30211357039187225,-0.3357406102650263,-0.8756396170748948,0.9662074452493615,0.6832272568949685,-0.6649896800825593,0.1187800963081862,1
1776592561.300994,314,1776592561.300994,1776592561.251026,1776592560.85179,1776592561.156303,0.9019596938440895,-0.17106414211889612,-0.07834925798006614,0.889763779527559,0.8714285714285713,0.0,0.3777779841778839,0.3496330844309462,0.8407747112135044,-0.30211357039187225,-0.3357406102650263,-0.8756396170748948,0.9662074452493615,0.6832272568949685,-0.6649896800825593,0.1187800963081862,1
1776592561.350992,315,1776592561.350992,1776592561.301051,1776592560.85179,1776592561.303669,0.9006203060495571,-0.16565317766142212,-0.07881388780987726,0.9370078740157479,0.7857142857142857,0.0,0.11111007911058066,-0.7420533987081056,0.9883791784176196,-0.38670174165457183,-0.36461438404422525,-0.9206759580810719,0.9662074452493615,0.6896393401095595,-0.6684726522187823,0.11235955056179775,1
1776592561.400974,316,1776592561.400974,1776592561.401019,1776592560.85179,1776592561.303669,0.899251227938322,-0.1605964009405178,-0.07925164947732251,0.9212598425196851,0.8857142857142857,0.0,-0.02222155142187743,-0.27995131636900233,0.8115188751328971,-0.027190674891146585,0.4187713403067585,-0.765608193245029,0.9662074452493615,0.6896393401095595,-0.6684726522187823,0.11235955056179775,1
1776592561.450978,317,1776592561.450978,1776592561.401019,1776592561.451473,1776592561.448157,0.898004234636812,-0.15435544232927512,-0.0797211716010152,0.9212598425196851,0.7,0.0,-0.02222155142187743,-0.27995131636900233,0.8115188751328971,-0.027190674891146585,0.4187713403067585,-0.765608193245029,0.9628575017796575,0.6958931002818151,-0.6695046439628484,0.10754414125200643,1
1776592561.501032,318,1776592561.501032,1776592561.501084,1776592561.451473,1776592561.448157,0.8966934293113441,-0.14910663611264025,-0.08012596946573408,0.8818897637795275,0.8857142857142857,0.0,0.4944446121445306,-0.7542784675079683,0.750254802215452,0.39274537373004353,0.5920546311853017,-0.7973393466301976,0.9628575017796575,0.6958931002818151,-0.6695046439628484,0.10754414125200643,1
1776592561.550965,319,1776592561.550965,1776592561.551008,1776592561.451473,1776592561.448157,0.8955465854363236,-0.14251575708695524,-0.08059000748580145,0.8818897637795275,0.6428571428571428,0.0,0.45555573615564837,-0.3044004320621156,0.8695209002577036,-0.06948476052249636,-0.22021841634599754,-0.8352092873167584,0.9628575017796575,0.6958931002818151,-0.6695046439628484,0.10754414125200643,1
1776592561.600929,320,1776592561.600929,1776592561.600967,1776592561.451473,1776592561.594646,0.8945067596431489,-0.13542133405024345,-0.0810641062715124,0.8582677165354331,0.5285714285714285,0.0,-0.4750001741500895,-0.01956031446110266,0.8140672807369526,0.060424981857764876,0.15523548859140426,-0.7717508220904146,0.9628575017796575,0.702020202020202,-0.6684726522187823,0.1023274478330658,1
1776592561.650928,321,1776592561.650928,1776592561.600967,1776592561.451473,1776592561.594646,0.8934751319224967,-0.12814341616205582,-0.08153260259164928,0.8582677165354331,0.5428571428571428,0.0,-0.4750001741500895,-0.01956031446110266,0.8140672807369526,0.060424981857764876,0.15523548859140426,-0.7717508220904146,0.9628575017796575,0.702020202020202,-0.6684726522187823,0.1023274478330658,1
1776592561.701066,322,1776592561.701066,1776592561.650969,1776592561.451473,1776592561.594646,0.8925669184287351,-0.12121968601043788,-0.08195750226066391,0.7795275590551182,0.4714285714285714,0.0,0.2861123430617443,-0.3520785069535635,0.9577982259579485,-0.6737119013062408,-0.3321229201669286,-0.8648928977534651,0.9628575017796575,0.702020202020202,-0.6684726522187823,0.1023274478330658,1
1776592561.750971,323,1776592561.750971,1776592561.751037,1776592561.451473,1776592561.739568,0.8917289424752328,-0.11331660543059414,-0.08243047660786175,0.811023622047244,0.35714285714285715,0.0,0.05555620055588708,0.018337092246487965,0.8896024932059132,0.04833771770682148,0.3862798764294618,-0.9109510894618765,0.9628575017796575,0.7080364776289542,-0.6618937048503613,0.10995184590690209,1
1776592561.800928,324,1776592561.800928,1776592561.751037,1776592561.451473,1776592561.739568,0.8908291486235214,-0.10494198575567874,-0.08292420375007346,0.8582677165354331,0.4285714285714285,0.0,0.05555620055588708,0.018337092246487965,0.8896024932059132,0.04833771770682148,0.3862798764294618,-0.9109510894618765,0.9628575017796575,0.7080364776289542,-0.6618937048503613,0.10995184590690209,1
1776592561.850925,325,1776592561.850925,1776592561.850973,1776592561.451473,1776592561.739568,0.8898487034637521,-0.09787103299066738,-0.08332957369754462,0.7952755905511811,0.6428571428571428,0.0,-0.013887889138375017,0.17970636535409576,0.9625891296488037,-0.5800526124818577,-0.5090239011435694,-0.8070622944773964,0.9628575017796575,0.7080364776289542,-0.6618937048503613,0.10995184590690209,1
1776592561.901061,326,1776592561.901061,1776592561.850973,1776592561.451473,1776592561.885232,0.8887384185607906,-0.09119480752243546,-0.08369649573866408,0.8031496062992125,0.8428571428571427,0.0,-0.013887889138375017,0.17970636535409576,0.9625891296488037,-0.5800526124818577,-0.5090239011435694,-0.8070622944773964,0.9628575017796575,0.7139102624996041,-0.6510577915376677,0.1203852327447833,1
1776592561.951013,327,1776592561.951013,1776592561.951088,1776592561.451473,1776592561.885232,0.8875955629372674,-0.08387421641297436,-0.08408176388183951,0.8503937007874015,0.8714285714285713,0.0,0.17499994194997015,-0.14547658147712514,0.8693170755275434,0.04229408563134978,0.07220475854967212,-0.7221084698361966,0.9628575017796575,0.7139102624996041,-0.6510577915376677,0.1203852327447833,1
1776592562.000916,328,1776592562.000916,1776592561.951088,1776592561.451473,1776592561.885232,0.8864538151613823,-0.07629545231480889,-0.08446673612014306,0.8582677165354331,0.8857142857142857,0.0,0.17499994194997015,-0.14547658147712514,0.8693170755275434,0.04229408563134978,0.07220475854967212,-0.7221084698361966,0.9628575017796575,0.7139102624996041,-0.6510577915376677,0.1203852327447833,1
1776592562.050914,329,1776592562.050914,1776592562.000961,1776592562.051702,1776592562.034442,0.8853202654580197,-0.06863134177409651,-0.08485137299959182,0.8503937007874015,0.8999999999999999,0.0,0.27499924534961206,0.15892385058499042,0.8383283031855367,0.03625045355587808,-0.050539266164435534,-0.7082904360920742,0.9588375696160127,0.7197048858490864,-0.6408668730650156,0.11958266452648475,1
1776592562.100932,330,1776592562.100932,1776592562.050962,1776592562.051702,1776592562.034442,0.8842704690361016,-0.06093095899530168,-0.08523322837324501,0.8188976377952756,0.8285714285714285,0.0,-0.18611071766090886,-0.5977990175389831,0.9806320492403736,-0.48942080914368646,-0.29242317489566966,-0.7543505485724823,0.9588375696160127,0.7197048858490864,-0.6408668730650156,0.11958266452648475,1
1776592562.152184,331,1776592562.152184,1776592562.101005,1776592562.051702,1776592562.034442,0.8830981446654034,-0.05222348819445334,-0.08564980325186436,0.889763779527559,0.9285714285714285,0.0,0.22222248022235483,-0.012225068799862656,0.8620795081756979,0.4924482946298984,0.16245731938648314,-0.712896447340115,0.9588375696160127,0.7197048858490864,-0.6408668730650156,0.11958266452648475,1
1776592562.202211,332,1776592562.202211,1776592562.152236,1776592562.051702,1776592562.176766,0.8820430305748223,-0.043460542205949505,-0.08605736289538735,0.8740157480314961,0.8428571428571427,0.0,-0.044445424844948365,-0.13447473489187717,0.8504586865933176,-0.024174528301886794,0.01804780228713891,-0.7374612004056671,0.9588375696160127,0.7253728507647003,-0.6306759545923633,0.11476725521669341,1
1776592562.250926,333,1776592562.250926,1776592562.202274,1776592562.051702,1776592562.176766,0.8810045341988134,-0.03516060066826265,-0.08643024248792715,0.8503937007874015,0.8999999999999999,0.0,0.27499924534961206,0.14547658147712514,0.8378185709381212,-0.19335087082728591,-0.04331743536935668,-0.7415562863025909,0.9588375696160127,0.7253728507647003,-0.6306759545923633,0.11476725521669341,1
1776592562.300959,334,1776592562.300959,1776592562.301022,1776592562.051702,1776592562.176766,0.8800282988600691,-0.02620135786190092,-0.08684082036114321,0.8503937007874015,0.7999999999999999,0.0,0.6194449023946799,0.11124679760015452,0.8474006339528543,0.29305379172714074,0.2490921901251965,-0.764073496419681,0.9588375696160127,0.7253728507647003,-0.6306759545923633,0.11476725521669341,1
1776592562.350922,335,1776592562.350922,1776592562.350981,1776592562.051702,1776592562.322627,0.8789716337827944,-0.016813249181740982,-0.08724887317945268,0.889763779527559,0.9142857142857143,0.0,0.05277676512725727,-0.14425438116912248,0.8061162416185388,0.12386611030478954,-0.057761096959514396,-0.7446256799532869,0.9588375696160127,0.7308983249422121,-0.6182920536635707,0.10433386837881219,1
1776592562.40088,336,1776592562.40088,1776592562.400928,1776592562.051702,1776592562.322627,0.8779927396097186,-0.006829849064816356,-0.08768253163267466,0.9055118110236221,0.8285714285714285,0.0,0.3444456570450677,0.2579455793852823,0.8166156863410078,-0.383685595065312,-0.3898975665275595,-0.7599784105227573,0.9588375696160127,0.7308983249422121,-0.6182920536635707,0.10433386837881219,1
1776592562.450869,337,1776592562.450869,1776592562.450908,1776592562.051702,1776592562.322627,0.8769812747160808,0.0028868434191491816,-0.08807896525301534,0.8818897637795275,0.9142857142857143,0.0,0.4805567230061556,-0.5550117876927699,0.7311926737620736,0.9154004898403483,0.3862798764294618,-0.7313204923322782,0.9588375696160127,0.7308983249422121,-0.6182920536635707,0.10433386837881219,1
1776592562.500905,338,1776592562.500905,1776592562.450908,1776592562.051702,1776592562.46836,0.8760562219382193,0.013299109409872023,-0.08852215184311156,0.9055118110236221,0.8142857142857143,0.0,0.4805567230061556,-0.5550117876927699,0.7311926737620736,0.9154004898403483,0.3862798764294618,-0.7313204923322782,0.9588375696160127,0.7362813083816219,-0.6037151702786379,0.08426966292134831,1
1776592562.550856,339,1776592562.550856,1776592562.500944,1776592562.051702,1776592562.46836,0.8750950533273538,0.02364309824655734,-0.08893896344562839,0.8976377952755906,0.8999999999999999,0.0,-0.3805550976053202,0.38997489175454214,0.7975535578876293,0.09667543541364296,0.16245731938648314,-0.7743092903899935,0.9588375696160127,0.7362813083816219,-0.6037151702786379,0.08426966292134831,1
1776592562.600876,340,1776592562.600876,1776592562.600932,1776592562.051702,1776592562.46836,0.8742074457996621,0.03440955197384985,-0.08937408169621826,0.9055118110236221,0.8285714285714285,0.0,0.44999918729958227,0.1051347741535292,0.8109072305204015,-0.7794584542815675,-0.6281637851606959,-0.8096207627769754,0.9588375696160127,0.7362813083816219,-0.6037151702786379,0.08426966292134831,1
1776592562.650847,341,1776592562.650847,1776592562.600932,1776592562.651698,1776592562.614001,0.8733446540590651,0.044806882337126985,-0.0897812467999121,0.8661417322834646,0.8428571428571427,0.0,0.44999918729958227,0.1051347741535292,0.8109072305204015,-0.7794584542815675,-0.6281637851606959,-0.8096207627769754,0.95552950043968,0.7415376333871632,-0.5914602683178535,0.07624398073836276,1
1776592562.700843,342,1776592562.700843,1776592562.650885,1776592562.651698,1776592562.614001,0.872509558509422,0.05571202403355822,-0.09021421480843306,0.889763779527559,0.8285714285714285,0.0,0.19444437994441127,0.11858204326139453,0.8827726605253957,0.45618650217706813,0.01804780228713891,-0.7732855189157626,0.95552950043968,0.7415376333871632,-0.5914602683178535,0.07624398073836276,1
1776592562.750844,343,1776592562.750844,1776592562.700882,1776592562.651698,1776592562.614001,0.8717573299631132,0.06665557162913557,-0.09064824807449276,0.8740157480314961,0.757142857142857,0.0,-0.1277774036775855,-0.012225068799862656,0.860346657125306,-0.14804063860667632,-0.08303073004173216,-0.7871035526598851,0.95552950043968,0.7415376333871632,-0.5914602683178535,0.07624398073836276,1
1776592562.800836,344,1776592562.800836,1776592562.750887,1776592562.651698,1776592562.75959,0.8711289587827501,0.07700382778794823,-0.09105551181314389,0.811023622047244,0.6428571428571428,0.0,0.16388916623903146,0.31784872307659295,0.8432212044524795,-0.19637835631349781,-0.03249146387729662,-0.7604912566458711,0.95552950043968,0.7466356353503689,-0.5763673890608875,0.07423756019261636,1
1776592562.850836,345,1776592562.850836,1776592562.850879,1776592562.651698,1776592562.75959,0.8706328646103833,0.08758251934163755,-0.09149347075050374,0.811023622047244,0.5,0.0,0.3805550976053202,0.2273834183389317,0.8374108362667932,0.19335087082728591,0.3465665817570864,-0.7973393466301976,0.95552950043968,0.7466356353503689,-0.5763673890608875,0.07423756019261636,1
1776592562.900834,346,1776592562.900834,1776592562.900876,1776592562.651698,1776592562.75959,0.8700332974686125,0.09902534362611431,-0.09194125372960966,0.8740157480314961,0.657142857142857,0.0,0.46944362529402334,-0.27261607070776234,0.8872578271210105,-0.018130896226415092,-0.21660072624789986,-0.8520986354835736,0.95552950043968,0.7466356353503689,-0.5763673890608875,0.07423756019261636,1
1776592562.950835,347,1776592562.950835,1776592562.900876,1776592562.651698,1776592562.905403,0.8695593602490087,0.11086076154630685,-0.09243148919433329,0.889763779527559,0.5285714285714285,0.0,0.46944362529402334,-0.27261607070776234,0.8872578271210105,-0.018130896226415092,-0.21660072624789986,-0.8520986354835736,0.95552950043968,0.7516703080966404,-0.567079463364293,0.06741573033707865,1
1776592563.000822,348,1776592563.000822,1776592563.000865,1776592562.651698,1776592562.905403,0.8689502656175496,0.12265350624522595,-0.09286635099403422,0.8818897637795275,0.7428571428571428,0.0,0.3499998838999403,-0.9327626325540614,0.9460754067994804,-0.14501315312046442,-0.22744024714107636,-0.9089035465134147,0.95552950043968,0.7516703080966404,-0.567079463364293,0.06741573033707865,1
1776592563.05096,349,1776592563.05096,1776592563.051008,1776592562.651698,1776592563.049411,0.8684896225696038,0.13501593844814563,-0.0933569415446041,0.9133858267716536,0.5857142857142856,0.0,0.08888852768870323,-0.13814133581588514,0.7970438256402137,-0.14501315312046442,-0.15883962928838546,-0.9309098312793878,0.95552950043968,0.7565624901048098,-0.5617905056759546,0.0413322632423756,1
1776592563.100822,350,1776592563.100822,1776592563.10086,1776592562.651698,1776592563.049411,0.8680289795216579,0.1477944345584815,-0.0938566459652276,0.9370078740157479,0.6285714285714284,0.0,0.191667266516975,0.06112432209270124,0.8038735731097236,0.13292588896952104,0.2852013441005907,-0.8556808752573835,0.95552950043968,0.7565624901048098,-0.5617905056759546,0.0413322632423756,1
1776592563.150838,351,1776592563.150838,1776592563.150881,1776592562.651698,1776592563.049411,0.8675603599707173,0.16135171695705794,-0.09437956905479718,0.984251968503937,0.6857142857142856,0.0,0.502778274428033,0.13447473489187717,0.8305810035862756,-0.8066377902757619,-0.5451195057178473,-0.9160699468330312,0.95552950043968,0.7565624901048098,-0.5617905056759546,0.0413322632423756,1
1776592563.200814,352,1776592563.200814,1776592563.150881,1776592562.651698,1776592563.190808,0.8670547383086623,0.1738891093671988,-0.09481433221954083,0.8976377952755906,0.7714285714285714,0.0,0.502778274428033,0.13447473489187717,0.8305810035862756,-0.8066377902757619,-0.5451195057178473,-0.9160699468330312,0.95552950043968,0.761359678287578,-0.5530185758513932,0.01765650080256822,1
1776592563.250817,353,1776592563.250817,1776592563.250854,1776592563.251586,1776592563.190808,0.8666348640538005,0.18670174405455345,-0.09528290744764353,0.9133858267716536,0.7,0.0,0.5555550395552903,-0.18826381132333841,0.8760449106319734,-0.10271906748911465,-0.2093924448539375,-0.8592631150311933,0.9529751685440307,0.761359678287578,-0.5530185758513932,0.01765650080256822,1
1776592563.300824,354,1776592563.300824,1776592563.300865,1776592563.251586,1776592563.190808,0.866232936930677,0.19940769568872446,-0.09573866013129852,0.8976377952755906,0.7142857142857143,0.0,-0.16944339309390402,0.20782412578444107,0.8062181539836188,0.0030161465892597967,0.07220475854967212,-0.788127324134116,0.9529751685440307,0.761359678287578,-0.5530185758513932,0.01765650080256822,1
1776592563.350811,355,1776592563.350811,1776592563.300865,1776592563.251586,1776592563.337028,0.8658948218315115,0.21139460354443776,-0.09616563113441624,0.84251968503937,0.657142857142857,0.0,-0.16944339309390402,0.20782412578444107,0.8062181539836188,0.0030161465892597967,0.07220475854967212,-0.788127324134116,0.9529751685440307,0.7660460403407111,-0.5442466460268318,-0.02367576243980738,1
1776592563.400797,356,1776592563.400797,1776592563.350873,1776592563.251586,1776592563.337028,0.8656238422992182,0.22317027895484745,-0.09659556118625265,0.8267716535433071,0.6,0.0,0.3666672084669451,-0.9034226718157135,0.9297655086803175,-0.1571004172714078,0.021665492385236573,-0.8382806017394512,0.9529751685440307,0.7660460403407111,-0.5442466460268318,-0.02367576243980738,1
1776592563.450823,357,1776592563.450823,1776592563.400836,1776592563.251586,1776592563.337028,0.865265564373038,0.2355391121409582,-0.09701201770292323,0.8503937007874015,0.757142857142857,0.0,-0.0027771134274363015,0.28484113950762496,0.86177368586945,0.44411057692307687,0.3465665817570864,-0.7630497249454501,0.9529751685440307,0.7660460403407111,-0.5442466460268318,-0.02367576243980738,1
1776592563.500824,358,1776592563.500824,1776592563.450865,1776592563.251586,1776592563.483079,0.8650151908068143,0.24802956400769827,-0.09746179310816643,0.8661417322834646,0.657142857142857,0.0,-0.02777810027794354,-0.19437685667657575,0.8051987746997953,0.07552839259796806,0.25631402092027533,-0.7594674851716402,0.9529751685440307,0.7705899116557424,-0.5358617131062952,-0.06420545746388442,1
1776592563.550798,359,1776592563.550798,1776592563.500868,1776592563.251586,1776592563.483079,0.8647437681354658,0.2603493229893445,-0.0978837534554538,0.84251968503937,0.7142857142857143,0.0,0.4166668601667661,0.1711489193848531,0.818552532543575,-0.2235690312046444,-0.22021841634599754,-0.7594674851716402,0.9529751685440307,0.7705899116557424,-0.5358617131062952,-0.06420545746388442,1
1776592563.600783,360,1776592563.600783,1776592563.600826,1776592563.251586,1776592563.483079,0.8645215338992513,0.273110749811171,-0.09832254092645487,0.8740157480314961,0.7,0.0,0.46666651186658703,0.029339960738347968,0.8164117763998401,0.1631440493468795,0.3935017072245407,-0.8193437106241741,0.9529751685440307,0.7705899116557424,-0.5358617131062952,-0.06420545746388442,1
1776592563.650779,361,1776592563.650779,1776592563.650817,1776592563.251586,1776592563.62845,0.8644098628573251,0.2851488655324125,-0.09876142703241324,0.8346456692913385,0.5714285714285714,0.0,0.24722346707286205,-0.02689453821573062,0.8336391414377465,0.1631440493468795,0.1913310931656821,-0.8387915270905683,0.9529751685440307,0.7750546214496058,-0.5285087719298246,-0.0971107544141252,1
1776592563.700794,362,1776592563.700794,1776592563.650817,1776592563.251586,1776592563.62845,0.8644546199019066,0.2976179807885158,-0.09927643959840816,0.889763779527559,0.4285714285714285,0.0,0.24722346707286205,-0.02689453821573062,0.8336391414377465,0.1631440493468795,0.1913310931656821,-0.8387915270905683,0.9529751685440307,0.7750546214496058,-0.5285087719298246,-0.0971107544141252,1
1776592563.750781,363,1776592563.750781,1776592563.700832,1776592563.251586,1776592563.62845,0.8644280315585909,0.30938725521573446,-0.0997172194955465,0.8188976377952756,0.5285714285714285,0.0,0.39999953559976126,0.1503664046157478,0.8171254185884234,-0.42597968069666176,-0.11552219391902879,-0.8526095608346906,0.9529751685440307,0.7750546214496058,-0.5285087719298246,-0.0971107544141252,1
1776592563.800784,364,1776592563.800784,1776592563.800827,1776592563.251586,1776592563.774583,0.8643885921826725,0.32198225647459455,-0.10017393880178292,0.8661417322834646,0.6142857142857142,0.0,0.13055451710502178,0.26894844787714234,0.8115188751328971,0.03625045355587808,-0.14440951709934424,-0.845956006638188,0.9529751685440307,0.7794560020265349,-0.5254127966976264,-0.12800963081861957,1
1776592563.850767,365,1776592563.850767,1776592563.850806,1776592563.851414,1776592563.774583,0.8642603034261739,0.3345601884449452,-0.10058017673687826,0.8346456692913385,0.757142857142857,0.0,0.22222248022235483,0.20782412578444107,0.8116207874979773,0.11177884615384615,0.11552219391902879,-0.6632540950858969,0.9523051798500901,0.7794560020265349,-0.5254127966976264,-0.12800963081861957,1
1776592563.900789,366,1776592563.900789,1776592563.850806,1776592563.851414,1776592563.774583,0.864066651659024,0.34810893619926686,-0.10097489410896208,0.8740157480314961,0.9142857142857143,0.0,0.22222248022235483,0.20782412578444107,0.8116207874979773,0.11177884615384615,0.11552219391902879,-0.6632540950858969,0.9523051798500901,0.7794560020265349,-0.5254127966976264,-0.12800963081861957,1
1776592563.950798,367,1776592563.950798,1776592563.900855,1776592563.851414,1776592563.920193,0.8638807548253412,0.36177076798996327,-0.10136357502165975,0.8740157480314961,0.9428571428571428,0.0,0.4388884115886435,0.18337398818471576,0.805912331677371,-0.5196389695210449,-0.3176928079778874,-0.7210846983619658,0.9523051798500901,0.7837623887780627,-0.5273477812177503,-0.17014446227929375,1
1776592564.000785,368,1776592564.000785,1776592564.000836,1776592563.851414,1776592563.920193,0.8637588915851439,0.37518722875833727,-0.10176494038986493,0.8661417322834646,0.8857142857142857,0.0,-0.12222317682271289,0.3190709233845956,0.8118246122281374,0.04229408563134978,-0.0036041406969811937,-0.7507683087986724,0.9523051798500901,0.7837623887780627,-0.5273477812177503,-0.17014446227929375,1
1776592564.050919,369,1776592564.050919,1776592564.000836,1776592563.851414,1776592563.920193,0.8636545323376293,0.3889493426190263,-0.10216744992357468,0.8818897637795275,0.9142857142857143,0.0,-0.12222317682271289,0.3190709233845956,0.8118246122281374,0.04229408563134978,-0.0036041406969811937,-0.7507683087986724,0.9523051798500901,0.7837623887780627,-0.5273477812177503,-0.17014446227929375,1
1776592564.100746,370,1776592564.100746,1776592564.05097,1776592563.851414,1776592564.066212,0.8636093321539925,0.4025002240344117,-0.10257045263207089,0.8818897637795275,0.8714285714285713,0.0,0.31666755676712416,0.051344675815455924,0.845259963020127,0.07251224600870826,-0.04693512546745434,-0.7226193951873138,0.9523051798500901,0.7880371109211235,-0.5299277605779154,-0.20585874799357945,1
1776592564.151263,371,1776592564.151263,1776592564.151304,1776592563.851414,1776592564.066212,0.8635862889231188,0.4156691801193997,-0.10296010016734998,0.84251968503937,0.8428571428571427,0.0,0.01666732456700483,0.06112432209270124,0.8734964198169104,0.5649492017416545,0.10830036312394993,-0.7282491779095854,0.9523051798500901,0.7880371109211235,-0.5299277605779154,-0.20585874799357945,1
1776592564.200765,372,1776592564.200765,1776592564.151304,1776592563.851414,1776592564.066212,0.8636551970462123,0.42883173522119666,-0.10338683444657021,0.8818897637795275,0.7857142857142857,0.0,0.01666732456700483,0.06112432209270124,0.8734964198169104,0.5649492017416545,0.10830036312394993,-0.7282491779095854,0.9523051798500901,0.7880371109211235,-0.5299277605779154,-0.20585874799357945,1
1776592564.250738,373,1776592564.250738,1776592564.200805,1776592563.851414,1776592564.212469,0.8637092600109544,0.44198575567873893,-0.10379891157113712,0.8582677165354331,0.8285714285714285,0.0,0.30277734562755565,0.06723736744593858,0.8502548618631574,-0.024174528301886794,-0.11913988401712645,-0.7661210393681429,0.9523051798500901,0.7922010069345493,-0.5308307533539731,-0.23475120385232745,1
1776592564.30081,374,1776592564.30081,1776592564.250783,1776592563.851414,1776592564.212469,0.8637708563396359,0.4550266920999066,-0.10418810538561268,0.84251968503937,0.8428571428571427,0.0,0.4111103113107,0.3435210609843209,0.8437309366998953,-0.10876269956458634,-0.12634816541108884,-0.7533267770982514,0.9523051798500901,0.7922010069345493,-0.5308307533539731,-0.23475120385232745,1
1776592564.350746,375,1776592564.350746,1776592564.300849,1776592563.851414,1776592564.212469,0.8638869587721149,0.4678457277704522,-0.10458211258600401,0.84251968503937,0.7999999999999999,0.0,0.4861109498610282,0.0036676228306200013,0.9098879108842831,-0.8187250544267054,-0.6931331635141728,-0.8065494483542825,0.9523051798500901,0.7922010069345493,-0.5308307533539731,-0.23475120385232745,1
1776592564.400855,376,1776592564.400855,1776592564.350796,1776592563.851414,1776592564.358133,0.8640269907135779,0.4816035743090139,-0.10500223832308579,0.8976377952755906,0.8714285714285713,0.0,0.46666651186658703,0.15158962683036248,0.8539245591161163,0.32024446661828737,0.22021841634599754,-0.7799390731122653,0.9523051798500901,0.7963015737310408,-0.5348297213622292,-0.25080256821829855,1
1776592564.450826,377,1776592564.450826,1776592564.450879,1776592564.451778,1776592564.358133,0.8642088992957634,0.4950797775871707,-0.10542903178328038,0.889763779527559,0.8428571428571427,0.0,0.31388812133849436,0.3215153240006009,0.821712582760126,-0.48036103047895495,-0.2707576825104331,-0.7763549125664588,0.9533939114777439,0.7963015737310408,-0.5348297213622292,-0.25080256821829855,1
1776592564.500743,378,1776592564.500743,1776592564.500782,1776592564.451778,1776592564.358133,0.864352254780141,0.508325545470451,-0.10581114360782252,0.8503937007874015,0.8999999999999999,0.0,0.31944467019456046,-0.5171143809851793,0.9589194323958447,-0.25679199927431057,-0.07220475854967212,-0.7814737699376133,0.9533939114777439,0.7963015737310408,-0.5348297213622292,-0.25080256821829855,1
1776592564.550774,379,1776592564.550774,1776592564.500782,1776592564.451778,1776592564.503848,0.8646196891999922,0.5208586705584645,-0.10622564715233876,0.8503937007874015,0.7428571428571428,0.0,0.31944467019456046,-0.5171143809851793,0.9589194323958447,-0.25679199927431057,-0.07220475854967212,-0.7814737699376133,0.9533939114777439,0.8002913143978975,-0.5432146542827657,-0.2628410914927769,1
1776592564.600789,380,1776592564.600789,1776592564.600829,1776592564.451778,1776592564.503848,0.8648430312838448,0.5346975962174457,-0.10662920221659578,0.8976377952755906,0.9285714285714285,0.0,0.11388951453921047,-0.15525622775437045,0.8324159374237629,0.11177884615384615,0.08664842013982982,-0.7635606502965672,0.9533939114777439,0.8002913143978975,-0.5432146542827657,-0.2628410914927769,1
1776592564.651044,381,1776592564.651044,1776592564.600829,1776592564.451778,1776592564.65125,0.8651268618487407,0.5487349523553485,-0.10706441910214294,0.9212598425196851,0.9142857142857143,0.0,0.11388951453921047,-0.15525622775437045,0.8324159374237629,0.11177884615384615,0.08664842013982982,-0.7635606502965672,0.9533939114777439,0.8042018935435864,-0.5566305469556243,-0.2640449438202247,1
1776592564.700775,382,1776592564.700775,1776592564.700812,1776592564.451778,1776592564.65125,0.8654084767183602,0.562539739437311,-0.10747351745099969,0.9055118110236221,0.9428571428571428,0.0,0.31388812133849436,-0.9095346952623388,0.7700305728574138,0.48036103047895495,0.4259931711018374,-0.7753330618642245,0.9533939114777439,0.8042018935435864,-0.5566305469556243,-0.2640449438202247,1
1776592564.750766,383,1776592564.750766,1776592564.750826,1776592564.451778,1776592564.65125,0.8658057508814035,0.5751902158838265,-0.10790644600553773,0.8818897637795275,0.757142857142857,0.0,-0.141667614817154,0.09535410596967187,0.845361875385207,-0.05438134978229317,-0.10107853232887107,-0.8009215864040076,0.9533939114777439,0.8042018935435864,-0.5566305469556243,-0.2640449438202247,1
1776592564.80072,384,1776592564.80072,1776592564.750826,1776592564.451778,1776592564.795621,0.866214325090356,0.588192746405848,-0.10833807257863953,0.8976377952755906,0.8142857142857143,0.0,-0.141667614817154,0.09535410596967187,0.845361875385207,-0.05438134978229317,-0.10107853232887107,-0.8009215864040076,0.9533939114777439,0.8080649757765745,-0.5681114551083591,-0.27768860353130015,1
1776592564.850697,385,1776592564.850697,1776592564.800759,1776592564.451778,1776592564.795621,0.866715736931386,0.6005125053874942,-0.10879848083227861,0.8976377952755906,0.7,0.0,0.12222317682271289,-0.08801988221504391,0.7813455721335464,0.2265851777939042,-0.08664842013982982,-0.7697032791419528,0.9533939114777439,0.8080649757765745,-0.5681114551083591,-0.27768860353130015,1
1776592564.900712,386,1776592564.900712,1776592564.850757,1776592564.451778,1776592564.795621,0.8672003094883162,0.6127319822991478,-0.10923065976114125,0.8740157480314961,0.7428571428571428,0.0,0.8694454828949781,-0.11613662073877717,0.9340469357567799,-0.8519593613933235,-0.8808601159828736,-0.871033605826854,0.9533939114777439,0.8080649757765745,-0.5681114551083591,-0.27768860353130015,1
1776592564.951122,387,1776592564.951122,1776592564.900753,1776592564.451778,1776592564.941667,0.8677141292228936,0.6243348311634,-0.10965528325227546,0.84251968503937,0.6857142857142856,0.0,-0.11388951453921047,0.06356974461531859,0.7977573826177895,0.827796171988389,0.35740610265026285,-0.7512792341497895,0.9533939114777439,0.811880561096862,-0.5767543859649122,-0.2917335473515249,1
1776592565.000712,388,1776592565.000712,1776592565.000749,1776592564.451778,1776592564.941667,0.8683533573101104,0.6355792249689552,-0.11013170982297846,0.8976377952755906,0.5857142857142856,0.0,0.1250002902501492,0.11613662073877717,0.8333333191314987,-0.060424981857764876,-0.07220475854967212,-0.8085969913027444,0.9533939114777439,0.811880561096862,-0.5767543859649122,-0.2917335473515249,1
1776592565.050724,389,1776592565.050724,1776592565.000749,1776592565.051594,1776592564.941667,0.868950044048022,0.6461451145562626,-0.11057069456389412,0.8267716535433071,0.5857142857142856,0.0,0.1250002902501492,0.11613662073877717,0.8333333191314987,-0.060424981857764876,-0.07220475854967212,-0.8085969913027444,0.9541895230517985,0.811880561096862,-0.5767543859649122,-0.2917335473515249,1
1776592565.100722,390,1776592565.100722,1776592565.050781,1776592565.051594,1776592565.087785,0.8696646057746336,0.6564805687486932,-0.11105696490333469,0.8740157480314961,0.5,0.0,0.1277774036775855,-0.7652803140932163,0.9392456593299705,-0.22054154571843249,-0.04693512546745434,-0.9145333292356864,0.9541895230517985,0.8156011525917483,-0.5804953560371517,-0.29454253611556985,1
1776592565.150873,391,1776592565.150873,1776592565.150918,1776592565.051594,1776592565.087785,0.8703782812231347,0.6668672308066519,-0.1115219695459835,0.8661417322834646,0.5428571428571428,0.0,0.09999930339964194,-0.17237111969285573,0.8092762066240822,0.024174528301886794,0.3140751178797897,-0.8730811487753157,0.9541895230517985,0.8156011525917483,-0.5804953560371517,-0.29454253611556985,1
1776592565.20068,392,1776592565.20068,1776592565.150918,1776592565.051594,1776592565.087785,0.8711819138998541,0.6778982585058398,-0.11203583794647386,0.9448818897637795,0.5857142857142856,0.0,0.09999930339964194,-0.17237111969285573,0.8092762066240822,0.024174528301886794,0.3140751178797897,-0.8730811487753157,0.9541895230517985,0.8156011525917483,-0.5804953560371517,-0.29454253611556985,1
1776592565.250673,393,1776592565.250673,1776592565.200722,1776592565.051594,1776592565.233436,0.8718696657136222,0.6893368154681893,-0.11247468459844931,0.8818897637795275,0.757142857142857,0.0,0.4750001741500895,0.3447432612923236,0.8211008529366227,-0.3987890058055152,-0.12634816541108884,-0.9068579243369496,0.9541895230517985,0.8193059117824008,-0.5817853457172343,-0.29735152487961475,1
1776592565.300735,394,1776592565.300735,1776592565.250711,1776592565.051594,1776592565.233436,0.8726371825573378,0.7008436495845762,-0.11293982733003831,0.9212598425196851,0.7428571428571428,0.0,0.33055544590549923,-0.7041559920005152,0.7416922036955503,0.595167362119013,0.5090239011435694,-0.8341855158425274,0.9541895230517985,0.8193059117824008,-0.5817853457172343,-0.29735152487961475,1
1776592565.350767,395,1776592565.350767,1776592565.350802,1776592565.051594,1776592565.233436,0.8733734580976572,0.712064573118431,-0.11336523990083083,0.8818897637795275,0.7714285714285714,0.0,0.013887889138375017,0.13080711206125717,0.795514799319982,-0.033234306966618284,-0.03249146387729662,-0.7799390731122653,0.9541895230517985,0.8193059117824008,-0.5817853457172343,-0.29735152487961475,1
1776592565.400665,396,1776592565.400665,1776592565.350802,1776592565.051594,1776592565.379391,0.8742010202833608,0.723244957092076,-0.11383671499667788,0.9291338582677164,0.7428571428571428,0.0,0.013887889138375017,0.13080711206125717,0.795514799319982,-0.033234306966618284,-0.03249146387729662,-0.7799390731122653,0.9541895230517985,0.8229631740603528,-0.5846233230134159,-0.29855537720706254,1
1776592565.450657,397,1776592565.450657,1776592565.400707,1776592565.051594,1776592565.379391,0.874920013400525,0.7339943415308592,-0.11423316834401001,0.8346456692913385,0.7999999999999999,0.0,0.5749994775497315,0.12224966609201451,0.8010193451994205,-0.7160059869375905,-0.4837542680613517,-0.84442130981284,0.9541895230517985,0.8229631740603528,-0.5846233230134159,-0.29855537720706254,1
1776592565.500691,398,1776592565.500691,1776592565.450697,1776592565.051594,1776592565.379391,0.8756828772841602,0.7442380482975519,-0.11464082662249031,0.8346456692913385,0.7428571428571428,0.0,-0.21666593136628873,0.255501178769277,0.8714577464602707,0.5528732764876632,0.1913310931656821,-0.7343898859829743,0.9541895230517985,0.8229631740603528,-0.5846233230134159,-0.29855537720706254,1
1776592565.550685,399,1776592565.550685,1776592565.55073,1776592565.051594,1776592565.525113,0.876467011842448,0.7543174631623418,-0.11504223144467841,0.8346456692913385,0.7428571428571428,0.0,0.3388891081890016,0.23960848713879435,0.8351681677579781,-0.14199700653120462,-0.10830036312394993,-0.7190371554135039,0.9541895230517985,0.8265571071213704,-0.5914602683178535,-0.29975922953451045,1
1776592565.600696,400,1776592565.600696,1776592565.600729,1776592565.051594,1776592565.525113,0.8772963465843727,0.7635263443131531,-0.11545858932639169,0.8267716535433071,0.6428571428571428,0.0,0.8055556200555887,-0.041565029538210625,0.8855249760706189,-0.8851936683599418,-0.5379112243238849,-0.7819846952887305,0.9541895230517985,0.8265571071213704,-0.5914602683178535,-0.29975922953451045,1
1776592565.650653,401,1776592565.650653,1776592565.600729,1776592565.051594,1776592565.525113,0.8781549285039447,0.7725986711558895,-0.11588725685077479,0.8346456692913385,0.6428571428571428,0.0,0.8055556200555887,-0.041565029538210625,0.8855249760706189,-0.8851936683599418,-0.5379112243238849,-0.7819846952887305,0.9541895230517985,0.8265571071213704,-0.5914602683178535,-0.29975922953451045,1
1776592565.700687,402,1776592565.700687,1776592565.650703,1776592565.653081,1776592565.676289,0.8790469674221891,0.7809711571697413,-0.11632549196601505,0.8267716535433071,0.5714285714285714,0.0,0.28333290763311453,0.0660141452313239,0.852191622854717,0.23867244194484757,0.3718362148393041,-0.7753330618642245,0.9549013860391106,0.830087710965454,-0.5977812177502579,-0.2949438202247191,1
1776592565.750662,403,1776592565.750662,1776592565.700732,1776592565.653081,1776592565.676289,0.880012124284552,0.7898173159397284,-0.11678984561794575,0.8818897637795275,0.6285714285714284,0.0,0.5361106015608492,-0.13202931236925983,0.8689092556452079,-0.05438134978229317,0.0,-0.8157614708503642,0.9549013860391106,0.830087710965454,-0.5977812177502579,-0.2949438202247191,1
1776592565.800671,404,1776592565.800671,1776592565.80071,1776592565.653081,1776592565.676289,0.8809455967044635,0.7961990961811735,-0.11723968020416331,0.7874015748031497,0.3714285714285714,0.0,0.14999895509946293,0.04034180732359593,0.9398573039424661,-0.6344339622641509,-0.014443661590157718,-0.8868991825194382,0.9549013860391106,0.830087710965454,-0.5977812177502579,-0.2949438202247191,1
1776592565.850624,405,1776592565.850624,1776592565.80071,1776592565.653081,1776592565.817211,0.8819384497577802,0.8024080498764611,-0.11771366062792553,0.8188976377952756,0.35714285714285715,0.0,0.14999895509946293,0.04034180732359593,0.9398573039424661,-0.6344339622641509,-0.014443661590157718,-0.8868991825194382,0.9549013860391106,0.8335391532883696,-0.6060371517027864,-0.29574638844301765,1
1776592565.900658,406,1776592565.900658,1776592565.850668,1776592565.653081,1776592565.817211,0.8829177870699114,0.8103217987616231,-0.11815388816930304,0.84251968503937,0.6142857142857142,0.0,-0.04722253827238467,0.25061135563065434,0.8354740752752337,0.1601165638606676,0.5270717034307084,-0.8464688527613018,0.9549013860391106,0.8335391532883696,-0.6060371517027864,-0.29574638844301765,1
1776592565.954964,407,1776592565.954964,1776592565.900701,1776592565.653081,1776592565.817211,0.8839735658690755,0.8199339418534687,-0.1186038213904779,0.8503937007874015,0.7714285714285714,0.0,0.32777833247806293,-0.06356974461531859,0.8792048756375168,-0.1571004172714078,-0.22021841634599754,-0.8725683026522021,0.9549013860391106,0.8335391532883696,-0.6060371517027864,-0.29574638844301765,1
1776592566.000847,408,1776592566.000847,1776592566.000883,1776592565.653081,1776592565.962914,0.8848729165817316,0.827403889237387,-0.1189836448840109,0.8346456692913385,0.7142857142857143,0.0,0.0722212031216984,-0.38141744578529946,0.9902140270440992,-0.5679766872278664,-0.4259931711018374,-0.7364374289314362,0.9549013860391106,0.8369430986985845,-0.6097781217750258,-0.29735152487961475,1
1776592566.050653,409,1776592566.050653,1776592566.050696,1776592565.653081,1776592565.962914,0.8858896991440326,0.8359748057301603,-0.11939556419264614,0.8582677165354331,0.7857142857142857,0.0,0.04999965169982097,0.21271394892306372,0.8215086728189581,0.1842910921625544,0.18410926237060324,-0.7579327883462922,0.9549013860391106,0.8369430986985845,-0.6097781217750258,-0.29735152487961475,1
1776592566.100654,410,1776592566.100654,1776592566.100703,1776592565.653081,1776592565.962914,0.886916452335077,0.845200756169481,-0.11978321930178801,0.8661417322834646,0.8999999999999999,0.0,0.08333430083383062,-0.21638157175368372,0.8540265566922042,0.030206821480406387,0.14440951709934424,-0.742578137004825,0.9549013860391106,0.8369430986985845,-0.6097781217750258,-0.29735152487961475,1
1776592566.152494,411,1776592566.152494,1776592566.152533,1776592565.653081,1776592566.111897,0.8880451275088318,0.8546571420036785,-0.12021478669391544,0.8976377952755906,0.8999999999999999,0.0,0.6000004644002387,0.3215153240006009,0.8115188751328971,-0.4682737663280116,-0.32129694867486863,-0.7476969943759796,0.9549013860391106,0.8402995471960989,-0.6136480908152735,-0.30176565008025685,1
1776592566.200735,412,1776592566.200735,1776592566.152533,1776592565.653081,1776592566.111897,0.8890712159912931,0.8632579297513432,-0.12059449182549968,0.8661417322834646,0.9142857142857143,0.0,0.6000004644002387,0.3215153240006009,0.8115188751328971,-0.4682737663280116,-0.32129694867486863,-0.7476969943759796,0.9549013860391106,0.8402995471960989,-0.6136480908152735,-0.30176565008025685,1
1776592566.250613,413,1776592566.250613,1776592566.200847,1776592566.251331,1776592566.111897,0.890189698966777,0.8715856088828577,-0.12101461756258147,0.889763779527559,0.857142857142857,0.0,0.1250002902501492,-0.8422983497230123,0.8688073432801279,0.07251224600870826,0.13718768630426537,-0.7671448108423738,0.9554876261463088,0.8402995471960989,-0.6136480908152735,-0.30176565008025685,1
1776592566.301397,414,1776592566.301397,1776592566.301442,1776592566.251331,1776592566.254695,0.891258107229016,0.8797020555690688,-0.12139331661760137,0.8267716535433071,0.857142857142857,0.0,0.31388812133849436,-0.11980424356939717,0.808562734857514,0.0030161465892597967,0.09747439163188988,-0.7215956237130828,0.9554876261463088,0.8435610018682119,-0.6203560371517027,-0.3130016051364366,1
1776592566.350724,415,1776592566.350724,1776592566.301442,1776592566.251331,1776592566.254695,0.8924235629443577,0.8880617396165384,-0.12180391421780891,0.9133858267716536,0.9285714285714285,0.0,0.31388812133849436,-0.11980424356939717,0.808562734857514,0.0030161465892597967,0.09747439163188988,-0.7215956237130828,0.9554876261463088,0.8435610018682119,-0.6203560371517027,-0.3130016051364366,1
1776592566.400789,416,1776592566.400789,1776592566.350778,1776592566.251331,1776592566.400637,0.8935595499125243,0.8961333794204123,-0.12220196545144915,0.8661417322834646,0.9142857142857143,0.0,0.5472213772717879,0.07579481341518124,0.8807339019577485,-0.7552839259796806,-0.4657064657742128,-0.7645844217707981,0.9554876261463088,0.8467749596276242,-0.6274509803921569,-0.3306581059390048,1
1776592566.451151,417,1776592566.451151,1776592566.400826,1776592566.251331,1776592566.400637,0.8947668822685884,0.9036331980592218,-0.12262992280413976,0.8976377952755906,0.857142857142857,0.0,-0.18611071766090886,-0.35085528473894884,0.7708460422000698,0.7341368831640057,0.6101024334724405,-0.6750245858815576,0.9554876261463088,0.8467749596276242,-0.6274509803921569,-0.3306581059390048,1
1776592566.500677,418,1776592566.500677,1776592566.500713,1776592566.251331,1776592566.400637,0.8959256908981011,0.9110562048997393,-0.12301702555752078,0.8661417322834646,0.8999999999999999,0.0,0.3388891081890016,0.014669469415867963,0.8203873811700544,0.03927793904208998,0.08303073004173216,-0.7221084698361966,0.9554876261463088,0.8467749596276242,-0.6274509803921569,-0.3306581059390048,1
1776592566.550615,419,1776592566.550615,1776592566.500713,1776592566.251331,1776592566.547082,0.8971627135708676,0.9185538898774852,-0.12342782042764291,0.9055118110236221,0.9285714285714285,0.0,0.3388891081890016,0.014669469415867963,0.8203873811700544,0.03927793904208998,0.08303073004173216,-0.7221084698361966,0.9554876261463088,0.8499097558658687,-0.6339009287925697,-0.3607544141252006,1
1776592566.601201,420,1776592566.601201,1776592566.601237,1776592566.251331,1776592566.547082,0.8983656145363791,0.9255522981663318,-0.12382299152053027,0.8582677165354331,0.8857142857142857,0.0,0.39999953559976126,-0.1650368959382278,0.8254842775891726,0.6797555333817126,0.1732832908785432,-0.7123836012170012,0.9554876261463088,0.8499097558658687,-0.6339009287925697,-0.3607544141252006,1
1776592566.650603,421,1776592566.650603,1776592566.601237,1776592566.251331,1776592566.547082,0.8995984273881207,0.9318465983041663,-0.1242449715948091,0.889763779527559,0.8428571428571427,0.0,0.39999953559976126,-0.1650368959382278,0.8254842775891726,0.6797555333817126,0.1732832908785432,-0.7123836012170012,0.9554876261463088,0.8499097558658687,-0.6339009287925697,-0.3607544141252006,1
1776592566.701591,422,1776592566.701591,1776592566.701641,1776592566.251331,1776592566.692926,0.9008622599737306,0.9379744728790342,-0.12466138865749676,0.8740157480314961,0.8285714285714285,0.0,0.652777229527496,0.25305575624665966,0.8409786211546721,-0.08458817126269956,-0.10830036312394993,-0.7461622975506316,0.9554876261463088,0.8530287197998797,-0.6404798761609907,-0.39526484751203855,1
1776592566.750579,423,1776592566.750579,1776592566.750628,1776592566.251331,1776592566.692926,0.902069370760267,0.9441450206751757,-0.12504022580145688,0.8582677165354331,0.8999999999999999,0.0,0.11666662796664676,-0.839852927200395,0.8972477100180792,0.04229408563134978,0.021665492385236573,-0.790685792433695,0.9554876261463088,0.8530287197998797,-0.6404798761609907,-0.39526484751203855,1
1776592566.800573,424,1776592566.800573,1776592566.750628,1776592566.251331,1776592566.692926,0.9032962012347625,0.949150589530552,-0.1254593454619743,0.8503937007874015,0.757142857142857,0.0,0.11666662796664676,-0.839852927200395,0.8972477100180792,0.04229408563134978,0.021665492385236573,-0.790685792433695,0.9554876261463088,0.8530287197998797,-0.6404798761609907,-0.39526484751203855,1
1776592566.850729,425,1776592566.850729,1776592566.800612,1776592566.851697,1776592566.838966,0.9045525004564332,0.9543417868984676,-0.125872921837892,0.8582677165354331,0.8142857142857143,0.0,0.32222178362199677,0.05012247550745328,0.8856268884356988,0.36253855224963716,0.1877269524687009,-0.7804499984633824,0.9561157405468782,0.8560526899084893,-0.6413828689370484,-0.42495987158908505,1
1776592566.900592,426,1776592566.900592,1776592566.850805,1776592566.851697,1776592566.838966,0.9058333938956707,0.9580500898271308,-0.12632638619053785,0.8818897637795275,0.657142857142857,0.0,0.18611071766090886,-0.27261607070776234,0.8005096981630125,0.09970292089985486,0.050539266164435534,-0.7523030056240204,0.9561157405468782,0.8560526899084893,-0.6413828689370484,-0.42495987158908505,1
1776592566.950668,427,1776592566.950668,1776592566.900641,1776592566.851697,1776592566.838966,0.9070646557607192,0.9626417284361545,-0.12671260122930325,0.8267716535433071,0.7999999999999999,0.0,0.2694450184947395,0.255501178769277,0.819062179579983,-0.4108762699564586,-0.2093924448539375,-0.794268032207505,0.9561157405468782,0.8560526899084893,-0.6413828689370484,-0.42495987158908505,1
1776592567.00057,428,1776592567.00057,1776592566.950727,1776592566.851697,1776592566.985708,0.9083823297415435,0.9656907300961428,-0.12718024928880745,0.8976377952755906,0.6428571428571428,0.0,0.4750001741500895,-0.6454760705238191,0.7299693845370822,0.6344339622641509,0.5631808574061027,-0.7661210393681429,0.9561157405468782,0.8590291631043981,-0.6455108359133126,-0.4474317817014446,1
1776592567.050596,429,1776592567.050596,1776592567.050648,1776592566.851697,1776592566.985708,0.9096884821069312,0.9691280580697195,-0.12761939184565477,0.8740157480314961,0.7285714285714284,0.0,0.02222155142187743,-0.046454852676833275,0.7992864089380212,0.13595337445573294,0.19494878326377976,-0.7865907065367713,0.9561157405468782,0.8590291631043981,-0.6455108359133126,-0.4474317817014446,1
1776592567.100605,430,1776592567.100605,1776592567.100647,1776592566.851697,1776592566.985708,0.9110963348855017,0.9713534665591301,-0.12813142563593952,0.952755905511811,0.6285714285714284,0.0,0.6333327915330549,0.15281182713836514,0.8063200663486989,-0.6495487119013063,-0.4332150018969162,-0.8853625649220935,0.9561157405468782,0.8590291631043981,-0.6455108359133126,-0.4474317817014446,1
1776592567.150592,431,1776592567.150592,1776592567.100647,1776592566.851697,1776592567.131916,0.9123776714637946,0.9739351964461741,-0.12855640421291997,0.8503937007874015,0.6857142857142856,0.0,0.6333327915330549,0.15281182713836514,0.8063200663486989,-0.6495487119013063,-0.4332150018969162,-0.8853625649220935,0.9561157405468782,0.8619581393876065,-0.6523477812177503,-0.48475120385232745,1
1776592567.200557,432,1776592567.200557,1776592567.200599,1776592566.851697,1776592567.131916,0.9137248141917941,0.9745731611042122,-0.12907684170156586,0.9212598425196851,0.4857142857142857,0.0,0.46666651186658703,-0.042787229846213276,0.8274209533697247,-0.030206821480406387,-0.25270988022329416,-0.9124877070592213,0.9561157405468782,0.8619581393876065,-0.6523477812177503,-0.48475120385232745,1
1776592567.250604,433,1776592567.250604,1776592567.200599,1776592566.851697,1776592567.131916,0.9150912334686976,0.9762672879887684,-0.12955370226608096,0.9055118110236221,0.6714285714285714,0.0,0.46666651186658703,-0.042787229846213276,0.8274209533697247,-0.030206821480406387,-0.25270988022329416,-0.9124877070592213,0.9561157405468782,0.8619581393876065,-0.6523477812177503,-0.48475120385232745,1
1776592567.300697,434,1776592567.300697,1776592567.300738,1776592566.851697,1776592567.277904,0.9164115662838536,0.9763398324649334,-0.13005470866814067,0.8976377952755906,0.4857142857142857,0.0,0.43055474930514115,-0.046454852676833275,0.9057083961729009,-0.8670627721335267,-0.7184163459975069,-0.9703163895632934,0.9561157405468782,0.8648237864538804,-0.663828689370485,-0.5264847512038524,1
1776592567.350542,435,1776592567.350542,1776592567.300738,1776592566.851697,1776592567.277904,0.9177547207603557,0.9776755042907924,-0.13049720481353586,0.8818897637795275,0.7,0.0,0.43055474930514115,-0.046454852676833275,0.9057083961729009,-0.8670627721335267,-0.7184163459975069,-0.9703163895632934,0.9561157405468782,0.8648237864538804,-0.663828689370485,-0.5264847512038524,1
1776592567.40065,436,1776592567.40065,1776592567.350586,1776592566.851697,1776592567.277904,0.919096545819692,0.9784222856630779,-0.13096177546237256,0.8818897637795275,0.657142857142857,0.0,-0.03333232713281614,0.09168750504566389,0.888481116346002,0.10876269956458634,0.3068532870847109,-0.8705207597037402,0.9561157405468782,0.8648237864538804,-0.663828689370485,-0.5264847512038524,1
1776592567.450556,437,1776592567.450556,1776592567.400692,1776592567.451301,1776592567.424193,0.9204516650506862,0.978688993296037,-0.1314333491931769,0.8976377952755906,0.6428571428571428,0.0,0.10833296568314436,0.06479194492332124,0.8797146078849324,0.027190674891146585,0.04331743536935668,-0.8096207627769754,0.9565763577739627,0.8676261043032203,-0.6742776057791539,-0.5670144462279294,1
1776592567.500591,438,1776592567.500591,1776592567.4506,1776592567.451301,1776592567.424193,0.9218205215923936,0.9803276449929376,-0.13182816520021803,0.8582677165354331,0.857142857142857,0.0,0.658333778383562,0.3349636150150782,0.8284403326535483,-0.5740203193033382,-0.19855292396076096,-0.8280448077691386,0.9565763577739627,0.8676261043032203,-0.6742776057791539,-0.5670144462279294,1
1776592567.550599,439,1776592567.550599,1776592567.500633,1776592567.451301,1776592567.424193,0.9232024507362311,0.9808482582924738,-0.13226914236727094,0.889763779527559,0.757142857142857,0.0,0.4083331978832637,-0.8679706876307403,0.8721713034378465,0.10573521407837445,0.25270988022329416,-0.8439103844617228,0.9565763577739627,0.8676261043032203,-0.6742776057791539,-0.5670144462279294,1
1776592567.600573,440,1776592567.600573,1776592567.550646,1776592567.451301,1776592567.570237,0.924556018980532,0.9807266396118445,-0.13271572199989795,0.8818897637795275,0.7,0.0,0.2666679050673032,-0.07334939089256388,0.815494394692104,-0.14199700653120462,-0.15883962928838546,-0.8265101109437906,0.9565763577739627,0.8703650929356258,-0.6879514963880289,-0.6087479935794542,1
1776592567.650559,441,1776592567.650559,1776592567.650601,1776592567.451301,1776592567.570237,0.9259244323831841,0.9801206798697614,-0.1331841196850775,0.8976377952755906,0.6857142857142856,0.0,0.6388893403891209,0.17237111969285573,0.8247706354005894,-0.7371530297532656,-0.4476586634870739,-0.8229278711699807,0.9565763577739627,0.8703650929356258,-0.6879514963880289,-0.6087479935794542,1
1776592567.700584,442,1776592567.700584,1776592567.700625,1776592567.451301,1776592567.570237,0.9272726829588216,0.9802529668557092,-0.13358773393030893,0.8503937007874015,0.7999999999999999,0.0,0.42500052245026854,-0.5183376031997939,0.7452599885834291,0.7220496190130623,0.6064982927754594,-0.7533267770982514,0.9565763577739627,0.8703650929356258,-0.6879514963880289,-0.6087479935794542,1
1776592567.750501,443,1776592567.750501,1776592567.700625,1776592567.451301,1776592567.716711,0.9285566783714462,0.9792288095451461,-0.13401214042453707,0.84251968503937,0.657142857142857,0.0,0.42500052245026854,-0.5183376031997939,0.7452599885834291,0.7220496190130623,0.6064982927754594,-0.7533267770982514,0.9565763577739627,0.87300908774263,-0.6995614035087719,-0.6404494382022472,1
1776592567.800501,444,1776592567.800501,1776592567.750546,1776592567.451301,1776592567.716711,0.9298233913609155,0.9765595995544916,-0.13450432886141506,0.8818897637795275,0.4857142857142857,0.0,0.7611125172118338,-0.2347186640001717,0.8539245591161163,-0.0030161465892597967,-0.27436182320741426,-0.8884338793447863,0.9565763577739627,0.87300908774263,-0.6995614035087719,-0.6404494382022472,1
1776592567.850495,445,1776592567.850495,1776592567.800547,1776592567.451301,1776592567.716711,0.9310923200456609,0.9735340681662037,-0.13500732768961204,0.889763779527559,0.4857142857142857,0.0,-0.23055614250585726,0.16992671907685045,0.8002038758567647,0.1540729317851959,0.35740610265026285,-0.8014325117551246,0.9565763577739627,0.87300908774263,-0.6995614035087719,-0.6404494382022472,1
1776592567.900516,446,1776592567.900516,1776592567.900566,1776592567.451301,1776592567.862594,0.9323027543751119,0.9706258881364178,-0.1354701031822261,0.84251968503937,0.5,0.0,0.02222155142187743,-0.011002868491860003,0.8178389755659992,0.6586084905660377,0.7147986558994094,-0.7963155751559666,0.9565763577739627,0.8756055856369336,-0.7123323013415893,-0.6745585874799358,1
1776592567.950497,447,1776592567.950497,1776592567.900566,1776592567.451301,1776592567.862594,0.9335630418482799,0.9680996334370293,-0.13591380267410022,0.8503937007874015,0.6142857142857142,0.0,0.02222155142187743,-0.011002868491860003,0.8178389755659992,0.6586084905660377,0.7147986558994094,-0.7963155751559666,0.9565763577739627,0.8756055856369336,-0.7123323013415893,-0.6745585874799358,1
1776592568.000489,448,1776592568.000489,1776592568.00053,1776592567.451301,1776592567.862594,0.9347874350579715,0.9656331212474236,-0.1363329420616091,0.8188976377952756,0.6285714285714284,0.0,-0.04999965169982097,0.44987803544585275,0.8427115574160716,0.08157202467343976,0.06136523765649559,-0.7041953501951504,0.9565763577739627,0.8756055856369336,-0.7123323013415893,-0.6745585874799358,1
1776592568.050488,449,1776592568.050488,1776592568.00053,1776592568.051235,1776592568.01191,0.9361527464872367,0.9641310238585981,-0.13672055771676803,0.8503937007874015,0.8714285714285713,0.0,-0.04999965169982097,0.44987803544585275,0.8427115574160716,0.08157202467343976,0.06136523765649559,-0.7041953501951504,0.9570369750010469,0.8781387543143029,-0.7216202270381837,-0.7130818619582664,1
1776592568.100543,450,1776592568.100543,1776592568.050532,1776592568.051235,1776592568.01191,0.9374761812757796,0.9623942237527684,-0.1371086270927305,0.8267716535433071,0.8428571428571427,0.0,0.06944408969426209,-0.5097801572305514,1.0,-0.7280932510885341,-0.4981979296515095,-0.7558852453978303,0.9570369750010469,0.8781387543143029,-0.7216202270381837,-0.7130818619582664,1
1776592568.150576,451,1776592568.150576,1776592568.150617,1776592568.051235,1776592568.01191,0.938840163287879,0.960610483103538,-0.13749257352747823,0.84251968503937,0.8999999999999999,0.0,-0.04999965169982097,-0.26650302535452497,0.8613660364091298,0.033234306966618284,0.09025256083681102,-0.6990784135959924,0.9570369750010469,0.8781387543143029,-0.7216202270381837,-0.7130818619582664,1
1776592568.200516,452,1776592568.200516,1776592568.150617,1776592568.051235,1776592568.160625,0.9401766706785523,0.9583274657654083,-0.13787776276268784,0.84251968503937,0.857142857142857,0.0,-0.04999965169982097,-0.26650302535452497,0.8613660364091298,0.033234306966618284,0.09025256083681102,-0.6990784135959924,0.9570369750010469,0.8805927614705045,-0.7320691434468525,-0.7467897271268057,1
1776592568.250473,453,1776592568.250473,1776592568.250517,1776592568.051235,1776592568.160625,0.9414440483766043,0.956046582088342,-0.1382355117527793,0.7952755905511811,0.8285714285714285,0.0,0.10277873882827175,-0.7420533987081056,0.9384301899873146,-0.2537758526850508,-0.14801365779632542,-0.7292729493838164,0.9570369750010469,0.8805927614705045,-0.7320691434468525,-0.7467897271268057,1
1776592568.300472,454,1776592568.300472,1776592568.250517,1776592568.051235,1776592568.160625,0.942781442045388,0.953055189277073,-0.13863890900110468,0.8582677165354331,0.8428571428571427,0.0,0.10277873882827175,-0.7420533987081056,0.9384301899873146,-0.2537758526850508,-0.14801365779632542,-0.7292729493838164,0.9570369750010469,0.8805927614705045,-0.7320691434468525,-0.7467897271268057,1
1776592568.350473,455,1776592568.350473,1776592568.300514,1776592568.051235,1776592568.309787,0.9441662515930848,0.9500509944994218,-0.13903840030512132,0.8740157480314961,0.9142857142857143,0.0,0.2694450184947395,0.12713948923063717,0.8770642047047895,0.4289958272859216,0.27436182320741426,-0.7318314176833953,0.9570369750010469,0.8829517748013046,-0.7425180598555211,-0.7756821829855538,1
1776592568.400458,456,1776592568.400458,1776592568.400499,1776592568.051235,1776592568.309787,0.9456075613703279,0.9463362905875676,-0.1394663379308205,0.9291338582677164,0.9285714285714285,0.0,0.42222340902283223,0.35085528473894884,0.8369011040193777,-0.2326288098693759,-0.057761096959514396,-0.7574199422231783,0.9570369750010469,0.8829517748013046,-0.7425180598555211,-0.7756821829855538,1
1776592568.450444,457,1776592568.450444,1776592568.400499,1776592568.051235,1776592568.309787,0.9469620158927391,0.9429267002078187,-0.13984795658057617,0.8582677165354331,0.9142857142857143,0.0,0.42222340902283223,0.35085528473894884,0.8369011040193777,-0.2326288098693759,-0.057761096959514396,-0.7574199422231783,0.9570369750010469,0.8829517748013046,-0.7425180598555211,-0.7756821829855538,1
1776592568.500574,458,1776592568.500574,1776592568.450485,1776592568.051235,1776592568.459624,0.9483709765189478,0.9384972198396341,-0.14028597469891038,0.9291338582677164,0.8999999999999999,0.0,0.502778274428033,-0.8936430255384682,0.7590213958875293,0.48942080914368646,0.4151671996097773,-0.7405325148283599,0.9570369750010469,0.885231626610937,-0.7510319917440661,-0.8017656500802568,1
1776592568.550454,459,1776592568.550454,1776592568.500614,1776592568.051235,1776592568.459624,0.9497562292056998,0.934377120325682,-0.14069138410036447,0.889763779527559,0.9428571428571428,0.0,-0.18888783108834517,0.27139387039975965,0.8411824458848324,0.2024106494920174,0.3754539049374018,-0.7963155751559666,0.9570369750010469,0.885231626610937,-0.7510319917440661,-0.8017656500802568,1
1776592568.600461,460,1776592568.600461,1776592568.550497,1776592568.051235,1776592568.459624,0.9511919997447519,0.9294931701509352,-0.14112541736642417,0.9448818897637795,0.9571428571428571,0.0,-0.011110775710938716,-0.04034180732359593,0.7940876853648305,0.060424981857764876,0.03249146387729662,-0.7267144810842374,0.9570369750010469,0.885231626610937,-0.7510319917440661,-0.8017656500802568,1
1776592568.650431,461,1776592568.650431,1776592568.600511,1776592568.651177,1776592568.608345,0.9524717853363514,0.9249570067295669,-0.1415069176542311,0.84251968503937,0.8714285714285713,0.0,0.008333662283502415,0.3251829468312209,0.8058104193122909,-0.6012109941944848,-0.47292829656929164,-0.7702142044930699,0.9576650894016164,0.8874323168994015,-0.7613519091847265,-0.8254414125200642,1
1776592568.700452,462,1776592568.700452,1776592568.650474,1776592568.651177,1776592568.608345,0.9537542297622824,0.9197146014961232,-0.141916410542917,0.8740157480314961,0.8428571428571427,0.0,0.6166677889672435,-0.26405862473851965,0.8192660043101432,0.6072432873730043,0.22744024714107636,-0.7098251329174222,0.9576650894016164,0.8874323168994015,-0.7613519091847265,-0.8254414125200642,1
1776592568.800525,464,1776592568.800525,1776592568.750468,1776592568.651177,1776592568.756735,0.9562555281597145,0.9086665045084258,-0.1427288075051418,0.889763779527559,0.8142857142857143,0.0,0.05555620055588708,0.21393614923106638,0.8472987215877742,-0.08157202467343976,0.04331743536935668,-0.68526037985187,0.9576650894016164,0.8896171748836325,-0.7714138286893705,-0.8382825040128411,1
1776592568.850425,465,1776592568.850425,1776592568.85047,1776592568.651177,1776592568.756735,0.9574551055823114,0.9029056196365095,-0.14312749000250868,0.84251968503937,0.8142857142857143,0.0,0.04722253827238467,0.1650368959382278,0.8971457976529992,0.4380669448476052,0.23826621863313643,-0.738484971879898,0.9576650894016164,0.8896171748836325,-0.7714138286893705,-0.8382825040128411,1
1776592568.900418,466,1776592568.900418,1776592568.85047,1776592568.651177,1776592568.756735,0.9585775768092923,0.8963339435603976,-0.14355057478830918,0.8503937007874015,0.7,0.0,0.04722253827238467,0.1650368959382278,0.8971457976529992,0.4380669448476052,0.23826621863313643,-0.738484971879898,0.9576650894016164,0.8896171748836325,-0.7714138286893705,-0.8382825040128411,1
1776592568.950434,467,1776592568.950434,1776592568.90046,1776592568.651177,1776592568.905886,0.9597372717169157,0.8889600109243447,-0.1440093654286487,0.9055118110236221,0.7142857142857143,0.0,0.18611071766090886,-0.062347544307315934,0.8678898763613844,-0.13595337445573294,-0.1660614600834643,-0.8085969913027444,0.9576650894016164,0.8917387036509292,-0.7779927760577915,-0.8515248796147672,1
1776592569.000403,468,1776592569.000403,1776592568.950475,1776592568.651177,1776592568.905886,0.9608617370696455,0.8819914738903897,-0.14443325902109896,0.8582677165354331,0.7428571428571428,0.0,0.3777779841778839,0.3863082908305342,0.8468909017054387,-0.17824746008708273,-0.06858706845157445,-0.8091098374258583,0.9576650894016164,0.8917387036509292,-0.7779927760577915,-0.8515248796147672,1
1776592569.050462,469,1776592569.050462,1776592569.000444,1776592568.651177,1776592568.905886,0.9619110903525083,0.8743081604001042,-0.14488157462897425,0.8661417322834646,0.6428571428571428,0.0,0.39999953559976126,-0.062347544307315934,0.966768644360186,-0.7734148222060958,-0.6859248821202104,-0.8700098343526231,0.9576650894016164,0.8917387036509292,-0.7779927760577915,-0.8515248796147672,1
1776592569.10044,470,1776592569.10044,1776592569.10049,1776592568.651177,1776592569.05504,0.9629992183027065,0.8664840252796163,-0.14532028319200951,0.8818897637795275,0.7142857142857143,0.0,0.361110659610879,-0.3618581532308089,0.8753312684433899,-0.05135386429608128,-0.22021841634599754,-0.8577264974338487,0.9576650894016164,0.8937652385928248,-0.7845717234262125,-0.8820224719101123,1
1776592569.150415,471,1776592569.150415,1776592569.10049,1776592568.651177,1776592569.05504,0.9640417029302126,0.8575653220334644,-0.1458181530024274,0.9291338582677164,0.6285714285714284,0.0,0.361110659610879,-0.3618581532308089,0.8753312684433899,-0.05135386429608128,-0.22021841634599754,-0.8577264974338487,0.9576650894016164,0.8937652385928248,-0.7845717234262125,-0.8820224719101123,1
1776592569.20041,472,1776592569.20041,1776592569.150458,1776592568.651177,1776592569.05504,0.9650957091731558,0.8498692065767969,-0.14622942132034453,0.84251968503937,0.757142857142857,0.0,0.17499994194997015,0.08312903716980921,0.7897043459232881,-0.5740203193033382,-0.6245460950625983,-0.868475137527275,0.9576650894016164,0.8937652385928248,-0.7845717234262125,-0.8820224719101123,1
1776592569.250477,473,1776592569.250477,1776592569.250521,1776592569.251247,1776592569.203745,0.9659622675957225,0.8404597612860002,-0.14672918492194237,0.889763779527559,0.4714285714285714,0.0,0.21388881793885242,-0.16625909624623045,0.8128439915119611,-0.05135386429608128,-0.3140751178797897,-0.8418628415132611,0.9580000837485867,0.8956809474050853,-0.7919246646026832,-0.9101123595505618,1
1776592569.300395,474,1776592569.300395,1776592569.30044,1776592569.251247,1776592569.203745,0.9668405692032537,0.8318547062162082,-0.1471634351849081,0.8346456692913385,0.5714285714285714,0.0,0.31944467019456046,-0.23227324147755435,0.7919470144321031,0.1993945029027576,0.2996450056907485,-0.819856556747288,0.9580000837485867,0.8956809474050853,-0.7919246646026832,-0.9101123595505618,1
1776592569.350401,475,1776592569.350401,1776592569.350449,1776592569.251247,1776592569.203745,0.9677295061481113,0.8215469896176053,-0.14768923841523057,0.9448818897637795,0.5285714285714285,0.0,1.0,0.11735984295339187,0.8093782042001698,-0.7190334724238026,-0.4368191425938973,-0.9411456252497004,0.9580000837485867,0.8956809474050853,-0.7919246646026832,-0.9101123595505618,1
1776592569.400395,476,1776592569.400395,1776592569.350449,1776592569.251247,1776592569.352842,0.9685989449745371,0.8119689851027785,-0.14816361337882195,0.8818897637795275,0.5857142857142856,0.0,1.0,0.11735984295339187,0.8093782042001698,-0.7190334724238026,-0.4368191425938973,-0.9411456252497004,0.9580000837485867,0.8975491593046452,-0.798890608875129,-0.9341894060995185,1
1776592569.450364,477,1776592569.450364,1776592569.450408,1776592569.251247,1776592569.352842,0.9694737014696263,0.8013924272101529,-0.1486791585735862,0.9448818897637795,0.5857142857142856,0.0,0.6638903272396282,-0.01711489193848531,0.8559632324727561,-0.02114704281567489,-0.36823207414232295,-0.873592074126433,0.9580000837485867,0.8975491593046452,-0.798890608875129,-0.9341894060995185,1
1776592569.500523,478,1776592569.500523,1776592569.500572,1776592569.251247,1776592569.352842,0.9704596858675866,0.7913322152949359,-0.14913023596026567,0.9212598425196851,0.7857142857142857,0.0,-0.2861123430617443,0.03300758356896797,0.8196738241924787,-0.009059778664731495,0.07942658934475097,-0.8382806017394512,0.9580000837485867,0.8975491593046452,-0.798890608875129,-0.9341894060995185,1
1776592569.550375,479,1776592569.550375,1776592569.550416,1776592569.251247,1776592569.502033,0.9713368796274796,0.7814405626037493,-0.14957880801902992,0.8818897637795275,0.7,0.0,-0.08611141426126692,-0.5488997642461446,0.9700305217308094,-0.37159833091436867,-0.350184271855184,-0.8828040966225146,0.9580000837485867,0.8993857065957379,-0.8018575851393189,-0.9562600321027288,1
1776592569.600374,480,1776592569.600374,1776592569.550416,1776592569.251247,1776592569.502033,0.9722032164805187,0.7713611477389594,-0.15002757734770877,0.8818897637795275,0.7142857142857143,0.0,-0.08611141426126692,-0.5488997642461446,0.9700305217308094,-0.37159833091436867,-0.350184271855184,-0.8828040966225146,0.9580000837485867,0.8993857065957379,-0.8018575851393189,-0.9562600321027288,1
1776592569.650769,481,1776592569.650769,1776592569.650825,1776592569.251247,1776592569.650502,0.9731171907819985,0.7611707824988585,-0.15045306882646714,0.8818897637795275,0.7999999999999999,0.0,-0.05277676512725727,-0.2053787032618237,0.8225280521027818,0.17523131349782292,0.22744024714107636,-0.7778915301638034,0.9580000837485867,0.901206421582597,-0.804953560371517,-0.9767255216693419,1
1776592569.700414,482,1776592569.700414,1776592569.700456,1776592569.251247,1776592569.650502,0.973914176372889,0.7505515513849594,-0.15091142547299458,0.8976377952755906,0.6857142857142856,0.0,0.22222248022235483,0.25427897846127434,0.8251783700719173,-0.3232606132075471,-0.23104438783805759,-0.7973393466301976,0.9580000837485867,0.901206421582597,-0.804953560371517,-0.9767255216693419,1
1776592569.750374,483,1776592569.750374,1776592569.750418,1776592569.251247,1776592569.650502,0.9748283722438966,0.7406172254724993,-0.15129775887370872,0.8503937007874015,0.8857142857142857,0.0,0.41388974673932977,-0.6246945776613259,0.746890927268741,0.6465212264150942,0.5631808574061027,-0.738484971879898,0.9580000837485867,0.901206421582597,-0.804953560371517,-0.9767255216693419,1
1776592569.800408,484,1776592569.800408,1776592569.80046,1776592569.251247,1776592569.799636,0.9756138362193503,0.7297568906584052,-0.15174485140811364,0.889763779527559,0.7285714285714284,0.0,-0.22777902907842093,-0.07946243624580124,0.8203873811700544,-0.024174528301886794,0.18050512167362204,-0.817298088447709,0.9580000837485867,0.902963807352522,-0.8071465428276574,-0.9847512038523275,1
1776592569.850359,485,1776592569.850359,1776592569.850401,1776592569.851113,1776592569.799636,0.97627056829925,0.7188005410964459,-0.1522089880631383,0.8740157480314961,0.6,0.0,-0.18055649080603625,-0.1051347741535292,0.8156982194222642,0.08761565674891146,0.3429624410601052,-0.8004087402808938,0.9584188266822998,0.902963807352522,-0.8071465428276574,-0.9847512038523275,1
1776592569.900468,486,1776592569.900468,1776592569.850401,1776592569.851113,1776592569.799636,0.9768346843165998,0.7076820332936472,-0.15268346166168695,0.8661417322834646,0.5142857142857142,0.0,-0.18055649080603625,-0.1051347741535292,0.8156982194222642,0.08761565674891146,0.3429624410601052,-0.8004087402808938,0.9584188266822998,0.902963807352522,-0.8071465428276574,-0.9847512038523275,1
1776592569.950386,487,1776592569.950386,1776592569.90051,1776592569.851113,1776592569.949008,0.9773513844550364,0.6969966586867743,-0.1531383858117007,0.8267716535433071,0.5,0.0,0.5055553878554694,0.07946243624580124,0.8269113063333167,-0.516611484034833,-0.27436182320741426,-0.9027628384400258,0.9584188266822998,0.9047053608182134,-0.8079205366357068,-0.9915730337078651,1
1776592570.000386,488,1776592570.000386,1776592570.000427,1776592569.851113,1776592569.949008,0.9778696355801666,0.6857757351529196,-0.15361185333368502,0.8582677165354331,0.5285714285714285,0.0,-0.11666662796664676,0.001222200308002653,0.8050968623347151,0.08761565674891146,0.2129965855509187,-0.8480035495866499,0.9584188266822998,0.9047053608182134,-0.8079205366357068,-0.9915730337078651,1
1776592570.050414,489,1776592570.050414,1776592570.000427,1776592569.851113,1776592569.949008,0.9784366320013755,0.6745889501960834,-0.15406188518981717,0.8503937007874015,0.6285714285714284,0.0,-0.11666662796664676,0.001222200308002653,0.8050968623347151,0.08761565674891146,0.2129965855509187,-0.8480035495866499,0.9584188266822998,0.9047053608182134,-0.8079205366357068,-0.9915730337078651,1
1776592570.100409,490,1776592570.100409,1776592570.050457,1776592569.851113,1776592570.098067,0.9791246053846713,0.6623886762340029,-0.15451063479150456,0.9212598425196851,0.8142857142857143,0.0,0.05833331398332338,0.1992666798151984,0.8304790912211956,0.012087264150943397,0.010825971492060053,-0.7871035526598851,0.9584188266822998,0.9064310819796713,-0.8065015479876161,-0.9947833065810594,1
1776592570.150347,491,1776592570.150347,1776592570.100453,1776592569.851113,1776592570.098067,0.9797574079555869,0.6516499601005382,-0.1548830014822664,0.8031496062992125,0.7857142857142857,0.0,0.19444437994441127,0.3276283693538382,0.8113149651917294,-0.6404775943396226,-0.3754539049374018,-0.8167852423245952,0.9584188266822998,0.9064310819796713,-0.8065015479876161,-0.9947833065810594,1
1776592570.200385,492,1776592570.200385,1776592570.200431,1776592569.851113,1776592570.098067,0.9804369616968326,0.6401367250009602,-0.15527389181800738,0.8503937007874015,0.8714285714285713,0.0,0.4833338364335919,0.0660141452313239,0.8422018251686559,0.10271906748911465,-0.2490921901251965,-0.7175024585881559,0.9584188266822998,0.9064310819796713,-0.8065015479876161,-0.9947833065810594,1
1776592570.250362,493,1776592570.250362,1776592570.200431,1776592569.851113,1776592570.247193,0.9811136350342191,0.6283994554896966,-0.1556692207268264,0.8582677165354331,0.8999999999999999,0.0,0.4833338364335919,0.0660141452313239,0.8422018251686559,0.10271906748911465,-0.2490921901251965,-0.7175024585881559,0.9584188266822998,0.9081568031411292,-0.8098555211558308,-0.9887640449438202,1
1776592570.300333,494,1776592570.300333,1776592570.250414,1776592569.851113,1776592570.247193,0.9817650494454558,0.6163229338693089,-0.1560694616565185,0.8740157480314961,0.8999999999999999,0.0,0.30277734562755565,0.1674812965542331,0.8334353167075864,-0.0030161465892597967,-0.14801365779632542,-0.7215956237130828,0.9584188266822998,0.9081568031411292,-0.8098555211558308,-0.9887640449438202,1
1776592570.350368,495,1776592570.350368,1776592570.300376,1776592569.851113,1776592570.247193,0.9823712636730555,0.604438441744652,-0.15645735348955783,0.8503937007874015,0.8714285714285713,0.0,0.42222340902283223,0.1650368959382278,0.8704383671764472,-0.7522677793904209,-0.5559590266110238,-0.7533267770982514,0.9584188266822998,0.9081568031411292,-0.8098555211558308,-0.9887640449438202,1
1776592570.400355,496,1776592570.400355,1776592570.350414,1776592569.851113,1776592570.396701,0.9829628543118316,0.592338449852564,-0.15684390388717803,0.8582677165354331,0.8857142857142857,0.0,0.09722218997220564,0.18459618849271842,0.8638124444370973,0.5045242198838896,0.3537884125521652,-0.7210846983619658,0.9584188266822998,0.9098508596941199,-0.8110165118679051,-0.9819422150882825,1
1776592570.450323,497,1776592570.450323,1776592570.400409,1776592569.851113,1776592570.396701,0.9835573253544669,0.5795706220475465,-0.1572529825090433,0.8976377952755906,0.9285714285714285,0.0,0.11944374139408306,0.012225068799862656,0.8791029632724366,-0.08761565674891146,-0.06136523765649559,-0.7512792341497895,0.9584188266822998,0.9098508596941199,-0.8110165118679051,-0.9819422150882825,1
1776592570.50036,498,1776592570.50036,1776592570.500401,1776592570.451842,1776592570.396701,0.984100835405747,0.5674514272058856,-0.15763795474734685,0.84251968503937,0.8857142857142857,0.0,0.11111007911058066,-0.21760377206168638,0.9803261417231183,-0.7129898403483309,-0.5090239011435694,-0.7835213128860752,0.9589213182027553,0.9098508596941199,-0.8110165118679051,-0.9819422150882825,1
1776592570.550303,499,1776592570.550303,1776592570.500401,1776592570.451842,1776592570.545371,0.9845718922214914,0.5550996633082841,-0.15804091800186015,0.8582677165354331,0.8285714285714285,0.0,0.11111007911058066,-0.21760377206168638,0.9803261417231183,-0.7129898403483309,-0.5090239011435694,-0.7835213128860752,0.9589213182027553,0.9115132516386434,-0.8085655314757483,-0.9622792937399679,1
1776592570.600309,500,1776592570.600309,1776592570.600351,1776592570.451842,1776592570.545371,0.9850686511024412,0.542348904791776,-0.15843451093543084,0.8740157480314961,0.8999999999999999,0.0,-0.13888817938852419,-0.05623449895407859,0.8664627624062328,-0.07854453918722785,0.007221830795078859,-0.7763549125664588,0.9589213182027553,0.9115132516386434,-0.8085655314757483,-0.9622792937399679,1
1776592570.650332,501,1776592570.650332,1776592570.600351,1776592570.451842,1776592570.545371,0.9855518942422056,0.5283947614353565,-0.15887854578615976,0.952755905511811,0.9428571428571428,0.0,-0.13888817938852419,-0.05623449895407859,0.8664627624062328,-0.07854453918722785,0.007221830795078859,-0.7763549125664588,0.9589213182027553,0.9115132516386434,-0.8085655314757483,-0.9622792937399679,1
1776592570.700321,502,1776592570.700321,1776592570.65039,1776592570.451842,1776592570.694602,0.9860089921777093,0.5152044687397318,-0.15928484290222947,0.889763779527559,0.9285714285714285,0.0,0.0722212031216984,0.26405862473851965,0.802140722059332,-0.5468296444121915,-0.28880548479757195,-0.7799390731122653,0.9589213182027553,0.9131598112789334,-0.8050825593395252,-0.9430176565008025,1
1776592570.750296,503,1776592570.750296,1776592570.750339,1776592570.451842,1776592570.694602,0.9863211836421422,0.5022915519823845,-0.15971370769652715,0.8818897637795275,0.7714285714285714,0.0,-0.5361106015608492,0.2652808250465223,0.8155963070571842,0.03927793904208998,-0.050539266164435534,-0.7784024555149206,0.9589213182027553,0.9131598112789334,-0.8050825593395252,-0.9430176565008025,1
1776592570.800285,504,1776592570.800285,1776592570.800326,1776592570.451842,1776592570.694602,0.9866847792369854,0.48934236298695477,-0.16010913524030346,0.8661417322834646,0.8714285714285713,0.0,0.16388916623903146,-0.045232652368830624,0.7904179881118714,0.2024106494920174,-0.07220475854967212,-0.7466732229017488,0.9589213182027553,0.9131598112789334,-0.8050825593395252,-0.9430176565008025,1
1776592570.850271,505,1776592570.850271,1776592570.850317,1776592570.451842,1776592570.8444,0.9869927608803932,0.4752943385437337,-0.1605656770036168,0.9448818897637795,0.8714285714285713,0.0,0.44722207387214596,-0.0036676228306200013,0.884811419093043,-0.8187250544267054,-0.7617337813668636,-0.8157614708503642,0.9589213182027553,0.9148063709192236,-0.8006965944272446,-0.9201444622792937,1
1776592570.90029,506,1776592570.90029,1776592570.850317,1776592570.451842,1776592570.8444,0.9873268877280614,0.46200376377811636,-0.1609653261235651,0.8740157480314961,0.9142857142857143,0.0,0.44722207387214596,-0.0036676228306200013,0.884811419093043,-0.8187250544267054,-0.7617337813668636,-0.8157614708503642,0.9589213182027553,0.9148063709192236,-0.8006965944272446,-0.9201444622792937,1
1776592570.950288,507,1776592570.950288,1776592570.900333,1776592570.451842,1776592570.8444,0.9875136708398549,0.4489094858303569,-0.16140028655822333,0.8818897637795275,0.757142857142857,0.0,-0.18333360423347256,-0.3129578780313582,0.7552497862694901,0.8368559506531204,0.4981979296515095,-0.7062428931436123,0.9589213182027553,0.9148063709192236,-0.8006965944272446,-0.9201444622792937,1
1776592571.000262,508,1776592571.000262,1776592571.000298,1776592570.451842,1776592570.993057,0.9876911480314877,0.43605204426066513,-0.1618123636827902,0.8582677165354331,0.7714285714285714,0.0,-0.20555515565535,0.22860664055354638,0.8234455190215254,0.16918768142235122,0.06498292775459324,-0.7456494514275178,0.9589213182027553,0.9164370982552801,-0.7966976264189887,-0.8932584269662921,1
1776592571.05027,509,1776592571.05027,1776592571.000298,1776592570.451842,1776592570.993057,0.9878238681785388,0.42332688967692106,-0.1622325880548293,0.8503937007874015,0.7428571428571428,0.0,-0.20555515565535,0.22860664055354638,0.8234455190215254,0.16918768142235122,0.06498292775459324,-0.7456494514275178,0.9589213182027553,0.9164370982552801,-0.7966976264189887,-0.8932584269662921,1
1776592571.100372,510,1776592571.100372,1776592571.050312,1776592571.051808,1776592570.993057,0.9879160411020337,0.41082790316592627,-0.16265068191179086,0.8346456692913385,0.7142857142857143,0.0,0.1250002902501492,-0.4376529666459901,0.9793068476503022,-0.6888153120464441,-0.5234675627337272,-0.8193437106241741,0.9592563125497258,0.9164370982552801,-0.7966976264189887,-0.8932584269662921,1
1776592571.150271,511,1776592571.150271,1776592571.10045,1776592571.051808,1776592571.142582,0.987920029353531,0.39779763505007704,-0.16310939364416457,0.889763779527559,0.6714285714285714,0.0,0.0027771134274363015,0.21026852640044638,0.8606523942205463,0.5981835087082729,0.350184271855184,-0.7246669381357755,0.9592563125497258,0.9180836578955701,-0.7929566563467493,-0.8615569823434992,1
1776592571.200288,512,1776592571.200288,1776592571.150319,1776592571.051808,1776592571.142582,0.9878668526668994,0.38496579741314935,-0.16356524496277686,0.8818897637795275,0.6285714285714284,0.0,0.2638884696386734,-0.2273834183389317,0.8693170755275434,-0.07552839259796806,-0.2021706140588586,-0.8433975383386091,0.9592563125497258,0.9180836578955701,-0.7929566563467493,-0.8615569823434992,1
1776592571.250443,513,1776592571.250443,1776592571.20033,1776592571.051808,1776592571.142582,0.9878872370634415,0.3719974054681466,-0.16398771821184213,0.8582677165354331,0.757142857142857,0.0,0.05833331398332338,0.3227385462152156,0.8514780658771411,-0.17824746008708273,0.014443661590157718,-0.819856556747288,0.9592563125497258,0.9180836578955701,-0.7929566563467493,-0.8615569823434992,1
1776592571.300222,514,1776592571.300222,1776592571.300256,1776592571.051808,1776592571.290877,0.9876858303628244,0.36015985388689037,-0.164468918714478,0.8503937007874015,0.4714285714285714,0.0,-0.15833261738296533,0.17726196473809044,0.8403669765421764,0.08761565674891146,0.2852013441005907,-0.8357221334398722,0.9592563125497258,0.9197460498400938,-0.7905056759545924,-0.8310593900481541,1
1776592571.350244,515,1776592571.350244,1776592571.350291,1776592571.051808,1776592571.290877,0.9875661828179034,0.3476288624599405,-0.1649159126139256,0.8582677165354331,0.6428571428571428,0.0,0.008333662283502415,-0.062347544307315934,0.798674849536533,0.2749228955007257,0.2057747547558398,-0.7988740434555457,0.9592563125497258,0.9197460498400938,-0.7905056759545924,-0.8310593900481541,1
1776592571.400699,516,1776592571.400699,1776592571.400746,1776592571.051808,1776592571.290877,0.9872810228358418,0.3351192076436274,-0.16541757000670343,0.8976377952755906,0.4857142857142857,0.0,0.44166784701727335,0.0770170137231839,0.8145769277733604,-0.4924482946298984,-0.350184271855184,-0.9022519130889087,0.9592563125497258,0.9197460498400938,-0.7905056759545924,-0.8310593900481541,1
1776592571.450253,517,1776592571.450253,1776592571.450298,1776592571.051808,1776592571.440095,0.9870742984665617,0.3225519439785951,-0.16587505866560673,0.8818897637795275,0.6285714285714284,0.0,0.6166677889672435,-0.38019524547729683,0.7416922036955503,0.8006054970972424,0.5126280418405507,-0.8121792310765543,0.9592563125497258,0.921455938697318,-0.7843137254901961,-0.8101926163723916,1
1776592571.500239,518,1776592571.500239,1776592571.450298,1776592571.051808,1776592571.440095,0.9867875874978064,0.30958568569465605,-0.1663750195371192,0.9212598425196851,0.6,0.0,0.6166677889672435,-0.38019524547729683,0.7416922036955503,0.8006054970972424,0.5126280418405507,-0.8121792310765543,0.9592563125497258,0.921455938697318,-0.7843137254901961,-0.8101926163723916,1
1776592571.550214,519,1776592571.550214,1776592571.500275,1776592571.051808,1776592571.440095,0.9865657964006473,0.295817170850776,-0.16684722453165018,0.9370078740157479,0.7714285714285714,0.0,0.07777775197776451,0.1259172889226345,0.8313965581399391,-0.045321571117561674,0.050539266164435534,-0.8884338793447863,0.9592563125497258,0.921455938697318,-0.7843137254901961,-0.8101926163723916,1
1776592571.600263,520,1776592571.600263,1776592571.60031,1776592571.051808,1776592571.589074,0.9862770913061435,0.28294479365363856,-0.1673053444542801,0.8976377952755906,0.6714285714285714,0.0,0.45277862272821207,0.11369222012277187,0.8232416090803577,-0.864046625544267,-0.5234675627337272,-0.8766633885491256,0.9592563125497258,0.9231499952503087,-0.7772187822497421,-0.7813001605136437,1
1776592571.650216,521,1776592571.650216,1776592571.650264,1776592571.650825,1776592571.589074,0.9860606178776475,0.269713961397804,-0.16772614090907148,0.8818897637795275,0.8142857142857143,0.0,-0.13055451710502178,0.13569693519987983,0.8779815864125253,0.39274537373004353,0.3140751178797897,-0.7686795076677219,0.9595494326033248,0.9231499952503087,-0.7772187822497421,-0.7813001605136437,1
1776592571.700216,522,1776592571.700216,1776592571.70025,1776592571.650825,1776592571.589074,0.9857925187492134,0.25694613359278656,-0.16815421662371083,0.8661417322834646,0.757142857142857,0.0,0.39166587331625885,-0.10146715132290922,0.8719673934966787,-0.11480633164005805,-0.039713294672375485,-0.8029672085804728,0.9595494326033248,0.9231499952503087,-0.7772187822497421,-0.7813001605136437,1
1776592571.750203,523,1776592571.750203,1776592571.750246,1776592571.650825,1776592571.738254,0.9854685840998161,0.2439051971716189,-0.1686028675904409,0.8976377952755906,0.757142857142857,0.0,0.21388881793885242,0.16870451876884782,0.8278287732520602,-0.3232606132075471,-0.17690098097664084,-0.8106445342512063,0.9595494326033248,0.9247807225863651,-0.7696078431372549,-0.7528089887640449,1
1776592571.800245,524,1776592571.800245,1776592571.800291,1776592571.650825,1776592571.738254,0.9851129650079676,0.23259252621202617,-0.1690105850498956,0.8031496062992125,0.6142857142857142,0.0,0.2777786807782419,-0.22249359520030904,0.9782874683664786,-0.7643437046444121,-0.49097609885643057,-0.8439103844617228,0.9595494326033248,0.9247807225863651,-0.7696078431372549,-0.7528089887640449,1
1776592571.850216,525,1776592571.850216,1776592571.850255,1776592571.650825,1776592571.738254,0.9846926476140506,0.22058641540673982,-0.16945615860595822,0.8661417322834646,0.6428571428571428,0.0,-0.02777810027794354,0.1674812965542331,0.8349643430278181,0.03625045355587808,0.25631402092027533,-0.818832785273057,0.9595494326033248,0.9247807225863651,-0.7696078431372549,-0.7528089887640449,1
1776592571.900539,526,1776592571.900539,1776592571.900581,1776592571.650825,1776592571.887597,0.98421560842106,0.20895582894865986,-0.1699237277574966,0.8582677165354331,0.5857142857142856,0.0,0.2027780422279137,-0.16870451876884782,0.8692150779514558,-0.030206821480406387,0.3393447509620075,-0.8372568302652202,0.9595494326033248,0.926363953009721,-0.762641898864809,-0.7247191011235955,1
1776592571.950323,527,1776592571.950323,1776592571.900581,1776592571.650825,1776592571.887597,0.9837653791409129,0.1963778969783092,-0.17037727101810826,0.8976377952755906,0.7428571428571428,0.0,0.2027780422279137,-0.16870451876884782,0.8692150779514558,-0.030206821480406387,0.3393447509620075,-0.8372568302652202,0.9595494326033248,0.926363953009721,-0.762641898864809,-0.7247191011235955,1
1776592572.000218,528,1776592572.000218,1776592571.950366,1776592571.650825,1776592571.887597,0.9831897415081263,0.18582054203525664,-0.17084006623771375,0.84251968503937,0.4714285714285714,0.0,0.5277769392773468,0.02689453821573062,0.8271152162744844,-0.595167362119013,-0.1877269524687009,-0.9406346998985833,0.9595494326033248,0.926363953009721,-0.762641898864809,-0.7247191011235955,1
1776592572.050207,529,1776592572.050207,1776592572.05025,1776592571.650825,1776592572.036845,0.9826178705573094,0.1750711575964735,-0.17129074908456401,0.84251968503937,0.5285714285714285,0.0,-0.17222282852253384,0.13325151267726248,0.8007135228931727,0.10573521407837445,0.025269633082217767,-0.8372568302652202,0.9595494326033248,0.9279630157373104,-0.7554179566563468,-0.7002407704654895,1
1776592572.10026,530,1776592572.10026,1776592572.05025,1776592571.650825,1776592572.036845,0.9820406819378293,0.16374995199262607,-0.17174794183859546,0.8661417322834646,0.6142857142857142,0.0,-0.17222282852253384,0.13325151267726248,0.8007135228931727,0.10573521407837445,0.025269633082217767,-0.8372568302652202,0.9595494326033248,0.9279630157373104,-0.7554179566563468,-0.7002407704654895,1
1776592572.150172,531,1776592572.150172,1776592572.150241,1776592571.650825,1776592572.036845,0.9814867581187505,0.151728905559894,-0.17219002371717002,0.8818897637795275,0.7428571428571428,0.0,0.4083331978832637,0.3398534381537009,0.8058104193122909,-0.595167362119013,-0.620941954365617,-0.7753330618642245,0.9595494326033248,0.9279630157373104,-0.7554179566563468,-0.7002407704654895,1
1776592572.200241,532,1776592572.200241,1776592572.200288,1776592571.650825,1776592572.185673,0.9810285523356087,0.13885226104062917,-0.17257126755408803,0.8582677165354331,0.9428571428571428,0.0,0.43333418473377094,-0.8166260118152844,0.7767584079618438,0.47130125181422344,0.5018020703484906,-0.6883316942745629,0.9595494326033248,0.9295304138564326,-0.7521929824561403,-0.6781701444622793,1
1776592572.253191,533,1776592572.253191,1776592572.200288,1776592572.253845,1776592572.185673,0.9804908030920471,0.12599695313200107,-0.1729765388666019,0.84251968503937,0.857142857142857,0.0,0.43333418473377094,-0.8166260118152844,0.7767584079618438,0.47130125181422344,0.5018020703484906,-0.6883316942745629,0.9598006783635525,0.9295304138564326,-0.7521929824561403,-0.6781701444622793,1
1776592572.300159,534,1776592572.300159,1776592572.253229,1776592572.253845,1776592572.185673,0.9799913853767658,0.11483150478580177,-0.17333140771594047,0.8346456692913385,0.8428571428571427,0.0,0.2861123430617443,0.07334939089256388,0.8391437725281926,0.07552839259796806,-0.1335699962061677,-0.7210846983619658,0.9598006783635525,0.9295304138564326,-0.7521929824561403,-0.6781701444622793,1
1776592572.35016,535,1776592572.35016,1776592572.350211,1776592572.253845,1776592572.334735,0.979386278996804,0.10227277576502418,-0.17375060628442374,0.8976377952755906,0.8857142857142857,0.0,0.3750008707504476,0.14669878178512777,0.852191622854717,-0.7492402939042089,-0.3393447509620075,-0.7354136574572052,0.9598006783635525,0.9310503150628542,-0.7479360165118679,-0.6617174959871589,1
1776592572.401276,536,1776592572.401276,1776592572.350211,1776592572.253845,1776592572.334735,0.9788042158477162,0.09000422464890608,-0.17414388358613112,0.84251968503937,0.8857142857142857,0.0,0.3750008707504476,0.14669878178512777,0.852191622854717,-0.7492402939042089,-0.3393447509620075,-0.7354136574572052,0.9598006783635525,0.9310503150628542,-0.7479360165118679,-0.6617174959871589,1
1776592572.450147,537,1776592572.450147,1776592572.45019,1776592572.253845,1776592572.334735,0.9781660956081374,0.07864034582378521,-0.17455169968054307,0.8661417322834646,0.8142857142857143,0.0,-0.07500063855032822,0.14547658147712514,0.8574923440039953,-0.09365928882438315,0.10469622242696874,-0.7528139309751375,0.9598006783635525,0.9310503150628542,-0.7479360165118679,-0.6617174959871589,1
1776592572.500163,538,1776592572.500163,1776592572.45019,1776592572.253845,1776592572.484221,0.9775217714217851,0.06684333380273877,-0.17494241247336095,0.8582677165354331,0.8714285714285713,0.0,-0.07500063855032822,0.14547658147712514,0.8574923440039953,-0.09365928882438315,0.10469622242696874,-0.7528139309751375,0.9598006783635525,0.9325543839650422,-0.743937048503612,-0.6500802568218299,1
1776592572.550144,539,1776592572.550144,1776592572.500197,1776592572.253845,1776592572.484221,0.9768103116685604,0.05504418812062867,-0.17535454877890222,0.889763779527559,0.857142857142857,0.0,0.141667614817154,0.01956031446110266,0.8129459890880488,0.08761565674891146,0.0,-0.7267144810842374,0.9598006783635525,0.9325543839650422,-0.743937048503612,-0.6500802568218299,1
1776592572.600294,540,1776592572.600294,1776592572.600349,1776592572.253845,1776592572.484221,0.9761165774775462,0.043238641455327534,-0.1757463071022673,0.8661417322834646,0.8999999999999999,0.0,0.1250002902501492,-0.3251829468312209,0.8009174328343405,0.6827716799709723,0.3249146387729663,-0.7021497280186852,0.9598006783635525,0.9325543839650422,-0.743937048503612,-0.6500802568218299,1
1776592572.650158,541,1776592572.650158,1776592572.650198,1776592572.253845,1776592572.633197,0.9753822960629753,0.03176807957702303,-0.17615747678522714,0.8740157480314961,0.8714285714285713,0.0,-0.0027771134274363015,0.3569683300921862,0.8867482652956101,-0.08458817126269956,-0.09385670153379222,-0.7804499984633824,0.9598006783635525,0.9340742851714638,-0.7441950464396284,-0.6396468699839486,1
1776592572.700173,542,1776592572.700173,1776592572.700225,1776592572.253845,1776592572.633197,0.9745986046437428,0.01969155795663547,-0.17657381493994898,0.9133858267716536,0.9428571428571428,0.0,0.29166656991661694,0.09657732818428655,0.8326197621539229,-0.015103410740203193,-0.025269633082217767,-0.7354136574572052,0.9598006783635525,0.9340742851714638,-0.7441950464396284,-0.6396468699839486,1
1776592572.750177,543,1776592572.750177,1776592572.700225,1776592572.253845,1776592572.633197,0.9738523584746799,0.008690401512338963,-0.1769545656020805,0.84251968503937,0.8714285714285713,0.0,0.29166656991661694,0.09657732818428655,0.8326197621539229,-0.015103410740203193,-0.025269633082217767,-0.7354136574572052,0.9598006783635525,0.9340742851714638,-0.7441950464396284,-0.6396468699839486,1
1776592572.800445,544,1776592572.800445,1776592572.750234,1776592572.253845,1776592572.782675,0.9730498336455986,-0.002368363780676712,-0.1773562071481661,0.8661417322834646,0.8714285714285713,0.0,0.15277839052809272,0.10146715132290922,0.9752294157260153,-0.326288098693759,-0.15883962928838546,-0.7789153016380344,0.9598006783635525,0.9355783540736519,-0.7430340557275541,-0.6376404494382023,1
1776592572.850133,545,1776592572.850133,1776592572.800519,1776592572.850886,1776592572.782675,0.9721998929376043,-0.01294278801223868,-0.17777475472593124,0.8818897637795275,0.8285714285714285,0.0,0.39999953559976126,-0.1650368959382278,0.8900101426662337,0.44411057692307687,0.1335699962061677,-0.7661210393681429,0.9599263012436665,0.9355783540736519,-0.7430340557275541,-0.6376404494382023,1
1776592572.900199,546,1776592572.900199,1776592572.850175,1776592572.850886,1776592572.782675,0.9712839245103756,-0.023687905128894467,-0.1782172114173435,0.9133858267716536,0.8428571428571427,0.0,-0.18611071766090886,0.05256687612345858,0.840876708789592,0.03927793904208998,0.025269633082217767,-0.7794262269891514,0.9599263012436665,0.9355783540736519,-0.7430340557275541,-0.6376404494382023,1
1776592572.950132,547,1776592572.950132,1776592572.950177,1776592572.850886,1776592572.931268,0.9704461701264009,-0.034038294948770795,-0.17859545675155988,0.84251968503937,0.8714285714285713,0.0,-0.05555620055588708,-0.3337403928004635,0.7387359782091594,0.6072432873730043,0.6245460950625983,-0.7737964442668798,0.9599263012436665,0.9370507583673727,-0.7453560371517027,-0.6235955056179776,1
1776592573.000139,548,1776592573.000139,1776592572.950177,1776592572.850886,1776592572.931268,0.9695109251502685,-0.04384460119741059,-0.17902459772373797,0.8818897637795275,0.7857142857142857,0.0,-0.05555620055588708,-0.3337403928004635,0.7387359782091594,0.6072432873730043,0.6245460950625983,-0.7737964442668798,0.9599263012436665,0.9370507583673727,-0.7453560371517027,-0.6235955056179776,1
1776592573.050133,549,1776592573.050133,1776592573.000183,1776592572.850886,1776592572.931268,0.9686120175766675,-0.05404136742070249,-0.1794240101197888,0.8582677165354331,0.8857142857142857,0.0,0.2083345910839798,0.1638136737236131,0.8347604330866504,0.09970292089985486,0.4332150018969162,-0.7968265005070839,0.9599263012436665,0.9370507583673727,-0.7453560371517027,-0.6235955056179776,1
1776592573.100121,550,1776592573.100121,1776592573.100162,1776592572.850886,1776592573.080554,0.9675868153723165,-0.06406744075890057,-0.179870727841356,0.9291338582677164,0.8428571428571427,0.0,0.01944443799444113,0.2237157955083117,0.8094801165652499,-0.5347423802612482,-0.40432767871660075,-0.7886382494852332,0.9599263012436665,0.938475665748393,-0.7441950464396284,-0.6039325842696629,1
1776592573.150123,551,1776592573.150123,1776592573.100162,1776592572.850886,1776592573.080554,0.9666712900841431,-0.07368598483393717,-0.18024654675562304,0.8346456692913385,0.8714285714285713,0.0,0.01944443799444113,0.2237157955083117,0.8094801165652499,-0.5347423802612482,-0.40432767871660075,-0.7886382494852332,0.9599263012436665,0.938475665748393,-0.7441950464396284,-0.6039325842696629,1
1776592573.20018,552,1776592573.20018,1776592573.150166,1776592572.850886,1776592573.080554,0.9656004445571001,-0.08174908999355635,-0.1807175484036751,0.8976377952755906,0.6428571428571428,0.0,0.09722218997220564,-0.8679706876307403,0.7752293816416121,0.7552839259796806,0.3610102433472441,-0.7226193951873138,0.9599263012436665,0.938475665748393,-0.7441950464396284,-0.6039325842696629,1
1776592573.250145,553,1776592573.250145,1776592573.250196,1776592572.850886,1776592573.230165,0.9645380186721073,-0.09047789740504142,-0.18116109007961756,0.8976377952755906,0.7714285714285714,0.0,0.23611036936072982,-0.3312959921844582,0.8330274968252508,0.033234306966618284,-0.15883962928838546,-0.8096207627769754,0.9599263012436665,0.9398689085209461,-0.7432920536635708,-0.5922953451043339,1
1776592573.301677,554,1776592573.301677,1776592573.250196,1776592572.850886,1776592573.230165,0.9633967140352773,-0.09873089839932747,-0.18164294157297153,0.9055118110236221,0.7,0.0,0.23611036936072982,-0.3312959921844582,0.8330274968252508,0.033234306966618284,-0.15883962928838546,-0.8096207627769754,0.9599263012436665,0.9398689085209461,-0.7432920536635708,-0.5922953451043339,1
1776592573.350113,555,1776592573.350113,1776592573.350157,1776592572.850886,1776592573.230165,0.9623664157317909,-0.10557354943052587,-0.182067190251268,0.8503937007874015,0.6285714285714284,0.0,-0.01944443799444113,-0.43398534381537013,0.8731906827216703,0.38065810957910007,0.2779795133055119,-0.818832785273057,0.9599263012436665,0.9398689085209461,-0.7432920536635708,-0.5922953451043339,1
1776592573.400114,556,1776592573.400114,1776592573.350157,1776592572.850886,1776592573.379018,0.9612483758953624,-0.11216442845621087,-0.18252781550181316,0.8740157480314961,0.5857142857142856,0.0,-0.01944443799444113,-0.43398534381537013,0.8731906827216703,0.38065810957910007,0.2779795133055119,-0.818832785273057,0.9599263012436665,0.9412146543807984,-0.7413570691434468,-0.5802568218298556,1
1776592573.450161,557,1776592573.450161,1776592573.450206,1776592573.45116,1776592573.379018,0.9600660808959208,-0.1183712484904348,-0.1830244227847777,0.9055118110236221,0.557142857142857,0.0,-0.02777810027794354,0.13936455803049982,0.8243629007292614,-0.3685821843251088,-0.07580889924665331,-0.9257928946802298,0.9602194212972657,0.9412146543807984,-0.7413570691434468,-0.5802568218298556,1
1776592573.500118,558,1776592573.500118,1776592573.500161,1776592573.45116,1776592573.379018,0.9588789113668712,-0.12340242127857505,-0.18353195882101006,0.889763779527559,0.44285714285714284,0.0,-0.01944443799444113,-0.21149174861506106,0.990010202313939,-0.7975780116110304,-0.4512628041840551,-0.9933464458034973,0.9602194212972657,0.9412146543807984,-0.7413570691434468,-0.5802568218298556,1
1776592573.550133,559,1776592573.550133,1776592573.500161,1776592573.45116,1776592573.528718,0.9577019340360927,-0.12918891008325545,-0.1840006129570786,0.8818897637795275,0.5857142857142856,0.0,-0.01944443799444113,-0.21149174861506106,0.990010202313939,-0.7975780116110304,-0.4512628041840551,-0.9933464458034973,0.9602194212972657,0.9425129033279503,-0.7395510835913313,-0.5513643659711075,1
1776592573.600166,560,1776592573.600166,1776592573.550184,1776592573.45116,1776592573.528718,0.9564784271045116,-0.13484737922411552,-0.18448425960665524,0.9055118110236221,0.6,0.0,-0.18611071766090886,0.3386302159390862,0.8810397242639962,-0.09667543541364296,0.16245731938648314,-0.927327591505578,0.9602194212972657,0.9425129033279503,-0.7395510835913313,-0.5513643659711075,1
1776592573.650157,561,1776592573.650157,1776592573.650202,1776592573.45116,1776592573.528718,0.9552363083326094,-0.1409603181715378,-0.18496155416498242,0.9133858267716536,0.7,0.0,0.38888875988882254,0.21638157175368372,0.7974515603115416,-0.7039300616835993,-0.45486694488103624,-0.8802456283229356,0.9602194212972657,0.9425129033279503,-0.7395510835913313,-0.5513643659711075,1
1776592573.700114,562,1776592573.700114,1776592573.700159,1776592573.45116,1776592573.678099,0.9540099209971693,-0.1482595726703622,-0.1853754658997549,0.8976377952755906,0.8999999999999999,0.0,0.32222178362199677,-0.5525673870767647,0.7467890149036608,0.48942080914368646,0.5992764619803804,-0.8111554596023234,0.9602194212972657,0.9438269845793357,-0.737358101135191,-0.5228731942215088,1
1776592573.750115,563,1776592573.750115,1776592573.750168,1776592573.45116,1776592573.678099,0.9527952768466933,-0.15360012631273498,-0.1858242549554252,0.8740157480314961,0.6714285714285714,0.0,-0.3694443218943814,0.23349646369216903,0.8547401136697799,-0.05135386429608128,-0.259931711018373,-0.817298088447709,0.9602194212972657,0.9438269845793357,-0.737358101135191,-0.5228731942215088,1
1776592573.800104,564,1776592573.800104,1776592573.800148,1776592573.45116,1776592573.678099,0.9515465109889623,-0.15952743674761777,-0.18625716378297177,0.889763779527559,0.7857142857142857,0.0,0.030555213705379846,0.11491442043077452,0.8043832201461317,0.1903347242380261,0.10830036312394993,-0.7610021819969882,0.9602194212972657,0.9438269845793357,-0.737358101135191,-0.5228731942215088,1
1776592573.850209,565,1776592573.850209,1776592573.850251,1776592573.45116,1776592573.826121,0.9502939784492614,-0.16466742625000533,-0.18670492703508626,0.8818897637795275,0.7142857142857143,0.0,0.4083331978832637,0.20171108043120373,0.9622833925535633,-0.767371190130624,-0.6173242642675194,-0.8387915270905683,0.9602194212972657,0.9450619043095532,-0.7345201238390093,-0.5,1
1776592573.900089,566,1776592573.900089,1776592573.850251,1776592573.45116,1776592573.826121,0.9490547400812185,-0.1701594698278989,-0.18711917412871354,0.8661417322834646,0.7999999999999999,0.0,0.4083331978832637,0.20171108043120373,0.9622833925535633,-0.767371190130624,-0.6173242642675194,-0.8387915270905683,0.9602194212972657,0.9450619043095532,-0.7345201238390093,-0.5,1
1776592573.950078,567,1776592573.950078,1776592573.900166,1776592573.45116,1776592573.826121,0.9478584862015361,-0.17330661989681617,-0.18756887062599092,0.8346456692913385,0.5142857142857142,0.0,-0.42777763587770484,0.009779646277245308,0.8395514219885131,0.8066377902757619,0.47653243726627287,-0.7052191216693814,0.9602194212972657,0.9450619043095532,-0.7345201238390093,-0.5,1
1776592574.000132,568,1776592574.000132,1776592574.000175,1776592573.45116,1776592573.975263,0.946613265456247,-0.17701919014760667,-0.18801517408073748,0.8582677165354331,0.6285714285714284,0.0,0.09166564111613952,-0.01711489193848531,0.8344546959914101,-0.03927793904208998,0.025269633082217767,-0.8080860659516274,0.9602194212972657,0.9463126563440043,-0.7307791537667698,-0.48675762439807385,1
1776592574.050046,569,1776592574.050046,1776592574.000175,1776592574.050847,1776592573.975263,0.9454221076757001,-0.17911657897319694,-0.18848485402036183,0.8267716535433071,0.44285714285714284,0.0,0.09166564111613952,-0.01711489193848531,0.8344546959914101,-0.03927793904208998,0.025269633082217767,-0.8080860659516274,0.9604706670574934,0.9463126563440043,-0.7307791537667698,-0.48675762439807385,1
1776592574.100093,570,1776592574.100093,1776592574.05009,1776592574.050847,1776592573.975263,0.9442480107487808,-0.1807637653143523,-0.18895185108914792,0.811023622047244,0.41428571428571426,0.0,0.22777902907842093,-0.3386302159390862,0.9392456593299705,-0.060424981857764876,0.169679150181562,-0.8935508159439443,0.9604706670574934,0.9463126563440043,-0.7307791537667698,-0.48675762439807385,1
1776592574.150052,571,1776592574.150052,1776592574.100134,1776592574.050847,1776592574.125022,0.9429963644871905,-0.18267339196633936,-0.18942884974260318,0.8582677165354331,0.5,0.0,0.11944374139408306,0.05745669926208123,0.8756370907496379,0.25075970609579096,0.6245460950625983,-0.845445081287071,0.9604706670574934,0.947579240682689,-0.7279411764705883,-0.4578651685393258,1
1776592574.200159,572,1776592574.200159,1776592574.200201,1776592574.050847,1776592574.125022,0.9417458260732383,-0.18561571057314405,-0.18984597697698335,0.8346456692913385,0.6714285714285714,0.0,0.2500005805002984,0.3911981139691568,0.841692178132248,-0.22054154571843249,-0.021665492385236573,-0.8106445342512063,0.9604706670574934,0.947579240682689,-0.7279411764705883,-0.4578651685393258,1
1776592574.25007,573,1776592574.25007,1776592574.250125,1776592574.050847,1776592574.125022,0.940515893625356,-0.18887594467843596,-0.1902319158378684,0.811023622047244,0.7428571428571428,0.0,0.38333453303395,0.3960879371077795,0.9001019379283823,-0.10271906748911465,-0.09385670153379222,-0.7635606502965672,0.9604706670574934,0.947579240682689,-0.7279411764705883,-0.4578651685393258,1
1776592574.300057,574,1776592574.300057,1776592574.30011,1776592574.050847,1776592574.273781,0.9391787215261,-0.19224499549797516,-0.19064709010009415,0.8740157480314961,0.8142857142857143,0.0,0.16944339309390402,0.0036676228306200013,0.8479102809892624,0.21752539912917268,0.48015012736437057,-0.6683729524570515,0.9604706670574934,0.9487983281086729,-0.7205882352941176,-0.43619582664526485,1
1776592574.350091,575,1776592574.350091,1776592574.350141,1776592574.050847,1776592574.273781,0.9378391121620399,-0.19557777407943194,-0.19105964067245604,0.8661417322834646,0.8428571428571427,0.0,0.22222248022235483,-0.17726196473809044,0.8084607372814263,0.1993945029027576,0.29602731559265083,-0.7175024585881559,0.9604706670574934,0.9487983281086729,-0.7205882352941176,-0.43619582664526485,1
1776592574.400059,576,1776592574.400059,1776592574.350141,1776592574.050847,1776592574.273781,0.9364512006409562,-0.19852649366942765,-0.19148450088748775,0.8976377952755906,0.8428571428571427,0.0,0.22222248022235483,-0.17726196473809044,0.8084607372814263,0.1993945029027576,0.29602731559265083,-0.7175024585881559,0.9604706670574934,0.9487983281086729,-0.7205882352941176,-0.43619582664526485,1
1776592574.450028,577,1776592574.450028,1776592574.400102,1776592574.050847,1776592574.423593,0.935149701235649,-0.20155629237984288,-0.19185611795257423,0.8267716535433071,0.857142857142857,0.0,0.5222227124224741,0.17970636535409576,0.8184505349674873,-0.2265851777939042,-0.14440951709934424,-0.7732855189157626,0.9604706670574934,0.9500332478388905,-0.7096233230134159,-0.41853932584269665,1
1776592574.500114,578,1776592574.500114,1776592574.500157,1776592574.050847,1776592574.423593,0.9337376386360535,-0.20427671023602562,-0.19227306764403126,0.8976377952755906,0.8857142857142857,0.0,0.24722346707286205,0.0977995284922892,0.8382263056094491,0.2054381349782293,0.3068532870847109,-0.7835213128860752,0.9604706670574934,0.9500332478388905,-0.7096233230134159,-0.41853932584269665,1
1776592574.550018,579,1776592574.550018,1776592574.550061,1776592574.050847,1776592574.423593,0.9323353250956737,-0.2070675389073095,-0.1926757152666812,0.8818897637795275,0.9285714285714285,0.0,-0.04999965169982097,-0.12102644387739982,0.8767584676095491,0.14501315312046442,0.01804780228713891,-0.7185262300623868,0.9604706670574934,0.9500332478388905,-0.7096233230134159,-0.41853932584269665,1
1776592574.60007,580,1776592574.60007,1776592574.550061,1776592574.050847,1776592574.572316,0.9308532465253466,-0.2095788579792523,-0.19310422497513266,0.9291338582677164,0.9571428571428571,0.0,-0.04999965169982097,-0.12102644387739982,0.8767584676095491,0.14501315312046442,0.01804780228713891,-0.7185262300623868,0.9604706670574934,0.9512365029606409,-0.7007223942208463,-0.40890850722311395,1
1776592574.650024,581,1776592574.650024,1776592574.600115,1776592574.050847,1776592574.572316,0.9295021155458498,-0.21169331609335193,-0.19348361447485357,0.84251968503937,0.8857142857142857,0.0,0.24722346707286205,0.24572153249203169,0.8162079516696799,-0.49546444121915817,-0.3176928079778874,-0.7768677586895725,0.9604706670574934,0.9512365029606409,-0.7007223942208463,-0.40890850722311395,1
1776592574.700075,582,1776592574.700075,1776592574.650068,1776592574.651232,1776592574.572316,0.9281179707067359,-0.21276654760837932,-0.19390717270844904,0.8818897637795275,0.7999999999999999,0.0,0.16666627966646771,-0.9278728094154387,0.8432212044524795,0.6586084905660377,0.2635358517153542,-0.6893554657487938,0.960554415644236,0.9512365029606409,-0.7007223942208463,-0.40890850722311395,1
1776592574.750052,583,1776592574.750052,1776592574.700118,1776592574.651232,1776592574.721538,0.9266988178822562,-0.21433692215124245,-0.19431041214084277,0.8818897637795275,0.9142857142857143,0.0,-0.21944536679491852,0.30317823175411296,0.80265036909574,0.06646861393323657,0.04693512546745434,-0.7548614739235994,0.960554415644236,0.9523922611696907,-0.6878224974200207,-0.38924558587479935,1
1776592574.800069,584,1776592574.800069,1776592574.750098,1776592574.651232,1776592574.721538,0.9252105353651554,-0.21546136153179796,-0.1947435774192783,0.9291338582677164,0.9285714285714285,0.0,0.02500098685050724,-0.17603874252347576,0.7984709395953653,-0.05739749637155297,0.0036041406969811937,-0.7267144810842374,0.960554415644236,0.9523922611696907,-0.6878224974200207,-0.38924558587479935,1
1776592574.850001,585,1776592574.850001,1776592574.800116,1776592574.651232,1776592574.721538,0.9238412356843928,-0.21634469721215846,-0.19512872720050495,0.8503937007874015,0.8714285714285713,0.0,-0.0666669762668258,0.04400943015421593,0.8395514219885131,-0.8187250544267054,-0.5487371958159449,-0.790685792433695,0.960554415644236,0.9523922611696907,-0.6878224974200207,-0.38924558587479935,1
1776592574.900077,586,1776592574.900077,1776592574.850044,1776592574.651232,1776592574.869584,0.922437149587792,-0.21659006823448082,-0.19553964043257582,0.8818897637795275,0.8428571428571427,0.0,0.38611164646138624,-0.7995111198767989,0.7228338147613245,0.38670174165457183,0.1732832908785432,-0.7533267770982514,0.960554415644236,0.9535163547702732,-0.6751805985552115,-0.3603531300160514,1
1776592574.949988,587,1776592574.949988,1776592574.950031,1776592574.651232,1776592574.869584,0.9210111281079557,-0.21702533509147007,-0.19594236696319162,0.8818897637795275,0.9142857142857143,0.0,0.17222282852253384,0.1039115519389145,0.8304790912211956,-0.2749228955007257,-0.028887323180315436,-0.7482079197270968,0.960554415644236,0.9535163547702732,-0.6751805985552115,-0.3603531300160514,1
1776592574.999999,588,1776592574.999999,1776592574.950031,1776592574.651232,1776592574.869584,0.9196411637186103,-0.21725363682528304,-0.19632512977845187,0.84251968503937,0.8857142857142857,0.0,0.17222282852253384,0.1039115519389145,0.8304790912211956,-0.2749228955007257,-0.028887323180315436,-0.7482079197270968,0.960554415644236,0.9535163547702732,-0.6751805985552115,-0.3603531300160514,1
1776592575.049981,589,1776592575.049981,1776592575.000101,1776592574.651232,1776592575.01841,0.9182689836339885,-0.21683970657893054,-0.19672349664395544,0.8582677165354331,0.8428571428571427,0.0,-0.04166598941631856,-0.18459618849271842,0.9824668978668532,-0.7522677793904209,-0.5090239011435694,-0.7917095639079259,0.960554415644236,0.9546246160666223,-0.6631836945304438,-0.333868378812199,1
1776592575.100099,590,1776592575.100099,1776592575.100144,1776592574.651232,1776592575.01841,0.9168819583910153,-0.21619747459876504,-0.19712314576390377,0.8661417322834646,0.857142857142857,0.0,0.044445424844948365,-0.17726196473809044,0.8771661170698696,-0.0060436320754716985,0.0036041406969811937,-0.7840322382371924,0.960554415644236,0.9546246160666223,-0.6631836945304438,-0.333868378812199,1
1776592575.150037,591,1776592575.150037,1776592575.100144,1776592574.651232,1776592575.01841,0.9154459662824356,-0.21484686714546022,-0.19756136115215256,0.9133858267716536,0.8428571428571427,0.0,0.044445424844948365,-0.17726196473809044,0.8771661170698696,-0.0060436320754716985,0.0036041406969811937,-0.7840322382371924,0.960554415644236,0.9546246160666223,-0.6631836945304438,-0.333868378812199,1
1776592575.200077,592,1776592575.200077,1776592575.150079,1776592574.651232,1776592575.167172,0.914053180231744,-0.21396139780403603,-0.19795323783746646,0.8582677165354331,0.8999999999999999,0.0,0.3694443218943814,0.17603874252347576,0.8108053181553213,-0.45618650217706813,-0.22021841634599754,-0.7860797811856541,0.960554415644236,0.9557328773629714,-0.651186790505676,-0.32142857142857145,1
1776592575.250019,593,1776592575.250019,1776592575.250063,1776592575.25083,1776592575.167172,0.9127310748603669,-0.21078651014129104,-0.1984271393532628,0.9055118110236221,0.6285714285714284,0.0,0.18333360423347256,0.2701706481851449,0.8697247249878638,-0.10271906748911465,-0.5379112243238849,-0.8259972648206768,0.9607219128177212,0.9557328773629714,-0.651186790505676,-0.32142857142857145,1
1776592575.300069,594,1776592575.300069,1776592575.250063,1776592575.25083,1776592575.167172,0.9114156165748186,-0.20836693849508617,-0.19884182044070217,0.8582677165354331,0.7428571428571428,0.0,0.18333360423347256,0.2701706481851449,0.8697247249878638,-0.10271906748911465,-0.5379112243238849,-0.8259972648206768,0.9607219128177212,0.9557328773629714,-0.651186790505676,-0.32142857142857145,1
1776592575.349963,595,1776592575.349963,1776592575.350006,1776592575.25083,1776592575.316171,0.9100044402533337,-0.20491040757193638,-0.19933004375229707,0.952755905511811,0.7428571428571428,0.0,0.09999930339964194,0.27383827101576497,0.8246686378245015,-0.8217525399129172,-0.21660072624789986,-0.8679622914041613,0.9607219128177212,0.9567936417466198,-0.641124871001032,-0.3089887640449438,1
1776592575.399987,596,1776592575.399987,1776592575.400095,1776592575.25083,1776592575.316171,0.9086785681999867,-0.20186567323407542,-0.19976423483428846,0.8740157480314961,0.757142857142857,0.0,0.2777786807782419,-0.5782397249844926,0.7355759279926084,0.7250771044992743,0.6245460950625983,-0.7886382494852332,0.9607219128177212,0.9567936417466198,-0.641124871001032,-0.3089887640449438,1
1776592575.449997,597,1776592575.449997,1776592575.400095,1776592575.25083,1776592575.316171,0.9074060944027992,-0.19751727198631044,-0.20024470543824036,0.8976377952755906,0.6142857142857142,0.0,0.2777786807782419,-0.5782397249844926,0.7355759279926084,0.7250771044992743,0.6245460950625983,-0.7886382494852332,0.9607219128177212,0.9567936417466198,-0.641124871001032,-0.3089887640449438,1
1776592575.499948,598,1776592575.499948,1776592575.450038,1776592575.25083,1776592575.464613,0.9062319974758799,-0.19275280683112928,-0.20070980871584643,0.8582677165354331,0.5285714285714285,0.0,-0.22499959364979114,0.03300758356896797,0.8139653683718724,-0.04833771770682148,0.09747439163188988,-0.8787109314975875,0.9607219128177212,0.9578385738260347,-0.6295149638802889,-0.30457463884430175,1
1776592575.549947,599,1776592575.549947,1776592575.49999,1776592575.25083,1776592575.464613,0.9049878845782291,-0.18699192195921294,-0.2012256498154826,0.9370078740157479,0.5285714285714285,0.0,-0.09166564111613952,0.16625909624623045,0.8130479014531288,0.17824746008708273,0.12634816541108884,-0.8249734933464459,0.9607219128177212,0.9578385738260347,-0.6295149638802889,-0.30457463884430175,1
1776592575.599998,600,1776592575.599998,1776592575.549991,1776592575.25083,1776592575.464613,0.9037987209234307,-0.1820439619525559,-0.20168475608768544,0.8582677165354331,0.6,0.0,0.5583344749839201,0.058679921476695936,0.806727801020027,-0.864046625544267,-0.5270717034307084,-0.9575221272934018,0.9607219128177212,0.9578385738260347,-0.6295149638802889,-0.30457463884430175,1
1776592575.649983,601,1776592575.649983,1776592575.600174,1776592575.25083,1776592575.613953,0.9026560868694352,-0.17593529032726093,-0.20218666993135226,0.889763779527559,0.4857142857142857,0.0,-0.011110775710938716,0.27628369353838234,0.8278287732520602,0.6737119013062408,0.38267573573248065,-0.8229278711699807,0.9607219128177212,0.9588043443842816,-0.6193240454076367,-0.3073836276083467,1
1776592575.699934,602,1776592575.699934,1776592575.650027,1776592575.25083,1776592575.613953,0.9014024464820963,-0.17025975189789153,-0.20265867765596868,0.9133858267716536,0.6714285714285714,0.0,0.31388812133849436,-0.06356974461531859,0.841794090497328,0.09365928882438315,-0.22021841634599754,-0.8899685761701344,0.9607219128177212,0.9588043443842816,-0.6193240454076367,-0.3073836276083467,1
1776592575.749942,603,1776592575.749942,1776592575.749993,1776592575.25083,1776592575.613953,0.9001496923728678,-0.16496400513785583,-0.20309768212387574,0.8818897637795275,0.7428571428571428,0.0,0.14444472824459031,-0.11246899790815718,0.7710499521412375,0.4199360486211901,0.4512628041840551,-0.8306032760687175,0.9607219128177212,0.9588043443842816,-0.6193240454076367,-0.3073836276083467,1
1776592575.799931,604,1776592575.799931,1776592575.799975,1776592575.25083,1776592575.762076,0.8989465698378288,-0.15882546225766947,-0.20356903885777405,0.8976377952755906,0.657142857142857,0.0,-0.4972217255719669,0.22860664055354638,0.8346585207215702,0.13595337445573294,0.2490921901251965,-0.8234387965210979,0.9607219128177212,0.9598017795509958,-0.6132610939112487,-0.32664526484751205,1
1776592575.850001,605,1776592575.850001,1776592575.799975,1776592575.85072,1776592575.762076,0.8977241707538859,-0.15320539901595553,-0.2039907822081554,0.8661417322834646,0.757142857142857,0.0,-0.4972217255719669,0.22860664055354638,0.8346585207215702,0.13595337445573294,0.2490921901251965,-0.8234387965210979,0.9609312842845777,0.9598017795509958,-0.6132610939112487,-0.32664526484751205,1
1776592575.899992,606,1776592575.899992,1776592575.850044,1776592575.85072,1776592575.762076,0.8965908426200507,-0.14652277256453258,-0.2044553134030092,0.8818897637795275,0.6142857142857142,0.0,-0.0638898628393895,-0.25916880159989697,0.7920489267971831,0.16918768142235122,0.11191805322204759,-0.7594674851716402,0.9609312842845777,0.9598017795509958,-0.6132610939112487,-0.32664526484751205,1
1776592575.949918,607,1776592575.949918,1776592575.900084,1776592575.85072,1776592575.910538,0.8953547062253947,-0.14071067982708813,-0.20486403693902824,0.8661417322834646,0.8285714285714285,0.0,0.4166668601667661,0.05379009833807328,0.8127420791468809,-0.6012109941944848,-0.4151671996097773,-0.8265101109437906,0.9609312842845777,0.9607675501092428,-0.6070691434468525,-0.34670947030497595,1
1776592575.999928,608,1776592575.999928,1776592575.94996,1776592575.85072,1776592575.910538,0.8942444213224333,-0.13399604845971008,-0.20531387152524583,0.8582677165354331,0.657142857142857,0.0,0.15555550395552903,-0.8691928879387428,0.8098878512365778,0.7643437046444121,0.45848463497913394,-0.7389958972310151,0.9609312842845777,0.9607675501092428,-0.6070691434468525,-0.34670947030497595,1
1776592576.049984,609,1776592576.049984,1776592575.999975,1776592575.85072,1776592575.910538,0.8932019366949271,-0.126440754633245,-0.2057839262777079,0.8740157480314961,0.557142857142857,0.0,0.13888817938852419,-0.11613662073877717,0.8252803676480049,-0.13896952104499272,-0.11552219391902879,-0.8648928977534651,0.9609312842845777,0.9607675501092428,-0.6070691434468525,-0.34670947030497595,1
1776592576.099919,610,1776592576.099919,1776592576.050032,1776592575.85072,1776592576.059332,0.8921816090201841,-0.11828163472576055,-0.2062725244021405,0.8976377952755906,0.5285714285714285,0.0,0.011110775710938716,-0.07946243624580124,0.8128439915119611,0.09667543541364296,0.3429624410601052,-0.8019434371062418,0.9609312842845777,0.9616858237547893,-0.6002321981424148,-0.35513643659711075,1
1776592576.149915,611,1776592576.149915,1776592576.099962,1776592575.85072,1776592576.059332,0.8912022717080528,-0.11124695419883161,-0.2066887244679221,0.8031496062992125,0.6,0.0,0.7250007546503878,-0.07212719058456124,0.8463812546690307,-0.7945618650217706,-0.2852013441005907,-0.8904814222932482,0.9609312842845777,0.9616858237547893,-0.6002321981424148,-0.35513643659711075,1
1776592576.199911,612,1776592576.199911,1776592576.149959,1776592575.85072,1776592576.059332,0.890256391394594,-0.10280832469200603,-0.2071788810246799,0.8740157480314961,0.5,0.0,0.24444403164423226,-0.47555037335358075,0.7642202046717276,0.5015080732946299,0.8736382851877946,-0.7824975414118442,0.9609312842845777,0.9616858237547893,-0.6002321981424148,-0.35513643659711075,1
1776592576.249927,613,1776592576.249927,1776592576.24998,1776592575.85072,1776592576.207789,0.8891964027744049,-0.09508873896363816,-0.207612026576124,0.8582677165354331,0.7142857142857143,0.0,-0.11666662796664676,0.10024495101490656,0.7860346486703291,0.2326288098693759,0.2093924448539375,-0.8004087402808938,0.9609312842845777,0.9626040974003356,-0.5989422084623323,-0.36837881219903695,1
1776592576.299946,614,1776592576.299946,1776592576.24998,1776592575.85072,1776592576.207789,0.8881242278301962,-0.08681653501977905,-0.20805706750341726,0.889763779527559,0.7285714285714284,0.0,-0.11666662796664676,0.10024495101490656,0.7860346486703291,0.2326288098693759,0.2093924448539375,-0.8004087402808938,0.9609312842845777,0.9626040974003356,-0.5989422084623323,-0.36837881219903695,1
1776592576.349944,615,1776592576.349944,1776592576.300123,1776592575.85072,1776592576.207789,0.8870458489392138,-0.07926550851544131,-0.20844271045943039,0.8346456692913385,0.8142857142857143,0.0,0.4972217255719669,0.1711489193848531,0.8799184326150926,-0.8761338896952104,-0.6823071920221127,-0.8080860659516274,0.9609312842845777,0.9626040974003356,-0.5989422084623323,-0.36837881219903695,1
1776592576.399899,616,1776592576.399899,1776592576.349988,1776592575.85072,1776592576.356483,0.8859546190156287,-0.0714157694621894,-0.20883294980445324,0.8503937007874015,0.8428571428571427,0.0,0.20555515565535,-0.3667479763694315,0.7581040141797932,0.09365928882438315,0.5884504904883205,-0.7323442638065092,0.9609312842845777,0.9634432095247142,-0.596749226006192,-0.39847512038523275,1
1776592576.449939,617,1776592576.449939,1776592576.399945,1776592576.450702,1776592576.356483,0.8848924147001632,-0.06339960484597101,-0.20922979769161454,0.84251968503937,0.8285714285714285,0.0,-0.05555620055588708,-0.06356974461531859,0.8689092556452079,0.05135386429608128,-0.0036041406969811937,-0.7492316912013277,0.9610987814580629,0.9634432095247142,-0.596749226006192,-0.39847512038523275,1
1776592576.499896,618,1776592576.499896,1776592576.449983,1776592576.450702,1776592576.356483,0.8838614516880939,-0.05549012328293626,-0.20960920691832693,0.8188976377952756,0.8285714285714285,0.0,-0.02777810027794354,0.058679921476695936,0.8266054840270688,-0.24773222060957908,-0.15161779849330662,-0.7113617505147669,0.9610987814580629,0.9634432095247142,-0.596749226006192,-0.39847512038523275,1
1776592576.54998,619,1776592576.54998,1776592576.49994,1776592576.450702,1776592576.505613,0.8828486573772903,-0.046895736518462565,-0.21001331433834478,0.8503937007874015,0.7999999999999999,0.0,0.03333232713281614,-0.2041565029538211,0.9566768490980371,-0.7069462082728591,-0.5487371958159449,-0.7712379759673008,0.9610987814580629,0.9642664893448591,-0.5959752321981424,-0.4321829855537721,1
1776592576.59992,620,1776592576.59992,1776592576.599962,1776592576.450702,1776592576.505613,0.8818090531536434,-0.03841016646823619,-0.2103906127769712,0.84251968503937,0.8714285714285713,0.0,0.23333325593329352,-0.08435225938442391,0.8863404454132747,-0.11480633164005805,-0.050539266164435534,-0.7584437136974093,0.9610987814580629,0.9642664893448591,-0.5959752321981424,-0.4321829855537721,1
1776592576.649919,621,1776592576.649919,1776592576.599962,1776592576.450702,1776592576.505613,0.8807320036798267,-0.029222621928061483,-0.21079304340271507,0.889763779527559,0.9142857142857143,0.0,0.23333325593329352,-0.08435225938442391,0.8863404454132747,-0.11480633164005805,-0.050539266164435534,-0.7584437136974093,0.9610987814580629,0.9642664893448591,-0.5959752321981424,-0.4321829855537721,1
1776592576.699867,622,1776592576.699867,1776592576.649961,1776592576.450702,1776592576.654549,0.8797034779325613,-0.020310319665100558,-0.21117730546932614,0.8503937007874015,0.8999999999999999,0.0,0.24166691821679595,0.12224966609201451,0.8135576337005445,-0.38670174165457183,-0.1877269524687009,-0.7492316912013277,0.9610987814580629,0.9650422722523035,-0.5950722394220846,-0.46147672552166935,1
1776592576.749968,623,1776592576.749968,1776592576.750012,1776592576.450702,1776592576.654549,0.8786920130389235,-0.01050401341646077,-0.21159934472457936,0.8976377952755906,0.8714285714285713,0.0,0.0722212031216984,0.0,0.8841998596915549,0.47130125181422344,0.26715354181345186,-0.7789153016380344,0.9610987814580629,0.9650422722523035,-0.5950722394220846,-0.46147672552166935,1
1776592576.799861,624,1776592576.799861,1776592576.799907,1776592576.450702,1776592576.654549,0.8776807697148133,-0.0008214595095139947,-0.2119930560200988,0.8818897637795275,0.9142857142857143,0.0,0.0666669762668258,-0.2823957169850076,0.8388379502219449,0.027190674891146585,0.06136523765649559,-0.768166661544608,0.9610987814580629,0.9650422722523035,-0.5950722394220846,-0.46147672552166935,1
1776592576.849888,625,1776592576.849888,1776592576.849949,1776592576.450702,1776592576.803665,0.8766382850873072,0.010060211915216843,-0.21244204234568367,0.9606299212598425,0.9428571428571428,0.0,0.15833261738296533,0.2823957169850076,0.8406727988484243,-0.30815720246734396,-0.025269633082217767,-0.8039909800547036,0.9610987814580629,0.9658338874639814,-0.5923632610939112,-0.4823434991974318,1
1776592576.900149,626,1776592576.900149,1776592576.900187,1776592576.450702,1776592576.803665,0.8756527438284023,0.02019936928978958,-0.21284859591264235,0.8818897637795275,0.9285714285714285,0.0,0.4027789710283911,-0.926649587200824,0.7194699398146132,0.7915343795355586,0.48015012736437057,-0.7359265035803191,0.9610987814580629,0.9658338874639814,-0.5923632610939112,-0.4823434991974318,1
1776592576.94986,627,1776592576.94986,1776592576.900187,1776592576.450702,1776592576.803665,0.8747276910505408,0.030692714400931985,-0.21326734076032206,0.8976377952755906,0.8857142857142857,0.0,0.4027789710283911,-0.926649587200824,0.7194699398146132,0.7915343795355586,0.48015012736437057,-0.7359265035803191,0.9610987814580629,0.9658338874639814,-0.5923632610939112,-0.4823434991974318,1
1776592576.999915,628,1776592576.999915,1776592576.999954,1776592576.450702,1776592576.954077,0.873846730608678,0.04062490665232847,-0.21364552691356403,0.8346456692913385,0.8714285714285713,0.0,-0.0027771134274363015,0.05501229864607593,0.8097859388714977,0.1540729317851959,-0.03609560457427782,-0.6970308706475308,0.9610987814580629,0.9666255026756594,-0.5919762641898865,-0.5028089887640449,1
1776592577.049876,629,1776592577.049876,1776592576.999954,1776592576.450702,1776592576.954077,0.8729730819612271,0.05153858299301439,-0.21406431121522668,0.8976377952755906,0.8714285714285713,0.0,-0.0027771134274363015,0.05501229864607593,0.8097859388714977,0.1540729317851959,-0.03609560457427782,-0.6970308706475308,0.9610987814580629,0.9666255026756594,-0.5919762641898865,-0.5028089887640449,1
1776592577.099808,630,1776592577.099808,1776592577.049929,1776592577.056521,1776592576.954077,0.8721300099085892,0.06220475465031429,-0.21446530177059414,0.8661417322834646,0.8714285714285713,0.0,0.38333453303395,0.248165933108037,0.8063200663486989,-0.5196389695210449,-0.4476586634870739,-0.7763549125664588,0.961391901511662,0.9666255026756594,-0.5919762641898865,-0.5028089887640449,1
1776592577.153105,631,1776592577.153105,1776592577.099844,1776592577.056521,1776592577.101842,0.8713250478147041,0.07384387575264895,-0.2149194762949325,0.8661417322834646,0.7857142857142857,0.0,-0.01666732456700483,-0.21271394892306372,0.8170235062233433,0.6888153120464441,0.2779795133055119,-0.7093142075663051,0.961391901511662,0.9674012855831037,-0.5892672858617131,-0.518860353130016,1
1776592577.199849,632,1776592577.199849,1776592577.15316,1776592577.056521,1776592577.101842,0.8706519195897595,0.08441403266208357,-0.2153233667180443,0.8818897637795275,0.7714285714285714,0.0,-0.3499998838999403,0.19315363446196104,0.8082568273402585,0.027190674891146585,-0.054156956262533196,-0.7963155751559666,0.961391901511662,0.9674012855831037,-0.5892672858617131,-0.518860353130016,1
1776592577.249919,633,1776592577.249919,1776592577.199893,1776592577.056521,1776592577.101842,0.8700155719064019,0.0952807684593687,-0.21573226779698645,0.8346456692913385,0.7,0.0,0.05833331398332338,0.18948601163134107,0.8376146609969535,0.024174528301886794,0.04331743536935668,-0.7543505485724823,0.961391901511662,0.9674012855831037,-0.5892672858617131,-0.518860353130016,1
1776592577.29982,634,1776592577.29982,1776592577.299856,1776592577.056521,1776592577.255321,0.8694248675457363,0.10656783548619735,-0.21617334359899668,0.8582677165354331,0.6714285714285714,0.0,0.06944408969426209,0.3496330844309462,0.8847095067279629,0.4199360486211901,0.2635358517153542,-0.7599784105227573,0.961391901511662,0.9680979069693803,-0.5914602683178535,-0.5292937399678972,1
1776592577.349833,635,1776592577.349833,1776592577.349879,1776592577.056521,1776592577.255321,0.8687707943001681,0.117972253871528,-0.21659064837629996,0.8582677165354331,0.7857142857142857,0.0,0.27499924534961206,-0.12469406670801983,0.8466869917642708,0.09063180333817125,0.07220475854967212,-0.8152505454992471,0.961391901511662,0.9680979069693803,-0.5914602683178535,-0.5292937399678972,1
1776592577.399834,636,1776592577.399834,1776592577.399882,1776592577.056521,1776592577.400906,0.8681738859927289,0.13036242366827544,-0.21705521902513666,0.9212598425196851,0.7428571428571428,0.0,0.16666627966646771,0.255501178769277,0.843119206876392,-0.30512971698113206,-0.2418703593301176,-0.8060385230031655,0.961391901511662,0.9687945283556569,-0.592750257997936,-0.5272873194221508,1
1776592577.449924,637,1776592577.449924,1776592577.399882,1776592577.056521,1776592577.400906,0.8675280108196832,0.14205915361932928,-0.21745244172513567,0.8582677165354331,0.8428571428571427,0.0,0.16666627966646771,0.255501178769277,0.843119206876392,-0.30512971698113206,-0.2418703593301176,-0.8060385230031655,0.961391901511662,0.9687945283556569,-0.592750257997936,-0.5272873194221508,1
1776592577.499856,638,1776592577.499856,1776592577.499891,1776592577.056521,1776592577.400906,0.8670547383086623,0.15465415487818931,-0.21793516120611378,0.9212598425196851,0.657142857142857,0.0,0.08055486540520082,-0.046454852676833275,0.8122324321104729,0.07854453918722785,0.2707576825104331,-0.8526095608346906,0.961391901511662,0.9687945283556569,-0.592750257997936,-0.5272873194221508,1
1776592577.549845,639,1776592577.549845,1776592577.549898,1776592577.056521,1776592577.549424,0.866588334452998,0.16685016151814253,-0.2183907166198542,0.8818897637795275,0.6857142857142856,0.0,0.11944374139408306,-0.27750589384638497,0.8557594929536035,0.1540729317851959,0.0036041406969811937,-0.7215956237130828,0.961391901511662,0.9694753174376999,-0.5936532507739938,-0.524478330658106,1
1776592577.599878,640,1776592577.599878,1776592577.549898,1776592577.056521,1776592577.549424,0.8662681664855705,0.17992737017739258,-0.21891778237762996,0.9448818897637795,0.5428571428571428,0.0,0.11944374139408306,-0.27750589384638497,0.8557594929536035,0.1540729317851959,0.0036041406969811937,-0.7215956237130828,0.961391901511662,0.9694753174376999,-0.5936532507739938,-0.524478330658106,1
1776592577.649876,641,1776592577.649876,1776592577.649971,1776592577.651091,1776592577.549424,0.865852945190789,0.19223859451478414,-0.21935962753230706,0.8740157480314961,0.7,0.0,0.18055649080603625,-0.8679706876307403,0.8359837223116416,0.30512971698113206,0.3176928079778874,-0.7804499984633824,0.9615593986851472,0.9694753174376999,-0.5936532507739938,-0.524478330658106,1
1776592577.699848,642,1776592577.699848,1776592577.6999,1776592577.651091,1776592577.699299,0.8656070030151181,0.20510670438979428,-0.21987128650975413,0.9212598425196851,0.5285714285714285,0.0,0.39166587331625885,-0.1638136737236131,0.8234455190215254,-0.13896952104499272,-0.2021706140588586,-0.9411456252497004,0.9615593986851472,0.9701561065197428,-0.5968782249742002,-0.5100321027287319,1
1776592577.74983,643,1776592577.74983,1776592577.6999,1776592577.651091,1776592577.699299,0.8653595098527537,0.21787026487268443,-0.2203612852505802,0.9055118110236221,0.5714285714285714,0.0,0.39166587331625885,-0.1638136737236131,0.8234455190215254,-0.13896952104499272,-0.2021706140588586,-0.9411456252497004,0.9615593986851472,0.9701561065197428,-0.5968782249742002,-0.5100321027287319,1
1776592577.799826,644,1776592577.799826,1776592577.749886,1776592577.651091,1776592577.699299,0.8651443658414236,0.23004493490200095,-0.22082187104714243,0.8582677165354331,0.557142857142857,0.0,-0.38611164646138624,0.09657732818428655,0.7830785083949459,0.14501315312046442,0.22021841634599754,-0.8592631150311933,0.9615593986851472,0.9701561065197428,-0.5968782249742002,-0.5100321027287319,1
1776592577.849817,645,1776592577.849817,1776592577.79988,1776592577.651091,1776592577.84762,0.8648935491361447,0.24184408058411108,-0.2212429436798142,0.8188976377952756,0.6285714285714284,0.0,0.658333778383562,0.06845956775394124,0.890723784854817,-0.8761338896952104,-0.6101024334724405,-0.8848516395709765,0.9615593986851472,0.970868560210253,-0.6002321981424148,-0.4831460674157303,1
1776592577.899828,646,1776592577.899828,1776592577.89987,1776592577.651091,1776592577.84762,0.8645450202691803,0.2547313934086942,-0.2216612742606733,0.8740157480314961,0.8142857142857143,0.0,0.2694450184947395,-0.09657732818428655,0.8824669234301555,-0.05438134978229317,0.014443661590157718,-0.7876144780110023,0.9615593986851472,0.970868560210253,-0.6002321981424148,-0.4831460674157303,1
1776592577.949801,647,1776592577.949801,1776592577.89987,1776592577.651091,1776592577.84762,0.8642627406909779,0.2678064684068806,-0.22210096917328145,0.889763779527559,0.7714285714285714,0.0,0.2694450184947395,-0.09657732818428655,0.8824669234301555,-0.05438134978229317,0.014443661590157718,-0.7876144780110023,0.9615593986851472,0.970868560210253,-0.6002321981424148,-0.4831460674157303,1
1776592577.999773,648,1776592577.999773,1776592577.94985,1776592577.651091,1776592577.998221,0.8639731493183634,0.2808153999120932,-0.2225159856195756,0.8740157480314961,0.8142857142857143,0.0,0.07500063855032822,0.2310510411695517,0.808562734857514,-0.42597968069666176,-0.25270988022329416,-0.7768677586895725,0.9615593986851472,0.971549349292296,-0.6004901960784315,-0.4442215088282504,1
1776592578.049777,649,1776592578.049777,1776592577.999823,1776592577.651091,1776592577.998221,0.8638924980103057,0.2933783962549981,-0.22298059572239523,0.8740157480314961,0.5714285714285714,0.0,0.14444472824459031,-0.8166260118152844,0.9659530898065224,-0.42597968069666176,-0.3321229201669286,-0.8403262239159163,0.9615593986851472,0.971549349292296,-0.6004901960784315,-0.4442215088282504,1
1776592578.099878,650,1776592578.099878,1776592578.049816,1776592577.651091,1776592577.998221,0.8637218894740293,0.3069122083818741,-0.22343717693969148,0.9133858267716536,0.757142857142857,0.0,-0.21388881793885242,0.27872809415438765,0.8071355356913549,0.0,-0.014443661590157718,-0.845956006638188,0.9615593986851472,0.971549349292296,-0.6004901960784315,-0.4442215088282504,1
1776592578.149759,651,1776592578.149759,1776592578.149802,1776592577.651091,1776592578.14598,0.8636474421127451,0.3205505699008701,-0.22392918783364632,0.9370078740157479,0.6857142857142856,0.0,0.20555515565535,0.2237157955083117,0.8306830011623633,-0.7280932510885341,-0.559563167308005,-0.8930398905928272,0.9615593986851472,0.9721826414616384,-0.6055211558307534,-0.4069020866773676,1
1776592578.199741,652,1776592578.199741,1776592578.149802,1776592577.651091,1776592578.14598,0.8635971458299728,0.33301968515697344,-0.2243650162559287,0.8503937007874015,0.6428571428571428,0.0,0.20555515565535,0.2237157955083117,0.8306830011623633,-0.7280932510885341,-0.559563167308005,-0.8930398905928272,0.9615593986851472,0.9721826414616384,-0.6055211558307534,-0.4069020866773676,1
1776592578.249768,653,1776592578.249768,1776592578.199776,1776592578.250506,1776592578.14598,0.863591606591782,0.34532664217223763,-0.22480218611363018,0.84251968503937,0.6142857142857142,0.0,0.21388881793885242,-0.6845966994460244,0.7413863813893025,0.7854907474600871,0.5884504904883205,-0.7727726727926489,0.9616431472718898,0.9721826414616384,-0.6055211558307534,-0.4069020866773676,1
1776592578.299758,654,1776592578.299758,1776592578.299799,1776592578.250506,1776592578.294558,0.8637763955778267,0.3571983323305127,-0.2252962486146967,0.8582677165354331,0.39999999999999997,0.0,-0.6194449023946799,0.14547658147712514,0.7834862430662738,0.24773222060957908,0.3610102433472441,-0.8326508190171794,0.9616431472718898,0.9728317659352141,-0.614422084623323,-0.3792134831460674,1
1776592578.352875,655,1776592578.352875,1776592578.299799,1776592578.250506,1776592578.294558,0.8639281707042542,0.37059132282718626,-0.22581792890380445,0.889763779527559,0.5285714285714285,0.0,-0.6194449023946799,0.14547658147712514,0.7834862430662738,0.24773222060957908,0.3610102433472441,-0.8326508190171794,0.9616431472718898,0.9728317659352141,-0.614422084623323,-0.3792134831460674,1
1776592578.400081,656,1776592578.400081,1776592578.400162,1776592578.250506,1776592578.294558,0.8640314221041306,0.3814004497757522,-0.22622250977161726,0.7952755905511811,0.5428571428571428,0.0,0.01944443799444113,0.04889925329283858,0.7762487609254358,0.7583000725689405,0.5920546311853017,-0.6995893389471097,0.9616431472718898,0.9728317659352141,-0.614422084623323,-0.3792134831460674,1
1776592578.449738,657,1776592578.449738,1776592578.449781,1776592578.250506,1776592578.443243,0.8639591904381226,0.3945032623677664,-0.22660217544921862,0.84251968503937,0.8857142857142857,0.0,0.16666627966646771,-0.001222200308002653,0.815494394692104,-0.03625045355587808,-0.11552219391902879,-0.7389958972310151,0.9616431472718898,0.9734650581045565,-0.6228070175438597,-0.34109149277688605,1
1776592578.499791,658,1776592578.499791,1776592578.499846,1776592578.250506,1776592578.443243,0.8639224098965359,0.40765301550318134,-0.22698428727376077,0.84251968503937,0.8714285714285713,0.0,0.10833296568314436,0.0770170137231839,0.8248725477656693,0.14199700653120462,0.15883962928838546,-0.6724661175819786,0.9616431472718898,0.9734650581045565,-0.6228070175438597,-0.34109149277688605,1
1776592578.549728,659,1776592578.549728,1776592578.499846,1776592578.250506,1776592578.443243,0.8639115529896819,0.4216348964534286,-0.22739017012300983,0.8976377952755906,0.9285714285714285,0.0,0.10833296568314436,0.0770170137231839,0.8248725477656693,0.14199700653120462,0.15883962928838546,-0.6724661175819786,0.9616431472718898,0.9734650581045565,-0.6228070175438597,-0.34109149277688605,1
1776592578.599746,660,1776592578.599746,1776592578.549778,1776592578.250506,1776592578.59335,0.8639232961746464,0.43530953021050706,-0.2277888131663938,0.8740157480314961,0.9142857142857143,0.0,0.6027775778276749,0.39975555993839945,0.818654444908655,-0.5105678519593614,-0.1877269524687009,-0.7282491779095854,0.9616431472718898,0.9741141825781324,-0.6286119711042312,-0.2917335473515249,1
1776592578.649795,661,1776592578.649795,1776592578.599789,1776592578.250506,1776592578.59335,0.8639600767162332,0.4491335202420425,-0.22819163833196687,0.8818897637795275,0.9285714285714285,0.0,0.22222248022235483,-0.4535446363698607,0.8108053181553213,0.7311093976777938,0.1913310931656821,-0.7047081963182642,0.9616431472718898,0.9741141825781324,-0.6286119711042312,-0.2917335473515249,1
1776592578.699767,662,1776592578.699767,1776592578.649841,1776592578.250506,1776592578.59335,0.8640349672165727,0.4632498218393012,-0.22860071695383216,0.9055118110236221,0.9428571428571428,0.0,-0.32777833247806293,0.3117356777233556,0.8156982194222642,0.060424981857764876,0.04693512546745434,-0.7584437136974093,0.9616431472718898,0.9741141825781324,-0.6286119711042312,-0.2917335473515249,1
1776592578.74971,663,1776592578.74971,1776592578.699836,1776592578.250506,1776592578.74096,0.8641364460602279,0.47633983246493333,-0.22898203969871597,0.84251968503937,0.8714285714285713,0.0,0.31388812133849436,0.022004715077107963,0.8333333191314987,-0.04229408563134978,-0.057761096959514396,-0.7441147546021698,0.9616431472718898,0.9747316424432412,-0.6368679050567596,-0.23234349919743177,1
1776592578.79973,664,1776592578.79973,1776592578.749758,1776592578.250506,1776592578.74096,0.8642769211407463,0.4896026696367229,-0.22938265544124575,0.8582677165354331,0.8714285714285713,0.0,0.11944374139408306,0.22616121803092903,0.9563710267917893,-0.1993945029027576,-0.2707576825104331,-0.7743092903899935,0.9616431472718898,0.9747316424432412,-0.6368679050567596,-0.23234349919743177,1
1776592578.84974,665,1776592578.84974,1776592578.799768,1776592578.250506,1776592578.74096,0.8644145158174054,0.5027844276880928,-0.22976839703221616,0.84251968503937,0.8999999999999999,0.0,-0.141667614817154,0.02689453821573062,0.894393482107776,0.43503945936139327,0.4079453688146984,-0.7441147546021698,0.9616431472718898,0.9747316424432412,-0.6368679050567596,-0.23234349919743177,1
1776592578.89974,666,1776592578.89974,1776592578.899791,1776592578.851046,1776592578.889684,0.8646190244914093,0.5164441258177257,-0.23018067142669763,0.889763779527559,0.8999999999999999,0.0,0.44444496044470966,0.19437685667657575,0.8350662553928981,-0.2749228955007257,-0.2815836540024931,-0.7430909831279389,0.961810644445375,0.9753332700041164,-0.6437048503611971,-0.18057784911717495,1
1776592578.949694,667,1776592578.949694,1776592578.94974,1776592578.851046,1776592578.889684,0.8648239763044684,0.5291842160289154,-0.23055124296123686,0.8267716535433071,0.857142857142857,0.0,-0.03888887598888226,-0.18092856566209842,0.9855250357183242,0.595167362119013,0.47292829656929164,-0.7098251329174222,0.961810644445375,0.9753332700041164,-0.6437048503611971,-0.18057784911717495,1
1776592578.99975,668,1776592578.99975,1776592578.999785,1776592578.851046,1776592578.889684,0.8651390481727603,0.5420608605481803,-0.23097683307495248,0.8740157480314961,0.7857142857142857,0.0,0.09722218997220564,0.3080680548927356,0.8194699142513109,0.2537758526850508,0.3393447509620075,-0.7620259534712192,0.961810644445375,0.9753332700041164,-0.6437048503611971,-0.18057784911717495,1
1776592579.049782,669,1776592579.049782,1776592579.049831,1776592578.851046,1776592579.038895,0.8654075904402497,0.555492256944,-0.2313765413758752,0.8740157480314961,0.9142857142857143,0.0,0.29444368334405324,-0.15158962683036248,0.8641182667433452,-0.018130896226415092,0.014443661590157718,-0.7773786840406898,0.961810644445375,0.9759032329565244,-0.653250773993808,-0.13202247191011235,1
1776592579.099686,670,1776592579.099686,1776592579.049831,1776592578.851046,1776592579.038895,0.8657937861269115,0.5694848061995657,-0.23183235324050458,0.952755905511811,0.8857142857142857,0.0,0.29444368334405324,-0.15158962683036248,0.8641182667433452,-0.018130896226415092,0.014443661590157718,-0.7773786840406898,0.961810644445375,0.9759032329565244,-0.653250773993808,-0.13202247191011235,1
1776592579.150767,671,1776592579.150767,1776592579.150823,1776592578.851046,1776592579.038895,0.866145195397735,0.5830740935140971,-0.23223642120653948,0.8818897637795275,0.8999999999999999,0.0,0.01666732456700483,-0.8875299801852309,0.8500509519219897,0.211481767053701,0.21660072624789986,-0.7911967177848122,0.961810644445375,0.9759032329565244,-0.653250773993808,-0.13202247191011235,1
1776592579.19969,672,1776592579.19969,1776592579.150823,1776592578.851046,1776592579.18782,0.8665938736911888,0.5958077827420959,-0.23267266389564248,0.9133858267716536,0.7999999999999999,0.0,0.01666732456700483,-0.8875299801852309,0.8500509519219897,0.211481767053701,0.21660072624789986,-0.7911967177848122,0.961810644445375,0.9764731959089326,-0.6618937048503613,-0.08226324237560192,1
1776592579.249709,673,1776592579.249709,1776592579.199726,1776592578.851046,1776592579.18782,0.8670115322507741,0.6083558434575551,-0.23308016435819112,0.8582677165354331,0.8285714285714285,0.0,-0.4944446121445306,0.14914420430774514,0.8091742942590021,0.024174528301886794,0.039713294672375485,-0.7850560097114232,0.961810644445375,0.9764731959089326,-0.6618937048503613,-0.08226324237560192,1
1776592579.299703,674,1776592579.299703,1776592579.29974,1776592578.851046,1776592579.18782,0.8675277892501555,0.6213178344193668,-0.2335299003094514,0.9212598425196851,0.8142857142857143,0.0,0.30833389448362175,0.08435225938442391,0.8256880171083252,-0.7643437046444121,-0.7761774429570214,-0.8167852423245952,0.961810644445375,0.9764731959089326,-0.6618937048503613,-0.08226324237560192,1
1776592579.349711,675,1776592579.349711,1776592579.349769,1776592578.851046,1776592579.335968,0.8679895401457396,0.6330017624040386,-0.2339156024464389,0.8188976377952756,0.7714285714285714,0.0,0.22222248022235483,-0.7493886443693457,0.7231396370675722,0.7341368831640057,0.5740068288981627,-0.7302967208580473,0.961810644445375,0.9770273265571071,-0.6735036119711042,-0.05096308186195826,1
1776592579.401472,676,1776592579.401472,1776592579.401526,1776592578.851046,1776592579.335968,0.8685456796600945,0.6445747400133993,-0.2343424353606164,0.8267716535433071,0.6857142857142856,0.0,0.2805557942056782,-0.12713948923063717,0.8727828628393347,-0.06948476052249636,-0.15523548859140426,-0.7927333353821568,0.961810644445375,0.9770273265571071,-0.6735036119711042,-0.05096308186195826,1
1776592579.449709,677,1776592579.449709,1776592579.401526,1776592579.450458,1776592579.335968,0.8691397075636746,0.655125693973261,-0.23476587523226314,0.8503937007874015,0.6285714285714284,0.0,0.2805557942056782,-0.12713948923063717,0.8727828628393347,-0.06948476052249636,-0.15523548859140426,-0.7927333353821568,0.9619781416188601,0.9770273265571071,-0.6735036119711042,-0.05096308186195826,1
1776592579.49966,678,1776592579.49966,1776592579.449754,1776592579.450458,1776592579.485206,0.8697627610753744,0.6652584503646427,-0.23519945477751927,0.811023622047244,0.5714285714285714,0.0,-0.11944374139408306,0.008557445969242655,0.815392482327024,-0.1993945029027576,-0.1877269524687009,-0.7691904330188389,0.9619781416188601,0.9775972895095151,-0.6843395252837977,-0.03170144462279294,1
1776592579.549683,679,1776592579.549683,1776592579.499702,1776592579.450458,1776592579.485206,0.8704276912277964,0.6753997414002791,-0.23563759125780226,0.8267716535433071,0.5714285714285714,0.0,0.7361115303613266,-0.023226915385110618,0.9258919014861907,-0.7915343795355586,-0.559563167308005,-0.8408390700390301,0.9619781416188601,0.9775972895095151,-0.6843395252837977,-0.03170144462279294,1
1776592579.599691,680,1776592579.599691,1776592579.549729,1776592579.450458,1776592579.485206,0.8711710569930001,0.68538100785614,-0.2361051998633235,0.8582677165354331,0.5285714285714285,0.0,0.0027771134274363015,0.0,0.7989805866317733,0.2628356313497823,0.4332150018969162,-0.817298088447709,0.9619781416188601,0.9775972895095151,-0.6843395252837977,-0.03170144462279294,1
1776592579.649715,681,1776592579.649715,1776592579.599732,1776592579.450458,1776592579.633125,0.8719662700276696,0.6953729426173193,-0.2365867554518056,0.8818897637795275,0.5285714285714285,0.0,0.4833338364335919,-0.15647944996898516,0.8773700270110373,-0.027190674891146585,-0.057761096959514396,-0.8556808752573835,0.9619781416188601,0.9781514201576897,-0.6946594427244582,-0.010032102728731942,1
1776592579.699701,682,1776592579.699701,1776592579.649766,1776592579.450458,1776592579.633125,0.8728062401069206,0.7042767102360257,-0.2370847238971808,0.8582677165354331,0.41428571428571426,0.0,0.24444403164423226,0.11491442043077452,0.8272171286395645,-0.4048326378809869,0.014443661590157718,-0.9216978087833062,0.9619781416188601,0.9781514201576897,-0.6946594427244582,-0.010032102728731942,1
1776592579.749679,683,1776592579.749679,1776592579.749728,1776592579.450458,1776592579.633125,0.8736488690205032,0.7147252484648309,-0.23756979089014243,0.9133858267716536,0.6285714285714284,0.0,-0.04999965169982097,0.29339858547686765,0.8623852452709382,0.32024446661828737,0.22021841634599754,-0.8474926242355327,0.9619781416188601,0.9781514201576897,-0.6946594427244582,-0.010032102728731942,1
1776592579.799649,684,1776592579.799649,1776592579.749728,1776592579.450458,1776592579.778677,0.8745508785674909,0.7244184706770961,-0.23806764097356886,0.9133858267716536,0.5428571428571428,0.0,-0.04999965169982097,0.29339858547686765,0.8623852452709382,0.32024446661828737,0.22021841634599754,-0.8474926242355327,0.9619781416188601,0.9786897185016308,-0.7080753353973169,0.011235955056179775,1
1776592579.849659,685,1776592579.849659,1776592579.799685,1776592579.450458,1776592579.778677,0.8754734940805485,0.735325746034591,-0.23856188101755846,0.9606299212598425,0.7142857142857143,0.0,-0.2722221319221758,-0.03178436135435327,0.8670744070187284,-0.12990974238026123,0.08664842013982982,-0.8935508159439443,0.9619781416188601,0.9786897185016308,-0.7080753353973169,0.011235955056179775,1
1776592579.899658,686,1776592579.899658,1776592579.849704,1776592579.450458,1776592579.778677,0.8762647188637206,0.746896589982888,-0.23897022974073978,0.889763779527559,0.9142857142857143,0.0,0.6555566649561259,0.1955990569845784,0.8374108362667932,-0.3655546988388969,-0.2238225570429787,-0.8853625649220935,0.9619781416188601,0.9786897185016308,-0.7080753353973169,0.011235955056179775,1
1776592579.949733,687,1776592579.949733,1776592579.899699,1776592579.450458,1776592579.924371,0.877189771641582,0.7574048707214761,-0.2394404028551506,0.9291338582677164,0.7428571428571428,0.0,0.6250014512507459,-0.6711484084315471,0.7480122189176446,0.48036103047895495,0.5198498726356295,-0.8224150250468669,0.9619781416188601,0.979180519932871,-0.7187822497420021,0.03250401284109149,1
1776592579.999647,688,1776592579.999647,1776592579.949786,1776592579.450458,1776592579.924371,0.8780472457135159,0.7672687858188351,-0.23985498530763266,0.8582677165354331,0.7428571428571428,0.0,-0.07777775197776451,0.20782412578444107,0.8268093939682366,0.04833771770682148,0.25270988022329416,-0.8106445342512063,0.9619781416188601,0.979180519932871,-0.7187822497420021,0.03250401284109149,1
1776592580.053802,689,1776592580.053802,1776592579.999688,1776592580.054568,1776592579.924371,0.8790684596663695,0.7774292798040446,-0.2403538809216064,0.889763779527559,0.6714285714285714,0.0,-0.02777810027794354,0.06356974461531859,0.8072374480564349,0.1601165638606676,0.11913988401712645,-0.7574199422231783,0.9620618902056028,0.979180519932871,-0.7187822497420021,0.03250401284109149,1
1776592580.099666,690,1776592580.099666,1776592580.053846,1776592580.054568,1776592580.071747,0.8798443961521348,0.7861303496217019,-0.24071397742368136,0.8188976377952756,0.7714285714285714,0.0,0.42500052245026854,0.13080711206125717,0.8029561914019878,-0.6404775943396226,-0.46931060647119405,-0.8290685792433695,0.9620618902056028,0.9796554890598778,-0.7289731682146543,0.052969502407704656,1
1776592580.149966,691,1776592580.149966,1776592580.099715,1776592580.054568,1776592580.071747,0.8807849587969305,0.7942894695291863,-0.24115925507487215,0.8346456692913385,0.5857142857142856,0.0,-0.5055553878554694,0.23594086430817435,0.841794090497328,0.7129898403483309,0.3935017072245407,-0.7164786871139249,0.9620618902056028,0.9796554890598778,-0.7289731682146543,0.052969502407704656,1
1776592580.199669,692,1776592580.199669,1776592580.150041,1776592580.054568,1776592580.071747,0.8817762608635539,0.8019621147141534,-0.24161838107406644,0.8582677165354331,0.5428571428571428,0.0,0.6138883535386136,-0.11980424356939717,0.8360856346767218,-0.018130896226415092,-0.23466207793615526,-0.8009215864040076,0.9620618902056028,0.9796554890598778,-0.7289731682146543,0.052969502407704656,1
1776592580.249681,693,1776592580.249681,1776592580.199721,1776592580.054568,1776592580.22044,0.8827493942289114,0.8086447411655764,-0.24206332336640243,0.811023622047244,0.45714285714285713,0.0,0.11944374139408306,0.062347544307315934,0.8295616243024521,-0.02114704281567489,-0.057761096959514396,-0.794778957558622,0.9620618902056028,0.9800829612741838,-0.7369711042311662,0.06861958266452649,1
1776592580.299617,694,1776592580.299617,1776592580.249743,1776592580.054568,1776592580.22044,0.8837858964791715,0.8153593725329544,-0.2425351140941128,0.8503937007874015,0.4714285714285714,0.0,0.4972217255719669,-0.01711489193848531,0.851274241146981,-0.33534787735849053,-0.4476586634870739,-0.8587502689080796,0.9620618902056028,0.9800829612741838,-0.7369711042311662,0.06861958266452649,1
1776592580.349609,695,1776592580.349609,1776592580.299659,1776592580.054568,1776592580.22044,0.8848343634839237,0.822050533628632,-0.24300759526652418,0.8503937007874015,0.5,0.0,0.09999930339964194,0.001222200308002653,0.865239558392249,0.3111733490566037,0.5306893935288061,-0.8080860659516274,0.9620618902056028,0.9800829612741838,-0.7369711042311662,0.06861958266452649,1
1776592580.399656,696,1776592580.399656,1776592580.349653,1776592580.054568,1776592580.362148,0.8859428758306641,0.8294863424355314,-0.24348536327264636,0.8976377952755906,0.6142857142857142,0.0,0.5277769392773468,0.11735984295339187,0.8507645088995655,-0.04833771770682148,0.15161779849330662,-0.8495382464119979,0.9620618902056028,0.9804946011842562,-0.7443240454076366,0.08788121990369181,1
1776592580.451275,697,1776592580.451275,1776592580.451321,1776592580.054568,1776592580.362148,0.8869871330143912,0.8374214279313303,-0.24390292450083856,0.8267716535433071,0.7142857142857143,0.0,0.31111100791105806,0.21638157175368372,0.9407746856502022,0.1571004172714078,-0.6606552490379926,-0.7886382494852332,0.9620618902056028,0.9804946011842562,-0.7443240454076366,0.08788121990369181,1
1776592580.499659,698,1776592580.499659,1776592580.499704,1776592580.054568,1776592580.362148,0.8879981547689738,0.8459539385249575,-0.24427706662083168,0.8582677165354331,0.8857142857142857,0.0,-0.19722149337184758,0.09290970535366655,0.8369011040193777,0.10876269956458634,0.35740610265026285,-0.7052191216693814,0.9620618902056028,0.9804946011842562,-0.7443240454076366,0.08788121990369181,1
1776592580.54962,699,1776592580.54962,1776592580.499704,1776592580.054568,1776592580.508163,0.8890900494011419,0.8547360874630344,-0.24468509971214966,0.8818897637795275,0.8999999999999999,0.0,-0.19722149337184758,0.09290970535366655,0.8369011040193777,0.10876269956458634,0.35740610265026285,-0.7052191216693814,0.9620618902056028,0.9809062410943288,-0.7480650154798761,0.11276083467094702,1
1776592580.599654,700,1776592580.599654,1776592580.549665,1776592580.054568,1776592580.508163,0.8902329050246651,0.8634670285355831,-0.2451065274306677,0.9055118110236221,0.9142857142857143,0.0,0.43333418473377094,-0.1821517878767131,0.8756370907496379,-0.009059778664731495,0.0,-0.7159677617628077,0.9620618902056028,0.9809062410943288,-0.7480650154798761,0.11276083467094702,1
1776592580.649601,701,1776592580.649601,1776592580.599713,1776592580.650203,1776592580.508163,0.891316380014783,0.8718416482104985,-0.24548786990254293,0.8503937007874015,0.9142857142857143,0.0,0.3666672084669451,0.18704161101533576,0.8144750154082805,-0.33534787735849053,-0.22744024714107636,-0.7446256799532869,0.9621037644989741,0.9809062410943288,-0.7480650154798761,0.11276083467094702,1
1776592580.699613,702,1776592580.699613,1776592580.699653,1776592580.650203,1776592580.654167,0.8924093824945892,0.8789382049082739,-0.24588643403796112,0.8346456692913385,0.7714285714285714,0.0,0.008333662283502415,0.25427897846127434,0.8164117763998401,0.1540729317851959,0.1299658555091865,-0.7697032791419528,0.9621037644989741,0.9813020487001678,-0.7497420020639836,0.13924558587479935,1
1776592580.749705,703,1776592580.749705,1776592580.699653,1776592580.650203,1776592580.654167,0.8935427106284243,0.886715399485361,-0.24627973106665993,0.8582677165354331,0.8857142857142857,0.0,0.008333662283502415,0.25427897846127434,0.8164117763998401,0.1540729317851959,0.1299658555091865,-0.7697032791419528,0.9621037644989741,0.9813020487001678,-0.7497420020639836,0.13924558587479935,1
1776592580.799558,704,1776592580.799558,1776592580.7996,1776592580.650203,1776592580.80018,0.8947535880969304,0.8941853468692791,-0.24670952302955615,0.9055118110236221,0.8714285714285713,0.0,0.4972217255719669,0.25672337907727966,0.8127420791468809,-0.5740203193033382,-0.3862798764294618,-0.7548614739235994,0.9621037644989741,0.9816503593933061,-0.757094943240454,0.15409309791332262,1
1776592580.850112,705,1776592580.850112,1776592580.7996,1776592580.650203,1776592580.80018,0.8959531655195273,0.9018537247321189,-0.2471124073761036,0.8818897637795275,0.9285714285714285,0.0,0.4972217255719669,0.25672337907727966,0.8127420791468809,-0.5740203193033382,-0.3862798764294618,-0.7548614739235994,0.9621037644989741,0.9816503593933061,-0.757094943240454,0.15409309791332262,1
1776592580.899707,706,1776592580.899707,1776592580.899917,1776592580.650203,1776592580.80018,0.8971551802069281,0.9086088956597066,-0.2475214859979689,0.8740157480314961,0.8428571428571427,0.0,-0.24444403164423226,0.37530542233867414,0.8087665595876741,-0.033234306966618284,0.0036041406969811937,-0.768166661544608,0.9621037644989741,0.9816503593933061,-0.757094943240454,0.15409309791332262,1
1776592580.949618,707,1776592580.949618,1776592580.899917,1776592580.650203,1776592580.947269,0.898380016555675,0.9156499771698267,-0.24791825497716433,0.8818897637795275,0.9142857142857143,0.0,-0.24444403164423226,0.37530542233867414,0.8087665595876741,-0.033234306966618284,0.0036041406969811937,-0.768166661544608,0.9621037644989741,0.9820303346949115,-0.766124871001032,0.15971107544141253,1
1776592580.999619,708,1776592580.999619,1776592580.949806,1776592580.650203,1776592580.947269,0.8996990199536653,0.9224627569461337,-0.24835909405527704,0.9370078740157479,0.9142857142857143,0.0,0.38888875988882254,-0.13691913550788248,0.8032620137082357,0.030206821480406387,0.028887323180315436,-0.7338789606318572,0.9621037644989741,0.9820303346949115,-0.766124871001032,0.15971107544141253,1
1776592581.049587,709,1776592581.049587,1776592581.049628,1776592580.650203,1776592580.947269,0.9009331622225728,0.9289042796973616,-0.2487593941659435,0.8661417322834646,0.8999999999999999,0.0,0.5277769392773468,-0.7860628288623216,0.7219164330535884,-0.05438134978229317,0.5270717034307084,-0.7630497249454501,0.9621037644989741,0.9820303346949115,-0.766124871001032,0.15971107544141253,1
1776592581.099595,710,1776592581.099595,1776592581.049628,1776592580.650203,1776592581.091807,0.9021675260610078,0.9345776844656674,-0.24916283086825178,0.8582677165354331,0.8285714285714285,0.0,0.5277769392773468,-0.7860628288623216,0.7219164330535884,-0.05438134978229317,0.5270717034307084,-0.7630497249454501,0.9621037644989741,0.9823944776922833,-0.7769607843137254,0.16613162118780095,1
1776592581.149565,711,1776592581.149565,1776592581.149607,1776592580.650203,1776592581.091807,0.9034014467603877,0.9399033024805944,-0.2495581597770708,0.8503937007874015,0.8142857142857143,0.0,0.33055544590549923,0.11980424356939717,0.8245668106704291,0.04833771770682148,-0.03609560457427782,-0.7118726758658841,0.9621037644989741,0.9823944776922833,-0.7769607843137254,0.16613162118780095,1
1776592581.199575,712,1776592581.199575,1776592581.199628,1776592580.650203,1776592581.091807,0.9046375831550437,0.9452161185291394,-0.24994877393493134,0.84251968503937,0.8428571428571427,0.0,0.17777705537740646,-0.35452290756956883,0.9934760748367377,-0.7220496190130623,-0.5270717034307084,-0.8070622944773964,0.9621037644989741,0.9823944776922833,-0.7769607843137254,0.16613162118780095,1
1776592581.249551,713,1776592581.249551,1776592581.199628,1776592581.250205,1776592581.237818,0.9058298487832288,0.9493788912643649,-0.2503481271500078,0.811023622047244,0.7142857142857143,0.0,0.17777705537740646,-0.35452290756956883,0.9934760748367377,-0.7220496190130623,-0.5270717034307084,-0.8070622944773964,0.9620618902056028,0.9827586206896551,-0.7835397316821466,0.1801765650080257,1
1776592581.29955,714,1776592581.29955,1776592581.249596,1776592581.250205,1776592581.237818,0.9071076402490795,0.9540772129265723,-0.2507505380487603,0.8582677165354331,0.8285714285714285,0.0,-0.08333430083383062,-0.0036676228306200013,0.8507645088995655,0.5981835087082729,0.2021706140588586,-0.7313204923322782,0.9620618902056028,0.9827586206896551,-0.7835397316821466,0.1801765650080257,1
1776592581.349564,715,1776592581.349564,1776592581.299598,1776592581.250205,1776592581.237818,0.9083750179471317,0.9579071345358647,-0.25116490350433635,0.8503937007874015,0.7428571428571428,0.0,0.15555550395552903,-0.2310510411695517,0.8882772064048343,-0.012087264150943397,-0.14801365779632542,-0.7794262269891514,0.9620618902056028,0.9827586206896551,-0.7835397316821466,0.1801765650080257,1
1776592581.399536,716,1776592581.399536,1776592581.349617,1776592581.250205,1776592581.383767,0.9096512584262892,0.9622299318508656,-0.2515503491904349,0.84251968503937,0.8428571428571427,0.0,0.26111135621123704,0.29584298609287296,0.8513761535120611,-0.06948476052249636,-0.021665492385236573,-0.7246669381357755,0.9620618902056028,0.9830910990785597,-0.7901186790505677,0.19341894060995185,1
1776592581.449553,717,1776592581.449553,1776592581.399859,1776592581.250205,1776592581.383767,0.9109563029440386,0.9649780873008761,-0.25200128848817405,0.8740157480314961,0.6714285714285714,0.0,0.03333232713281614,-0.7726155597544563,0.966972469090346,-0.38670174165457183,-0.3429624410601052,-0.8167852423245952,0.9620618902056028,0.9830910990785597,-0.7901186790505677,0.19341894060995185,1
1776592581.499584,718,1776592581.499584,1776592581.499644,1776592581.250205,1776592581.383767,0.912296798586209,0.9682532570336138,-0.25243551902414835,0.8818897637795275,0.7857142857142857,0.0,0.10833296568314436,-0.20048888012320107,0.8280326831932279,0.045321571117561674,0.04693512546745434,-0.8101336089000892,0.9620618902056028,0.9830910990785597,-0.7901186790505677,0.19341894060995185,1
1776592581.549582,719,1776592581.549582,1776592581.499644,1776592581.250205,1776592581.529726,0.9136862610939863,0.9715839019540068,-0.2528645416343777,0.9055118110236221,0.8428571428571427,0.0,0.10833296568314436,-0.20048888012320107,0.8280326831932279,0.045321571117561674,0.04693512546745434,-0.8101336089000892,0.9620618902056028,0.983407745163231,-0.7919246646026832,0.22311396468699837,1
1776592581.599525,720,1776592581.599525,1776592581.549654,1776592581.250205,1776592581.529726,0.9149877604992935,0.9749614874178008,-0.2532379735826783,0.8346456692913385,0.857142857142857,0.0,0.41388974673932977,0.3655257760614289,0.8392456848932728,-0.3534674346879535,-0.11913988401712645,-0.794268032207505,0.9620618902056028,0.983407745163231,-0.7919246646026832,0.22311396468699837,1
1776592581.649511,721,1776592581.649511,1776592581.599575,1776592581.250205,1776592581.529726,0.916358389597222,0.9770524752602,-0.2536886367025371,0.8976377952755906,0.7428571428571428,0.0,0.24722346707286205,-0.5562339880007725,0.7457696356198372,0.8187250544267054,0.7220204866944882,-0.7067557392667261,0.9620618902056028,0.983407745163231,-0.7919246646026832,0.22311396468699837,1
1776592581.69952,722,1776592581.69952,1776592581.699562,1776592581.250205,1776592581.675903,0.9176926812926188,0.9786292507862542,-0.2541354925130445,0.8740157480314961,0.7,0.0,0.24722346707286205,0.06723736744593858,0.8179408879310792,0.12990974238026123,0.04693512546745434,-0.7789153016380344,0.9620618902056028,0.9837402235521358,-0.7942466460268318,0.2556179775280899,1
1776592581.749577,723,1776592581.749577,1776592581.749623,1776592581.250205,1776592581.675903,0.9191269008449775,0.9792800174106744,-0.2546391028779767,0.952755905511811,0.657142857142857,0.0,0.6333327915330549,0.10757917476953452,0.8078491778799382,-0.5468296444121915,-0.4079453688146984,-0.9150461753588003,0.9620618902056028,0.9837402235521358,-0.7942466460268318,0.2556179775280899,1
1776592581.799611,724,1776592581.799611,1776592581.749623,1776592581.250205,1776592581.675903,0.9204510003421034,0.9804087241133572,-0.2550664092399492,0.8582677165354331,0.7142857142857143,0.0,0.6333327915330549,0.10757917476953452,0.8078491778799382,-0.5468296444121915,-0.4079453688146984,-0.9150461753588003,0.9620618902056028,0.9837402235521358,-0.7942466460268318,0.2556179775280899,1
1776592581.849495,725,1776592581.849495,1776592581.849529,1776592581.849817,1776592581.821304,0.9217640213628475,0.9798134326765925,-0.2555536462019712,0.889763779527559,0.5285714285714285,0.0,0.15277839052809272,-0.1088023969841492,0.8133537237593768,-0.13595337445573294,-0.18410926237060324,-0.8613106579796552,0.9622293873790879,0.9840568696368068,-0.7972136222910217,0.28290529695024075,1
1776592581.899499,726,1776592581.899499,1776592581.899547,1776592581.849817,1776592581.821304,0.9231217994281734,0.9796555417578807,-0.2560310393952557,0.8976377952755906,0.6428571428571428,0.0,0.4916674987170943,-0.015892691630482656,0.8434251143936474,-0.11480633164005805,-0.1335699962061677,-0.8802456283229356,0.9622293873790879,0.9840568696368068,-0.7972136222910217,0.28290529695024075,1
1776592581.94956,727,1776592581.94956,1776592581.949607,1776592581.849817,1776592581.821304,0.9243778770803164,0.978793542688157,-0.25648726552670564,0.84251968503937,0.5428571428571428,0.0,0.6166677889672435,0.0709049902765586,0.8722732158029266,-0.8066377902757619,-0.6895290228171915,-0.9401218537754694,0.9622293873790879,0.9840568696368068,-0.7972136222910217,0.28290529695024075,1
1776592581.999512,728,1776592581.999512,1776592581.949607,1776592581.849817,1776592581.967196,0.9256931137963367,0.9777203111731295,-0.2569552883990476,0.8818897637795275,0.5857142857142856,0.0,0.6166677889672435,0.0709049902765586,0.8722732158029266,-0.8066377902757619,-0.6895290228171915,-0.9401218537754694,0.9622293873790879,0.9843735157214781,-0.7942466460268318,0.29695024077046545,1
1776592582.049474,729,1776592582.049474,1776592581.999579,1776592581.849817,1776592581.967196,0.927099415588214,0.9776840389350471,-0.2573909787323897,0.8976377952755906,0.7999999999999999,0.0,0.04999965169982097,0.37652762264667683,0.855453585436348,0.07251224600870826,0.4259931711018374,-0.8065494483542825,0.9622293873790879,0.9843735157214781,-0.7942466460268318,0.29695024077046545,1
1776592582.099495,730,1776592582.099495,1776592582.049518,1776592581.849817,1776592581.967196,0.9285154664393068,0.9768241735263871,-0.25785771935028684,0.9212598425196851,0.7428571428571428,0.0,0.4916674987170943,-0.12958388984664249,0.8795106979437646,0.027190674891146585,0.025269633082217767,-0.8167852423245952,0.9622293873790879,0.9843735157214781,-0.7942466460268318,0.29695024077046545,1
1776592582.149554,731,1776592582.149554,1776592582.09954,1776592581.849817,1776592582.113803,0.9299213250921285,0.9770290049884995,-0.2582517660046611,0.8661417322834646,0.8999999999999999,0.0,0.6138883535386136,0.24083068744679698,0.8348623454517303,-0.5679766872278664,-0.4151671996097773,-0.8254863394695596,0.9622293873790879,0.9847376587188499,-0.7908926728586171,0.3037720706260032,1
1776592582.199473,732,1776592582.199473,1776592582.149598,1776592581.849817,1776592582.113803,0.9312467540064202,0.9750532348435387,-0.2587184868955667,0.889763779527559,0.6285714285714284,0.0,0.23333325593329352,-0.9095346952623388,0.945973579645408,-0.2024106494920174,-0.10107853232887107,-0.8193437106241741,0.9622293873790879,0.9847376587188499,-0.7908926728586171,0.3037720706260032,1
1776592582.249487,733,1776592582.249487,1776592582.249524,1776592581.849817,1776592582.113803,0.9326599244536539,0.9739906716338297,-0.2591506855514208,0.8976377952755906,0.8285714285714285,0.0,0.29166656991661694,-0.27750589384638497,0.8195719118273985,0.09365928882438315,0.23104438783805759,-0.7983611973324319,0.9622293873790879,0.9847376587188499,-0.7908926728586171,0.3037720706260032,1
1776592582.299485,734,1776592582.299485,1776592582.249524,1776592581.849817,1776592582.259264,0.93411120485964,0.9718676788754753,-0.25963293158460393,0.952755905511811,0.7714285714285714,0.0,0.29166656991661694,-0.27750589384638497,0.8195719118273985,0.09365928882438315,0.23104438783805759,-0.7983611973324319,0.9622293873790879,0.9851018017162217,-0.7885706914344685,0.3089887640449438,1
1776592582.349527,735,1776592582.349527,1776592582.299537,1776592581.849817,1776592582.259264,0.9354940202815882,0.9702055569068743,-0.260051518616352,0.8818897637795275,0.8142857142857143,0.0,0.516666163566408,0.08312903716980921,0.8207951158413823,-0.7009025761973875,-0.5162457319386484,-0.8526095608346906,0.9622293873790879,0.9851018017162217,-0.7885706914344685,0.3089887640449438,1
1776592582.399555,736,1776592582.399555,1776592582.34957,1776592581.849817,1776592582.259264,0.9367531999071181,0.9668471743926533,-0.26051691779882996,0.8740157480314961,0.5714285714285714,0.0,0.6805553298054395,-0.6222491551387085,0.7520896508419316,0.6223580370101596,0.5487371958159449,-0.7558852453978303,0.9622293873790879,0.9851018017162217,-0.7885706914344685,0.3089887640449438,1
1776592582.449452,737,1776592582.449452,1776592582.449491,1776592582.450103,1776592582.407412,0.9380624542458925,0.9639731329398863,-0.2609602819318493,0.8740157480314961,0.7,0.0,-0.39166587331625885,-0.023226915385110618,0.8081549149751784,0.12386611030478954,0.27436182320741426,-0.7983611973324319,0.9621875130857167,0.9854184478008929,-0.7866357069143447,0.3061797752808989,1
1776592582.499481,738,1776592582.499481,1776592582.449491,1776592582.450103,1776592582.407412,0.939108927124896,0.9593644250423532,-0.26143102712901234,0.7952755905511811,0.3428571428571428,0.0,-0.39166587331625885,-0.023226915385110618,0.8081549149751784,0.12386611030478954,0.27436182320741426,-0.7983611973324319,0.9621875130857167,0.9854184478008929,-0.7866357069143447,0.3061797752808989,1
1776592582.549531,739,1776592582.549531,1776592582.499526,1776592582.450103,1776592582.407412,0.9402697298801574,0.9553190036656297,-0.2618743123540659,0.8267716535433071,0.5285714285714285,0.0,0.11944374139408306,0.13202931236925983,0.9395514816362184,-0.595167362119013,-0.40432767871660075,-0.9027628384400258,0.9621875130857167,0.9854184478008929,-0.7866357069143447,0.3061797752808989,1
1776592582.599512,740,1776592582.599512,1776592582.549581,1776592582.450103,1776592582.551692,0.9413445636586979,0.9505203999334298,-0.26233373425813206,0.811023622047244,0.41428571428571426,0.0,-0.2861123430617443,-0.06112432209270124,0.8346585207215702,0.6495487119013063,0.667863530431955,-0.8961092842435232,0.9621875130857167,0.985735093885564,-0.78328173374613,0.30256821829855535,1
1776592582.649436,741,1776592582.649436,1776592582.649473,1776592582.450103,1776592582.551692,0.9425481293327922,0.946841968259658,-0.26274251697512546,0.8188976377952756,0.6714285714285714,0.0,-0.09999930339964194,0.248165933108037,0.8363914569829697,0.11782247822931784,-0.11913988401712645,-0.7824975414118442,0.9621875130857167,0.985735093885564,-0.78328173374613,0.30256821829855535,1
1776592582.699504,742,1776592582.699504,1776592582.699555,1776592582.450103,1776592582.697318,0.9437448263515298,0.9433662343869352,-0.26313163188163524,0.7952755905511811,0.7142857142857143,0.0,0.28333290763311453,0.1051347741535292,0.9774719138128151,-0.6374614477503627,-0.36823207414232295,-0.7471841482528658,0.9621875130857167,0.9860517399702353,-0.7839267285861713,0.2873194221508828,1
1776592582.749455,743,1776592582.749455,1776592582.699555,1776592582.450103,1776592582.697318,0.9449789686204372,0.9395256444723242,-0.2635366467432601,0.8267716535433071,0.7428571428571428,0.0,0.28333290763311453,0.1051347741535292,0.9774719138128151,-0.6374614477503627,-0.36823207414232295,-0.7471841482528658,0.9621875130857167,0.9860517399702353,-0.7839267285861713,0.2873194221508828,1
1776592582.799467,744,1776592582.799467,1776592582.749499,1776592582.450103,1776592582.697318,0.9463079426471709,0.9356594506249494,-0.26394410775182586,0.8661417322834646,0.857142857142857,0.0,-0.04722253827238467,0.17237111969285573,0.8465851646101984,0.6737119013062408,0.5379112243238849,-0.5798368880420419,0.9621875130857167,0.9860517399702353,-0.7839267285861713,0.2873194221508828,1
1776592582.849474,745,1776592582.849474,1776592582.799514,1776592582.450103,1776592582.84689,0.9476428990511506,0.9310699456769893,-0.264373248724004,0.8976377952755906,0.8285714285714285,0.0,0.35555643275600646,-0.11369222012277187,0.8724770405330868,-0.04833771770682148,0.16245731938648314,-0.7523030056240204,0.9621875130857167,0.9863683860549064,-0.7825077399380805,0.27247191011235955,1
1776592582.89945,746,1776592582.89945,1776592582.899498,1776592582.450103,1776592582.84689,0.9489623455881963,0.9270394599277116,-0.2647547292848194,0.8503937007874015,0.8999999999999999,0.0,0.09999930339964194,-0.8044009430154216,0.9465851390468961,-0.2054381349782293,-0.14079182700124654,-0.7998978149297766,0.9621875130857167,0.9863683860549064,-0.7825077399380805,0.27247191011235955,1
1776592582.949476,747,1776592582.949476,1776592582.899498,1776592582.450103,1776592582.84689,0.9502948647273719,0.9222173859238113,-0.2651712055284815,0.889763779527559,0.8714285714285713,0.0,0.09999930339964194,-0.8044009430154216,0.9465851390468961,-0.2054381349782293,-0.14079182700124654,-0.7998978149297766,0.9621875130857167,0.9863683860549064,-0.7825077399380805,0.27247191011235955,1
1776592582.999472,748,1776592582.999472,1776592582.999543,1776592582.450103,1776592582.989391,0.9516650506862451,0.9173867772756562,-0.26558344046898,0.8976377952755906,0.9428571428571428,0.0,0.04722253827238467,-0.22127139489230638,0.8149847476556961,0.06344112844702467,-0.028887323180315436,-0.7461622975506316,0.9621875130857167,0.9867008644438111,-0.7786377708978328,0.25762439807383625,1
1776592583.049716,749,1776592583.049716,1776592582.999543,1776592583.050823,1776592582.989391,0.9530104208580235,0.9118221892215977,-0.26601066792298667,0.9133858267716536,0.8857142857142857,0.0,0.04722253827238467,-0.22127139489230638,0.8149847476556961,0.06344112844702467,-0.028887323180315436,-0.7461622975506316,0.9622712616724592,0.9867008644438111,-0.7786377708978328,0.25762439807383625,1
1776592583.099434,750,1776592583.099434,1776592583.099482,1776592583.050823,1776592582.989391,0.9542534259080363,0.9068166203662217,-0.26638530321776627,0.8346456692913385,0.8714285714285713,0.0,0.42500052245026854,-0.762835913477211,0.7277268012392748,0.7129898403483309,0.3971058479215219,-0.6888426196256799,0.9622712616724592,0.9867008644438111,-0.7786377708978328,0.25762439807383625,1
1776592583.149432,751,1776592583.149432,1776592583.099482,1776592583.050823,1776592583.134937,0.9555145996593147,0.9009149138641028,-0.2668064547584038,0.8818897637795275,0.8428571428571427,0.0,0.42500052245026854,-0.762835913477211,0.7277268012392748,0.7129898403483309,0.3971058479215219,-0.6888426196256799,0.9622712616724592,0.9870333428327158,-0.7697368421052632,0.2536115569823435,1
1776592583.199517,752,1776592583.199517,1776592583.149485,1776592583.050823,1776592583.134937,0.9567819773573669,0.8952500437400519,-0.267202651654847,0.8582677165354331,0.8999999999999999,0.0,-0.16388916623903146,0.42176027501550745,0.8183486226024071,0.22054154571843249,0.3610102433472441,-0.7466732229017488,0.9622712616724592,0.9870333428327158,-0.7697368421052632,0.2536115569823435,1
1776592583.249424,753,1776592583.249424,1776592583.199585,1776592583.050823,1776592583.134937,0.9581158259137084,0.8887466448179775,-0.26762701869509226,0.9291338582677164,0.9428571428571428,0.0,0.15833261738296533,0.06112432209270124,0.802344546789492,0.12386611030478954,0.028887323180315436,-0.6970308706475308,0.9622712616724592,0.9870333428327158,-0.7697368421052632,0.2536115569823435,1
1776592583.299452,754,1776592583.299452,1776592583.249473,1776592583.050823,1776592583.281212,0.9593468662092289,0.8825291564784351,-0.26801289837500286,0.8582677165354331,0.8857142857142857,0.0,0.5055553878554694,0.3594127307081915,0.8066258886549468,-0.516611484034833,-0.29242317489566966,-0.7507683087986724,0.9622712616724592,0.987349988917387,-0.7600619195046439,0.2648475120385233,1
1776592583.349446,755,1776592583.349446,1776592583.299496,1776592583.050823,1776592583.281212,0.9606177890197232,0.875652366870218,-0.268430065063366,0.9055118110236221,0.9142857142857143,0.0,0.08333430083383062,-0.35819053040018883,0.8141691931020325,0.6404775943396226,0.29602731559265083,-0.7287620240326993,0.9622712616724592,0.987349988917387,-0.7600619195046439,0.2648475120385233,1
1776592583.399435,756,1776592583.399435,1776592583.399486,1776592583.050823,1776592583.281212,0.9618563626791832,0.8687969138726375,-0.26883926204718,0.8818897637795275,0.9142857142857143,0.0,0.4083331978832637,0.07579481341518124,0.8344546959914101,-0.03927793904208998,-0.15883962928838546,-0.7343898859829743,0.9622712616724592,0.987349988917387,-0.7600619195046439,0.2648475120385233,1
1776592583.449418,757,1776592583.449418,1776592583.449465,1776592583.050823,1776592583.427313,0.9630402086653184,0.8617238274465624,-0.26923863498924794,0.8661417322834646,0.8714285714285713,0.0,0.30000023220011934,0.13080711206125717,0.8498471271918294,-0.8368559506531204,-0.559563167308005,-0.795802729032853,0.9622712616724592,0.9876508026978246,-0.7554179566563468,0.27728731942215085,1
1776592583.499403,758,1776592583.499403,1776592583.499447,1776592583.050823,1776592583.427313,0.9641396366614259,0.8543114889113634,-0.2696379684773329,0.8503937007874015,0.7857142857142857,0.0,0.28888945648918063,0.03789740670759062,0.8815494565114118,0.3595110667634252,0.2129965855509187,-0.7645844217707981,0.9622712616724592,0.9876508026978246,-0.7554179566563468,0.27728731942215085,1
1776592583.549414,759,1776592583.549414,1776592583.499447,1776592583.050823,1776592583.427313,0.9653132904492898,0.8463977400262014,-0.2700611913520736,0.8976377952755906,0.8714285714285713,0.0,0.28888945648918063,0.03789740670759062,0.8815494565114118,0.3595110667634252,0.2129965855509187,-0.7645844217707981,0.9622712616724592,0.9876508026978246,-0.7554179566563468,0.27728731942215085,1
1776592583.599394,760,1776592583.599394,1776592583.599452,1776592583.050823,1776592583.572923,0.9663836928372775,0.8379783134689488,-0.27050390449437484,0.889763779527559,0.757142857142857,0.0,0.1250002902501492,0.25061135563065434,0.8350662553928981,-0.3746258164005805,-0.24548804942821528,-0.7784024555149206,0.9622712616724592,0.9879516164782622,-0.7534829721362228,0.2909309791332263,1
1776592583.649462,761,1776592583.649462,1776592583.599452,1776592583.650321,1776592583.572923,0.9675141405672535,0.8302395247910079,-0.2708900800791573,0.8503937007874015,0.8999999999999999,0.0,0.1250002902501492,0.25061135563065434,0.8350662553928981,-0.3746258164005805,-0.24548804942821528,-0.7784024555149206,0.9623550102592019,0.9879516164782622,-0.7534829721362228,0.2909309791332263,1
1776592583.699393,762,1776592583.699393,1776592583.649511,1776592583.650321,1776592583.572923,0.9684325462592859,0.8215128510405866,-0.2713274077527905,0.8503937007874015,0.6285714285714284,0.0,-0.08055486540520082,-0.770171159138451,0.9960244804407931,-0.3957728592162554,-0.5090239011435694,-0.8331617443682965,0.9623550102592019,0.9879516164782622,-0.7534829721362228,0.2909309791332263,1
1776592583.749369,763,1776592583.749369,1776592583.699441,1776592583.650321,1776592583.718703,0.9694012482340908,0.8126261527103896,-0.2717612042949527,0.8661417322834646,0.7142857142857143,0.0,-0.05555620055588708,0.11613662073877717,0.8104994958490735,0.024174528301886794,0.19494878326377976,-0.7886382494852332,0.9623550102592019,0.9882682625629333,-0.7510319917440661,0.29574638844301765,1
1776592583.799383,764,1776592583.799383,1776592583.799427,1776592583.650321,1776592583.718703,0.9703672913745641,0.8027921088679222,-0.27224268097546894,0.9212598425196851,0.7,0.0,0.5055553878554694,0.27628369353838234,0.8050968623347151,-0.5860962445573294,-0.4476586634870739,-0.8439103844617228,0.9623550102592019,0.9882682625629333,-0.7510319917440661,0.29574638844301765,1
1776592583.849391,765,1776592583.849391,1776592583.799427,1776592583.650321,1776592583.718703,0.9713776484205638,0.7930839510282113,-0.2726895762399593,0.9133858267716536,0.7999999999999999,0.0,0.5055553878554694,0.27628369353838234,0.8050968623347151,-0.5860962445573294,-0.4476586634870739,-0.8439103844617228,0.9623550102592019,0.9882682625629333,-0.7510319917440661,0.29574638844301765,1
1776592583.899387,766,1776592583.899387,1776592583.899452,1776592583.650321,1776592583.865186,0.9722661422263661,0.7829661302642752,-0.2731540877078216,0.9055118110236221,0.6714285714285714,0.0,-0.04999965169982097,-0.12469406670801983,0.8041793954159716,-0.13292588896952104,-0.14440951709934424,-0.876150542426012,0.9623550102592019,0.9885057471264367,-0.7476780185758514,0.3109951845906902,1
1776592583.949368,767,1776592583.949368,1776592583.949414,1776592583.650321,1776592583.865186,0.9731116515438079,0.7724877207805786,-0.27363724118261185,0.9133858267716536,0.6428571428571428,0.0,-0.0027771134274363015,0.05379009833807328,0.7699286604923338,0.1601165638606676,0.0036041406969811937,-0.8265101109437906,0.9623550102592019,0.9885057471264367,-0.7476780185758514,0.3109951845906902,1
1776592583.999371,768,1776592583.999371,1776592583.949414,1776592583.650321,1776592583.865186,0.9738390643030219,0.7617895442073237,-0.27413929311521884,0.8976377952755906,0.5285714285714285,0.0,-0.0027771134274363015,0.05379009833807328,0.7699286604923338,0.1601165638606676,0.0036041406969811937,-0.8265101109437906,0.9623550102592019,0.9885057471264367,-0.7476780185758514,0.3109951845906902,1
1776592584.049366,769,1776592584.049366,1776592584.049415,1776592583.650321,1776592584.011107,0.9746294028080835,0.7513559416059641,-0.27459889256220815,0.8818897637795275,0.657142857142857,0.0,-0.05277676512725727,0.04034180732359593,0.7660550532982071,0.7250771044992743,0.4404368326919951,-0.8311161221918314,0.9623550102592019,0.9887748962984073,-0.7448400412796697,0.32343499197431785,1
1776592584.099379,770,1776592584.099379,1776592584.049415,1776592583.650321,1776592584.011107,0.9753574802758807,0.7408817994443947,-0.2750477999798272,0.8661417322834646,0.6142857142857142,0.0,-0.05277676512725727,0.04034180732359593,0.7660550532982071,0.7250771044992743,0.4404368326919951,-0.8311161221918314,0.9623550102592019,0.9887748962984073,-0.7448400412796697,0.32343499197431785,1
1776592584.149359,771,1776592584.149359,1776592584.14941,1776592583.650321,1776592584.011107,0.9761422795427512,0.7295456582131016,-0.27552598225277,0.9291338582677164,0.7,0.0,0.15555550395552903,0.27750589384638497,0.8230376991391898,0.012087264150943397,-0.09385670153379222,-0.8239497218722149,0.9623550102592019,0.9887748962984073,-0.7448400412796697,0.32343499197431785,1
1776592584.199343,772,1776592584.199343,1776592584.14941,1776592583.650321,1776592584.156363,0.9770252341103628,0.7191035209674873,-0.27592829451656514,0.8661417322834646,0.8857142857142857,0.0,0.15555550395552903,0.27750589384638497,0.8230376991391898,0.012087264150943397,-0.09385670153379222,-0.8239497218722149,0.9623550102592019,0.9890598777746112,-0.7456140350877193,0.3523274478330658,1
1776592584.249347,773,1776592584.249347,1776592584.249392,1776592584.249837,1776592584.156363,0.9776941525142823,0.7078825974336325,-0.27639489704552206,0.889763779527559,0.6285714285714284,0.0,-0.11388951453921047,0.3117356777233556,0.8506625965344853,0.2870101596516691,0.3754539049374018,-0.7778915301638034,0.9625643817260583,0.9890598777746112,-0.7456140350877193,0.3523274478330658,1
1776592584.299342,774,1776592584.299342,1776592584.249392,1776592584.249837,1776592584.156363,0.978417577021999,0.6970457328912387,-0.2768140364330309,0.8582677165354331,0.7428571428571428,0.0,-0.11388951453921047,0.3117356777233556,0.8506625965344853,0.2870101596516691,0.3754539049374018,-0.7778915301638034,0.9625643817260583,0.9890598777746112,-0.7456140350877193,0.3523274478330658,1
1776592584.349358,775,1776592584.349358,1776592584.349409,1776592584.249837,1776592584.302932,0.9791155210340384,0.6851975130046642,-0.2772807375969451,0.9212598425196851,0.7285714285714284,0.0,0.23611036936072982,0.22982884086154903,0.821916407490286,-0.422963534107402,-0.27436182320741426,-0.8101336089000892,0.9625643817260583,0.9893131946423482,-0.7458720330237358,0.3904494382022472,1
1776592584.399339,776,1776592584.399339,1776592584.349409,1776592584.249837,1776592584.302932,0.9798637613288499,0.6742304951373864,-0.2776780786588928,0.8503937007874015,0.8428571428571427,0.0,0.23611036936072982,0.22982884086154903,0.821916407490286,-0.422963534107402,-0.27436182320741426,-0.8101336089000892,0.9625643817260583,0.9893131946423482,-0.7458720330237358,0.3904494382022472,1
1776592584.44931,777,1776592584.44931,1776592584.399388,1776592584.249837,1776592584.448735,0.9803939772084722,0.6623652059623025,-0.2781591607995799,0.8976377952755906,0.5857142857142856,0.0,0.24444403164423226,-0.42787229846213276,0.750254802215452,0.5981835087082729,0.5631808574061027,-0.7461622975506316,0.9625643817260583,0.989534846901618,-0.7440660474716202,0.4317817014446228,1
1776592584.499309,778,1776592584.499309,1776592584.449348,1776592584.249837,1776592584.448735,0.980947236318968,0.651031198392073,-0.278590195562938,0.8503937007874015,0.657142857142857,0.0,-0.16666627966646771,0.051344675815455924,0.815902129363432,-0.06948476052249636,0.03249146387729662,-0.8270210362949076,0.9625643817260583,0.989534846901618,-0.7440660474716202,0.4317817014446228,1
1776592584.549347,779,1776592584.549347,1776592584.499345,1776592584.249837,1776592584.448735,0.9815208798260058,0.6385151425925689,-0.27906987708723163,0.9291338582677164,0.7142857142857143,0.0,0.10555585225570806,-0.03300758356896797,0.8240570784230136,0.06344112844702467,0.06498292775459324,-0.7937551860843911,0.9625643817260583,0.989534846901618,-0.7440660474716202,0.4317817014446228,1
1776592584.599323,780,1776592584.599323,1776592584.549399,1776592584.249837,1776592584.59636,0.9819088480688887,0.6274947831986993,-0.27951647644685007,0.811023622047244,0.5142857142857142,0.0,0.46111228501171453,0.0,0.8087665595876741,-0.709962354862119,-0.36823207414232295,-0.8920161191185962,0.9625643817260583,0.9897723314651213,-0.7466460268317853,0.47391653290529695,1
1776592584.649321,781,1776592584.649321,1776592584.599369,1776592584.249837,1776592584.59636,0.9823136555958714,0.6159495431831663,-0.2799652457755289,0.84251968503937,0.5714285714285714,0.0,-0.42500052245026854,0.3838628683079168,0.8149847476556961,0.7522677793904209,0.5306893935288061,-0.7241560127846585,0.9625643817260583,0.9897723314651213,-0.7466460268317853,0.47391653290529695,1
1776592584.699314,782,1776592584.699314,1776592584.649368,1776592584.249837,1776592584.59636,0.9825897312273002,0.6040522490921273,-0.2804554023322867,0.8661417322834646,0.44285714285714284,0.0,0.758333081783204,-0.3349636150150782,0.8520897104896369,-0.06344112844702467,-0.06498292775459324,-0.8971330557177541,0.9625643817260583,0.9897723314651213,-0.7466460268317853,0.47391653290529695,1
1776592584.749316,783,1776592584.749316,1776592584.699358,1776592584.249837,1776592584.741324,0.9828864128247987,0.5929081373565647,-0.2808904022209278,0.8031496062992125,0.5,0.0,-0.03888887598888226,0.08190683686180655,0.835372077699146,-0.11480633164005805,0.18410926237060324,-0.8439103844617228,0.9625643817260583,0.9900098160286247,-0.7496130030959751,0.5172552166934189,1
1776592584.799302,784,1776592584.799302,1776592584.749368,1776592584.249837,1776592584.741324,0.9832234200763262,0.5816402732793091,-0.28130849607788944,0.8031496062992125,0.5857142857142856,0.0,0.46666651186658703,0.24083068744679698,0.865239558392249,-0.7552839259796806,-0.1299658555091865,-0.8787109314975875,0.9625643817260583,0.9900098160286247,-0.7496130030959751,0.5172552166934189,1
1776592584.849298,785,1776592584.849298,1776592584.799345,1776592584.849771,1776592584.741324,0.983664786575368,0.5699371423450642,-0.2816990707817671,0.8188976377952756,0.757142857142857,0.0,-0.15277839052809272,0.4266500981541301,0.8477063710480945,0.4531703555878084,0.46208877567611517,-0.6949852484710655,0.9626900046061722,0.9900098160286247,-0.7496130030959751,0.5172552166934189,1
1776592584.899313,786,1776592584.899313,1776592584.849343,1776592584.849771,1776592584.889193,0.9841385022254443,0.5581785362231639,-0.28207496860399994,0.811023622047244,0.8285714285714285,0.0,0.5333334881334129,0.05379009833807328,0.8525993575260449,0.030206821480406387,-0.19494878326377976,-0.7108489043916532,0.9626900046061722,0.9902314682878947,-0.752450980392157,0.5686195826645264,1
1776592584.949305,787,1776592584.949305,1776592584.949355,1776592584.849771,1776592584.889193,0.9846182002527665,0.5460764106700122,-0.28245072833729257,0.8267716535433071,0.8714285714285713,0.0,0.38888875988882254,0.11735984295339187,0.8538226467510364,-0.7613275580551523,-0.5018020703484906,-0.7313204923322782,0.9626900046061722,0.9902314682878947,-0.752450980392157,0.5686195826645264,1
1776592584.999321,788,1776592584.999321,1776592584.949355,1776592584.849771,1776592584.889193,0.9850232293492768,0.5341897848842916,-0.2828266261595254,0.811023622047244,0.7999999999999999,0.0,0.38888875988882254,0.11735984295339187,0.8538226467510364,-0.7613275580551523,-0.5018020703484906,-0.7313204923322782,0.9626900046061722,0.9902314682878947,-0.752450980392157,0.5686195826645264,1
1776592585.049292,789,1776592585.049292,1776592584.999373,1776592584.849771,1776592585.033888,0.9854262643200384,0.5216545261352145,-0.28321702332048,0.8503937007874015,0.8428571428571427,0.0,0.2722221319221758,0.058679921476695936,0.8764525600922937,0.4924482946298984,0.2057747547558398,-0.7088013614431913,0.9626900046061722,0.9904531205471643,-0.7552889576883385,0.6059390048154093,1
1776592585.099302,790,1776592585.099302,1776592585.09936,1776592584.849771,1776592585.033888,0.9858514562435633,0.5081655208906755,-0.2836333417482103,0.9055118110236221,0.9285714285714285,0.0,0.5749994775497315,0.3105134774153529,0.8293577995722918,-0.24471607402031928,-0.06136523765649559,-0.739508743354129,0.9626900046061722,0.9904531205471643,-0.7552889576883385,0.6059390048154093,1
1776592585.149286,791,1776592585.149286,1776592585.09936,1776592584.849771,1776592585.033888,0.9862653481211789,0.4953272822705568,-0.28401494067097455,0.8503937007874015,0.9285714285714285,0.0,0.5749994775497315,0.3105134774153529,0.8293577995722918,-0.24471607402031928,-0.06136523765649559,-0.739508743354129,0.9626900046061722,0.9904531205471643,-0.7552889576883385,0.6059390048154093,1
1776592585.199304,792,1776592585.199304,1776592585.149339,1776592584.849771,1776592585.18026,0.986577982724667,0.4821583261855688,-0.2844273728813877,0.8818897637795275,0.8428571428571427,0.0,-0.05833331398332338,-0.006112023446625307,0.9661569997476902,-0.827796171988389,-0.5559590266110238,-0.7850560097114232,0.9626900046061722,0.9906589405022007,-0.7598039215686274,0.6601123595505618,1
1776592585.249291,793,1776592585.249291,1776592585.249358,1776592584.849771,1776592585.18026,0.9869163193933603,0.4684495538514716,-0.28483759566875755,0.9055118110236221,0.9285714285714285,0.0,0.013887889138375017,-0.06112432209270124,0.8827726605253957,-0.033234306966618284,0.04693512546745434,-0.7850560097114232,0.9626900046061722,0.9906589405022007,-0.7598039215686274,0.6601123595505618,1
1776592585.299241,794,1776592585.299241,1776592585.299281,1776592584.849771,1776592585.18026,0.9872329422483457,0.45421803455677456,-0.28527018886444083,0.9370078740157479,0.9571428571428571,0.0,0.17777705537740646,0.31418110024597296,0.8063200663486989,-0.5347423802612482,-0.2852013441005907,-0.7830084667629614,0.9626900046061722,0.9906589405022007,-0.7598039215686274,0.6601123595505618,1
1776592585.399253,796,1776592585.399253,1776592585.399287,1776592584.849771,1776592585.32628,0.9877631581279678,0.4269349105355916,-0.28608106684832335,0.8818897637795275,0.857142857142857,0.0,-0.42222340902283223,0.22127139489230638,0.8176350656248315,0.07854453918722785,0.08664842013982982,-0.765097267893912,0.9626900046061722,0.9908014312403026,-0.7649638802889577,0.7098715890850722,1
1776592585.449247,797,1776592585.449247,1776592585.399287,1776592585.449669,1776592585.32628,0.9879676668019717,0.41385130089315053,-0.28646667035035356,0.8503937007874015,0.8714285714285713,0.0,-0.42222340902283223,0.22127139489230638,0.8176350656248315,0.07854453918722785,0.08664842013982982,-0.765097267893912,0.9627737531929149,0.9908014312403026,-0.7649638802889577,0.7098715890850722,1
1776592585.499266,798,1776592585.499266,1776592585.449289,1776592585.449669,1776592585.472157,0.9881101360082388,0.40017239981394476,-0.2868948841539331,0.8976377952755906,0.857142857142857,0.0,-0.03888887598888226,-0.15525622775437045,0.792150924373271,0.19335087082728591,-0.007221830795078859,-0.7062428931436123,0.9627737531929149,0.9909755865868718,-0.7705108359133127,0.7592295345104334,1
1776592585.549255,799,1776592585.549255,1776592585.549299,1776592585.449669,1776592585.472157,0.9882539346316717,0.38692236460853724,-0.2872913375012653,0.8582677165354331,0.8714285714285713,0.0,0.37222143532181773,-0.6344742239385712,0.7412843838132147,0.6646521226415094,0.5162457319386484,-0.7052191216693814,0.9627737531929149,0.9909755865868718,-0.7705108359133127,0.7592295345104334,1
1776592585.599257,800,1776592585.599257,1776592585.549299,1776592585.449669,1776592585.472157,0.9882709954852993,0.3736104532322832,-0.28773016442624927,0.889763779527559,0.757142857142857,0.0,0.37222143532181773,-0.6344742239385712,0.7412843838132147,0.6646521226415094,0.5162457319386484,-0.7052191216693814,0.9627737531929149,0.9909755865868718,-0.7705108359133127,0.7592295345104334,1
1776592585.649287,801,1776592585.649287,1776592585.649328,1776592585.449669,1776592585.618223,0.9882461796982045,0.36104532322831456,-0.28814774538143295,0.84251968503937,0.7,0.0,0.1333339525336516,0.11002459729215186,0.8079510902450182,0.14199700653120462,-0.04693512546745434,-0.7461622975506316,0.9627737531929149,0.9911339096292074,-0.7711558307533539,0.7961476725521669,1
1776592585.699271,802,1776592585.699271,1776592585.649328,1776592585.449669,1776592585.618223,0.9882384247647374,0.3481686787090497,-0.2885579484418113,0.8503937007874015,0.7714285714285714,0.0,0.1333339525336516,0.11002459729215186,0.8079510902450182,0.14199700653120462,-0.04693512546745434,-0.7461622975506316,0.9627737531929149,0.9911339096292074,-0.7711558307533539,0.7961476725521669,1
1776592585.749251,803,1776592585.749251,1776592585.699302,1776592585.449669,1776592585.618223,0.9881588813043177,0.33564195460422724,-0.2889819012152359,0.84251968503937,0.7,0.0,0.19444437994441127,-0.4095352062156448,0.9946993640617292,-0.6616246371552975,-0.7545119505717848,-0.8618215833307723,0.9627737531929149,0.9911339096292074,-0.7711558307533539,0.7961476725521669,1
1776592585.799224,804,1776592585.799224,1776592585.799264,1776592585.449669,1776592585.764481,0.98809506928036,0.3219225139648117,-0.2894156583034152,0.9055118110236221,0.8285714285714285,0.0,-0.011110775710938716,-0.2823957169850076,0.8641182667433452,0.05739749637155297,0.07220475854967212,-0.8193437106241741,0.9627737531929149,0.9913080649757766,-0.7685758513931888,0.8158105939004816,1
1776592585.849254,805,1776592585.849254,1776592585.849302,1776592585.449669,1776592585.764481,0.9879348745118822,0.3088239686949249,-0.28986273111082866,0.889763779527559,0.7142857142857143,0.0,0.14722184167202662,0.26650302535452497,0.8424057351098236,-0.2084542815674891,-0.13718768630426537,-0.8075732198285135,0.9627737531929149,0.9913080649757766,-0.7685758513931888,0.8158105939004816,1
1776592585.899222,806,1776592585.899222,1776592585.849302,1776592585.449669,1776592585.764481,0.9878566604686284,0.29510239439444563,-0.2902738021588312,0.889763779527559,0.8857142857142857,0.0,0.14722184167202662,0.26650302535452497,0.8424057351098236,-0.2084542815674891,-0.13718768630426537,-0.8075732198285135,0.9627737531929149,0.9913080649757766,-0.7685758513931888,0.8158105939004816,1
1776592585.949286,807,1776592585.949286,1776592585.949329,1776592585.449669,1776592585.910378,0.9875847946582246,0.2822748240796453,-0.29074882811314073,0.8976377952755906,0.6428571428571428,0.0,0.38333453303395,0.16259147341561045,0.8495412196745741,0.1571004172714078,0.3357406102650263,-0.8249734933464459,0.9627737531929149,0.991466388018112,-0.7681888544891641,0.8330658105939005,1
1776592585.999221,808,1776592585.999221,1776592585.949329,1776592585.449669,1776592585.910378,0.9872905503255299,0.2694856596639911,-0.29121282667922516,0.8976377952755906,0.657142857142857,0.0,0.38333453303395,0.16259147341561045,0.8495412196745741,0.1571004172714078,0.3357406102650263,-0.8249734933464459,0.9627737531929149,0.991466388018112,-0.7681888544891641,0.8330658105939005,1
1776592586.04928,809,1776592586.04928,1776592586.049325,1776592586.049717,1776592585.910378,0.9868746643221655,0.2573621975002027,-0.29170554774487245,0.8976377952755906,0.5142857142857142,0.0,0.5666681372674226,0.0867966600004292,0.8090723818939219,-0.4380669448476052,-0.4259931711018374,-0.8766633885491256,0.9628575017796575,0.991466388018112,-0.7681888544891641,0.8330658105939005,1
1776592586.099207,810,1776592586.099207,1776592586.049325,1776592586.049717,1776592586.056582,0.9865518375204065,0.24447061735349218,-0.2921606099838264,0.8976377952755906,0.7142857142857143,0.0,0.5666681372674226,0.0867966600004292,0.8090723818939219,-0.4380669448476052,-0.4259931711018374,-0.8766633885491256,0.9628575017796575,0.9916563756689147,-0.7683178534571724,0.8370786516853933,1
1776592586.149222,811,1776592586.149222,1776592586.149264,1776592586.049717,1776592586.056582,0.986065713976783,0.23278028838562936,-0.292664752977528,0.889763779527559,0.4857142857142857,0.0,-0.005556548856066112,0.009779646277245308,0.8138633707957846,-0.13595337445573294,-0.0036041406969811937,-0.9078816958111805,0.9628575017796575,0.9916563756689147,-0.7683178534571724,0.8370786516853933,1
1776592586.199199,812,1776592586.199199,1776592586.199234,1776592586.049717,1776592586.056582,0.9856409651923135,0.2197841588467989,-0.293140962551325,0.9291338582677164,0.7,0.0,-0.02777810027794354,0.08435225938442391,0.8296636218785397,0.10876269956458634,-0.054156956262533196,-0.8520986354835736,0.9628575017796575,0.9916563756689147,-0.7683178534571724,0.8370786516853933,1
1776592586.249223,813,1776592586.249223,1776592586.199234,1776592586.049717,1776592586.202477,0.9851681358203479,0.20800421611426184,-0.29360277142135754,0.8740157480314961,0.5857142857142856,0.0,-0.02777810027794354,0.08435225938442391,0.8296636218785397,0.10876269956458634,-0.054156956262533196,-0.8520986354835736,0.9628575017796575,0.9918305310154839,-0.7650928792569659,0.8418940609951845,1
1776592586.299217,814,1776592586.299217,1776592586.249272,1776592586.049717,1776592586.202477,0.9847249967650848,0.19553296719709481,-0.29405349372219075,0.889763779527559,0.7142857142857143,0.0,0.43333418473377094,0.29706620830748764,0.8162079516696799,-0.7824746008708272,-0.5776109695951439,-0.8935508159439443,0.9628575017796575,0.9918305310154839,-0.7650928792569659,0.8418940609951845,1
1776592586.349293,815,1776592586.349293,1776592586.299254,1776592586.049717,1776592586.348845,0.9842918283385653,0.18276940671420464,-0.29449107784671286,0.889763779527559,0.7857142857142857,0.0,-0.23611036936072982,0.46454750486172075,0.8658512030047446,0.5619330551523947,0.4223754810037397,-0.7691904330188389,0.9628575017796575,0.9919888540578196,-0.7583849329205367,0.8422953451043339,1
1776592586.399201,816,1776592586.399201,1776592586.349348,1776592586.049717,1776592586.348845,0.983791745914701,0.1703728359342662,-0.294943003494025,0.8976377952755906,0.7285714285714284,0.0,0.42222340902283223,-0.17359434190747045,0.8715595736143433,-0.15105678519593613,-0.26715354181345186,-0.8433975383386091,0.9628575017796575,0.9919888540578196,-0.7583849329205367,0.8422953451043339,1
1776592586.449237,817,1776592586.449237,1776592586.449289,1776592586.049717,1776592586.348845,0.98337741089803,0.1576498150115858,-0.29533779977407465,0.8582677165354331,0.8714285714285713,0.0,0.04999965169982097,-0.44376499009261544,0.9883791784176196,-0.7401805152394775,-0.4873584087583329,-0.8480035495866499,0.9628575017796575,0.9919888540578196,-0.7583849329205367,0.8422953451043339,1
1776592586.49929,818,1776592586.49929,1776592586.449289,1776592586.049717,1776592586.494992,0.9827598966245211,0.14576532288692878,-0.29582462246927604,0.9133858267716536,0.6428571428571428,0.0,0.04999965169982097,-0.44376499009261544,0.9883791784176196,-0.7401805152394775,-0.4873584087583329,-0.8480035495866499,0.9628575017796575,0.9921313447959215,-0.7564499484004128,0.8382825040128411,1
1776592586.549189,819,1776592586.549189,1776592586.499329,1776592586.049717,1776592586.494992,0.9821979963024476,0.13378481601440648,-0.2962646132867561,0.8818897637795275,0.7428571428571428,0.0,-0.46666651186658703,0.11369222012277187,0.8136594608546169,0.009059778664731495,0.2057747547558398,-0.8091098374258583,0.9628575017796575,0.9921313447959215,-0.7564499484004128,0.8382825040128411,1
1776592586.599251,820,1776592586.599251,1776592586.549247,1776592586.049717,1776592586.494992,0.9815359465538847,0.12187685361804906,-0.29673959978708264,0.9212598425196851,0.6857142857142856,0.0,0.2694450184947395,-0.3679701766774342,0.8530071774083805,-0.04833771770682148,0.014443661590157718,-0.8265101109437906,0.9628575017796575,0.9921313447959215,-0.7564499484004128,0.8382825040128411,1
1776592586.649233,821,1776592586.649233,1776592586.64928,1776592586.649668,1776592586.640829,0.9808692438452417,0.112091883980046,-0.29718233265637534,0.8188976377952756,0.5,0.0,0.05555620055588708,-0.6405862473851965,0.8121304345343853,0.3776419629898403,0.4657064657742128,-0.84442130981284,0.9628993760730288,0.9922896678382571,-0.7528379772961816,0.8178170144462279,1
1776592586.69924,822,1776592586.69924,1776592586.64928,1776592586.649668,1776592586.640829,0.9802153921692011,0.1016369447680497,-0.2976163856494265,0.8346456692913385,0.6142857142857142,0.0,0.05555620055588708,-0.6405862473851965,0.8121304345343853,0.3776419629898403,0.4657064657742128,-0.84442130981284,0.9628993760730288,0.9922896678382571,-0.7528379772961816,0.8178170144462279,1
1776592586.749178,823,1776592586.749178,1776592586.699282,1776592586.649668,1776592586.640829,0.9794571812456462,0.09261369212977781,-0.29809320675995865,0.8267716535433071,0.41428571428571426,0.0,0.6638903272396282,-0.3276283693538382,0.8269113063333167,0.009059778664731495,-0.2021706140588586,-0.8398152985647992,0.9628993760730288,0.9922896678382571,-0.7528379772961816,0.8178170144462279,1
1776592586.799153,824,1776592586.799153,1776592586.749224,1776592586.649668,1776592586.787299,0.9786706094225543,0.08308049449728812,-0.2985772874033474,0.8582677165354331,0.4857142857142857,0.0,-0.16111205281159513,-0.07212719058456124,0.8236493437516856,0.2265851777939042,0.45848463497913394,-0.8132030025507853,0.9628993760730288,0.9924321585763591,-0.748452012383901,0.8025682182985554,1
1776592586.849161,825,1776592586.849161,1776592586.849204,1776592586.649668,1776592586.787299,0.9779389868423151,0.07333393075843116,-0.29901528579469017,0.8267716535433071,0.5857142857142856,0.0,0.39444530874488865,-0.2677262475691397,0.7600407751713528,0.6193305515239478,0.6353720665546583,-0.788127324134116,0.9628993760730288,0.9924321585763591,-0.748452012383901,0.8025682182985554,1
1776592586.899223,826,1776592586.899223,1776592586.849204,1776592586.649668,1776592586.787299,0.9772230956985378,0.06271469964453207,-0.29942809281794097,0.84251968503937,0.7285714285714284,0.0,0.39444530874488865,-0.2677262475691397,0.7600407751713528,0.6193305515239478,0.6353720665546583,-0.788127324134116,0.9628993760730288,0.9924321585763591,-0.748452012383901,0.8025682182985554,1
1776592586.949313,827,1776592586.949313,1776592586.900084,1776592586.649668,1776592586.933313,0.9765457576525683,0.05122066749452716,-0.299805549072499,0.84251968503937,0.8857142857142857,0.0,0.38611164646138624,0.15281182713836514,0.8325178497888428,-0.0060436320754716985,-0.3032491463877297,-0.7686795076677219,0.9628993760730288,0.9926063139229283,-0.7407120743034056,0.7861155698234349,1
1776592586.999134,828,1776592586.999134,1776592586.99917,1776592586.649668,1776592586.933313,0.9757702643058581,0.03887743824118051,-0.3002321255357876,0.9291338582677164,0.9571428571428571,0.0,0.347222770472504,0.27872809415438765,0.8465851646101984,-0.7583000725689405,-0.3429624410601052,-0.7543505485724823,0.9628993760730288,0.9926063139229283,-0.7407120743034056,0.7861155698234349,1
1776592587.049147,829,1776592587.049147,1776592586.99917,1776592586.649668,1776592586.933313,0.9750417436990058,0.02729379232650135,-0.3006208261754767,0.8582677165354331,0.9285714285714285,0.0,0.347222770472504,0.27872809415438765,0.8465851646101984,-0.7583000725689405,-0.3429624410601052,-0.7543505485724823,0.9628993760730288,0.9926063139229283,-0.7407120743034056,0.7861155698234349,1
1776592587.099143,830,1776592587.099143,1776592587.049192,1776592586.649668,1776592587.079251,0.9742553934454417,0.01580402749862379,-0.3010222704516477,0.8818897637795275,0.9142857142857143,0.0,0.5000011610005968,-0.7090458151391377,0.7342508116135446,0.6223580370101596,0.5415153650208662,-0.7113617505147669,0.9628993760730288,0.9928121338779646,-0.7342621259029928,0.7628410914927768,1
1776592587.149211,831,1776592587.149211,1776592587.099181,1776592586.649668,1776592587.079251,0.9734590725631339,0.004644980135615498,-0.3014114050851489,0.8661417322834646,0.8999999999999999,0.0,0.08055486540520082,0.1711489193848531,0.8629969750944415,-0.09063180333817125,-0.18050512167362204,-0.7604912566458711,0.9628993760730288,0.9928121338779646,-0.7342621259029928,0.7628410914927768,1
1776592587.199159,832,1776592587.199159,1776592587.199204,1776592586.649668,1776592587.079251,0.9726472418138922,-0.006194018067841887,-0.3018025715987703,0.8582677165354331,0.8857142857142857,0.0,-0.04166598941631856,0.03789740670759062,0.9739041289249362,-0.7854907474600871,-0.5270717034307084,-0.7722617474415318,0.9628993760730288,0.9928121338779646,-0.7342621259029928,0.7628410914927768,1
1776592587.249221,833,1776592587.249221,1776592587.199204,1776592587.249713,1776592587.22525,0.9718199011977163,-0.016284101237950148,-0.30219859095229035,0.8346456692913385,0.8142857142857143,0.0,-0.04166598941631856,0.03789740670759062,0.9739041289249362,-0.7854907474600871,-0.5270717034307084,-0.7722617474415318,0.9629412503664,0.9930337861372344,-0.7274251805985552,0.7407704654895666,1
1776592587.299145,834,1776592587.299145,1776592587.249263,1776592587.249713,1776592587.22525,0.9709371681996324,-0.026444595223159614,-0.30261029326401956,0.8661417322834646,0.8285714285714285,0.0,0.0722212031216984,-0.19437685667657575,0.840876708789592,0.6646521226415094,0.2815836540024931,-0.7108489043916532,0.9629412503664,0.9930337861372344,-0.7274251805985552,0.7407704654895666,1
1776592587.349194,835,1776592587.349194,1776592587.349241,1776592587.249713,1776592587.22525,0.9700369312088656,-0.036310643981582236,-0.303010119926891,0.8582677165354331,0.8142857142857143,0.0,0.32222178362199677,0.25183355593865697,0.8545362037286122,-0.045321571117561674,-0.01804780228713891,-0.7287620240326993,0.9629412503664,0.9930337861372344,-0.7274251805985552,0.7407704654895666,1
1776592587.39913,836,1776592587.39913,1776592587.349241,1776592587.249713,1776592587.37175,0.9691406824695963,-0.04657995468103901,-0.30339528943510913,0.8582677165354331,0.8999999999999999,0.0,0.32222178362199677,0.25183355593865697,0.8545362037286122,-0.045321571117561674,-0.01804780228713891,-0.7287620240326993,0.9629412503664,0.9932396060922707,-0.7186532507739939,0.7146869983948636,1
1776592587.449128,837,1776592587.449128,1776592587.449172,1776592587.249713,1776592587.37175,0.968166219687073,-0.05608754838076462,-0.30382332569576553,0.8818897637795275,0.7999999999999999,0.0,0.33333255933293543,0.08924208252304655,0.8911315195261449,0.4108762699564586,0.3357406102650263,-0.7691904330188389,0.9629412503664,0.9932396060922707,-0.7186532507739939,0.7146869983948636,1
1776592587.499093,838,1776592587.499093,1776592587.449172,1776592587.249713,1776592587.37175,0.9672012843942377,-0.06629711657043855,-0.3042245135210476,0.8818897637795275,0.9285714285714285,0.0,0.33333255933293543,0.08924208252304655,0.8911315195261449,0.4108762699564586,0.3357406102650263,-0.7691904330188389,0.9629412503664,0.9932396060922707,-0.7186532507739939,0.7146869983948636,1
1776592587.549141,839,1776592587.549141,1776592587.549233,1776592587.249713,1776592587.517503,0.9661763037594144,-0.07587938840739271,-0.304650004999806,0.8976377952755906,0.857142857142857,0.0,0.44722207387214596,0.29339858547686765,0.8295616243024521,-0.326288098693759,-0.07942658934475097,-0.7574199422231783,0.9629412503664,0.9934612583515404,-0.7122033023735811,0.6817817014446228,1
1776592587.599128,840,1776592587.599128,1776592587.599176,1776592587.249713,1776592587.517503,0.9651431250520688,-0.08564942241795007,-0.30505626266189273,0.8976377952755906,0.9142857142857143,0.0,0.39444530874488865,-0.9009772492930961,0.7299693845370822,0.5347423802612482,0.46931060647119405,-0.7845450843603061,0.9629412503664,0.9934612583515404,-0.7122033023735811,0.6817817014446228,1
1776592587.649093,841,1776592587.649093,1776592587.649128,1776592587.249713,1776592587.517503,0.9640654108696691,-0.09427581409837885,-0.30550378919010973,0.8976377952755906,0.7857142857142857,0.0,0.07500063855032822,0.16625909624623045,0.8063200663486989,0.07854453918722785,0.2707576825104331,-0.8080860659516274,0.9629412503664,0.9934612583515404,-0.7122033023735811,0.6817817014446228,1
1776592587.699173,842,1776592587.699173,1776592587.649128,1776592587.249713,1776592587.663574,0.9630100752095604,-0.10313477483474795,-0.3059157282257364,0.8740157480314961,0.857142857142857,0.0,0.07500063855032822,0.16625909624623045,0.8063200663486989,0.07854453918722785,0.2707576825104331,-0.8080860659516274,0.9629412503664,0.9936670783065767,-0.7030443756449949,0.6360353130016051,1
1776592587.749098,843,1776592587.749098,1776592587.699218,1776592587.249713,1776592587.663574,0.961910647213453,-0.1114816569158356,-0.30633922727835755,0.889763779527559,0.8142857142857143,0.0,0.14444472824459031,0.07946243624580124,0.8075433555736903,0.11782247822931784,-0.09385670153379222,-0.7533267770982514,0.9629412503664,0.9936670783065767,-0.7030443756449949,0.6360353130016051,1
1776592587.799088,844,1776592587.799088,1776592587.74914,1776592587.249713,1776592587.663574,0.9608389154082995,-0.11974532621544003,-0.3067376533248355,0.8582677165354331,0.8428571428571427,0.0,0.39166587331625885,0.23716408652278906,0.8034658384383957,-0.6404775943396226,-0.5415153650208662,-0.8101336089000892,0.9629412503664,0.9936670783065767,-0.7030443756449949,0.6360353130016051,1
1776592587.849095,845,1776592587.849095,1776592587.849137,1776592587.849527,1776592587.809703,0.9597157794727355,-0.12709578857979253,-0.30717168659089517,0.8740157480314961,0.7428571428571428,0.0,-0.030555213705379846,0.014669469415867963,0.8346585207215702,-0.012087264150943397,-0.13718768630426537,-0.7886382494852332,0.9630249989531428,0.9938570659573794,-0.6941434468524252,0.5862760834670947,1
1776592587.899082,846,1776592587.899082,1776592587.849137,1776592587.849527,1776592587.809703,0.9585673846110214,-0.13357144990803924,-0.30762925415776426,0.8740157480314961,0.657142857142857,0.0,-0.030555213705379846,0.014669469415867963,0.8346585207215702,-0.012087264150943397,-0.13718768630426537,-0.7886382494852332,0.9630249989531428,0.9938570659573794,-0.6941434468524252,0.5862760834670947,1
1776592587.949053,847,1776592587.949053,1776592587.949089,1776592587.849527,1776592587.809703,0.9574588722642811,-0.13972492841567133,-0.308053167477206,0.8346456692913385,0.657142857142857,0.0,0.29722311877268304,-0.1650368959382278,0.9075433300103881,-0.8519593613933235,-0.6931331635141728,-0.8833150219736317,0.9630249989531428,0.9938570659573794,-0.6941434468524252,0.5862760834670947,1
1776592587.999131,848,1776592587.999131,1776592587.949089,1776592587.849527,1776592587.95562,0.9563386167325763,-0.14490759113933235,-0.3084907516017281,0.8267716535433071,0.557142857142857,0.0,0.29722311877268304,-0.1650368959382278,0.9075433300103881,-0.8519593613933235,-0.6931331635141728,-0.8833150219736317,0.9630249989531428,0.9940470536081821,-0.6865325077399381,0.5533707865168539,1
1776592588.049083,849,1776592588.049083,1776592587.999182,1776592587.849527,1776592587.95562,0.9551257451383214,-0.1505340553642373,-0.3089608260811817,0.889763779527559,0.6428571428571428,0.0,0.21944536679491852,0.248165933108037,0.8689092556452079,0.29909742380261245,0.4007235380196196,-0.8183218599219398,0.9630249989531428,0.9940470536081821,-0.6865325077399381,0.5533707865168539,1
1776592588.099154,850,1776592588.099154,1776592588.099223,1776592587.849527,1776592587.95562,0.9538608047050731,-0.155373198656647,-0.30946348955052383,0.9133858267716536,0.5714285714285714,0.0,0.4111103113107,0.25427897846127434,0.8255861047432452,-0.4289958272859216,-0.1732832908785432,-0.9083926211622976,0.9630249989531428,0.9940470536081821,-0.6865325077399381,0.5533707865168539,1
1776592588.149114,851,1776592588.149114,1776592588.099223,1776592587.849527,1776592588.102454,0.9526193506417538,-0.15999257485949842,-0.3099406065659279,0.889763779527559,0.5857142857142856,0.0,0.4111103113107,0.25427897846127434,0.8255861047432452,-0.4289958272859216,-0.1732832908785432,-0.9083926211622976,0.9630249989531428,0.9942212089547512,-0.6790505675954592,0.5268860353130016,1
1776592588.199079,852,1776592588.199079,1776592588.199125,1776592587.849527,1776592588.102454,0.9514000535311978,-0.16378835789177218,-0.3104156917012118,0.8661417322834646,0.5142857142857142,0.0,-0.2027780422279137,0.03911960701559328,0.8235474313866055,0.0,0.16245731938648314,-0.8925270444697133,0.9630249989531428,0.9942212089547512,-0.6790505675954592,0.5268860353130016,1
1776592588.249083,853,1776592588.249083,1776592588.199125,1776592587.849527,1776592588.248926,0.9501687916661496,-0.16805141269699025,-0.31087633667874837,0.8661417322834646,0.6142857142857142,0.0,-0.2027780422279137,0.03911960701559328,0.8235474313866055,0.0,0.16245731938648314,-0.8925270444697133,0.9630249989531428,0.9943795319970868,-0.6701496388028896,0.5108346709470305,1
1776592588.299079,854,1776592588.299079,1776592588.299132,1776592587.849527,1776592588.248926,0.9489054022195949,-0.17202215593648518,-0.3113457996214667,0.8818897637795275,0.6142857142857142,0.0,0.38888875988882254,0.17359434190747045,0.8028541938259001,-0.6193305515239478,-0.4657064657742128,-0.8546571037831525,0.9630249989531428,0.9943795319970868,-0.6701496388028896,0.5108346709470305,1
1776592588.349066,855,1776592588.349066,1776592588.349114,1776592587.849527,1776592588.248926,0.9476646128648586,-0.1773307046629029,-0.31174223324180733,0.8503937007874015,0.8285714285714285,0.0,0.6388893403891209,-0.7872860510769363,0.8660550277349048,-0.030206821480406387,0.039713294672375485,-0.8280448077691386,0.9630249989531428,0.9943795319970868,-0.6701496388028896,0.5108346709470305,1
1776592588.399161,856,1776592588.399161,1776592588.349114,1776592587.849527,1776592588.393936,0.9464156254375998,-0.18080003755243473,-0.3121846899332196,0.8582677165354331,0.6142857142857142,0.0,0.6388893403891209,-0.7872860510769363,0.8660550277349048,-0.030206821480406387,0.039713294672375485,-0.8280448077691386,0.9630249989531428,0.9945220227351889,-0.6644736842105263,0.5012038523274478,1
1776592588.449037,857,1776592588.449037,1776592588.399196,1776592588.449495,1776592588.393936,0.9451894596716872,-0.1845574146855624,-0.3126011464498902,0.8346456692913385,0.6857142857142856,0.0,0.2666679050673032,-0.0977995284922892,0.8088685571637617,-0.06948476052249636,-0.2852013441005907,-0.8039909800547036,0.9630249989531428,0.9945220227351889,-0.6644736842105263,0.5012038523274478,1
1776592588.499065,858,1776592588.499065,1776592588.499116,1776592588.449495,1776592588.393936,0.943869126856531,-0.18763415393937843,-0.3130738446192076,0.8976377952755906,0.6428571428571428,0.0,0.5055553878554694,0.015892691630482656,0.8439347614300553,-0.7220496190130623,-0.5487371958159449,-0.8336745904914103,0.9630249989531428,0.9945220227351889,-0.6644736842105263,0.5012038523274478,1
1776592588.549037,859,1776592588.549037,1776592588.499116,1776592588.449495,1776592588.540543,0.9426485003288091,-0.1907877049914867,-0.3134869278203389,0.8188976377952756,0.6714285714285714,0.0,0.5055553878554694,0.015892691630482656,0.8439347614300553,-0.7220496190130623,-0.5487371958159449,-0.8336745904914103,0.9630249989531428,0.9946645134732908,-0.6600877192982457,0.4871589085072231,1
1776592588.599104,860,1776592588.599104,1776592588.59915,1776592588.449495,1776592588.540543,0.9413937520938321,-0.19267599503283703,-0.3139471388040634,0.8503937007874015,0.5428571428571428,0.0,0.5277769392773468,-0.12836168953863983,0.8515799782422213,-0.0030161465892597967,-0.12634816541108884,-0.846979778112419,0.9630249989531428,0.9946645134732908,-0.6600877192982457,0.4871589085072231,1
1776592588.649136,861,1776592588.649136,1776592588.59915,1776592588.449495,1776592588.540543,0.9401465372227943,-0.19430397842441932,-0.31440115551247005,0.84251968503937,0.5428571428571428,0.0,0.5277769392773468,-0.12836168953863983,0.8515799782422213,-0.0030161465892597967,-0.12634816541108884,-0.846979778112419,0.9630249989531428,0.9946645134732908,-0.6600877192982457,0.4871589085072231,1
1776592588.699067,862,1776592588.699067,1776592588.649179,1776592588.449495,1776592588.686908,0.9389440793963383,-0.19422289930399977,-0.31488675513420106,0.8346456692913385,0.3428571428571428,0.0,0.11944374139408306,-0.09535410596967187,0.8115188751328971,0.1571004172714078,0.2779795133055119,-0.8464688527613018,0.9630249989531428,0.9948070042113929,-0.6510577915376677,0.46348314606741575,1
1776592588.749029,863,1776592588.749029,1776592588.749074,1776592588.449495,1776592588.686908,0.9377159195046769,-0.19522358634286227,-0.31533226950928933,0.8267716535433071,0.5285714285714285,0.0,0.03888887598888226,-0.2836189391996223,0.8002038758567647,0.7734148222060958,0.8411603707116145,-0.7988740434555457,0.9630249989531428,0.9948070042113929,-0.6510577915376677,0.46348314606741575,1
1776592588.799144,864,1776592588.799144,1776592588.749074,1776592588.449495,1776592588.686908,0.9364808909576589,-0.19640136725000962,-0.31576427089522885,0.8188976377952756,0.5857142857142856,0.0,0.03888887598888226,-0.2836189391996223,0.8002038758567647,0.7734148222060958,0.8411603707116145,-0.7988740434555457,0.9630249989531428,0.9948070042113929,-0.6510577915376677,0.46348314606741575,1
1776592588.851688,865,1776592588.851688,1776592588.799192,1776592588.449495,1776592588.832906,0.9351567914605332,-0.19857343421282841,-0.3161799186052496,0.811023622047244,0.7428571428571428,0.0,0.15277839052809272,-0.022004715077107963,0.8973496223831593,-0.09970292089985486,-0.0036041406969811937,-0.820367482098405,0.9630249989531428,0.9949653272537284,-0.6429308565531476,0.45024077046548955,1
1776592588.899077,866,1776592588.899077,1776592588.851754,1776592588.449495,1776592588.832906,0.9339186609401283,-0.20080311002436643,-0.31654358569277846,0.8267716535433071,0.8285714285714285,0.0,0.005556548856066112,0.4621020823391034,0.8462793423039505,0.10271906748911465,0.04331743536935668,-0.6873079228003319,0.9630249989531428,0.9949653272537284,-0.6429308565531476,0.45024077046548955,1
1776592588.948983,867,1776592588.948983,1776592588.89915,1776592588.449495,1776592588.832906,0.9326244733292327,-0.2028535583065559,-0.31691774753976304,0.8188976377952756,0.8142857142857143,0.0,0.18055649080603625,-0.08190683686180655,0.9398573039424661,-0.7431966618287373,-0.4295973117988185,-0.7231322413104275,0.9630249989531428,0.9949653272537284,-0.6429308565531476,0.45024077046548955,1
1776592588.999026,868,1776592588.999026,1776592588.949022,1776592588.449495,1776592588.980774,0.9312363402386215,-0.20447514071494716,-0.31733629511752814,0.8818897637795275,0.8285714285714285,0.0,0.15833261738296533,-0.2836189391996223,0.820081473652799,0.6646521226415094,0.38267573573248065,-0.6801434432527121,0.9630249989531428,0.9951394826002976,-0.634545923632611,0.4442215088282504,1
1776592589.049084,869,1776592589.049084,1776592588.999075,1776592589.049687,1776592588.980774,0.9298092109111471,-0.20636769807842487,-0.31774708998765033,0.889763779527559,0.9142857142857143,0.0,0.08333430083383062,0.11858204326139453,0.8853210661294509,-0.14199700653120462,0.028887323180315436,-0.7763549125664588,0.9631506218332566,0.9951394826002976,-0.634545923632611,0.4442215088282504,1
1776592589.09905,870,1776592589.09905,1776592589.049137,1776592589.049687,1776592588.980774,0.9284015797021042,-0.2080532903187263,-0.3181443126876493,0.8740157480314961,0.9142857142857143,0.0,0.2527776939277347,0.11735984295339187,0.8266054840270688,0.0060436320754716985,-0.014443661590157718,-0.7374612004056671,0.9631506218332566,0.9951394826002976,-0.634545923632611,0.4442215088282504,1
1776592589.14901,871,1776592589.14901,1776592589.099127,1776592589.049687,1776592589.125389,0.9270573173779638,-0.20881714097952112,-0.3185454610589485,0.8503937007874015,0.7999999999999999,0.0,-0.14444472824459031,-0.6858188997540271,0.9910295815977626,-0.4380669448476052,-0.3393447509620075,-0.8009215864040076,0.9631506218332566,0.9953294702511003,-0.6311919504643964,0.43739967897271265,1
1776592589.199014,872,1776592589.199014,1776592589.149059,1776592589.049687,1776592589.125389,0.9256525665727802,-0.21000132286985948,-0.31893609494380043,0.8661417322834646,0.9142857142857143,0.0,0.011110775710938716,-0.1039115519389145,0.8803261672864205,0.48640466255442666,0.2129965855509187,-0.7671448108423738,0.9631506218332566,0.9953294702511003,-0.6311919504643964,0.43739967897271265,1
1776592589.249003,873,1776592589.249003,1776592589.199066,1776592589.049687,1776592589.125389,0.9241472232020518,-0.21091879712723874,-0.3193571675764722,0.9291338582677164,0.9714285714285714,0.0,0.22222248022235483,-0.20904632609244372,0.8465851646101984,0.045321571117561674,-0.057761096959514396,-0.7507683087986724,0.9631506218332566,0.9953294702511003,-0.6311919504643964,0.43739967897271265,1
1776592589.299037,874,1776592589.299037,1776592589.249057,1776592589.049687,1776592589.271246,0.9227032545904774,-0.21149061829230303,-0.31976281370182386,0.889763779527559,0.9285714285714285,0.0,0.23888980478935964,0.22249359520030904,0.8379204833032012,-0.2719067489114659,-0.057761096959514396,-0.7466732229017488,0.9631506218332566,0.9954719609892023,-0.6264189886480908,0.4265650080256822,1
1776592589.349004,875,1776592589.349004,1776592589.299107,1776592589.049687,1776592589.271246,0.9213275293934134,-0.21103828214680442,-0.3201817755464096,0.8740157480314961,0.7999999999999999,0.0,0.22777902907842093,-0.9731044398776574,0.7646279393430555,0.555889423076923,0.5451195057178473,-0.7118726758658841,0.9631506218332566,0.9954719609892023,-0.6264189886480908,0.4265650080256822,1
1776592589.399055,876,1776592589.399055,1776592589.34907,1776592589.049687,1776592589.271246,0.9198970765230245,-0.21098920794233997,-0.3205796689641181,0.8818897637795275,0.9142857142857143,0.0,0.31111100791105806,0.07212719058456124,0.8460754323627828,0.229601324383164,0.4115495095116796,-0.7814737699376133,0.9631506218332566,0.9954719609892023,-0.6264189886480908,0.4265650080256822,1
1776592589.448982,877,1776592589.448982,1776592589.449033,1776592589.049687,1776592589.418174,0.9184099018535619,-0.210186951382399,-0.32102190865862434,0.9370078740157479,0.8999999999999999,0.0,0.35555643275600646,0.17726196473809044,0.8162079516696799,-0.5740203193033382,-0.2490921901251965,-0.7814737699376133,0.9631506218332566,0.9956144517273043,-0.6269349845201239,0.4297752808988764,1
1776592589.498988,878,1776592589.498988,1776592589.499045,1776592589.049687,1776592589.418174,0.9169823293870322,-0.20955112038542453,-0.3214253650879241,0.8818897637795275,0.9142857142857143,0.0,0.11666662796664676,-0.255501178769277,0.7910295475133595,0.6827716799709723,0.3321229201669286,-0.7164786871139249,0.9631506218332566,0.9956144517273043,-0.6269349845201239,0.4297752808988764,1
1776592589.548975,879,1776592589.548975,1776592589.499045,1776592589.049687,1776592589.418174,0.9155995139650842,-0.2080148844195802,-0.3218434983988686,0.8818897637795275,0.8142857142857143,0.0,0.11666662796664676,-0.255501178769277,0.7910295475133595,0.6827716799709723,0.3321229201669286,-0.7164786871139249,0.9631506218332566,0.9956144517273043,-0.6269349845201239,0.4297752808988764,1
1776592589.649026,881,1776592589.649026,1776592589.599028,1776592589.649461,1776592589.562865,0.9128618008816693,-0.20421910138730645,-0.3226793704809285,0.8818897637795275,0.8142857142857143,0.0,0.16388916623903146,0.22493901772292638,0.8096840265064177,0.0060436320754716985,-0.028887323180315436,-0.7569090168720612,0.9631924961266278,0.9957411101611728,-0.6296439628482972,0.43739967897271265,1
1776592589.698946,882,1776592589.698946,1776592589.649071,1776592589.649461,1776592589.562865,0.9115182032661121,-0.20188487618364848,-0.3230949590099749,0.8661417322834646,0.7999999999999999,0.0,0.3416662216164379,0.12469406670801983,0.821814495125206,-0.827796171988389,-0.6534334182429137,-0.8346983619656413,0.9631924961266278,0.9957411101611728,-0.6296439628482972,0.43739967897271265,1
1776592589.749053,883,1776592589.749053,1776592589.698994,1776592589.649461,1776592589.708826,0.9102317705886835,-0.19875052808111326,-0.3235288936410773,0.8582677165354331,0.7,0.0,0.08611141426126692,0.06723736744593858,0.8753312684433899,0.44712672351233673,0.2238225570429787,-0.7553723992747164,0.9631924961266278,0.9958994332035085,-0.6337719298245614,0.44542536115569825,1
1776592589.799029,884,1776592589.799029,1776592589.799075,1776592589.649461,1776592589.708826,0.908990538094892,-0.19479258680800038,-0.32397939894500444,0.8661417322834646,0.6142857142857142,0.0,0.2666679050673032,0.26039100190789966,0.8369011040193777,-0.29002630624092884,-0.13718768630426537,-0.8147376993761333,0.9631924961266278,0.9958994332035085,-0.6337719298245614,0.44542536115569825,1
1776592589.848993,885,1776592589.848993,1776592589.799075,1776592589.649461,1776592589.708826,0.9076885955505294,-0.1916689070107835,-0.32438648514073243,0.8503937007874015,0.7857142857142857,0.0,0.2666679050673032,0.26039100190789966,0.8369011040193777,-0.29002630624092884,-0.13718768630426537,-0.8147376993761333,0.9631924961266278,0.9958994332035085,-0.6337719298245614,0.44542536115569825,1
1776592589.898935,886,1776592589.898935,1776592589.84904,1776592589.649461,1776592589.855936,0.9064668611751692,-0.1871988870823892,-0.32484653830852533,0.8661417322834646,0.6142857142857142,0.0,0.28333290763311453,-0.43520754412337276,0.9849133058948207,-0.6767393867924528,-0.6895290228171915,-0.8781980853744737,0.9631924961266278,0.9960577562458439,-0.6398348813209495,0.4510433386837881,1
1776592589.948955,887,1776592589.948955,1776592589.898983,1776592589.649461,1776592589.855936,0.9051609303793093,-0.1826221841008112,-0.32530244880811193,0.9055118110236221,0.7142857142857143,0.0,-0.11666662796664676,0.3422978387697062,0.8449541407138791,0.09063180333817125,0.35740610265026285,-0.8167852423245952,0.9631924961266278,0.9960577562458439,-0.6398348813209495,0.4510433386837881,1
1776592589.99898,888,1776592589.99898,1776592589.99903,1776592589.649461,1776592589.855936,0.9039365371696177,-0.17722402160971926,-0.3257751469774294,0.8976377952755906,0.6,0.0,0.3250012190506266,0.10024495101490656,0.816717598706088,-0.5860962445573294,-0.3249146387729663,-0.8792218568487047,0.9631924961266278,0.9960577562458439,-0.6398348813209495,0.4510433386837881,1
1776592590.048956,889,1776592590.048956,1776592589.99903,1776592589.649461,1776592590.001937,0.9026543143132141,-0.17251716530325725,-0.32621192229530177,0.8818897637795275,0.757142857142857,0.0,0.3250012190506266,0.10024495101490656,0.816717598706088,-0.5860962445573294,-0.3249146387729663,-0.8792218568487047,0.9631924961266278,0.9962319115924131,-0.6455108359133126,0.46268057784911715,1
1776592590.098942,890,1776592590.098942,1776592590.049005,1776592589.649461,1776592590.001937,0.9015068057296106,-0.16615458801138522,-0.3267187678868331,0.8976377952755906,0.5142857142857142,0.0,0.4194439735942024,-0.7860628288623216,0.8715595736143433,0.17824746008708273,0.2418703593301176,-0.8741049202495467,0.9631924961266278,0.9962319115924131,-0.6455108359133126,0.46268057784911715,1
1776592590.148987,891,1776592590.148987,1776592590.098982,1776592589.649461,1776592590.147863,0.9003200793396163,-0.15954237237506347,-0.3272182947645334,0.9212598425196851,0.5714285714285714,0.0,0.09999930339964194,-0.06112432209270124,0.7935779531174147,-0.060424981857764876,-0.03249146387729662,-0.8940636620670581,0.9631924961266278,0.9964060669389823,-0.6537667698658411,0.4731139646869984,1
1776592590.198919,892,1776592590.198919,1776592590.149029,1776592589.649461,1776592590.147863,0.8991384490487577,-0.15264211249514595,-0.3277186896298579,0.9291338582677164,0.5857142857142856,0.0,0.08888852768870323,-0.10146715132290922,0.7982670296541975,0.09970292089985486,0.29242317489566966,-0.875126770951781,0.9631924961266278,0.9964060669389823,-0.6537667698658411,0.4731139646869984,1
1776592590.248975,893,1776592590.248975,1776592590.249019,1776592590.249442,1776592590.147863,0.8978912341777199,-0.1468662919957839,-0.32814824486885663,0.8818897637795275,0.7857142857142857,0.0,0.030555213705379846,-0.1503664046157478,0.7306830267256657,0.8308123185776487,0.5812286596932416,-0.7871035526598851,0.9632762447133705,0.9964060669389823,-0.6537667698658411,0.4731139646869984,1
1776592590.298957,894,1776592590.298957,1776592590.249019,1776592590.249442,1776592590.295406,0.896730209852931,-0.14086003610154518,-0.3285781157397187,0.8503937007874015,0.7142857142857143,0.0,0.030555213705379846,-0.1503664046157478,0.7306830267256657,0.8308123185776487,0.5812286596932416,-0.7871035526598851,0.9632762447133705,0.9965643899813179,-0.6612487100103198,0.48595505617977525,1
1776592590.34888,895,1776592590.34888,1776592590.299007,1776592590.249442,1776592590.295406,0.8955583286212879,-0.13427342439798753,-0.3290222886793878,0.8818897637795275,0.7142857142857143,0.0,0.23611036936072982,-0.14303218086111985,0.8714577464602707,0.04833771770682148,-0.15523548859140426,-0.7840322382371924,0.9632762447133705,0.9965643899813179,-0.6612487100103198,0.48595505617977525,1
1776592590.398923,896,1776592590.398923,1776592590.348919,1776592590.249442,1776592590.295406,0.8944801712998331,-0.1277934957476135,-0.3294378772084342,0.8267716535433071,0.657142857142857,0.0,-0.09444507654476934,0.07334939089256388,0.8139653683718724,0.1812636066763425,-0.14079182700124654,-0.7630497249454501,0.9632762447133705,0.9965643899813179,-0.6612487100103198,0.48595505617977525,1
1776592590.448927,897,1776592590.448927,1776592590.44898,1776592590.249442,1776592590.4405,0.8933277881866218,-0.12115354251746402,-0.32985612888132754,0.8582677165354331,0.757142857142857,0.0,-0.2694450184947395,0.3019560314461103,0.8604485694903861,0.6284016690856312,0.4368191425938973,-0.7205737730108486,0.9632762447133705,0.9967385453278871,-0.6687306501547987,0.5032102728731943,1
1776592590.498958,898,1776592590.498958,1776592590.44898,1776592590.249442,1776592590.4405,0.8923110056243209,-0.11392469883374086,-0.3302992562904493,0.8346456692913385,0.6,0.0,-0.2694450184947395,0.3019560314461103,0.8604485694903861,0.6284016690856312,0.4368191425938973,-0.7205737730108486,0.9632762447133705,0.9967385453278871,-0.6687306501547987,0.5032102728731943,1
1776592590.548867,899,1776592590.548867,1776592590.499049,1776592590.249442,1776592590.4405,0.891219110992153,-0.1057975838422115,-0.33077777392224694,0.9133858267716536,0.657142857142857,0.0,0.2083345910839798,-0.04034180732359593,0.8532110021385406,0.11782247822931784,0.3610102433472441,-0.764073496419681,0.9632762447133705,0.9967385453278871,-0.6687306501547987,0.5032102728731943,1
1776592590.598955,900,1776592590.598955,1776592590.548906,1776592590.249442,1776592590.586807,0.8901737459607875,-0.09833403744148435,-0.3311976629354312,0.84251968503937,0.6857142857142856,0.0,0.38888875988882254,0.17726196473809044,0.8345566083564901,-0.22054154571843249,-0.03609560457427782,-0.7911967177848122,0.9632762447133705,0.9969127006744561,-0.6736326109391125,0.514446227929374,1
1776592590.648909,901,1776592590.648909,1776592590.648954,1776592590.249442,1776592590.586807,0.8891011278775235,-0.08982926444168492,-0.33166874349144904,0.9133858267716536,0.6857142857142856,0.0,-0.15833261738296533,-0.046454852676833275,0.8705402795415272,0.024174528301886794,0.5054197604465883,-0.8290685792433695,0.9632762447133705,0.9969127006744561,-0.6736326109391125,0.514446227929374,1
1776592590.698969,902,1776592590.698969,1776592590.699026,1776592590.249442,1776592590.586807,0.888182057476908,-0.0810172442487166,-0.3321542642052142,0.8740157480314961,0.5285714285714285,0.0,-0.24722346707286205,-0.14547658147712514,0.8319062903873548,0.11782247822931784,0.5740068288981627,-0.868475137527275,0.9632762447133705,0.9969127006744561,-0.6736326109391125,0.514446227929374,1
1776592590.748917,903,1776592590.748917,1776592590.748954,1776592590.249442,1776592590.732997,0.8873177147496176,-0.07138376454623431,-0.3326699672159102,0.9055118110236221,0.45714285714285713,0.0,0.16388916623903146,0.22493901772292638,0.8291539748421316,-0.5015080732946299,-0.18410926237060324,-0.8966221303666371,0.9632762447133705,0.9970710237167917,-0.6800825593395253,0.5200642054574638,1
1776592590.798892,904,1776592590.798892,1776592590.748954,1776592590.249442,1776592590.732997,0.8863738285619074,-0.06292166476770832,-0.3330968395840706,0.84251968503937,0.657142857142857,0.0,0.16388916623903146,0.22493901772292638,0.8291539748421316,-0.5015080732946299,-0.18410926237060324,-0.8966221303666371,0.9632762447133705,0.9970710237167917,-0.6800825593395253,0.5200642054574638,1
1776592590.848976,905,1776592590.848976,1776592590.79904,1776592590.849472,1776592590.732997,0.8853532793176367,-0.054852158624898124,-0.333481160831656,0.8267716535433071,0.7999999999999999,0.0,-0.11111007911058066,-0.07579481341518124,0.7487257758952204,0.7764309687953554,0.5884504904883205,-0.7441147546021698,0.9633181190067417,0.9970710237167917,-0.6800825593395253,0.5200642054574638,1
1776592590.898878,906,1776592590.898878,1776592590.849026,1776592590.849472,1776592590.879135,0.8842749004266542,-0.04646046966147334,-0.33387295860900407,0.8582677165354331,0.8857142857142857,0.0,-0.17777705537740646,0.06112432209270124,0.8335372290726665,-0.07251224600870826,-0.010825971492060053,-0.8075732198285135,0.9633181190067417,0.9972451790633609,-0.6882094943240453,0.5308988764044944,1
1776592590.948877,907,1776592590.948877,1776592590.898921,1776592590.849472,1776592590.879135,0.8832277628390678,-0.03733480129214514,-0.33429610257577896,0.889763779527559,0.8428571428571427,0.0,-0.02777810027794354,-0.0024454225226173483,0.8239551660579335,0.14501315312046442,0.09385670153379222,-0.6663254095085898,0.9633181190067417,0.9972451790633609,-0.6882094943240453,0.5308988764044944,1
1776592590.99893,908,1776592590.99893,1776592590.94892,1776592590.849472,1776592590.879135,0.8822956198363221,-0.02868493934001596,-0.33469302937090606,0.8188976377952756,0.757142857142857,0.0,0.38888875988882254,0.1638136737236131,0.8196738241924787,-0.5075517053701016,-0.350184271855184,-0.7502554626755585,0.9633181190067417,0.9972451790633609,-0.6882094943240453,0.5308988764044944,1
1776592591.048877,909,1776592591.048877,1776592590.99898,1776592590.849472,1776592591.025553,0.8813699023498777,-0.01946965720601351,-0.3351088348968585,0.8503937007874015,0.757142857142857,0.0,-0.2777786807782419,0.051344675815455924,0.8240570784230136,0.864046625544267,0.5379112243238849,-0.6105423491809828,0.9633181190067417,0.9974351667141635,-0.7008513931888545,0.5373194221508828,1
1776592591.09887,910,1776592591.09887,1776592591.04892,1776592590.849472,1776592591.025553,0.8804353220823281,-0.010254375072011062,-0.3355042821676263,0.84251968503937,0.7999999999999999,0.0,0.30277734562755565,-0.05012247550745328,0.8209989405715425,0.06948476052249636,-0.2418703593301176,-0.7523030056240204,0.9633181190067417,0.9974351667141635,-0.7008513931888545,0.5373194221508828,1
1776592591.148898,911,1776592591.148898,1776592591.098911,1776592590.849472,1776592591.025553,0.8794132218513641,-0.0003627223808243613,-0.3359187659851511,0.8976377952755906,0.9142857142857143,0.0,0.17777705537740646,0.2347186640001717,0.8250764577068371,0.09063180333817125,0.039713294672375485,-0.7246669381357755,0.9633181190067417,0.9974351667141635,-0.7008513931888545,0.5373194221508828,1
1776592591.198873,912,1776592591.198873,1776592591.198926,1776592590.849472,1776592591.171916,0.8784518316709711,0.009157673285283286,-0.3363121221948243,0.8503937007874015,0.8857142857142857,0.0,-0.044445424844948365,-0.045232652368830624,0.8750255313481498,0.5407860123367199,0.15161779849330662,-0.7308076462091644,0.9633181190067417,0.9976251543649662,-0.7123323013415893,0.5337078651685393,1
1776592591.248855,913,1776592591.248855,1776592591.248898,1776592590.849472,1776592591.171916,0.8774700570940358,0.01909840018093446,-0.33670753001160914,0.8740157480314961,0.9285714285714285,0.0,-0.09722218997220564,0.31540330055397564,0.8569826117565796,-0.10271906748911465,-0.028887323180315436,-0.7349027321060881,0.9633181190067417,0.9976251543649662,-0.7123323013415893,0.5337078651685393,1
1776592591.298854,914,1776592591.298854,1776592591.248898,1776592590.849472,1776592591.171916,0.876519966959552,0.029252493182952904,-0.3371020501137784,0.8740157480314961,0.9142857142857143,0.0,-0.09722218997220564,0.31540330055397564,0.8569826117565796,-0.10271906748911465,-0.028887323180315436,-0.7349027321060881,0.9633181190067417,0.9976251543649662,-0.7123323013415893,0.5337078651685393,1
1776592591.348843,915,1776592591.348843,1776592591.298897,1776592590.849472,1776592591.318059,0.8756170711344538,0.03941725449028971,-0.3374895868609715,0.8582677165354331,0.8857142857142857,0.0,0.33055544590549923,0.14180895864650514,0.8303771788561154,-0.1903347242380261,-0.04693512546745434,-0.738484971879898,0.9633181190067417,0.9977834774073018,-0.718266253869969,0.5377207062600321,1
1776592591.398844,916,1776592591.398844,1776592591.348888,1776592590.849472,1776592591.318059,0.8747824187238659,0.04961615437464528,-0.33788907816498814,0.84251968503937,0.8285714285714285,0.0,-0.22777902907842093,-0.03422978387697062,0.9297655086803175,-0.903324564586357,-0.5848328003902228,-0.7804499984633824,0.9633181190067417,0.9977834774073018,-0.718266253869969,0.5377207062600321,1
1776592591.450326,917,1776592591.450326,1776592591.398886,1776592591.450845,1776592591.318059,0.8738562580983662,0.06081574129786336,-0.3383074679268216,0.889763779527559,0.9285714285714285,0.0,0.3805550976053202,0.06356974461531859,0.8722732158029266,0.326288098693759,0.2707576825104331,-0.765097267893912,0.963359993300113,0.9977834774073018,-0.718266253869969,0.5377207062600321,1
1776592591.498866,918,1776592591.498866,1776592591.450379,1776592591.450845,1776592591.464484,0.8730703509838572,0.07163340289068401,-0.3387163295517809,0.889763779527559,0.8428571428571427,0.0,0.08055486540520082,-0.08801988221504391,0.8776758493172852,-0.03625045355587808,-0.08303073004173216,-0.7830084667629614,0.963359993300113,0.9979259681454038,-0.7211042311661507,0.5509630818619583,1
1776592591.548821,919,1776592591.548821,1776592591.548868,1776592591.450845,1776592591.464484,0.8722560829698116,0.08257481682519768,-0.3391075552463766,0.8661417322834646,0.8857142857142857,0.0,-0.22499959364979114,-0.7127134379697577,0.9471966984483842,-0.14804063860667632,-0.14079182700124654,-0.7922204892590431,0.963359993300113,0.9979259681454038,-0.7211042311661507,0.5509630818619583,1
1776592591.598876,920,1776592591.598876,1776592591.548868,1776592591.450845,1776592591.464484,0.8714943269338145,0.09393016100606387,-0.33952821361222774,0.8818897637795275,0.8428571428571427,0.0,-0.22499959364979114,-0.7127134379697577,0.9471966984483842,-0.14804063860667632,-0.14079182700124654,-0.7922204892590431,0.963359993300113,0.9979259681454038,-0.7211042311661507,0.5509630818619583,1
1776592591.648823,921,1776592591.648823,1776592591.598919,1776592591.450845,1776592591.610853,0.8706937962304818,0.10526630223735699,-0.33992529822328654,0.8740157480314961,0.9285714285714285,0.0,-0.44444496044470966,0.27628369353838234,0.8005096981630125,0.14501315312046442,0.25270988022329416,-0.7563961707489474,0.963359993300113,0.9980684588835059,-0.7223942208462333,0.5553772070626003,1
1776592591.698954,922,1776592591.698954,1776592591.648872,1776592591.450845,1776592591.610853,0.8699546402863032,0.11767140766155014,-0.340369313347024,0.9370078740157479,0.8714285714285713,0.0,0.26111135621123704,-0.15525622775437045,0.8333333191314987,0.09970292089985486,0.04693512546745434,-0.7456494514275178,0.963359993300113,0.9980684588835059,-0.7223942208462333,0.5553772070626003,1
1776592591.748813,923,1776592591.748813,1776592591.748856,1776592591.450845,1776592591.610853,0.8692168137592904,0.1295217612091884,-0.3407706392612463,0.889763779527559,0.9142857142857143,0.0,0.030555213705379846,-0.9694368170470374,0.766972435005943,0.41691990203193036,0.48015012736437057,-0.7697032791419528,0.963359993300113,0.9980684588835059,-0.7223942208462333,0.5553772070626003,1
1776592591.798836,924,1776592591.798836,1776592591.748856,1776592591.450845,1776592591.757063,0.8686015151810578,0.1417689757146698,-0.3412176331606939,0.9055118110236221,0.7857142857142857,0.0,0.030555213705379846,-0.9694368170470374,0.766972435005943,0.41691990203193036,0.48015012736437057,-0.7697032791419528,0.963359993300113,0.9981476204046736,-0.7203302373581012,0.5445425361155698,1
1776592591.848894,925,1776592591.848894,1776592591.798887,1776592591.450845,1776592591.757063,0.8680697483147422,0.15382629438548429,-0.34166794119470645,0.8818897637795275,0.7142857142857143,0.0,-0.38333453303395,0.04400943015421593,0.8472987215877742,-0.08761565674891146,-0.12634816541108884,-0.7855669350625404,0.963359993300113,0.9981476204046736,-0.7203302373581012,0.5445425361155698,1
1776592591.89883,926,1776592591.89883,1776592591.848941,1776592591.450845,1776592591.757063,0.8675896071483646,0.16585374180140736,-0.34210530832232255,0.8740157480314961,0.6857142857142856,0.0,0.1333339525336516,-0.007335245661240003,0.7910295475133595,0.10876269956458634,-0.010825971492060053,-0.765608193245029,0.963359993300113,0.9981476204046736,-0.7203302373581012,0.5445425361155698,1
1776592591.948801,927,1776592591.948801,1776592591.89888,1776592591.450845,1776592591.903385,0.867131844504278,0.1772432245592923,-0.3425065158745961,0.8188976377952756,0.6857142857142856,0.0,0.5111119367115354,-0.11246899790815718,0.9450561127266645,-0.9154004898403483,-0.7653379220638449,-0.8628453548050032,0.963359993300113,0.9982109496216078,-0.7186532507739939,0.5453451043338683,1
1776592591.998871,928,1776592591.998871,1776592591.998916,1776592591.450845,1776592591.903385,0.8666949093957887,0.18971020615433198,-0.3429579286201303,0.889763779527559,0.7,0.0,0.4750001741500895,-0.3740832220306715,0.8844035992107074,-0.0060436320754716985,-0.11191805322204759,-0.8219040996957497,0.963359993300113,0.9982109496216078,-0.7186532507739939,0.5453451043338683,1
1776592592.048806,929,1776592592.048806,1776592591.998916,1776592592.04926,1776592592.049977,0.8663656570777284,0.20215798479979857,-0.3434356966262525,0.889763779527559,0.6,0.0,0.4750001741500895,-0.3740832220306715,0.8844035992107074,-0.0060436320754716985,-0.11191805322204759,-0.8219040996957497,0.9634437418868557,0.9982426142300751,-0.721233230134159,0.5581861958266453,1
1776592592.098849,930,1776592592.098849,1776592592.048864,1776592592.04926,1776592592.049977,0.8659608495507456,0.21430064991316,-0.34385722297972776,0.8503937007874015,0.7285714285714284,0.0,0.2638884696386734,0.0709049902765586,0.841794090497328,-0.07552839259796806,-0.039713294672375485,-0.8254863394695596,0.9634437418868557,0.9982426142300751,-0.721233230134159,0.5581861958266453,1
1776592592.148801,931,1776592592.148801,1776592592.098889,1776592592.04926,1776592592.049977,0.8657935645573838,0.22630035973525536,-0.3443371215009274,0.8582677165354331,0.45714285714285713,0.0,0.08055486540520082,-0.8361853043697749,0.9023445212261898,0.08458817126269956,0.06858706845157445,-0.8838278680967455,0.9634437418868557,0.9982426142300751,-0.721233230134159,0.5581861958266453,1
1776592592.199349,932,1776592592.199349,1776592592.148844,1776592592.04926,1776592592.195848,0.8655363223358037,0.23944797920960662,-0.3448306908272074,0.9133858267716536,0.6285714285714284,0.0,0.31944467019456046,0.14914420430774514,0.869011168010288,0.3142008345428156,0.3104709771828085,-0.8346983619656413,0.9634437418868557,0.9982742788385421,-0.7231682146542827,0.5742375601926164,1
1776592592.248804,933,1776592592.248804,1776592592.199395,1776592592.04926,1776592592.195848,0.8653699236205524,0.2527001480760778,-0.34534682783171544,0.9448818897637795,0.5714285714285714,0.0,0.04999965169982097,-0.25672337907727966,0.8016309898119162,0.10876269956458634,0.2779795133055119,-0.8700098343526231,0.9634437418868557,0.9982742788385421,-0.7231682146542827,0.5742375601926164,1
1776592592.298847,934,1776592592.298847,1776592592.298891,1776592592.04926,1776592592.195848,0.8651042617569222,0.2657858913795826,-0.34579697804979637,0.8976377952755906,0.7285714285714284,0.0,0.24166691821679595,-0.3410756384617036,0.7451579910073415,0.7311093976777938,0.5270717034307084,-0.819856556747288,0.9634437418868557,0.9982742788385421,-0.7231682146542827,0.5742375601926164,1
1776592592.348781,935,1776592592.348781,1776592592.348826,1776592592.04926,1776592592.342532,0.8649236825919026,0.27876921895203105,-0.3462619235114708,0.8976377952755906,0.657142857142857,0.0,-0.11944374139408306,0.10146715132290922,0.8220183198553662,0.009059778664731495,-0.054156956262533196,-0.8582393435569624,0.9634437418868557,0.9983217757512428,-0.7244582043343654,0.5754414125200642,1
1776592592.398782,936,1776592592.398782,1776592592.398827,1776592592.04926,1776592592.342532,0.8646420677222829,0.2923841101993266,-0.3467038081201308,0.9133858267716536,0.8428571428571427,0.0,-0.01944443799444113,-0.06723736744593858,0.8137614584307046,0.1540729317851959,-0.03249146387729662,-0.7743092903899935,0.9634437418868557,0.9983217757512428,-0.7244582043343654,0.5754414125200642,1
1776592592.448845,937,1776592592.448845,1776592592.448884,1776592592.04926,1776592592.342532,0.864465255239233,0.3061952982644801,-0.3471808265005775,0.9370078740157479,0.757142857142857,0.0,0.502778274428033,0.21271394892306372,0.8010193451994205,-0.7431966618287373,-0.4187713403067585,-0.8433975383386091,0.9634437418868557,0.9983217757512428,-0.7244582043343654,0.5754414125200642,1
1776592592.49881,938,1776592592.49881,1776592592.448884,1776592592.04926,1776592592.488893,0.8642780289883844,0.31903780420672617,-0.3475947974163244,0.8582677165354331,0.7714285714285714,0.0,0.502778274428033,0.21271394892306372,0.8010193451994205,-0.7431966618287373,-0.4187713403067585,-0.8433975383386091,0.9634437418868557,0.998385104968177,-0.7261351909184726,0.5734349919743178,1
1776592592.548825,939,1776592592.548825,1776592592.548868,1776592592.04926,1776592592.488893,0.864194718845995,0.33144077596985566,-0.3480190658216123,0.84251968503937,0.657142857142857,0.0,0.35555643275600646,-0.1259172889226345,0.8570846093326674,-0.11480633164005805,-0.2996450056907485,-0.8183218599219398,0.9634437418868557,0.998385104968177,-0.7261351909184726,0.5734349919743178,1
1776592592.598871,940,1776592592.598871,1776592592.59892,1776592592.04926,1776592592.488893,0.8641461951194437,0.34464173697079875,-0.3484791189894052,0.8976377952755906,0.6857142857142856,0.0,0.03333232713281614,0.19315363446196104,0.8326197621539229,-0.14501315312046442,-0.09385670153379222,-0.7727726727926489,0.9634437418868557,0.998385104968177,-0.7261351909184726,0.5734349919743178,1
1776592592.64873,941,1776592592.64873,1776592592.648774,1776592592.649164,1776592592.636637,0.8641184989284897,0.3566926546584222,-0.34889715366539237,0.8188976377952756,0.6428571428571428,0.0,0.43611129816120725,-0.11980424356939717,0.9186544193453529,-0.8580029934687953,-0.5631808574061027,-0.8433975383386091,0.9635693647669695,0.9984484341851113,-0.7245872033023736,0.5573836276083467,1
1776592592.69876,942,1776592592.69876,1776592592.698803,1776592592.649164,1776592592.636637,0.8641001086576963,0.36921084411899,-0.34932349340478347,0.84251968503937,0.6857142857142856,0.0,0.02777810027794354,0.051344675815455924,0.8348623454517303,0.24168858853410738,0.32851877946994745,-0.7794262269891514,0.9635693647669695,0.9984484341851113,-0.7245872033023736,0.5573836276083467,1
1776592592.748744,943,1776592592.748744,1776592592.748787,1776592592.649164,1776592592.636637,0.8641517343576345,0.38106333132769193,-0.3497435599608909,0.811023622047244,0.6,0.0,0.38888875988882254,-0.23227324147755435,0.871763483555511,0.018130896226415092,0.0036041406969811937,-0.817298088447709,0.9635693647669695,0.9984484341851113,-0.7245872033023736,0.5573836276083467,1
1776592592.798793,944,1776592592.798793,1776592592.748787,1776592592.649164,1776592592.780855,0.8643788431234567,0.3926981851078992,-0.3502204402523974,0.84251968503937,0.41428571428571426,0.0,0.38888875988882254,-0.23227324147755435,0.871763483555511,0.018130896226415092,0.0036041406969811937,-0.817298088447709,0.9635693647669695,0.9984642664893448,-0.7218782249742002,0.5313001605136436,1
1776592592.848793,945,1776592592.848793,1776592592.848835,1776592592.649164,1776592592.780855,0.8645408104481553,0.4043714447872527,-0.35066333093762175,0.8188976377952756,0.5285714285714285,0.0,0.01944443799444113,-0.3215153240006009,0.9647298857925385,-0.6314178156748911,-0.4187713403067585,-0.8664275945788131,0.9635693647669695,0.9984642664893448,-0.7218782249742002,0.5313001605136436,1
1776592592.898742,946,1776592592.898742,1776592592.848835,1776592592.649164,1776592592.780855,0.8647745662998065,0.4161215162648983,-0.3511343325856738,0.84251968503937,0.4857142857142857,0.0,0.01944443799444113,-0.3215153240006009,0.9647298857925385,-0.6314178156748911,-0.4187713403067585,-0.8664275945788131,0.9635693647669695,0.9984642664893448,-0.7218782249742002,0.5313001605136436,1
1776592592.948755,947,1776592592.948755,1776592592.948805,1776592592.649164,1776592592.927551,0.864918586492767,0.42861410179270204,-0.35156745841012643,0.8503937007874015,0.6714285714285714,0.0,0.08888852768870323,-0.10146715132290922,0.860346657125306,0.07552839259796806,0.11191805322204759,-0.8065494483542825,0.9635693647669695,0.9985117634020455,-0.7164602683178535,0.5064205457463885,1
1776592592.998735,948,1776592592.998735,1776592592.998777,1776592592.649164,1776592592.927551,0.8650889734595156,0.4414480730906934,-0.35201017155242764,0.8740157480314961,0.7,0.0,0.32222178362199677,0.3374080156310835,0.8072374480564349,-0.4108762699564586,-0.2996450056907485,-0.7707270506161836,0.9635693647669695,0.9985117634020455,-0.7164602683178535,0.5064205457463885,1
1776592593.048726,949,1776592593.048726,1776592593.04877,1776592592.649164,1776592592.927551,0.8652850624914695,0.4533880404030059,-0.352419427717216,0.8188976377952756,0.6428571428571428,0.0,0.04999965169982097,-0.6026888406776059,0.94108050795645,-0.17523131349782292,-0.11913988401712645,-0.7502554626755585,0.9635693647669695,0.9985117634020455,-0.7164602683178535,0.5064205457463885,1
1776592593.098738,950,1776592593.098738,1776592593.04877,1776592592.649164,1776592593.074097,0.8654053747449735,0.46747660440643685,-0.35284265059195674,0.9133858267716536,0.9142857142857143,0.0,0.04999965169982097,-0.6026888406776059,0.94108050795645,-0.17523131349782292,-0.11913988401712645,-0.7502554626755585,0.9635693647669695,0.9985592603147462,-0.7088493292053664,0.4731139646869984,1
1776592593.148767,951,1776592593.148767,1776592593.148811,1776592592.649164,1776592593.074097,0.8655223634555629,0.4812536538945716,-0.35324634374515396,0.8818897637795275,0.9285714285714285,0.0,0.08611141426126692,-0.17359434190747045,0.8376146609969535,-0.027190674891146585,0.23826621863313643,-0.740019668705246,0.9635693647669695,0.9985592603147462,-0.7088493292053664,0.4731139646869984,1
1776592593.19873,952,1776592593.19873,1776592593.148811,1776592592.649164,1776592593.074097,0.8657450408308325,0.4956366631247893,-0.35369574433755946,0.952755905511811,0.8999999999999999,0.0,0.08611141426126692,-0.17359434190747045,0.8376146609969535,-0.027190674891146585,0.23826621863313643,-0.740019668705246,0.9635693647669695,0.9985592603147462,-0.7088493292053664,0.4731139646869984,1
1776592593.248795,953,1776592593.248795,1776592593.198776,1776592593.24933,1776592593.219605,0.8659194160490785,0.5091278020303919,-0.3540858455936421,0.8661417322834646,0.9142857142857143,0.0,0.23611036936072982,0.25916880159989697,0.8082568273402585,-0.6344339622641509,-0.35740610265026285,-0.793244260733274,0.9636531133537122,0.9985909249232132,-0.7000773993808049,0.4406099518459069,1
1776592593.298728,954,1776592593.298728,1776592593.24885,1776592593.24933,1776592593.219605,0.8661899524423166,0.5226978863953503,-0.3545123826029477,0.9055118110236221,0.857142857142857,0.0,0.31111100791105806,-0.9254273868928214,0.7968400009100535,0.34139150943396224,0.36461438404422525,-0.7773786840406898,0.9636531133537122,0.9985909249232132,-0.7000773993808049,0.4406099518459069,1
1776592593.348751,955,1776592593.348751,1776592593.348793,1776592593.24933,1776592593.219605,0.8664234867244401,0.5359479216007579,-0.3549091121281603,0.8582677165354331,0.8999999999999999,0.0,-0.0722212031216984,-0.12102644387739982,0.8007135228931727,0.11177884615384615,-0.07942658934475097,-0.7221084698361966,0.9636531133537122,0.9985909249232132,-0.7000773993808049,0.4406099518459069,1
1776592593.398716,956,1776592593.398716,1776592593.398758,1776592593.24933,1776592593.366057,0.8667203898914664,0.5495350752542257,-0.3553270284421987,0.8976377952755906,0.8999999999999999,0.0,-0.030555213705379846,-0.11613662073877717,0.9064220383614844,-0.8157089078374455,-0.6570375589398949,-0.7604912566458711,0.9636531133537122,0.9986225895316804,-0.6929824561403509,0.4040930979133226,1
1776592593.448713,957,1776592593.448713,1776592593.398758,1776592593.24933,1776592593.366057,0.8669986812181716,0.5619103094235275,-0.355695923182464,0.811023622047244,0.8428571428571427,0.0,-0.030555213705379846,-0.11613662073877717,0.9064220383614844,-0.8157089078374455,-0.6570375589398949,-0.7604912566458711,0.9636531133537122,0.9986225895316804,-0.6929824561403509,0.4040930979133226,1
1776592593.498716,958,1776592593.498716,1776592593.498757,1776592593.24933,1776592593.366057,0.8673390120126134,0.5746247957019531,-0.356086557067316,0.8503937007874015,0.8428571428571427,0.0,0.28888945648918063,0.05256687612345858,0.894699304414024,-0.07251224600870826,-0.14801365779632542,-0.7579327883462922,0.9636531133537122,0.9986225895316804,-0.6929824561403509,0.4040930979133226,1
1776592593.548713,959,1776592593.548713,1776592593.548756,1776592593.24933,1776592593.51212,0.8677039370246226,0.5881756771173385,-0.3564978451122246,0.8976377952755906,0.9285714285714285,0.0,0.22777902907842093,0.051344675815455924,0.8356778147943862,0.045321571117561674,0.0,-0.7149439902885768,0.9636531133537122,0.9986384218359139,-0.6866615067079463,0.3615569823434992,1
1776592593.598683,960,1776592593.598683,1776592593.598729,1776592593.24933,1776592593.51212,0.8680817130692342,0.601041653331285,-0.3568881830922047,0.8582677165354331,0.8857142857142857,0.0,0.08888852768870323,-0.3618581532308089,0.9971457720896968,-0.691842797532656,-0.4259931711018374,-0.7835213128860752,0.9636531133537122,0.9986384218359139,-0.6866615067079463,0.3615569823434992,1
1776592593.648718,961,1776592593.648718,1776592593.648761,1776592593.24933,1776592593.51212,0.8684942755296841,0.6137710752371565,-0.3572810461270915,0.8582677165354331,0.8714285714285713,0.0,0.005556548856066112,-0.16992671907685045,0.8618756834455377,0.5286987481857764,0.19494878326377976,-0.7389958972310151,0.9636531133537122,0.9986384218359139,-0.6866615067079463,0.3615569823434992,1
1776592593.698714,962,1776592593.698714,1776592593.648761,1776592593.24933,1776592593.663248,0.8689644460673182,0.626545304025365,-0.35768834931972554,0.8818897637795275,0.857142857142857,0.0,0.005556548856066112,-0.16992671907685045,0.8618756834455377,0.5286987481857764,0.19494878326377976,-0.7389958972310151,0.9636531133537122,0.9986384218359139,-0.6836945304437565,0.32062600321027285,1
1776592593.748757,963,1776592593.748757,1776592593.698761,1776592593.24933,1776592593.663248,0.869511722800568,0.6395072949871767,-0.3581326011673605,0.9212598425196851,0.8428571428571427,0.0,-0.17222282852253384,-0.25305575624665966,0.8665647599823204,0.0,0.10469622242696874,-0.7778915301638034,0.9636531133537122,0.9986384218359139,-0.6836945304437565,0.32062600321027285,1
1776592593.798685,964,1776592593.798685,1776592593.748805,1776592593.24933,1776592593.663248,0.8700027208737993,0.6524671522879247,-0.35853146120765056,0.8818897637795275,0.9285714285714285,0.0,0.38611164646138624,0.26283642443051697,0.8362895446178895,-0.1631440493468795,0.03249146387729662,-0.7579327883462922,0.9636531133537122,0.9986384218359139,-0.6836945304437565,0.32062600321027285,1
1776592593.848685,965,1776592593.848685,1776592593.848728,1776592593.849178,1776592593.803825,0.8706271038026648,0.6642470950204618,-0.35897338527029343,0.889763779527559,0.7285714285714284,0.0,0.5805560264057976,0.0036676228306200013,0.855351673071268,0.25075970609579096,0.3321229201669286,-0.7963155751559666,0.9637368619404547,0.9986384218359139,-0.6768575851393189,0.27568218298555375,1
1776592593.898653,966,1776592593.898653,1776592593.898692,1776592593.849178,1776592593.803825,0.8712293297787672,0.6763257503019131,-0.35939232738788773,0.8818897637795275,0.8142857142857143,0.0,-0.17777705537740646,-0.045232652368830624,0.7968400009100535,0.1903347242380261,0.08664842013982982,-0.7737964442668798,0.9637368619404547,0.9986384218359139,-0.6768575851393189,0.27568218298555375,1
1776592593.948667,967,1776592593.948667,1776592593.948715,1776592593.849178,1776592593.949852,0.8719073325333195,0.6883681333452818,-0.35984222115507963,0.9133858267716536,0.7857142857142857,0.0,0.4194439735942024,0.16259147341561045,0.8088685571637617,-0.48337717706821476,-0.559563167308005,-0.8183218599219398,0.9637368619404547,0.9987175833570817,-0.6710526315789473,0.24678972712680577,1
1776592593.998662,968,1776592593.998662,1776592593.998701,1776592593.849178,1776592593.949852,0.8725097800789496,0.6998216259350769,-0.36023869422940324,0.8346456692913385,0.8142857142857143,0.0,-0.05277676512725727,-0.08924208252304655,0.7937818630585827,0.827796171988389,0.350184271855184,-0.7251797842588894,0.9637368619404547,0.9987175833570817,-0.6710526315789473,0.24678972712680577,1
1776592594.048649,969,1776592594.048649,1776592594.04869,1776592593.849178,1776592593.949852,0.8732529242746256,0.7110062772308493,-0.3606932830205622,0.8976377952755906,0.7142857142857143,0.0,-0.10833296568314436,-0.03422978387697062,0.8089703843178343,0.012087264150943397,-0.12634816541108884,-0.7876144780110023,0.9637368619404547,0.9987175833570817,-0.6710526315789473,0.24678972712680577,1
1776592594.098682,970,1776592594.098682,1776592594.04869,1776592593.849178,1776592594.095826,0.8740153450192056,0.7213523997285983,-0.36113246503139246,0.8661417322834646,0.6428571428571428,0.0,-0.10833296568314436,-0.03422978387697062,0.8089703843178343,0.012087264150943397,-0.12634816541108884,-0.7876144780110023,0.9637368619404547,0.9987967448782495,-0.6644736842105263,0.21067415730337077,1
1776592594.148656,971,1776592594.148656,1776592594.148706,1776592593.849178,1776592594.095826,0.8748460091782961,0.7320335070133439,-0.3616096017737879,0.9133858267716536,0.6714285714285714,0.0,0.6194449023946799,0.15525622775437045,0.8089703843178343,-0.7039300616835993,-0.5631808574061027,-0.8674513660530441,0.9637368619404547,0.9987967448782495,-0.6644736842105263,0.21067415730337077,1
1776592594.19863,972,1776592594.19863,1776592594.198678,1776592593.849178,1776592594.095826,0.8756496418550155,0.7414877591864778,-0.36206111315427947,0.84251968503937,0.5857142857142856,0.0,0.05833331398332338,0.27383827101576497,0.867584139266144,0.555889423076923,0.27436182320741426,-0.7922204892590431,0.9637368619404547,0.9987967448782495,-0.6644736842105263,0.21067415730337077,1
1776592594.248642,973,1776592594.248642,1776592594.248692,1776592593.849178,1776592594.242161,0.8765341474093205,0.7513132683846906,-0.3625366322833754,0.8976377952755906,0.6142857142857142,0.0,0.30000023220011934,-0.15892385058499042,0.8482161032955101,-0.06344112844702467,-0.169679150181562,-0.8787109314975875,0.9637368619404547,0.9988759063994174,-0.6559597523219813,0.16974317817014445,1
1776592594.298649,974,1776592594.298649,1776592594.298697,1776592593.849178,1776592594.242161,0.8774527746708806,0.7604986792638017,-0.3630180300559258,0.889763779527559,0.557142857142857,0.0,0.18611071766090886,0.30073383113810764,0.8402649789660889,-0.25981948476052247,-0.03609560457427782,-0.8715445311779711,0.9637368619404547,0.9988759063994174,-0.6559597523219813,0.16974317817014445,1
1776592594.348645,975,1776592594.348645,1776592594.348687,1776592593.849178,1776592594.242161,0.8783940020242592,0.7692274866752867,-0.3635023079692291,0.8818897637795275,0.5285714285714285,0.0,0.5361106015608492,-0.07457159120056654,0.9847094811646606,-0.7643437046444121,-0.5992764619803804,-0.9575221272934018,0.9637368619404547,0.9988759063994174,-0.6559597523219813,0.16974317817014445,1
1776592594.39871,976,1776592594.39871,1776592594.348687,1776592593.849178,1776592594.387701,0.879329690139447,0.7791404759771101,-0.3639684567773825,0.9055118110236221,0.7142857142857143,0.0,0.5361106015608492,-0.07457159120056654,0.9847094811646606,-0.7643437046444121,-0.5992764619803804,-0.9575221272934018,0.9637368619404547,0.9989392356163516,-0.6488648090815273,0.1239967897271268,1
1776592594.448679,977,1776592594.448679,1776592594.44872,1776592594.449166,1776592594.387701,0.880232807534073,0.7895207370518779,-0.36439134429326836,0.889763779527559,0.8285714285714285,0.0,0.1361110659610879,-0.24083068744679698,0.8797146078849324,0.033234306966618284,0.1877269524687009,-0.7891491748363503,0.9636949876470834,0.9989392356163516,-0.6488648090815273,0.1239967897271268,1
1776592594.49863,978,1776592594.49863,1776592594.44872,1776592594.449166,1776592594.387701,0.8812218939054199,0.7990347317347944,-0.3648524824455915,0.9133858267716536,0.7142857142857143,0.0,0.1361110659610879,-0.24083068744679698,0.8797146078849324,0.033234306966618284,0.1877269524687009,-0.7891491748363503,0.9636949876470834,0.9989392356163516,-0.6488648090815273,0.1239967897271268,1
1776592594.54862,979,1776592594.54862,1776592594.498673,1776592594.449166,1776592594.534174,0.8821562526034419,0.8097563785797499,-0.36526175833737135,0.8976377952755906,0.9285714285714285,0.0,0.31111100791105806,0.09413190566166921,0.8035677508034758,-0.5921398766328011,-0.32851877946994745,-0.8341855158425274,0.9636949876470834,0.9989709002248187,-0.6407378740970072,0.08868378812199038,1
1776592594.598681,980,1776592594.598681,1776592594.598723,1776592594.449166,1776592594.534174,0.883144674266206,0.8188223044392953,-0.36570908759567367,0.8818897637795275,0.7285714285714284,0.0,0.28888945648918063,-0.09902172880029186,0.8271152162744844,-0.07251224600870826,-0.2815836540024931,-0.8341855158425274,0.9636949876470834,0.9989709002248187,-0.6407378740970072,0.08868378812199038,1
1776592594.648802,981,1776592594.648802,1776592594.598723,1776592594.449166,1776592594.534174,0.8841519293388187,0.827781547245657,-0.3661490981401452,0.8818897637795275,0.7428571428571428,0.0,0.28888945648918063,-0.09902172880029186,0.8271152162744844,-0.07251224600870826,-0.2815836540024931,-0.8341855158425274,0.9636949876470834,0.9989709002248187,-0.6407378740970072,0.08868378812199038,1
1776592594.698613,982,1776592594.698613,1776592594.648847,1776592594.449166,1776592594.6805,0.8852103669723145,0.836021746273561,-0.3666070010658691,0.8976377952755906,0.6714285714285714,0.0,-0.08611141426126692,0.018337092246487965,0.7962282710865501,0.2054381349782293,0.32129694867486863,-0.7313204923322782,0.9636949876470834,0.9990025648332858,-0.6319659442724458,0.05818619582664527,1
1776592594.74861,983,1776592594.74861,1776592594.74866,1776592594.449166,1776592594.6805,0.8862282573822535,0.8450983404384247,-0.3670192754603505,0.8740157480314961,0.8285714285714285,0.0,0.4750001741500895,-0.37897304516929414,0.740265004529391,0.7311093976777938,0.5776109695951439,-0.7558852453978303,0.9636949876470834,0.9990025648332858,-0.6319659442724458,0.05818619582664527,1
1776592594.798604,984,1776592594.798604,1776592594.798645,1776592594.449166,1776592594.6805,0.8872736224136188,0.8527795202676465,-0.36746112061502767,0.8582677165354331,0.6714285714285714,0.0,0.4166668601667661,-0.16014707279960513,0.8781854963536931,-0.07552839259796806,-0.2129965855509187,-0.8183218599219398,0.9636949876470834,0.9990025648332858,-0.6319659442724458,0.05818619582664527,1
1776592594.848617,985,1776592594.848617,1776592594.798645,1776592594.449166,1776592594.826137,0.8883708347144501,0.8597608592679836,-0.36792584907979603,0.8740157480314961,0.6,0.0,0.4166668601667661,-0.16014707279960513,0.8781854963536931,-0.07552839259796806,-0.2129965855509187,-0.8183218599219398,0.9636949876470834,0.9990500617459864,-0.6248710010319918,0.025280898876404494,1
1776592594.898581,986,1776592594.898581,1776592594.848668,1776592594.449166,1776592594.826137,0.8894252840964484,0.8660466247615635,-0.36836741805659273,0.8267716535433071,0.557142857142857,0.0,0.03333232713281614,0.14425438116912248,0.8265035716619887,0.12386611030478954,0.08303073004173216,-0.7517901595009067,0.9636949876470834,0.9990500617459864,-0.6248710010319918,0.025280898876404494,1
1776592594.948728,987,1776592594.948728,1776592594.898619,1776592594.449166,1776592594.826137,0.8904905903853005,0.8724326723251358,-0.3687972692004633,0.8267716535433071,0.6,0.0,0.347222770472504,-0.3361858153230809,0.9549439128366377,-0.864046625544267,-0.47653243726627287,-0.9099273179876456,0.9636949876470834,0.9990500617459864,-0.6248710010319918,0.025280898876404494,1
1776592594.998616,988,1776592594.998616,1776592594.948766,1776592594.449166,1776592594.973717,0.8915968870367645,0.8774361075194483,-0.3692681919405495,0.8346456692913385,0.44285714285714284,0.0,-0.5249998258499105,0.2982884086154903,0.8287461549597962,0.6797555333817126,0.4295973117988185,-0.7799390731122653,0.9636949876470834,0.9991133909629207,-0.6228070175438597,-0.007624398073836276,1
1776592595.049046,989,1776592595.049046,1776592594.998679,1776592594.449166,1776592594.973717,0.8927390779517049,0.8837645462343016,-0.36972084748654555,0.8582677165354331,0.6428571428571428,0.0,0.11111007911058066,-0.06112432209270124,0.8474006339528543,-0.03625045355587808,0.4295973117988185,-0.8372568302652202,0.9636949876470834,0.9991133909629207,-0.6228070175438597,-0.007624398073836276,1
1776592595.098648,990,1776592595.098648,1776592595.049089,1776592595.050715,1776592594.973717,0.8937833351354321,0.8892160502519855,-0.37012396855699053,0.7874015748031497,0.5857142857142856,0.0,-0.18333360423347256,0.248165933108037,0.8161060393045998,-0.09970292089985486,-0.10469622242696874,-0.818832785273057,0.9636949876470834,0.9991133909629207,-0.6228070175438597,-0.007624398073836276,1
1776592595.148653,991,1776592595.148653,1776592595.098699,1776592595.050715,1776592595.122857,0.8948623787349975,0.8965515769888922,-0.3704870241077842,0.811023622047244,0.857142857142857,0.0,-0.16111205281159513,-0.5464543417235272,0.9324159118604605,0.033234306966618284,-0.23826621863313643,-0.7512792341497895,0.9636949876470834,0.9991608878756214,-0.6234520123839009,-0.03250401284109149,1
1776592595.19861,992,1776592595.19861,1776592595.148703,1776592595.050715,1776592595.122857,0.8959547165062207,0.9035798565326301,-0.37085065174133014,0.811023622047244,0.8428571428571427,0.0,0.255554807355171,0.0696817680619439,0.8658512030047446,0.34139150943396224,0.3537884125521652,-0.6740008144073266,0.9636949876470834,0.9991608878756214,-0.6234520123839009,-0.03250401284109149,1
1776592595.249048,993,1776592595.249048,1776592595.251126,1776592595.050715,1776592595.122857,0.897158282180315,0.910953789168683,-0.371252648373262,0.8740157480314961,0.8999999999999999,0.0,0.4388884115886435,0.21882597236968904,0.8329255844601707,-0.09667543541364296,-0.11191805322204759,-0.6960070991732998,0.9636949876470834,0.9991608878756214,-0.6234520123839009,-0.03250401284109149,1
1776592595.298811,994,1776592595.298811,1776592595.251126,1776592595.050715,1776592595.270851,0.8982878436321804,0.9165909216989063,-0.3716560653485788,0.8188976377952756,0.7142857142857143,0.0,0.4388884115886435,0.21882597236968904,0.8329255844601707,-0.09667543541364296,-0.11191805322204759,-0.6960070991732998,0.9636949876470834,0.9992083847883221,-0.6244840041279669,-0.05698234349919743,1
1776592595.348579,995,1776592595.348579,1776592595.348628,1776592595.050715,1776592595.270851,0.8995492389529866,0.9232906174388387,-0.3720782426927722,0.9055118110236221,0.8857142857142857,0.0,0.3499998838999403,-0.1821517878767131,0.8629969750944415,0.25075970609579096,0.2490921901251965,-0.7553723992747164,0.9636949876470834,0.9992083847883221,-0.6244840041279669,-0.05698234349919743,1
1776592595.398581,996,1776592595.398581,1776592595.348628,1776592595.050715,1776592595.270851,0.9008093048566268,0.9298708281592052,-0.372481659668089,0.889763779527559,0.8999999999999999,0.0,0.3499998838999403,-0.1821517878767131,0.8629969750944415,0.25075970609579096,0.2490921901251965,-0.7553723992747164,0.9636949876470834,0.9992083847883221,-0.6244840041279669,-0.05698234349919743,1
1776592595.448539,997,1776592595.448539,1776592595.398631,1776592595.050715,1776592595.419712,0.9021717358820328,0.9364851774565908,-0.37292125594573994,0.952755905511811,0.9428571428571428,0.0,-0.02222155142187743,-0.1039115519389145,0.8332314067664185,-0.0060436320754716985,0.03609560457427782,-0.7748202157411107,0.9636949876470834,0.9992400493967891,-0.6268059855521155,-0.08747993579454254,1
1776592595.498554,998,1776592595.498554,1776592595.44858,1776592595.050715,1776592595.419712,0.9034630430890692,0.943073922821212,-0.37331982008115805,0.889763779527559,0.9714285714285714,0.0,0.4972217255719669,0.26039100190789966,0.8363914569829697,-0.3987890058055152,-0.2057747547558398,-0.765608193245029,0.9636949876470834,0.9992400493967891,-0.6268059855521155,-0.08747993579454254,1
1776592595.548556,999,1776592595.548556,1776592595.548606,1776592595.050715,1776592595.419712,0.9047977779235212,0.9489585600348214,-0.3737449762010616,0.9133858267716536,0.9142857142857143,0.0,0.17499994194997015,0.1051347741535292,0.8155963070571842,0.10876269956458634,0.379058045634383,-0.794268032207505,0.9636949876470834,0.9992400493967891,-0.6268059855521155,-0.08747993579454254,1
1776592595.598598,1000,1776592595.598598,1776592595.598639,1776592595.050715,1776592595.568601,0.9060899714086681,0.9545146134446251,-0.37413888476649565,0.8740157480314961,0.8999999999999999,0.0,0.29444368334405324,-0.058679921476695936,0.7998980535505168,0.015103410740203193,-0.050539266164435534,-0.7354136574572052,0.9636949876470834,0.999319210917957,-0.6266769865841073,-0.11115569823434991,1
1776592595.648587,1001,1776592595.648587,1776592595.648645,1776592595.649271,1776592595.568601,0.9074714574134505,0.9599383798684812,-0.37456581631563046,0.9291338582677164,0.9285714285714285,0.0,0.17222282852253384,0.22616121803092903,0.8078491778799382,-0.6435050798258345,-0.38267573573248065,-0.7896620209594641,0.9636949876470834,0.999319210917957,-0.6266769865841073,-0.11115569823434991,1
1776592595.698525,1002,1776592595.698525,1776592595.698565,1776592595.649271,1776592595.568601,0.908738613541975,0.9649162111300296,-0.37495005865525005,0.84251968503937,0.8857142857142857,0.0,0.23611036936072982,-0.17726196473809044,0.8657492906396645,0.5045242198838896,0.14440951709934424,-0.7420672116537079,0.9636949876470834,0.999319210917957,-0.6266769865841073,-0.11115569823434991,1
1776592595.748533,1003,1776592595.748533,1776592595.748578,1776592595.649271,1776592595.716769,0.9100558443837442,0.9692774143441766,-0.3753594331819872,0.8740157480314961,0.8428571428571427,0.0,-0.17777705537740646,0.21760377206168638,0.8305810035862756,0.07854453918722785,0.014443661590157718,-0.7517901595009067,0.9636949876470834,0.9993825401348911,-0.6265479876160991,-0.13804173354735153,1
1776592595.798662,1004,1776592595.798662,1776592595.748578,1776592595.649271,1776592595.716769,0.9113287613199871,0.9733740435864283,-0.3757450958649918,0.8346456692913385,0.8285714285714285,0.0,-0.17777705537740646,0.21760377206168638,0.8305810035862756,0.07854453918722785,0.014443661590157718,-0.7517901595009067,0.9636949876470834,0.9993825401348911,-0.6265479876160991,-0.13804173354735153,1
1776592595.848549,1005,1776592595.848549,1776592595.798707,1776592595.649271,1776592595.716769,0.9126120920240288,0.9770844801761551,-0.37613675555339965,0.84251968503937,0.8142857142857143,0.0,0.516666163566408,0.18704161101533576,0.8458715224216149,-0.09970292089985486,-0.11191805322204759,-0.7200609268877348,0.9636949876470834,0.9993825401348911,-0.6265479876160991,-0.13804173354735153,1
1776592595.89852,1006,1776592595.89852,1776592595.848598,1776592595.649271,1776592595.864965,0.9139494856928125,0.9810082828722492,-0.37653601013351884,0.8661417322834646,0.8857142857142857,0.0,0.46388939843915084,0.14669878178512777,0.8611621264679619,-0.8217525399129172,-0.638989756652756,-0.7814737699376133,0.9636949876470834,0.999461701656059,-0.6277089783281733,-0.16492776886035312,1
1776592595.948578,1007,1776592595.948578,1776592595.89856,1776592595.649271,1776592595.864965,0.915318785373575,0.9846248383751744,-0.37694974432536815,0.8818897637795275,0.8857142857142857,0.0,0.5138890501389718,-0.042787229846213276,0.8763506477272137,0.29909742380261245,0.15523548859140426,-0.7671448108423738,0.9636949876470834,0.999461701656059,-0.6277089783281733,-0.16492776886035312,1
1776592595.998546,1008,1776592595.998546,1776592595.998596,1776592595.649271,1776592595.864965,0.9167195479272613,0.9876717063740991,-0.3773745848134084,0.9055118110236221,0.857142857142857,0.0,0.44166784701727335,0.22493901772292638,0.8278287732520602,-0.3957728592162554,-0.06858706845157445,-0.765097267893912,0.9636949876470834,0.999461701656059,-0.6277089783281733,-0.16492776886035312,1
1776592596.048548,1009,1776592596.048548,1776592595.998596,1776592595.649271,1776592596.01357,0.9180733377410899,0.9909148711908816,-0.3777632657261061,0.8582677165354331,0.8999999999999999,0.0,0.44166784701727335,0.22493901772292638,0.8278287732520602,-0.3957728592162554,-0.06858706845157445,-0.765097267893912,0.9636949876470834,0.9995250308729933,-0.630546955624355,-0.17536115569823435,1
1776592596.098574,1010,1776592596.098574,1776592596.048586,1776592595.649271,1776592596.01357,0.91945969827548,0.9932640320219853,-0.3781905523610872,0.889763779527559,0.8285714285714285,0.0,-0.23611036936072982,-0.6136917091694658,0.9922527856117465,-0.5135953374455733,-0.4440409733889763,-0.8295795045944866,0.9636949876470834,0.9995250308729933,-0.630546955624355,-0.17536115569823435,1
1776592596.14857,1011,1776592596.14857,1776592596.098624,1776592595.649271,1776592596.01357,0.9208715393055479,0.9955918562424523,-0.3786176022721707,0.8976377952755906,0.8714285714285713,0.0,0.15833261738296533,0.20293430264581844,0.8150866600207761,0.04833771770682148,0.379058045634383,-0.8085969913027444,0.9636949876470834,0.9995250308729933,-0.630546955624355,-0.17536115569823435,1
1776592596.198625,1012,1776592596.198625,1776592596.148622,1776592595.649271,1776592596.163101,0.9223166157647605,0.9970832853259594,-0.37906787085220034,0.9291338582677164,0.8142857142857143,0.0,0.08611141426126692,-0.24694373280003434,0.8460754323627828,-0.05438134978229317,-0.01804780228713891,-0.7988740434555457,0.9636949876470834,0.9995883600899275,-0.6318369453044376,-0.1910112359550562,1
1776592596.248491,1013,1776592596.248491,1776592596.198673,1776592596.248925,1776592596.163101,0.9236823703330811,0.9989907783168828,-0.3794574197525221,0.8582677165354331,0.8714285714285713,0.0,0.0722212031216984,0.20293430264581844,0.8096840265064177,-0.6797555333817126,-0.40432767871660075,-0.8265101109437906,0.9636949876470834,0.9995883600899275,-0.6318369453044376,-0.1910112359550562,1
1776592596.299317,1014,1776592596.299317,1776592596.248528,1776592596.248925,1776592596.163101,0.9250713897018028,0.9996436786023667,-0.37990163214617423,0.8818897637795275,0.7428571428571428,0.0,0.21944536679491852,-0.8838623573546108,0.7452599885834291,0.5981835087082729,0.5379112243238849,-0.7968265005070839,0.9636949876470834,0.9995883600899275,-0.6318369453044376,-0.1910112359550562,1
1776592596.348509,1015,1776592596.348509,1776592596.299355,1776592596.248925,1776592596.310755,0.9263582655182866,1.0,-0.3803140643565873,0.84251968503937,0.7142857142857143,0.0,-0.008333662283502415,-0.01344726910786531,0.8337411390138343,-0.02114704281567489,-0.2093924448539375,-0.7850560097114232,0.9636949876470834,0.9996358570026281,-0.6344169246646028,-0.19783306581059387,1
1776592596.398612,1016,1776592596.398612,1776592596.398659,1776592596.248925,1776592596.310755,0.9277074023720348,0.9991081296753849,-0.380794396871599,0.8976377952755906,0.6142857142857142,0.0,0.538890036989479,-0.020782514769105313,0.8755351783845579,-0.8428995827285921,-0.8519863422036748,-0.8628453548050032,0.9636949876470834,0.9996358570026281,-0.6344169246646028,-0.19783306581059387,1
1776592596.448567,1017,1776592596.448567,1776592596.398659,1776592596.248925,1776592596.310755,0.9289603780507909,0.9983229424039533,-0.3812210325158619,0.8267716535433071,0.6142857142857142,0.0,0.538890036989479,-0.020782514769105313,0.8755351783845579,-0.8428995827285921,-0.8519863422036748,-0.8628453548050032,0.9636949876470834,0.9996358570026281,-0.6344169246646028,-0.19783306581059387,1
1776592596.498785,1018,1776592596.498785,1776592596.49886,1776592596.248925,1776592596.459847,0.9302576676350731,0.9968357806425735,-0.3816836896465272,0.8661417322834646,0.5857142857142856,0.0,0.4111103113107,-0.08312903716980921,0.8724770405330868,-0.10573521407837445,-0.2093924448539375,-0.8582393435569624,0.9636949876470834,0.9996991862195624,-0.6349329205366357,-0.19462279293739967,1
1776592596.54848,1019,1776592596.54848,1776592596.49886,1776592596.248925,1776592596.459847,0.931555843497466,0.9947362581559194,-0.3821709463355407,0.889763779527559,0.557142857142857,0.0,0.4111103113107,-0.08312903716980921,0.8724770405330868,-0.10573521407837445,-0.2093924448539375,-0.8582393435569624,0.9636949876470834,0.9996991862195624,-0.6349329205366357,-0.19462279293739967,1
1776592596.59857,1020,1776592596.59857,1776592596.598622,1776592596.248925,1776592596.459847,0.9328360722281209,0.9919390285014444,-0.38266996031146316,0.889763779527559,0.5,0.0,0.2583342427838008,-0.23594086430817435,0.9877676190161315,-0.903324564586357,-0.5451195057178473,-0.9687816927379453,0.9636949876470834,0.9996991862195624,-0.6349329205366357,-0.19462279293739967,1
1776592596.648601,1021,1776592596.648601,1776592596.598622,1776592596.248925,1776592596.60815,0.9340786341390782,0.9890009772167673,-0.38314757050165366,0.8661417322834646,0.5,0.0,0.2583342427838008,-0.23594086430817435,0.9877676190161315,-0.903324564586357,-0.5451195057178473,-0.9687816927379453,0.9636949876470834,0.9997625154364966,-0.6342879256965944,-0.19622792937399677,1
1776592596.699123,1022,1776592596.699123,1776592596.699169,1776592596.248925,1776592596.60815,0.93535354520107,0.9859562428789063,-0.3836240759803225,0.8740157480314961,0.5428571428571428,0.0,0.19722149337184758,0.023226915385110618,0.8284403326535483,0.5075517053701016,0.4404368326919951,-0.8367439841421064,0.9636949876470834,0.9997625154364966,-0.6342879256965944,-0.19622792937399677,1
1776592596.748511,1023,1776592596.748511,1776592596.699169,1776592596.248925,1776592596.60815,0.9367011310681247,0.9827408156559515,-0.3841170140428759,0.9370078740157479,0.6285714285714284,0.0,0.19722149337184758,0.023226915385110618,0.8284403326535483,0.5075517053701016,0.4404368326919951,-0.8367439841421064,0.9636949876470834,0.9997625154364966,-0.6342879256965944,-0.19622792937399677,1
1776592596.79863,1024,1776592596.79863,1776592596.74856,1776592596.248925,1776592596.757263,0.9381621605333267,0.981074426365223,-0.3845411838132065,0.9133858267716536,0.9142857142857143,0.0,0.17777705537740646,0.14669878178512777,0.8504586865933176,-0.29606993831640055,-0.18410926237060324,-0.8797327821998218,0.9636949876470834,0.9998258446534308,-0.6336429308565532,-0.20746388443017658,1
1776592596.848507,1025,1776592596.848507,1776592596.798678,1776592596.849126,1776592596.757263,0.9395059797184117,0.9777523160890846,-0.38500559664611167,0.9133858267716536,0.6857142857142856,0.0,0.6027775778276749,-0.5488997642461446,0.750152889850372,0.4531703555878084,0.559563167308005,-0.8352092873167584,0.9636531133537122,0.9998258446534308,-0.6336429308565532,-0.20746388443017658,1
1776592596.89844,1026,1776592596.89844,1776592596.898482,1776592596.849126,1776592596.757263,0.940892340252802,0.9745582254767666,-0.3854695360312217,0.9212598425196851,0.7714285714285714,0.0,-0.14444472824459031,-0.03300758356896797,0.8092762066240822,0.16918768142235122,0.03609560457427782,-0.8070622944773964,0.9636531133537122,0.9998258446534308,-0.6336429308565532,-0.20746388443017658,1
1776592596.948479,1027,1776592596.948479,1776592596.94853,1776592596.849126,1776592596.905081,0.9422244162529225,0.9704701308787698,-0.38595622063748286,0.9212598425196851,0.6714285714285714,0.0,0.3416662216164379,0.03422978387697062,0.8095821141413375,-0.6737119013062408,-0.5523413365129262,-0.8915051937674792,0.9636531133537122,0.9998733415661315,-0.632094943240454,-0.21950240770465487,1
1776592596.998571,1028,1776592596.998571,1776592596.998618,1776592596.849126,1776592596.905081,0.9434315270394588,0.9667404913394697,-0.38638114003348895,0.8267716535433071,0.6428571428571428,0.0,-0.35833354618344276,0.23594086430817435,0.8395514219885131,0.6163144049346879,0.32851877946994745,-0.7553723992747164,0.9636531133537122,0.9998733415661315,-0.632094943240454,-0.21950240770465487,1
1776592597.048503,1029,1776592597.048503,1776592596.998618,1776592596.849126,1776592596.905081,0.9445431413595862,0.9622064615791652,-0.38681850716110505,0.811023622047244,0.5142857142857142,0.0,-0.35833354618344276,0.23594086430817435,0.8395514219885131,0.6163144049346879,0.32851877946994745,-0.7553723992747164,0.9636531133537122,0.9998733415661315,-0.632094943240454,-0.21950240770465487,1
1776592597.098486,1030,1776592597.098486,1776592597.048543,1776592596.849126,1776592597.054418,0.9458089680709448,0.9577001694126885,-0.38726814447740804,0.8818897637795275,0.6857142857142856,0.0,0.4916674987170943,-0.13814133581588514,0.8322120274825949,0.11480633164005805,-0.29602731559265083,-0.8520986354835736,0.9636531133537122,0.9999050061745985,-0.6304179566563468,-0.22752808988764045,1
1776592597.14849,1031,1776592597.14849,1776592597.098525,1776592596.849126,1776592597.054418,0.9468060309452864,0.952376685058825,-0.38771791988265125,0.7795275590551182,0.39999999999999997,0.0,0.2805557942056782,0.11124679760015452,0.825382280013085,-0.09365928882438315,0.08664842013982982,-0.8265101109437906,0.9636531133537122,0.9999050061745985,-0.6304179566563468,-0.22752808988764045,1
1776592597.19851,1032,1776592597.19851,1776592597.198558,1776592596.849126,1776592597.054418,0.947947557151644,0.947108675892617,-0.3881718182291092,0.84251968503937,0.5714285714285714,0.0,0.28888945648918063,0.0977995284922892,0.8467889893403586,0.2144979136429608,0.6281637851606959,-0.8561918006085005,0.9636531133537122,0.9999050061745985,-0.6304179566563468,-0.22752808988764045,1
1776592597.24858,1033,1776592597.24858,1776592597.198558,1776592596.849126,1776592597.202678,0.9490762323253987,0.9412816475277269,-0.38863506716951823,0.8582677165354331,0.5428571428571428,0.0,0.28888945648918063,0.0977995284922892,0.8467889893403586,0.2144979136429608,0.6281637851606959,-0.8561918006085005,0.9636531133537122,0.9999208384788321,-0.6277089783281733,-0.21910112359550563,1
1776592597.298486,1034,1776592597.298486,1776592597.248627,1776592596.849126,1776592597.202678,0.9502782470127996,0.9359923017508822,-0.38905842813319913,0.8582677165354331,0.7,0.0,0.191667266516975,0.42176027501550745,0.8300713565498676,-0.15105678519593613,0.2129965855509187,-0.8259972648206768,0.9636531133537122,0.9999208384788321,-0.6277089783281733,-0.21910112359550563,1
1776592597.348456,1035,1776592597.348456,1776592597.298544,1776592596.849126,1776592597.202678,0.9514833636735872,0.9311168862203901,-0.38945667663675393,0.8267716535433071,0.7714285714285714,0.0,0.0722212031216984,0.4266500981541301,0.8292558019962042,-0.2749228955007257,-0.050539266164435534,-0.7778915301638034,0.9636531133537122,0.9999208384788321,-0.6277089783281733,-0.21910112359550563,1
1776592597.39847,1036,1776592597.39847,1776592597.348505,1776592596.849126,1776592597.351108,0.952805690614492,0.9260259709224671,-0.3898661300714569,0.8818897637795275,0.8999999999999999,0.0,0.5194455989950378,0.14914420430774514,0.9790010253440543,-0.7945618650217706,-0.48015012736437057,-0.7850560097114232,0.9636531133537122,0.9999366707830658,-0.6278379772961816,-0.2174959871589085,1
1776592597.448434,1037,1776592597.448434,1776592597.448485,1776592597.448983,1776592597.351108,0.9541616961235968,0.9206192737871205,-0.3902751495123478,0.9055118110236221,0.9428571428571428,0.0,0.013887889138375017,-0.09413190566166921,0.8709480142128552,-0.06948476052249636,0.1299658555091865,-0.7497445373244415,0.9636531133537122,0.9999366707830658,-0.6278379772961816,-0.2174959871589085,1
1776592597.498465,1038,1776592597.498465,1776592597.448485,1776592597.448983,1776592597.351108,0.9554412601456687,0.9147261019292563,-0.3906906591334284,0.889763779527559,0.857142857142857,0.0,0.013887889138375017,-0.09413190566166921,0.8709480142128552,-0.06948476052249636,0.1299658555091865,-0.7497445373244415,0.9636531133537122,0.9999366707830658,-0.6278379772961816,-0.2174959871589085,1
1776592597.598489,1040,1776592597.598489,1776592597.598537,1776592597.448983,1776592597.503244,0.9579124250873428,0.9026602486141873,-0.39150558115055983,0.8661417322834646,0.7857142857142857,0.0,-0.30555678105618544,0.27383827101576497,0.8011213427755082,0.12688225689404933,0.050539266164435534,-0.7702142044930699,0.9636531133537122,0.9999366707830658,-0.6296439628482972,-0.19823434991974317,1
1776592597.648796,1041,1776592597.648796,1776592597.598537,1776592597.448983,1776592597.648563,0.9591988577647711,0.896357413832098,-0.3919094913006631,0.8818897637795275,0.9285714285714285,0.0,-0.30555678105618544,0.27383827101576497,0.8011213427755082,0.12688225689404933,0.050539266164435534,-0.7702142044930699,0.9636531133537122,0.9999525030872993,-0.631062951496388,-0.16211878009630817,1
1776592597.698432,1042,1776592597.698432,1776592597.648848,1776592597.448983,1776592597.648563,0.9604777570782602,0.889525431106218,-0.392322732317726,0.9133858267716536,0.9285714285714285,0.0,0.10277873882827175,-0.1088023969841492,0.7978593801938771,0.09063180333817125,-0.010825971492060053,-0.742578137004825,0.9636531133537122,0.9999525030872993,-0.631062951496388,-0.16211878009630817,1
1776592597.748432,1043,1776592597.748432,1776592597.698472,1776592597.448983,1776592597.648563,0.9617130071948056,0.8827937304503305,-0.3927192448460325,0.8740157480314961,0.9142857142857143,0.0,0.38333453303395,0.24327610996941434,0.8173292433185836,-0.6646521226415094,-0.5126280418405507,-0.7804499984633824,0.9636531133537122,0.9999525030872993,-0.631062951496388,-0.16211878009630817,1
1776592597.798473,1044,1776592597.798473,1776592597.798518,1776592597.448983,1776592597.797614,0.9629128061869302,0.8753280503885397,-0.3931446771438165,0.8976377952755906,0.857142857142857,0.0,-0.1250002902501492,0.2982884086154903,0.8441385861602155,-0.015103410740203193,-0.028887323180315436,-0.7691904330188389,0.9636531133537122,0.9999525030872993,-0.6318369453044376,-0.11597110754414125,1
1776592597.848457,1045,1776592597.848457,1776592597.798518,1776592597.448983,1776592597.797614,0.9641227973773259,0.8680138602622696,-0.3935479560301931,0.8818897637795275,0.9142857142857143,0.0,-0.1250002902501492,0.2982884086154903,0.8441385861602155,-0.015103410740203193,-0.028887323180315436,-0.7691904330188389,0.9636531133537122,0.9999525030872993,-0.6318369453044376,-0.11597110754414125,1
1776592597.898411,1046,1776592597.898411,1776592597.898452,1776592597.448983,1776592597.797614,0.965281827576366,0.8601790568364635,-0.39396287384152995,0.889763779527559,0.857142857142857,0.0,0.10833296568314436,0.025672337907727962,0.9245667851071268,-0.9154004898403483,-0.48015012736437057,-0.8060385230031655,0.9636531133537122,0.9999525030872993,-0.6318369453044376,-0.11597110754414125,1
1776592597.948475,1047,1776592597.948475,1776592597.948508,1776592597.448983,1776592597.947166,0.9664116105977592,0.8523826593098033,-0.3943648310194789,0.8661417322834646,0.857142857142857,0.0,-0.09722218997220564,-0.21515834953906904,0.7929663937159268,0.6102707728592163,0.28880548479757195,-0.7190371554135039,0.9636531133537122,0.9999841676957664,-0.6348039215686274,-0.056179775280898875,1
1776592597.99849,1048,1776592597.99849,1776592597.998536,1776592597.448983,1776592597.947166,0.9675170209711127,0.8439931040074422,-0.3947929856420841,0.889763779527559,0.8285714285714285,0.0,-0.13888817938852419,-0.21515834953906904,0.8866462677195225,0.015103410740203193,-0.06858706845157445,-0.7927333353821568,0.9636531133537122,0.9999841676957664,-0.6348039215686274,-0.056179775280898875,1
1776592598.0485,1049,1776592598.0485,1776592597.998536,1776592598.049145,1776592597.947166,0.9685785605779952,0.8353901825987139,-0.3952191675655435,0.8818897637795275,0.7999999999999999,0.0,-0.13888817938852419,-0.21515834953906904,0.8866462677195225,0.015103410740203193,-0.06858706845157445,-0.7927333353821568,0.9636531133537122,0.9999841676957664,-0.6348039215686274,-0.056179775280898875,1
1776592598.09838,1050,1776592598.09838,1776592598.048544,1776592598.049145,1776592598.091334,0.9696482982574,0.8272822705567575,-0.3955999774086494,0.84251968503937,0.8714285714285713,0.0,0.4388884115886435,0.2273834183389317,0.8307849135274433,-0.024174528301886794,-0.06136523765649559,-0.7558852453978303,0.9636531133537122,0.9999683353915328,-0.6337719298245614,0.001203852327447833,1
1776592598.148433,1051,1776592598.148433,1776592598.14848,1776592598.049145,1776592598.091334,0.9705912981669995,0.8185299928735721,-0.39601465849608875,0.84251968503937,0.7142857142857143,0.0,0.44999918729958227,0.0867966600004292,0.8701325448701993,0.34139150943396224,0.2093924448539375,-0.7789153016380344,0.9636531133537122,0.9999683353915328,-0.6337719298245614,0.001203852327447833,1
1776592598.198389,1052,1776592598.198389,1776592598.198439,1776592598.049145,1776592598.091334,0.9716255847219835,0.8094277947759443,-0.39642855050386977,0.8818897637795275,0.8428571428571427,0.0,0.29444368334405324,-0.19070923384595578,0.8111111404615692,0.09365928882438315,-0.10469622242696874,-0.7645844217707981,0.9636531133537122,0.9999683353915328,-0.6337719298245614,0.001203852327447833,1
1776592598.248479,1053,1776592598.248479,1776592598.248529,1776592598.049145,1776592598.237261,0.9726007122130896,0.7996193548662408,-0.39688014079232714,0.9055118110236221,0.7714285714285714,0.0,0.2805557942056782,0.28484113950762496,0.8283384202884682,-0.326288098693759,-0.2093924448539375,-0.7830084667629614,0.9636531133537122,0.9999683353915328,-0.6346749226006192,0.052969502407704656,1
1776592598.298415,1054,1776592598.298415,1776592598.298468,1776592598.049145,1776592598.237261,0.9736482929397313,0.7901501670656613,-0.397283044865866,0.889763779527559,0.9142857142857143,0.0,0.5083325012829056,-0.7273839292922377,0.7436289646871099,0.6042271407837445,0.4945802395534118,-0.7691904330188389,0.9636531133537122,0.9999683353915328,-0.6346749226006192,0.052969502407704656,1
1776592598.348438,1055,1776592598.348438,1776592598.348486,1776592598.049145,1776592598.237261,0.9745208337395441,0.7799128612821596,-0.39773696293931543,0.8976377952755906,0.7,0.0,-0.2861123430617443,0.2273834183389317,0.8344546959914101,0.04833771770682148,0.3429624410601052,-0.8316270475429485,0.9636531133537122,0.9999683353915328,-0.6346749226006192,0.052969502407704656,1
1776592598.39843,1056,1776592598.39843,1776592598.39848,1776592598.049145,1776592598.382501,0.9754243942732252,0.7695240655631372,-0.3981837003878741,0.9055118110236221,0.7714285714285714,0.0,-0.02500098685050724,0.08801988221504391,0.7964321810277181,0.11782247822931784,0.1877269524687009,-0.7871035526598851,0.9636531133537122,0.9999683353915328,-0.6349329205366357,0.10313001605136436,1
1776592598.448483,1057,1776592598.448483,1776592598.39848,1776592598.049145,1776592598.382501,0.9762045405800158,0.7583671518611926,-0.3986892439979692,0.9291338582677164,0.6285714285714284,0.0,-0.02500098685050724,0.08801988221504391,0.7964321810277181,0.11782247822931784,0.1877269524687009,-0.7871035526598851,0.9636531133537122,0.9999683353915328,-0.6349329205366357,0.10313001605136436,1
1776592598.498441,1058,1776592598.498441,1776592598.448529,1776592598.049145,1776592598.382501,0.9769718358542037,0.7477351187809115,-0.3991396309399476,0.8818897637795275,0.6714285714285714,0.0,0.5888896886892999,0.13080711206125717,0.8063200663486989,-0.6676682692307692,-0.4295973117988185,-0.8741049202495467,0.9636531133537122,0.9999683353915328,-0.6349329205366357,0.10313001605136436,1
1776592598.548429,1059,1776592598.548429,1776592598.548483,1776592598.049145,1776592598.52798,0.9775815951942455,0.736797972168525,-0.39961887847042904,0.8740157480314961,0.5,0.0,0.2527776939277347,0.03789740670759062,0.8214067604538781,-0.13292588896952104,-0.1877269524687009,-0.9094163926365285,0.9636531133537122,0.9999525030872993,-0.6354489164086687,0.14686998394863562,1
1776592598.598558,1060,1776592598.598558,1776592598.548483,1776592598.049145,1776592598.52798,0.9782525077239138,0.7251780540157635,-0.4001192733357536,0.9212598425196851,0.6,0.0,0.2527776939277347,0.03789740670759062,0.8214067604538781,-0.13292588896952104,-0.1877269524687009,-0.9094163926365285,0.9636531133537122,0.9999525030872993,-0.6354489164086687,0.14686998394863562,1
1776592598.648411,1061,1776592598.648411,1776592598.64846,1776592598.648895,1776592598.52798,0.9788582788124581,0.714065947196156,-0.4005942992900631,0.8740157480314961,0.5714285714285714,0.0,0.39999953559976126,-0.014669469415867963,0.8803261672864205,-0.9395750181422351,-0.649815728144816,-0.9866928916069948,0.9636112390603409,0.9999525030872993,-0.6354489164086687,0.14686998394863562,1
1776592598.698495,1062,1776592598.698495,1776592598.64846,1776592598.648895,1776592598.673962,0.9793929260826331,0.7028279543737919,-0.40107023268597963,0.8661417322834646,0.5142857142857142,0.0,0.39999953559976126,-0.014669469415867963,0.8803261672864205,-0.9395750181422351,-0.649815728144816,-0.9866928916069948,0.9636112390603409,0.9999683353915328,-0.6402218782249742,0.18659711075441412,1
1776592598.748379,1063,1776592598.748379,1776592598.74847,1776592598.648895,1776592598.673962,0.98001531488575,0.6920316293916079,-0.401486768110616,0.8346456692913385,0.6714285714285714,0.0,0.255554807355171,-0.14058675833850248,0.8688073432801279,0.09063180333817125,-0.11191805322204759,-0.8111554596023234,0.9636112390603409,0.9999683353915328,-0.6402218782249742,0.18659711075441412,1
1776592598.798342,1064,1776592598.798342,1776592598.798389,1776592598.648895,1776592598.673962,0.980608678080747,0.6803477014069361,-0.401951003400598,0.889763779527559,0.657142857142857,0.0,0.4972217255719669,0.23227324147755435,0.8347604330866504,-0.4531703555878084,-0.3465665817570864,-0.8249734933464459,0.9636112390603409,0.9999683353915328,-0.6402218782249742,0.18659711075441412,1
1776592598.848425,1065,1776592598.848425,1776592598.798389,1776592598.648895,1776592598.820296,0.9813046279670375,0.6692014560103098,-0.4023481866466141,0.84251968503937,0.8285714285714285,0.0,0.4972217255719669,0.23227324147755435,0.8347604330866504,-0.4531703555878084,-0.3465665817570864,-0.8249734933464459,0.9636112390603409,1.0,-0.6470588235294118,0.23515248796147672,1
1776592598.898351,1066,1776592598.898351,1776592598.898402,1776592598.648895,1776592598.820296,0.9819110637641649,0.6569841127597199,-0.402805142676748,0.9133858267716536,0.7428571428571428,0.0,0.0638898628393895,0.07946243624580124,0.8135576337005445,-0.12084996371552975,0.06136523765649559,-0.8300923507176005,0.9636112390603409,1.0,-0.6470588235294118,0.23515248796147672,1
1776592598.948522,1067,1776592598.948522,1776592598.948569,1776592598.648895,1776592598.820296,0.9824574542193042,0.6452148383325013,-0.40324162208974845,0.8661417322834646,0.7,0.0,0.044445424844948365,0.014669469415867963,0.8287461549597962,0.08157202467343976,0.3610102433472441,-0.7702142044930699,0.9636112390603409,1.0,-0.6470588235294118,0.23515248796147672,1
1776592598.9984,1068,1776592598.9984,1776592598.998447,1776592598.648895,1776592598.965647,0.9829819092912079,0.6321248277068692,-0.4037375192010206,0.9606299212598425,0.7142857142857143,0.0,0.6888889920889419,-0.0036676228306200013,0.8112130528266492,-0.6857991654571843,-0.4368191425938973,-0.8546571037831525,0.9636112390603409,0.9999366707830658,-0.6505417956656346,0.28170144462279295,1
1776592599.048337,1069,1776592599.048337,1776592599.048384,1776592598.648895,1776592598.965647,0.983577709751009,0.6200205684926539,-0.4041522791964257,0.8740157480314961,0.8428571428571427,0.0,0.5444442638443516,-0.817848212123287,0.7520896508419316,0.5196389695210449,0.6967508536122704,-0.817298088447709,0.9636112390603409,0.9999366707830658,-0.6505417956656346,0.28170144462279295,1
1776592599.098374,1070,1776592599.098374,1776592599.09842,1776592598.648895,1776592598.965647,0.9840999491276363,0.6072719436372094,-0.4046023702335323,0.9133858267716536,0.7857142857142857,0.0,-0.011110775710938716,-0.17970636535409576,0.8444444936774711,-0.07251224600870826,-0.3068532870847109,-0.8853625649220935,0.9636112390603409,0.9999366707830658,-0.6505417956656346,0.28170144462279295,1
1776592599.148366,1071,1776592599.148366,1776592599.148418,1776592598.648895,1776592599.112272,0.9844019483937982,0.5955517434144552,-0.4050540394299555,0.84251968503937,0.5285714285714285,0.0,-0.3777779841778839,0.1858194107073331,0.7964321810277181,0.09365928882438315,0.2996450056907485,-0.7768677586895725,0.9636112390603409,0.9998733415661315,-0.6555727554179567,0.32303370786516855,1
1776592599.198444,1072,1776592599.198444,1776592599.19851,1776592598.648895,1776592599.112272,0.984689988779719,0.5839467608891393,-0.4054976008328894,0.8267716535433071,0.5428571428571428,0.0,0.4777772875775258,-0.1674812965542331,0.9430173541590171,-0.767371190130624,-0.3971058479215219,-0.8567046467316144,0.9636112390603409,0.9998733415661315,-0.6555727554179567,0.32303370786516855,1
1776592599.248406,1073,1776592599.248406,1776592599.19851,1776592599.248936,1776592599.112272,0.9849831252647756,0.5722671002265948,-0.40593125928611135,0.8267716535433071,0.5857142857142856,0.0,0.4777772875775258,-0.1674812965542331,0.9430173541590171,-0.767371190130624,-0.3971058479215219,-0.8567046467316144,0.9636531133537122,0.9998733415661315,-0.6555727554179567,0.32303370786516855,1
1776592599.298326,1074,1776592599.298326,1776592599.24849,1776592599.248936,1776592599.258679,0.9851838672568096,0.5606365137685149,-0.40639014856140815,0.8267716535433071,0.5,0.0,-0.5249998258499105,0.04767705298483593,0.8155963070571842,0.7522677793904209,0.6714812205300525,-0.7349027321060881,0.9636531133537122,0.9998416769576643,-0.663828689370485,0.37078651685393255,1
1776592599.34849,1075,1776592599.34849,1776592599.348539,1776592599.248936,1776592599.258679,0.9855370490838544,0.5482676805824042,-0.4068107280192935,0.8503937007874015,0.7428571428571428,0.0,-0.10277873882827175,0.3447432612923236,0.8271152162744844,0.12688225689404933,0.18410926237060324,-0.7712379759673008,0.9636531133537122,0.9998416769576643,-0.663828689370485,0.37078651685393255,1
1776592599.398372,1076,1776592599.398372,1776592599.348539,1776592599.248936,1776592599.258679,0.9858417071843476,0.5360439363486232,-0.4072249948399122,0.84251968503937,0.7142857142857143,0.0,-0.10277873882827175,0.3447432612923236,0.8271152162744844,0.12688225689404933,0.18410926237060324,-0.7712379759673008,0.9636531133537122,0.9998416769576643,-0.663828689370485,0.37078651685393255,1
1776592599.448345,1077,1776592599.448345,1776592599.448395,1776592599.248936,1776592599.403671,0.9861370593646803,0.524466691417135,-0.4075975982545716,0.7874015748031497,0.7142857142857143,0.0,-0.39999953559976126,0.21149174861506106,0.8146788401384405,0.827796171988389,0.5920546311853017,-0.5916073788377024,0.9636531133537122,0.9998258446534308,-0.6704076367389061,0.41693418940609955,1
1776592599.498394,1078,1776592599.498394,1776592599.498441,1776592599.248936,1776592599.403671,0.9864858098011724,0.511760739782964,-0.4079925326235615,0.8503937007874015,0.8428571428571427,0.0,0.4805567230061556,0.006112023446625307,0.8707441042716875,-0.06948476052249636,0.11191805322204759,-0.7349027321060881,0.9636531133537122,0.9998258446534308,-0.6704076367389061,0.41693418940609955,1
1776592599.548284,1079,1776592599.548284,1776592599.498441,1776592599.248936,1776592599.403671,0.986838326919634,0.4985107045775564,-0.40840389957643586,0.8818897637795275,0.8999999999999999,0.0,0.4805567230061556,0.006112023446625307,0.8707441042716875,-0.06948476052249636,0.11191805322204759,-0.7349027321060881,0.9636531133537122,0.9998258446534308,-0.6704076367389061,0.41693418940609955,1
1776592599.598305,1080,1776592599.598305,1776592599.598356,1776592599.248936,1776592599.550015,0.9871691302243878,0.4853609514421416,-0.4087976108719553,0.8661417322834646,0.8999999999999999,0.0,0.0638898628393895,-0.43398534381537013,0.9944954541205614,-0.5317148947750362,-0.3718362148393041,-0.794268032207505,0.9636531133537122,0.9997941800449637,-0.6769865841073271,0.4618780096308186,1
1776592599.648372,1081,1776592599.648372,1776592599.598356,1776592599.248936,1776592599.550015,0.9874299175584101,0.47260592560350606,-0.4091847530793193,0.84251968503937,0.8285714285714285,0.0,0.0638898628393895,-0.43398534381537013,0.9944954541205614,-0.5317148947750362,-0.3718362148393041,-0.794268032207505,0.9636531133537122,0.9997941800449637,-0.6769865841073271,0.4618780096308186,1
1776592599.698265,1082,1776592599.698265,1776592599.648435,1776592599.248936,1776592599.695501,0.9877197305005521,0.45910411839258514,-0.40958341584969465,0.8818897637795275,0.9285714285714285,0.0,0.15555550395552903,0.08924208252304655,0.8877675593684262,0.5135953374455733,0.25270988022329416,-0.7446256799532869,0.9636531133537122,0.9996516893068617,-0.6817595459236325,0.49077046548956665,1
1776592599.748393,1083,1776592599.748393,1776592599.698315,1776592599.248936,1776592599.695501,0.987946396127319,0.44515637601935654,-0.4100135431714457,0.9133858267716536,0.8999999999999999,0.0,0.08888852768870323,-0.23960848713879435,0.8492354825793338,0.0060436320754716985,0.03249146387729662,-0.7538377024493684,0.9636531133537122,0.9996516893068617,-0.6817595459236325,0.49077046548956665,1
1776592599.798334,1084,1776592599.798334,1776592599.748441,1776592599.248936,1776592599.695501,0.9881692950721165,0.43133878697101213,-0.41042043209725915,0.8976377952755906,0.9285714285714285,0.0,0.19444437994441127,0.26283642443051697,0.8312945605638514,-0.268879263425254,-0.04693512546745434,-0.7523030056240204,0.9636531133537122,0.9996516893068617,-0.6817595459236325,0.49077046548956665,1
1776592599.848265,1085,1776592599.848265,1776592599.848316,1776592599.848757,1776592599.841786,0.9882911583123136,0.4183362564489906,-0.41083018143683403,0.8582677165354331,0.7999999999999999,0.0,0.2000009288004774,0.27261607070776234,0.8207951158413823,0.25679199927431057,0.3140751178797897,-0.7804499984633824,0.9636949876470834,0.999493366264526,-0.6820175438596491,0.514446227929374,1
1776592599.898392,1086,1776592599.898392,1776592599.898433,1776592599.848757,1776592599.841786,0.9884637609743387,0.40458694455468364,-0.411230678817415,0.8818897637795275,0.9285714285714285,0.0,0.030555213705379846,-0.006112023446625307,0.786952030378065,0.17220382801161102,0.039713294672375485,-0.7190371554135039,0.9636949876470834,0.999493366264526,-0.6820175438596491,0.514446227929374,1
1776592599.94833,1087,1776592599.94833,1776592599.94838,1776592599.848757,1776592599.841786,0.9885896124660333,0.3902316729182936,-0.41166116122501223,0.9291338582677164,0.9428571428571428,0.0,0.22222248022235483,0.2860633398156276,0.8037716607446437,-0.4199360486211901,-0.2238225570429787,-0.7717508220904146,0.9636949876470834,0.999493366264526,-0.6820175438596491,0.514446227929374,1
1776592599.998298,1088,1776592599.998298,1776592599.99834,1776592599.848757,1776592599.987658,0.9886970736869346,0.37637141064867563,-0.4120663339025688,0.889763779527559,0.9285714285714285,0.0,-0.11111007911058066,-0.43276314350736744,0.7709480397761574,0.6827716799709723,0.3718362148393041,-0.7011259565444543,0.9636949876470834,0.999319210917957,-0.6867905056759546,0.526083467094703,1
1776592600.04835,1089,1776592600.04835,1776592599.99834,1776592599.848757,1776592599.987658,0.9886908697401608,0.36323659314070644,-0.4124790422908624,0.8661417322834646,0.7857142857142857,0.0,-0.11111007911058066,-0.43276314350736744,0.7709480397761574,0.6827716799709723,0.3718362148393041,-0.7011259565444543,0.9636949876470834,0.999319210917957,-0.6867905056759546,0.526083467094703,1
1776592600.098366,1090,1776592600.098366,1776592600.048399,1776592599.848757,1776592599.987658,0.988720338487336,0.34990974613700665,-0.41286979453766315,0.8582677165354331,0.8714285714285713,0.0,-0.31944467019456046,0.24327610996941434,0.7993884065141088,0.11480633164005805,0.03249146387729662,-0.7676557361934909,0.9636949876470834,0.999319210917957,-0.6867905056759546,0.526083467094703,1
1776592600.148351,1091,1776592600.148351,1776592600.098411,1776592599.848757,1776592600.134109,0.9886824500981108,0.33655942886160645,-0.41328492934590605,0.8740157480314961,0.8285714285714285,0.0,0.26111135621123704,0.28850876233824496,0.8311926481987714,0.06344112844702467,-0.01804780228713891,-0.7241560127846585,0.9636949876470834,0.9991450555713879,-0.6913054695562436,0.5353130016051364,1
1776592600.198316,1092,1776592600.198316,1776592600.148396,1776592599.848757,1776592600.134109,0.9886248420209267,0.3231685720259966,-0.41369692756250714,0.8740157480314961,0.8428571428571427,0.0,0.31388812133849436,0.09046428283104921,0.8446483184076312,-0.767371190130624,-0.6281637851606959,-0.795802729032853,0.9636949876470834,0.9991450555713879,-0.6913054695562436,0.5353130016051364,1
1776592600.248305,1093,1776592600.248305,1776592600.198364,1776592599.848757,1776592600.134109,0.9885346632231806,0.3099334724480347,-0.4141041913011582,0.8661417322834646,0.8285714285714285,0.0,0.01666732456700483,0.09535410596967187,0.8853210661294509,0.3655546988388969,0.10830036312394993,-0.7671448108423738,0.9636949876470834,0.9991450555713879,-0.6913054695562436,0.5353130016051364,1
1776592600.298386,1094,1776592600.298386,1776592600.248353,1776592599.848757,1776592600.279667,0.9883631684087939,0.2968946696879307,-0.41453197111092577,0.8740157480314961,0.757142857142857,0.0,0.0638898628393895,-0.11858204326139453,0.8634046245547617,-0.10876269956458634,-0.1913310931656821,-0.7824975414118442,0.9636949876470834,0.9989867325290522,-0.699045407636739,0.5541733547351525,1
1776592600.348344,1095,1776592600.348344,1776592600.298436,1776592599.848757,1776592600.279667,0.9882457365591494,0.28377265414634356,-0.4149281680073689,0.8503937007874015,0.857142857142857,0.0,0.191667266516975,0.2872855401236303,0.8319062903873548,-0.34440765602322204,-0.11913988401712645,-0.7732855189157626,0.9636949876470834,0.9989867325290522,-0.699045407636739,0.5541733547351525,1
1776592600.398321,1096,1776592600.398321,1776592600.39837,1776592599.848757,1776592600.279667,0.9879459529882639,0.27133127648406796,-0.41538563693928077,0.8740157480314961,0.6428571428571428,0.0,-0.17777705537740646,0.18337398818471576,0.825382280013085,0.09970292089985486,0.32851877946994745,-0.8208803282215189,0.9636949876470834,0.9989867325290522,-0.699045407636739,0.5541733547351525,1
1776592600.448265,1097,1776592600.448265,1776592600.448318,1776592600.448825,1776592600.425784,0.9876922558791259,0.25816445406014366,-0.41581913757657113,0.889763779527559,0.7857142857142857,0.0,0.08888852768870323,-0.4877744202468314,0.8641182667433452,0.09063180333817125,-0.1299658555091865,-0.8439103844617228,0.9636949876470834,0.9988284094867166,-0.7082043343653251,0.5678170144462279,1
1776592600.498363,1098,1776592600.498363,1776592600.498411,1776592600.448825,1776592600.425784,0.9872927660208062,0.2453283491010886,-0.41630240941331,0.9212598425196851,0.6428571428571428,0.0,0.2638884696386734,0.19315363446196104,0.8092762066240822,-0.5589055696661829,-0.4295973117988185,-0.8638691262792342,0.9636949876470834,0.9988284094867166,-0.7082043343653251,0.5678170144462279,1
1776592600.548319,1099,1776592600.548319,1776592600.548369,1776592600.448825,1776592600.425784,0.9869827902516498,0.23236849180034055,-0.41673206328726603,0.8818897637795275,0.7857142857142857,0.0,0.33333255933293543,-0.955989547939172,0.8102955859079057,0.3655546988388969,0.2707576825104331,-0.8638691262792342,0.9636949876470834,0.9988284094867166,-0.7082043343653251,0.5678170144462279,1
1776592600.598294,1100,1776592600.598294,1776592600.548369,1776592600.448825,1776592600.572067,0.9865026490852724,0.2203453117065448,-0.41722006960195485,0.8976377952755906,0.5714285714285714,0.0,0.33333255933293543,-0.955989547939172,0.8102955859079057,0.3655546988388969,0.2707576825104331,-0.8638691262792342,0.9636949876470834,0.9985750926189797,-0.7185242518059857,0.5778491171749598,1
1776592600.648478,1101,1776592600.648478,1776592600.598341,1776592600.448825,1776592600.572067,0.986005668634795,0.20840747805529597,-0.41769588463592267,0.889763779527559,0.5857142857142856,0.0,0.24166691821679595,0.001222200308002653,0.8083588249163461,-0.033234306966618284,-0.2779795133055119,-0.8792218568487047,0.9636949876470834,0.9985750926189797,-0.7185242518059857,0.5778491171749598,1
1776592600.698297,1102,1776592600.698297,1776592600.698346,1776592600.448825,1776592600.572067,0.9854431036041384,0.1965677928129761,-0.41819162393126313,0.9133858267716536,0.557142857142857,0.0,0.6305556781056185,0.028117760430345314,0.8531090897734604,-0.8006054970972424,-0.6245460950625983,-0.9483101047973203,0.9636949876470834,0.9985750926189797,-0.7185242518059857,0.5778491171749598,1
1776592600.748235,1103,1776592600.748235,1776592600.698346,1776592600.448825,1776592600.718008,0.98491909167129,0.18523378524274664,-0.41864571954763563,0.8582677165354331,0.5857142857142856,0.0,0.6305556781056185,0.028117760430345314,0.8531090897734604,-0.8006054970972424,-0.6245460950625983,-0.9483101047973203,0.9636949876470834,0.9983059434470093,-0.724329205366357,0.5786516853932584,1
1776592600.798331,1104,1776592600.798331,1776592600.798379,1776592600.448825,1776592600.718008,0.9843664972693771,0.17398085679293673,-0.41910626589021494,0.8582677165354331,0.5857142857142856,0.0,0.22499959364979114,0.018337092246487965,0.8746177114658141,0.09667543541364296,-0.07220475854967212,-0.8541442576600388,0.9636949876470834,0.9983059434470093,-0.724329205366357,0.5786516853932584,1
1776592600.848297,1105,1776592600.848297,1776592600.848369,1776592600.448825,1776592600.718008,0.9837848772593444,0.16213050324529849,-0.4195754723820443,0.8976377952755906,0.657142857142857,0.0,-0.03888887598888226,0.1784841650460931,0.8144750154082805,0.05739749637155297,-0.14079182700124654,-0.8034800547035865,0.9636949876470834,0.9983059434470093,-0.724329205366357,0.5786516853932584,1
1776592600.898321,1106,1776592600.898321,1776592600.848369,1776592600.448825,1776592600.864357,0.9832338338441248,0.15119975761610316,-0.4199998196952981,0.8267716535433071,0.6285714285714284,0.0,-0.03888887598888226,0.1784841650460931,0.8144750154082805,0.05739749637155297,-0.14079182700124654,-0.8034800547035865,0.9636949876470834,0.9980209619708053,-0.7258771929824561,0.579454253611557,1
1776592600.948296,1107,1776592600.948296,1776592600.898369,1776592600.448825,1776592600.864357,0.9826524354036198,0.13964384929525178,-0.4204394751539233,0.8661417322834646,0.7,0.0,0.008333662283502415,-0.5305616500930446,0.9793068476503022,-0.5317148947750362,-0.3393447509620075,-0.8607978118565414,0.9636949876470834,0.9980209619708053,-0.7258771929824561,0.579454253611557,1
1776592600.99825,1108,1776592600.99825,1776592600.9983,1776592600.448825,1776592600.864357,0.9820827801480793,0.12810501026290974,-0.4208632306574334,0.8503937007874015,0.7428571428571428,0.0,0.0,-0.1638136737236131,0.8462793423039505,0.0060436320754716985,0.25631402092027533,-0.768166661544608,0.9636949876470834,0.9980209619708053,-0.7258771929824561,0.579454253611557,1
1776592601.048175,1109,1776592601.048175,1776592600.9983,1776592601.048675,1776592601.010552,0.9813908185132862,0.11651282970397588,-0.4213349424771779,0.9133858267716536,0.6857142857142856,0.0,0.0,-0.1638136737236131,0.8462793423039505,0.0060436320754716985,0.25631402092027533,-0.768166661544608,0.9637787362338259,0.9977359804946011,-0.7262641898864808,0.57223113964687,1
1776592601.098271,1110,1776592601.098271,1776592601.098313,1776592601.048675,1776592601.010552,0.9808096416423087,0.1049846589769522,-0.4217263062607139,0.8346456692913385,0.7999999999999999,0.0,0.23888980478935964,-0.7909536739075563,0.8005096981630125,0.4048326378809869,0.45848463497913394,-0.8280448077691386,0.9637787362338259,0.9977359804946011,-0.7262641898864808,0.57223113964687,1
1776592601.148237,1111,1776592601.148237,1776592601.1483,1776592601.048675,1776592601.010552,0.9801050505444406,0.09369332462799619,-0.42217280698537507,0.889763779527559,0.7142857142857143,0.0,0.04722253827238467,0.03056216104635062,0.8191640919450631,0.10876269956458634,0.3140751178797897,-0.8285557331202558,0.9637787362338259,0.9977359804946011,-0.7262641898864808,0.57223113964687,1
1776592601.198272,1112,1776592601.198272,1776592601.198315,1776592601.048675,1776592601.156476,0.9793911535264119,0.08304635592026935,-0.42261402087632544,0.8582677165354331,0.6714285714285714,0.0,-0.2722221319221758,-0.09290970535366655,0.8199796464987265,0.11177884615384615,0.29602731559265083,-0.7865907065367713,0.9637787362338259,0.9975301605395649,-0.7265221878224974,0.575040128410915,1
1776592601.24824,1113,1776592601.24824,1776592601.198315,1776592601.048675,1776592601.156476,0.978579987485753,0.07249753562147146,-0.42309601045861966,0.9055118110236221,0.6285714285714284,0.0,-0.2722221319221758,-0.09290970535366655,0.8199796464987265,0.11177884615384615,0.29602731559265083,-0.7865907065367713,0.9637787362338259,0.9975301605395649,-0.7265221878224974,0.575040128410915,1
1776592601.298226,1114,1776592601.298226,1776592601.248291,1776592601.048675,1776592601.156476,0.9778423825282678,0.06259734828603007,-0.42351708309129144,0.8267716535433071,0.6428571428571428,0.0,0.35555643275600646,0.04767705298483593,0.8130479014531288,-0.3957728592162554,-0.16245731938648314,-0.818832785273057,0.9637787362338259,0.9975301605395649,-0.7265221878224974,0.575040128410915,1
1776592601.348156,1115,1776592601.348156,1776592601.298273,1776592601.048675,1776592601.302574,0.9770068438395694,0.054154451457077146,-0.4239770573511184,0.8267716535433071,0.44285714285714284,0.0,0.18611071766090886,-0.16259147341561045,0.7522935607830993,0.8942534470246735,0.8880819467779526,-0.7645844217707981,0.9637787362338259,0.997276843671828,-0.7274251805985552,0.5834670947030498,1
1776592601.398146,1116,1776592601.398146,1776592601.398221,1776592601.048675,1776592601.302574,0.9761664306212632,0.044036630693141135,-0.4244257674988228,0.8818897637795275,0.6714285714285714,0.0,-0.008333662283502415,0.03667520639958797,0.8115188751328971,0.1571004172714078,0.12274402471410764,-0.8275319616460248,0.9637787362338259,0.997276843671828,-0.7274251805985552,0.5834670947030498,1
1776592601.448142,1117,1776592601.448142,1776592601.398221,1776592601.048675,1776592601.302574,0.9752537857369492,0.033383261002223275,-0.42491000595814327,0.9370078740157479,0.7285714285714284,0.0,-0.008333662283502415,0.03667520639958797,0.8115188751328971,0.1571004172714078,0.12274402471410764,-0.8275319616460248,0.9637787362338259,0.997276843671828,-0.7274251805985552,0.5834670947030498,1
1776592601.498327,1118,1776592601.498327,1776592601.448196,1776592601.048675,1776592601.449605,0.9743905508572969,0.023043539487665306,-0.4253436446843738,0.8818897637795275,0.757142857142857,0.0,0.22777902907842093,0.55867941052339,0.8027522814608199,-0.5015080732946299,-0.3718362148393041,-0.8433975383386091,0.9637787362338259,0.9970076944998575,-0.7239422084623324,0.5810593900481541,1
1776592601.548335,1119,1776592601.548335,1776592601.498376,1776592601.048675,1776592601.449605,0.9735547905990707,0.012430709356957228,-0.4257480874632464,0.8661417322834646,0.8428571428571427,0.0,-0.11111007911058066,0.07823921403118655,0.7948012423424063,0.7945618650217706,0.5848328003902228,-0.6489251359906574,0.9637787362338259,0.9970076944998575,-0.7239422084623324,0.5810593900481541,1
1776592601.598212,1120,1776592601.598212,1776592601.548384,1776592601.048675,1776592601.594745,0.972648571231058,0.0009921523946078118,-0.4261731646751842,0.9291338582677164,0.9428571428571428,0.0,0.19722149337184758,-0.0036676228306200013,0.8326197621539229,-0.03625045355587808,-0.2418703593301176,-0.7911967177848122,0.9637787362338259,0.9967543776321206,-0.7180082559339525,0.5730337078651686,1
1776592601.648147,1121,1776592601.648147,1776592601.598261,1776592601.64864,1776592601.594745,0.9717955285496768,-0.009612143091845575,-0.42656322647728384,0.8582677165354331,0.8999999999999999,0.0,0.08611141426126692,0.2493891553226517,0.8294597119373719,-0.12386611030478954,-0.021665492385236573,-0.7558852453978303,0.9637787362338259,0.9967543776321206,-0.7180082559339525,0.5730337078651686,1
1776592601.698188,1122,1776592601.698188,1776592601.648197,1776592601.64864,1776592601.594745,0.9709108014258442,-0.01987505280811133,-0.4269620273365995,0.8582677165354331,0.8714285714285713,0.0,-0.2527776939277347,-0.08924208252304655,0.8900101426662337,-0.8972809325108853,-0.5884504904883205,-0.8024562832293556,0.9637787362338259,0.9967543776321206,-0.7180082559339525,0.5730337078651686,1
1776592601.748225,1123,1776592601.748225,1776592601.698238,1776592601.64864,1776592601.741451,0.9700258527324841,-0.02988832417992737,-0.4273450268757573,0.84251968503937,0.8714285714285713,0.0,0.06111042741075969,0.0696817680619439,0.8745157991007341,0.38670174165457183,0.19855292396076096,-0.7548614739235994,0.9637787362338259,0.99648522846015,-0.7094943240454077,0.575040128410915,1
1776592601.800725,1124,1776592601.800725,1776592601.800769,1776592601.64864,1776592601.741451,0.9689995426804949,-0.040827604453377374,-0.42778209809850154,0.9055118110236221,0.9142857142857143,0.0,0.4055560844558274,0.2237157955083117,0.8202853835939667,-0.3111733490566037,-0.28880548479757195,-0.7645844217707981,0.9637787362338259,0.99648522846015,-0.7094943240454077,0.575040128410915,1
1776592601.848249,1125,1776592601.848249,1776592601.848315,1776592601.64864,1776592601.741451,0.968128331297848,-0.05028399028757484,-0.4281439503028162,0.84251968503937,0.9142857142857143,0.0,-0.12222317682271289,-0.4718827505229607,0.9840978365521649,-0.3776419629898403,-0.29242317489566966,-0.7753330618642245,0.9637787362338259,0.99648522846015,-0.7094943240454077,0.575040128410915,1
1776592601.89824,1126,1776592601.89824,1776592601.898289,1776592601.64864,1776592601.88711,0.9671199683775971,-0.059943073922821215,-0.4285611169911793,0.889763779527559,0.8714285714285713,0.0,-0.06111042741075969,0.3080680548927356,0.8003057882218447,0.24773222060957908,0.23466207793615526,-0.7671448108423738,0.9637787362338259,0.9963585700262816,-0.7049793601651186,0.5762439807383628,1
1776592601.948241,1127,1776592601.948241,1776592601.898289,1776592601.64864,1776592601.88711,0.9661173662650645,-0.0695466823704121,-0.42895565682034004,0.8740157480314961,0.8999999999999999,0.0,-0.06111042741075969,0.3080680548927356,0.8003057882218447,0.24773222060957908,0.23466207793615526,-0.7671448108423738,0.9637787362338259,0.9963585700262816,-0.7049793601651186,0.5762439807383628,1
1776592601.998202,1128,1776592601.998202,1776592601.948289,1776592601.64864,1776592601.88711,0.9649942303295005,-0.07985226530795131,-0.42939521364400796,0.9606299212598425,0.9857142857142857,0.0,0.08333430083383062,-0.05379009833807328,0.8388379502219449,0.03625045355587808,0.1732832908785432,-0.7533267770982514,0.9637787362338259,0.9963585700262816,-0.7049793601651186,0.5762439807383628,1
1776592602.048247,1129,1776592602.048247,1776592601.998252,1776592601.64864,1776592602.033268,0.9639293671797035,-0.08963936860701804,-0.42979896597817957,0.8976377952755906,0.9714285714285714,0.0,0.18333360423347256,0.3924203142771595,0.7984709395953653,-0.5649492017416545,-0.4079453688146984,-0.7819846952887305,0.9637787362338259,0.996200246983946,-0.7002063983488132,0.5810593900481541,1
1776592602.09814,1130,1776592602.09814,1776592602.048292,1776592601.64864,1776592602.033268,0.9628297176140683,-0.09889305664016661,-0.4302153041329014,0.9055118110236221,0.9285714285714285,0.0,0.15277839052809272,-0.9535451473231669,0.785932736305249,0.29909742380261245,0.4079453688146984,-0.7553723992747164,0.9637787362338259,0.996200246983946,-0.7002063983488132,0.5810593900481541,1
1776592602.148216,1131,1776592602.148216,1776592602.098179,1776592601.64864,1776592602.033268,0.9617655191728544,-0.10752371564272273,-0.4306025252482311,0.8582677165354331,0.8857142857142857,0.0,-0.6111112401111773,0.27506149323037965,0.8387359526458572,0.03625045355587808,0.15161779849330662,-0.7523030056240204,0.9637787362338259,0.996200246983946,-0.7002063983488132,0.5810593900481541,1
1776592602.198261,1132,1776592602.198261,1776592602.19831,1776592601.64864,1776592602.179849,0.9606516891574508,-0.11599648372656707,-0.43100925635811294,0.8818897637795275,0.8857142857142857,0.0,-0.06111042741075969,-0.03545198418497327,0.950560658606103,-0.8066377902757619,-0.6606552490379926,-0.7993849688066629,0.9637787362338259,0.9959944270289097,-0.6898864809081529,0.5842696629213483,1
1776592602.248191,1133,1776592602.248191,1776592602.24824,1776592602.248683,1776592602.179849,0.9595835024647394,-0.12382275250811858,-0.43139440613933966,0.8346456692913385,0.8428571428571427,0.0,-0.08888852768870323,-0.21882597236968904,0.8270133039094043,0.6374614477503627,0.22744024714107636,-0.7267144810842374,0.9638206105271974,0.9959944270289097,-0.6898864809081529,0.5842696629213483,1
1776592602.298209,1134,1776592602.298209,1776592602.24824,1776592602.248683,1776592602.179849,0.958420927153257,-0.13155087288074116,-0.43181374279676304,0.889763779527559,0.8428571428571427,0.0,-0.08888852768870323,-0.21882597236968904,0.8270133039094043,0.6374614477503627,0.22744024714107636,-0.7267144810842374,0.9638206105271974,0.9959944270289097,-0.6898864809081529,0.5842696629213483,1
1776592602.348213,1135,1776592602.348213,1776592602.348307,1776592602.248683,1776592602.325249,0.9573022226082455,-0.13844046445534033,-0.43221619314949844,0.84251968503937,0.7714285714285714,0.0,0.18611071766090886,0.12713948923063717,0.8397553319296808,0.0060436320754716985,-0.16245731938648314,-0.7374612004056671,0.9638206105271974,0.99577277476964,-0.6813725490196079,0.583868378812199,1
1776592602.398139,1136,1776592602.398139,1776592602.398187,1776592602.248683,1776592602.325249,0.9561957043872539,-0.14540046684504074,-0.43260130347674225,0.8267716535433071,0.8142857142857143,0.0,0.18888783108834517,-0.6381418467691912,0.9655453551351945,-0.35649492017416545,-0.3862798764294618,-0.8060385230031655,0.9638206105271974,0.99577277476964,-0.6813725490196079,0.583868378812199,1
1776592602.448171,1137,1776592602.448171,1776592602.448218,1776592602.248683,1776592602.325249,0.9550218290298622,-0.15112507947887463,-0.43303953859198246,0.8582677165354331,0.6714285714285714,0.0,0.24444403164423226,0.11980424356939717,0.8788990533312689,0.48942080914368646,0.2093924448539375,-0.7630497249454501,0.9638206105271974,0.99577277476964,-0.6813725490196079,0.583868378812199,1
1776592602.4982,1138,1776592602.4982,1776592602.448218,1776592602.248683,1776592602.471316,0.9537500199412574,-0.157485523109683,-0.4334935355733977,0.9212598425196851,0.7857142857142857,0.0,0.24444403164423226,0.11980424356939717,0.8788990533312689,0.48942080914368646,0.2093924448539375,-0.7630497249454501,0.9638206105271974,0.9955669548146037,-0.6691176470588236,0.5810593900481541,1
1776592602.548191,1139,1776592602.548191,1776592602.49825,1776592602.248683,1776592602.471316,0.9524740010316278,-0.1628090074635464,-0.43396197271256015,0.9133858267716536,0.6857142857142856,0.0,0.08055486540520082,-0.3337403928004635,0.8354740752752337,0.14199700653120462,0.039713294672375485,-0.8270210362949076,0.9638206105271974,0.9955669548146037,-0.6691176470588236,0.5810593900481541,1
1776592602.59819,1140,1776592602.59819,1776592602.548238,1776592602.248683,1776592602.471316,0.9512064017640479,-0.16901582749777033,-0.43439103477677243,0.8976377952755906,0.8428571428571427,0.0,0.06944408969426209,0.3410756384617036,0.8324159374237629,-0.3111733490566037,-0.22744024714107636,-0.8439103844617228,0.9638206105271974,0.9955669548146037,-0.6691176470588236,0.5810593900481541,1
1776592602.648197,1141,1776592602.648197,1776592602.598236,1776592602.248683,1776592602.61791,0.9499294965763077,-0.17335569410128063,-0.4348724522763144,0.8976377952755906,0.6285714285714284,0.0,0.12222317682271289,-0.784840628554319,0.7139653939351747,0.652564858490566,0.5740068288981627,-0.8311161221918314,0.9638206105271974,0.9953611348595675,-0.6546697626418988,0.5854735152487961,1
1776592602.698228,1142,1776592602.698228,1776592602.648245,1776592602.248683,1776592602.61791,0.9486386325083266,-0.17792812976073127,-0.43533335370473986,0.8976377952755906,0.7,0.0,0.23055614250585726,0.03178436135435327,0.8117226998630573,-0.033234306966618284,0.22744024714107636,-0.8597740403823104,0.9638206105271974,0.9953611348595675,-0.6546697626418988,0.5854735152487961,1
1776592602.748148,1143,1776592602.748148,1776592602.698276,1776592602.248683,1776592602.61791,0.9473067780777337,-0.1807872355860527,-0.4358444603264261,0.9291338582677164,0.5142857142857142,0.0,-0.0027771134274363015,0.04767705298483593,0.7956167116850622,0.1631440493468795,0.054156956262533196,-0.8259972648206768,0.9638206105271974,0.9953611348595675,-0.6546697626418988,0.5854735152487961,1
1776592602.798137,1144,1776592602.798137,1776592602.748197,1776592602.248683,1776592602.763609,0.9460327532938526,-0.18434831590132245,-0.43629808249500357,0.8740157480314961,0.6428571428571428,0.0,0.16111205281159513,0.05745669926208123,0.8047910400284674,-0.691842797532656,-0.48015012736437057,-0.9104401641107595,0.9638206105271974,0.9952028118172318,-0.6390608875128999,0.5983146067415731,1
1776592602.848178,1145,1776592602.848178,1776592602.798188,1776592602.848662,1776592602.763609,0.9447948443429754,-0.18585681427333905,-0.43679956234485834,0.8582677165354331,0.39999999999999997,0.0,-0.31111100791105806,0.03178436135435327,0.806727801020027,0.7069462082728591,0.4079453688146984,-0.8485163957097637,0.9639462334073112,0.9952028118172318,-0.6390608875128999,0.5983146067415731,1
1776592602.89818,1146,1776592602.89818,1776592602.848225,1776592602.848662,1776592602.763609,0.9435427549423299,-0.18779844584128122,-0.4372779813416986,0.8582677165354331,0.5,0.0,0.2527776939277347,-0.23227324147755435,0.8195719118273985,-0.07854453918722785,-0.15883962928838546,-0.9298879805771536,0.9639462334073112,0.9952028118172318,-0.6390608875128999,0.5983146067415731,1
1776592602.948169,1147,1776592602.948169,1776592602.898227,1776592602.848662,1776592602.910563,0.9423159244678344,-0.18906370685203913,-0.43775131077474266,0.84251968503937,0.44285714285714284,0.0,0.03888887598888226,0.21149174861506106,0.8360856346767218,-0.06948476052249636,-0.06136523765649559,-0.868475137527275,0.9639462334073112,0.9950919856875969,-0.6269349845201239,0.6099518459069021,1
1776592602.998233,1148,1776592602.998233,1776592602.948218,1776592602.848662,1776592602.910563,0.9410928606753084,-0.19126137774762203,-0.4381730343981326,0.8188976377952756,0.6,0.0,0.5305563747059766,0.03667520639958797,0.881753281241572,-0.7734148222060958,-0.5631808574061027,-0.9293751344540397,0.9639462334073112,0.9950919856875969,-0.6269349845201239,0.6099518459069021,1
1776592603.048293,1149,1776592603.048293,1776592602.99828,1776592602.848662,1776592602.910563,0.9397689827477104,-0.19343557837150455,-0.4386312529557198,0.8818897637795275,0.657142857142857,0.0,-0.11388951453921047,0.2872855401236303,0.8605503966444586,0.2144979136429608,0.4440409733889763,-0.768166661544608,0.9639462334073112,0.9950919856875969,-0.6269349845201239,0.6099518459069021,1
1776592603.098127,1150,1776592603.098127,1776592603.098172,1776592602.848662,1776592603.055843,0.9384435538334187,-0.1954092148554018,-0.4390913455774955,0.8818897637795275,0.6714285714285714,0.0,0.45277862272821207,0.1650368959382278,0.8406727988484243,-0.29606993831640055,-0.26715354181345186,-0.8510748640093426,0.9639462334073112,0.9949178303410278,-0.6180340557275542,0.6219903691813804,1
1776592603.148305,1151,1776592603.148305,1776592603.098172,1776592602.848662,1776592603.055843,0.9371017287740824,-0.19719935648782322,-0.4395426991420554,0.8818897637795275,0.6857142857142856,0.0,0.45277862272821207,0.1650368959382278,0.8406727988484243,-0.29606993831640055,-0.26715354181345186,-0.8510748640093426,0.9639462334073112,0.9949178303410278,-0.6180340557275542,0.6219903691813804,1
1776592603.198184,1152,1776592603.198184,1776592603.19823,1776592602.848662,1776592603.055843,0.9357902587400316,-0.19820431084881307,-0.43999632131063293,0.8740157480314961,0.6142857142857142,0.0,-0.23333325593329352,-0.10635697446153186,0.8402649789660889,-0.13896952104499272,0.27436182320741426,-0.846979778112419,0.9639462334073112,0.9949178303410278,-0.6180340557275542,0.6219903691813804,1
1776592603.248141,1153,1776592603.248141,1776592603.19823,1776592602.848662,1776592603.202187,0.9344123178476912,-0.1997341458314664,-0.44044666879862837,0.8976377952755906,0.7428571428571428,0.0,-0.23333325593329352,-0.10635697446153186,0.8402649789660889,-0.13896952104499272,0.27436182320741426,-0.846979778112419,0.9639462334073112,0.9947120103859916,-0.6126160990712074,0.6364365971107544,1
1776592603.298195,1154,1776592603.298195,1776592603.248189,1776592602.848662,1776592603.202187,0.9330071239034523,-0.2012319758981646,-0.440897923728231,0.9055118110236221,0.7857142857142857,0.0,0.02500098685050724,-0.24327610996941434,0.8588175455940669,-0.060424981857764876,0.2707576825104331,-0.818832785273057,0.9639462334073112,0.9947120103859916,-0.6126160990712074,0.6364365971107544,1
1776592603.348135,1155,1776592603.348135,1776592603.348186,1776592602.848662,1776592603.348511,0.9316887852140451,-0.20170351499323633,-0.4413442074559861,0.8661417322834646,0.657142857142857,0.0,0.24166691821679595,-0.8239602355699123,0.8001019634916846,0.5528732764876632,0.7978293859411414,-0.8510748640093426,0.9639462334073112,0.9945536873436559,-0.6122291021671827,0.6468699839486357,1
1776592603.398198,1156,1776592603.398198,1776592603.398243,1776592602.848662,1776592603.348511,0.9304262820456008,-0.2007412338535199,-0.4418172804381412,0.8582677165354331,0.4857142857142857,0.0,0.42777763587770484,-0.06479194492332124,0.809989763601658,-0.22054154571843249,0.09025256083681102,-0.8648928977534651,0.9639462334073112,0.9945536873436559,-0.6122291021671827,0.6468699839486357,1
1776592603.448124,1157,1776592603.448124,1776592603.398243,1776592603.448622,1776592603.348511,0.9291205728192684,-0.2003273036071674,-0.44226737147524775,0.8661417322834646,0.6142857142857142,0.0,0.42777763587770484,-0.06479194492332124,0.809989763601658,-0.22054154571843249,0.09025256083681102,-0.8648928977534651,0.9640299819940538,0.9945536873436559,-0.6122291021671827,0.6468699839486357,1
1776592603.498075,1158,1776592603.498075,1776592603.448171,1776592603.448622,1776592603.494961,0.9277082886501452,-0.2000947345512271,-0.44273740650071836,0.9212598425196851,0.7285714285714284,0.0,0.16388916623903146,-0.07946243624580124,0.8155963070571842,-0.027190674891146585,0.1913310931656821,-0.8480035495866499,0.9640299819940538,0.9943953643013204,-0.6142930856553148,0.6532905296950241,1
1776592603.548167,1159,1776592603.548167,1776592603.548214,1776592603.448622,1776592603.494961,0.9263981480332603,-0.20038277879482289,-0.4431395806755733,0.8267716535433071,0.7714285714285714,0.0,0.03888887598888226,-0.15892385058499042,0.7363913973352644,0.8066377902757619,0.5920546311853017,-0.65916092996097,0.9640299819940538,0.9943953643013204,-0.6142930856553148,0.6532905296950241,1
1776592603.598022,1160,1776592603.598022,1776592603.598072,1776592603.448622,1776592603.494961,0.9250091286645383,-0.20107408497945287,-0.44352905066792936,0.8582677165354331,0.8999999999999999,0.0,0.5361106015608492,0.011002868491860003,0.8618756834455377,0.027190674891146585,-0.13718768630426537,-0.7323442638065092,0.9640299819940538,0.9943953643013204,-0.6142930856553148,0.6532905296950241,1
1776592603.648211,1161,1776592603.648211,1776592603.648298,1776592603.448622,1776592603.641939,0.9236400505533034,-0.20141760441070417,-0.4439112216734458,0.84251968503937,0.8714285714285713,0.0,-0.2666679050673032,0.05379009833807328,0.8137614584307046,0.13896952104499272,0.010825971492060053,-0.7021497280186852,0.9640299819940538,0.9942370412589847,-0.618421052631579,0.670545746388443,1
1776592603.698057,1162,1776592603.698057,1776592603.648298,1776592603.448622,1776592603.641939,0.9222164663382711,-0.20128318376369278,-0.44431931394573826,0.889763779527559,0.8857142857142857,0.0,-0.2666679050673032,0.05379009833807328,0.8137614584307046,0.13896952104499272,0.010825971492060053,-0.7021497280186852,0.9640299819940538,0.9942370412589847,-0.618421052631579,0.670545746388443,1
1776592603.748186,1163,1776592603.748186,1776592603.698103,1776592603.448622,1776592603.641939,0.9208640059416083,-0.20105914935200714,-0.4447020175800241,0.8346456692913385,0.857142857142857,0.0,0.1250002902501492,-0.015892691630482656,0.9302752409277331,-0.8066377902757619,-0.6534334182429137,-0.7523030056240204,0.9640299819940538,0.9942370412589847,-0.618421052631579,0.670545746388443,1
1776592603.79819,1164,1776592603.79819,1776592603.748237,1776592603.448622,1776592603.787412,0.9194811905196604,-0.2005065311365159,-0.4450965968631677,0.8582677165354331,0.8714285714285713,0.0,0.16944339309390402,-0.23960848713879435,0.8047910400284674,0.7492402939042089,0.4404368326919951,-0.6734898890562094,0.9640299819940538,0.9940787182166493,-0.6251289989680082,0.6869983948635634,1
1776592603.848096,1165,1776592603.848096,1776592603.848145,1776592603.448622,1776592603.787412,0.9180567200265174,-0.19978535369699452,-0.4454963051640904,0.8818897637795275,0.9142857142857143,0.0,0.27499924534961206,0.014669469415867963,0.8407747112135044,-0.0060436320754716985,0.054156956262533196,-0.716989612465042,0.9640299819940538,0.9940787182166493,-0.6251289989680082,0.6869983948635634,1
1776592603.898069,1166,1776592603.898069,1776592603.898117,1776592603.448622,1776592603.787412,0.9167182185100956,-0.19869932021558512,-0.44587780545189737,0.8346456692913385,0.8428571428571427,0.0,-0.4111103113107,-0.5452321414155247,0.9918450509404185,-0.5498457910014514,-0.3249146387729663,-0.7860797811856541,0.9640299819940538,0.9940787182166493,-0.6251289989680082,0.6869983948635634,1
1776592603.948193,1167,1776592603.948193,1776592603.94824,1776592603.448622,1776592603.934072,0.9153509129550815,-0.19717588621612278,-0.44627826337849547,0.8582677165354331,0.8428571428571427,0.0,0.23888980478935964,-0.05745669926208123,0.8865443553544424,0.4501542089985486,0.1299658555091865,-0.7466732229017488,0.9640299819940538,0.9939362274785472,-0.6306759545923633,0.706661316211878,1
1776592603.998058,1168,1776592603.998058,1776592603.94824,1776592603.448622,1776592603.934072,0.9139590131825006,-0.19567592248836088,-0.44667371064926326,0.8661417322834646,0.8999999999999999,0.0,0.23888980478935964,-0.05745669926208123,0.8865443553544424,0.4501542089985486,0.1299658555091865,-0.7466732229017488,0.9640299819940538,0.9939362274785472,-0.6306759545923633,0.706661316211878,1
1776592604.048155,1169,1776592604.048155,1776592604.048204,1776592604.048646,1776592603.934072,0.9125132720147051,-0.19365961278319016,-0.44708977262610466,0.9055118110236221,0.9142857142857143,0.0,0.2777786807782419,0.17726196473809044,0.8435270267587276,-0.1903347242380261,-0.010825971492060053,-0.7528139309751375,0.9640299819940538,0.9939362274785472,-0.6306759545923633,0.706661316211878,1
1776592604.098125,1170,1776592604.098125,1776592604.048204,1776592604.048646,1776592604.079833,0.9111745489287557,-0.19170517924886596,-0.4474643487399098,0.8346456692913385,0.8714285714285713,0.0,0.2777786807782419,0.17726196473809044,0.8435270267587276,-0.1903347242380261,-0.010825971492060053,-0.7528139309751375,0.9640299819940538,0.9936354136981096,-0.6351909184726522,0.725521669341894,1
1776592604.148111,1171,1776592604.148111,1776592604.148162,1776592604.048646,1776592604.079833,0.9097923982153903,-0.18871378643759681,-0.4478942590647548,0.8976377952755906,0.8285714285714285,0.0,0.30000023220011934,-0.04400943015421593,0.8651375608161612,0.29002630624092884,0.3537884125521652,-0.788127324134116,0.9640299819940538,0.9936354136981096,-0.6351909184726522,0.725521669341894,1
1776592604.198059,1172,1776592604.198059,1776592604.198102,1776592604.048646,1776592604.079833,0.9084383868320343,-0.1860275071584329,-0.44829528907410515,0.8582677165354331,0.8714285714285713,0.0,0.05277676512725727,-0.12469406670801983,0.790010168229536,0.229601324383164,-0.07942658934475097,-0.742578137004825,0.9640299819940538,0.9936354136981096,-0.6351909184726522,0.725521669341894,1
1776592604.248124,1173,1776592604.248124,1776592604.248172,1776592604.048646,1776592604.226011,0.9070436066555941,-0.18225732805892317,-0.44874662291167355,0.9212598425196851,0.8285714285714285,0.0,0.08611141426126692,0.25061135563065434,0.8222222297965339,-0.40181649129172714,-0.2635358517153542,-0.7773786840406898,0.9640299819940538,0.9933662645261391,-0.6424148606811145,0.7363563402889245,1
1776592604.298089,1174,1776592604.298089,1776592604.248172,1776592604.048646,1776592604.226011,0.9057188424498854,-0.17915498487234308,-0.4491270973959247,0.84251968503937,0.8714285714285713,0.0,0.08611141426126692,0.25061135563065434,0.8222222297965339,-0.40181649129172714,-0.2635358517153542,-0.7773786840406898,0.9640299819940538,0.9933662645261391,-0.6424148606811145,0.7363563402889245,1
1776592604.348112,1175,1776592604.348112,1776592604.298137,1776592604.048646,1776592604.226011,0.9043978449261464,-0.17489619738925233,-0.4495573430796244,0.889763779527559,0.7857142857142857,0.0,0.24166691821679595,-0.47555037335358075,0.7364933097003444,0.8126814223512336,0.5920546311853017,-0.7190371554135039,0.9640299819940538,0.9933662645261391,-0.6424148606811145,0.7363563402889245,1
1776592604.39814,1176,1776592604.39814,1776592604.348153,1776592604.048646,1776592604.372338,0.9030312040797155,-0.1708849145895476,-0.449973799596295,0.889763779527559,0.8857142857142857,0.0,-0.08055486540520082,0.17359434190747045,0.80265036909574,0.06948476052249636,0.06498292775459324,-0.7758439872153415,0.9640299819940538,0.9931129476584022,-0.6537667698658411,0.7491974317817014,1
1776592604.448145,1177,1776592604.448145,1776592604.398193,1776592604.048646,1776592604.372338,0.9016129375333461,-0.1662740730309509,-0.45041375095979214,0.9370078740157479,0.9142857142857143,0.0,0.005556548856066112,0.21149174861506106,0.8246686378245015,0.09365928882438315,0.06136523765649559,-0.7441147546021698,0.9640299819940538,0.9931129476584022,-0.6537667698658411,0.7491974317817014,1
1776592604.498071,1178,1776592604.498071,1776592604.448194,1776592604.048646,1776592604.372338,0.9003309362464704,-0.1617379096095827,-0.45081263072707356,0.8582677165354331,0.8285714285714285,0.0,0.3499998838999403,0.20171108043120373,0.8077471803038505,-0.6616246371552975,-0.4476586634870739,-0.7901729463105812,0.9640299819940538,0.9931129476584022,-0.6537667698658411,0.7491974317817014,1
1776592604.548158,1179,1776592604.548158,1776592604.498122,1776592604.048646,1776592604.519367,0.8991158489569393,-0.1561477176227602,-0.4512513590171003,0.8740157480314961,0.7,0.0,-0.14999895509946293,-0.02689453821573062,0.8595311025716426,0.5317148947750362,0.2021706140588586,-0.7415562863025909,0.9640299819940538,0.9928754630948988,-0.663312693498452,0.7568218298555377,1
1776592604.597992,1180,1776592604.597992,1776592604.598082,1776592604.048646,1776592604.519367,0.8979317814012766,-0.14996010053810932,-0.4517114121848932,0.889763779527559,0.657142857142857,0.0,0.23888980478935964,0.15525622775437045,0.8357798123704739,-0.1842910921625544,-0.03609560457427782,-0.8132030025507853,0.9640299819940538,0.9928754630948988,-0.663312693498452,0.7568218298555377,1
1776592604.647994,1181,1776592604.647994,1776592604.598082,1776592604.648538,1776592604.519367,0.8968505221064349,-0.14374901318175806,-0.45215430287011754,0.8346456692913385,0.5857142857142856,0.0,0.23888980478935964,0.15525622775437045,0.8357798123704739,-0.1842910921625544,-0.03609560457427782,-0.8132030025507853,0.9640299819940538,0.9928754630948988,-0.663312693498452,0.7568218298555377,1
1776592604.69806,1182,1776592604.69806,1776592604.698106,1776592604.648538,1776592604.665382,0.8958091453265669,-0.13710479262948122,-0.4526056761616688,0.8346456692913385,0.5428571428571428,0.0,0.30833389448362175,0.15892385058499042,0.8454637877502872,0.1993945029027576,0.3393447509620075,-0.8393043732136821,0.9640299819940538,0.992653810835629,-0.6771155830753355,0.7540128410914928,1
1776592604.747987,1183,1776592604.747987,1776592604.698106,1776592604.648538,1776592604.665382,0.8947675469771712,-0.1299911666431964,-0.45306561096751286,0.8582677165354331,0.5428571428571428,0.0,0.30833389448362175,0.15892385058499042,0.8454637877502872,0.1993945029027576,0.3393447509620075,-0.8393043732136821,0.9640299819940538,0.992653810835629,-0.6771155830753355,0.7540128410914928,1
1776592604.798053,1184,1776592604.798053,1776592604.798099,1776592604.648538,1776592604.665382,0.8936603640475967,-0.12224384332100077,-0.4535564974229546,0.9133858267716536,0.6,0.0,0.2694450184947395,0.20048888012320107,0.8249745453417571,-0.4108762699564586,-0.19855292396076096,-0.9083926211622976,0.9640299819940538,0.992653810835629,-0.6771155830753355,0.7540128410914928,1
1776592604.847998,1185,1776592604.847998,1776592604.798099,1776592604.648538,1776592604.811255,0.8927295504620169,-0.11419354012776363,-0.4540471274275074,0.8582677165354331,0.4285714285714285,0.0,0.2694450184947395,0.20048888012320107,0.8249745453417571,-0.4108762699564586,-0.19855292396076096,-0.9083926211622976,0.9640299819940538,0.9924479908805928,-0.6933694530443756,0.7471910112359551,1
1776592604.898046,1186,1776592604.898046,1776592604.848107,1776592604.648538,1776592604.811255,0.8916053066788145,-0.1060237519149608,-0.4545338712147429,0.9291338582677164,0.6714285714285714,0.0,0.14722184167202662,-0.496331866216074,0.9797145823216301,-0.5256826015965167,-0.47292829656929164,-0.9708292356864072,0.9640299819940538,0.9924479908805928,-0.6933694530443756,0.7471910112359551,1
1776592604.948118,1187,1776592604.948118,1776592604.898092,1776592604.648538,1776592604.811255,0.8906295144791254,-0.09737175630176796,-0.4550277561728863,0.8976377952755906,0.5142857142857142,0.0,0.17222282852253384,0.01711489193848531,0.8514780658771411,-0.09970292089985486,-0.04693512546745434,-0.9350049171763115,0.9640299819940538,0.9924479908805928,-0.6933694530443756,0.7471910112359551,1
1776592604.99798,1188,1776592604.99798,1776592604.948163,1776592604.648538,1776592604.957725,0.8894142056200668,-0.08870269140006572,-0.4555116987273348,0.9763779527559054,0.8285714285714285,0.0,-0.2000009288004774,0.11369222012277187,0.8460754323627828,0.04833771770682148,0.3610102433472441,-0.8577264974338487,0.9640299819940538,0.9922105063170894,-0.7107843137254902,0.7363563402889245,1
1776592605.048111,1189,1776592605.048111,1776592605.04816,1776592604.648538,1776592604.957725,0.8881962379266765,-0.08099377397701621,-0.45592505810634654,0.8976377952755906,0.9285714285714285,0.0,0.2861123430617443,-0.3386302159390862,0.7445464316058534,0.6797555333817126,0.6642593897349738,-0.7661210393681429,0.9640299819940538,0.9922105063170894,-0.7107843137254902,0.7363563402889245,1
1776592605.098042,1190,1776592605.098042,1776592605.098088,1776592604.648538,1776592604.957725,0.8871442258094822,-0.07251887223210818,-0.4563663509052628,0.889763779527559,0.7285714285714284,0.0,0.5333334881334129,-0.21882597236968904,0.8669724094426406,-0.2024106494920174,-0.2093924448539375,-0.8111554596023234,0.9640299819940538,0.9922105063170894,-0.7107843137254902,0.7363563402889245,1
1776592605.147954,1191,1776592605.147954,1776592605.098088,1776592604.648538,1776592605.10358,0.8861170294793825,-0.06392021814550715,-0.45680348130898135,0.8818897637795275,0.7285714285714284,0.0,0.5333334881334129,-0.21882597236968904,0.8669724094426406,-0.2024106494920174,-0.2093924448539375,-0.8111554596023234,0.9640299819940538,0.9919096925366518,-0.7235552115583075,0.7351524879614767,1
1776592605.197987,1192,1776592605.197987,1776592605.198034,1776592604.648538,1776592605.10358,0.8851804550860841,-0.0553621036191159,-0.4572407300746487,0.84251968503937,0.657142857142857,0.0,-0.09722218997220564,-0.43520754412337276,0.9985728860448484,-0.6948589441219158,-0.5306893935288061,-0.8725683026522021,0.9640299819940538,0.9919096925366518,-0.7235552115583075,0.7351524879614767,1
1776592605.24799,1193,1776592605.24799,1776592605.198034,1776592605.248601,1776592605.10358,0.8841882667413503,-0.04679332078740628,-0.4576569893214047,0.8503937007874015,0.757142857142857,0.0,-0.09722218997220564,-0.43520754412337276,0.9985728860448484,-0.6948589441219158,-0.5306893935288061,-0.8725683026522021,0.9641137305807965,0.9919096925366518,-0.7235552115583075,0.7351524879614767,1
1776592605.297994,1194,1776592605.297994,1776592605.248092,1776592605.248601,1776592605.250249,0.8833303495303612,-0.03794502835635554,-0.458085104490027,0.8267716535433071,0.6142857142857142,0.0,-0.33333255933293543,0.19070923384595578,0.8557594929536035,0.6284016690856312,0.4187713403067585,-0.7343898859829743,0.9641137305807965,0.9915613818435135,-0.7345201238390093,0.7263242375601926,1
1776592605.347945,1195,1776592605.347945,1776592605.347993,1776592605.248601,1776592605.250249,0.8825521973493194,-0.02861452852491476,-0.45853541252403957,0.8346456692913385,0.5285714285714285,0.0,0.04722253827238467,0.14914420430774514,0.828644242594716,-0.13896952104499272,-0.04693512546745434,-0.7686795076677219,0.9641137305807965,0.9915613818435135,-0.7345201238390093,0.7263242375601926,1
1776592605.39801,1196,1776592605.39801,1776592605.347993,1776592605.248601,1776592605.396732,0.8817175449387316,-0.01956353829281511,-0.4589531907491378,0.8188976377952756,0.6428571428571428,0.0,0.04722253827238467,0.14914420430774514,0.828644242594716,-0.13896952104499272,-0.04693512546745434,-0.7686795076677219,0.9641137305807965,0.9911972388461416,-0.7421310629514964,0.7271268057784912,1
1776592605.44808,1197,1776592605.44808,1776592605.398056,1776592605.248601,1776592605.396732,0.8808984023950779,-0.009816974553958155,-0.4594029267003981,0.8582677165354331,0.6285714285714284,0.0,0.16666627966646771,-0.8264056580925296,0.857594341580083,0.30815720246734396,0.3537884125521652,-0.8034800547035865,0.9641137305807965,0.9911972388461416,-0.7421310629514964,0.7271268057784912,1
1776592605.497958,1198,1776592605.497958,1776592605.448131,1776592605.248601,1776592605.396732,0.8802175192366664,0.0005184796384724694,-0.45989071601818093,0.8661417322834646,0.4714285714285714,0.0,0.3416662216164379,-0.08312903716980921,0.8399592418708485,0.12084996371552975,0.38267573573248065,-0.819856556747288,0.9641137305807965,0.9911972388461416,-0.7421310629514964,0.7271268057784912,1
1776592605.547937,1199,1776592605.547937,1776592605.498008,1776592605.248601,1776592605.542698,0.8795333125353403,0.01127639872151029,-0.46038464043030725,0.889763779527559,0.5,0.0,-0.2000009288004774,0.06845956775394124,0.8328236720950908,0.1601165638606676,0.5198498726356295,-0.8654038231045822,0.9641137305807965,0.9908489281530033,-0.7478070175438596,0.7219101123595506,1
1776592605.597953,1200,1776592605.597953,1776592605.547982,1776592605.248601,1776592605.542698,0.8787726643469814,0.02131740768715408,-0.4608157935556141,0.84251968503937,0.657142857142857,0.0,0.3361119947615653,0.27872809415438765,0.821916407490286,-0.2326288098693759,0.007221830795078859,-0.8771743139002428,0.9641137305807965,0.9908489281530033,-0.7478070175438596,0.7219101123595506,1
1776592605.647991,1201,1776592605.647991,1776592605.648089,1776592605.248601,1776592605.542698,0.8778562527806976,0.03193237147892583,-0.4612372804551065,0.8976377952755906,0.8714285714285713,0.0,-0.2638884696386734,0.21026852640044638,0.8274209533697247,0.018130896226415092,0.22021841634599754,-0.7507683087986724,0.9641137305807965,0.9908489281530033,-0.7478070175438596,0.7219101123595506,1
1776592605.697997,1202,1776592605.697997,1776592605.698043,1776592605.248601,1776592605.689139,0.8769393980753584,0.042248622721783397,-0.46163187946524153,0.8661417322834646,0.9142857142857143,0.0,-0.02222155142187743,-0.08312903716980921,0.8203873811700544,0.07552839259796806,0.2129965855509187,-0.6980546421217616,0.9641137305807965,0.9905006174598651,-0.7485810113519092,0.7126805778491172,1
1776592605.747924,1203,1776592605.747924,1776592605.698043,1776592605.248601,1776592605.689139,0.8760531199648325,0.053597565919458565,-0.4620672147127375,0.9291338582677164,0.8857142857142857,0.0,-0.02222155142187743,-0.08312903716980921,0.8203873811700544,0.07552839259796806,0.2129965855509187,-0.6980546421217616,0.9641137305807965,0.9905006174598651,-0.7485810113519092,0.7126805778491172,1
1776592605.798,1204,1776592605.798,1776592605.798048,1776592605.248601,1776592605.689139,0.8752202401104656,0.06391168350125247,-0.4624425996331924,0.8346456692913385,0.8714285714285713,0.0,0.4916674987170943,-0.6173593320000859,0.7493374205077161,0.7311093976777938,0.6425938973497373,-0.6970308706475308,0.9641137305807965,0.9905006174598651,-0.7485810113519092,0.7126805778491172,1
1776592605.848042,1205,1776592605.848042,1776592605.798048,1776592605.84854,1776592605.835569,0.8744595919221068,0.0747464143825825,-0.4628540060400497,0.8582677165354331,0.7999999999999999,0.0,0.4916674987170943,-0.6173593320000859,0.7493374205077161,0.7311093976777938,0.6425938973497373,-0.6970308706475308,0.9643231020476529,0.9901681390709604,-0.7521929824561403,0.7002407704654895,1
1776592605.897985,1206,1776592605.897985,1776592605.84809,1776592605.84854,1776592605.835569,0.8736451023385334,0.08575397181007002,-0.46324736224972296,0.8661417322834646,0.8999999999999999,0.0,-0.191667266516975,0.3838628683079168,0.798674849536533,0.11782247822931784,0.259931711018373,-0.7354136574572052,0.9643231020476529,0.9901681390709604,-0.7521929824561403,0.7002407704654895,1
1776592605.947932,1207,1776592605.947932,1776592605.947982,1776592605.84854,1776592605.835569,0.8728817953158429,0.0975723204417532,-0.46368581436186923,0.9133858267716536,0.857142857142857,0.0,0.39166587331625885,0.19682125729258107,0.8060143292534586,-0.5981835087082729,-0.4512628041840551,-0.7737964442668798,0.9643231020476529,0.9901681390709604,-0.7521929824561403,0.7002407704654895,1
1776592605.997992,1208,1776592605.997992,1776592605.99804,1776592605.84854,1776592605.98171,0.8721384295506392,0.10872069949944312,-0.4640749095413875,0.8503937007874015,0.8714285714285713,0.0,-0.04722253827238467,-0.058679921476695936,0.8519877981245567,0.6465212264150942,0.17690098097664084,-0.712896447340115,0.9643231020476529,0.9897881637693549,-0.755546955624355,0.6934189406099519,1
1776592606.047954,1209,1776592606.047954,1776592605.99804,1776592605.84854,1776592605.98171,0.8714863504308198,0.11979440041990451,-0.4644691534656763,0.8346456692913385,0.7857142857142857,0.0,-0.04722253827238467,-0.058679921476695936,0.8519877981245567,0.6465212264150942,0.17690098097664084,-0.712896447340115,0.9643231020476529,0.9897881637693549,-0.755546955624355,0.6934189406099519,1
1776592606.097988,1210,1776592606.097988,1776592606.098034,1776592605.84854,1776592605.98171,0.8708005927428003,0.13142712053904812,-0.46486890122058194,0.8661417322834646,0.857142857142857,0.0,0.18888783108834517,0.1638136737236131,0.8477063710480945,0.027190674891146585,-0.054156956262533196,-0.7210846983619658,0.9643231020476529,0.9897881637693549,-0.755546955624355,0.6934189406099519,1
1776592606.147921,1211,1776592606.147921,1776592606.147967,1776592605.84854,1776592606.127535,0.8701516155963677,0.14327320676455904,-0.46528064298629407,0.8740157480314961,0.8428571428571427,0.0,0.5638887018387927,0.20660090356982636,0.8498471271918294,-0.7613275580551523,-0.6028806026773617,-0.7743092903899935,0.9643231020476529,0.9894081884677496,-0.759029927760578,0.684991974317817,1
1776592606.198047,1212,1776592606.198047,1776592606.198104,1776592605.84854,1776592606.127535,0.8694931109602468,0.15540733723366576,-0.46569098413561266,0.8818897637795275,0.8857142857142857,0.0,0.361110659610879,-0.06356974461531859,0.8734964198169104,0.42597968069666176,0.10107853232887107,-0.7512792341497895,0.9643231020476529,0.9894081884677496,-0.759029927760578,0.684991974317817,1
1776592606.247936,1213,1776592606.247936,1776592606.198104,1776592605.84854,1776592606.127535,0.8688957595137524,0.16727902739194073,-0.46608956799802226,0.8582677165354331,0.8428571428571427,0.0,0.361110659610879,-0.06356974461531859,0.8734964198169104,0.42597968069666176,0.10107853232887107,-0.7512792341497895,0.9643231020476529,0.9894081884677496,-0.759029927760578,0.684991974317817,1
1776592606.297967,1214,1776592606.297967,1776592606.247982,1776592605.84854,1776592606.274067,0.868323002284825,0.17951343993104008,-0.4664991595216655,0.8740157480314961,0.8428571428571427,0.0,-0.10833296568314436,0.007335245661240003,0.8597349273018028,0.0,-0.028887323180315436,-0.7712379759673008,0.9643231020476529,0.9890598777746112,-0.7614809081527348,0.6813804173354735,1
1776592606.347916,1215,1776592606.347916,1776592606.298016,1776592605.84854,1776592606.274067,0.8677500234863699,0.1912187045263486,-0.46687850956740345,0.8267716535433071,0.8714285714285713,0.0,0.2777786807782419,0.2310510411695517,0.8407747112135044,-0.35649492017416545,-0.09025256083681102,-0.7558852453978303,0.9643231020476529,0.9890598777746112,-0.7614809081527348,0.6813804173354735,1
1776592606.398023,1216,1776592606.398023,1776592606.398072,1776592605.84854,1776592606.274067,0.8672807392268465,0.20341471116630183,-0.46730056854964813,0.8582677165354331,0.7714285714285714,0.0,0.3527769973273766,0.248165933108037,0.8260958369906608,0.13292588896952104,0.3935017072245407,-0.7773786840406898,0.9643231020476529,0.9890598777746112,-0.7614809081527348,0.6813804173354735,1
1776592606.447948,1217,1776592606.447948,1776592606.398072,1776592606.448941,1776592606.420261,0.8667345703412348,0.21610786083409078,-0.46769944831692956,0.8818897637795275,0.9142857142857143,0.0,0.3527769973273766,0.248165933108037,0.8260958369906608,0.13292588896952104,0.3935017072245407,-0.7773786840406898,0.9644905992211382,0.988711567081473,-0.7613519091847265,0.6697431781701444,1
1776592606.497936,1218,1776592606.497936,1776592606.447994,1776592606.448941,1776592606.420261,0.866264842942656,0.2292832179022698,-0.4681293980957575,0.9133858267716536,0.857142857142857,0.0,-0.2722221319221758,-0.23960848713879435,0.8715595736143433,-0.030206821480406387,0.010825971492060053,-0.7789153016380344,0.9644905992211382,0.988711567081473,-0.7613519091847265,0.6697431781701444,1
1776592606.547898,1219,1776592606.547898,1776592606.497984,1776592606.448941,1776592606.420261,0.865765203657847,0.24231988700131007,-0.46853644483750256,0.889763779527559,0.9285714285714285,0.0,0.24444403164423226,0.1784841650460931,0.8041793954159716,-0.5709928338171262,-0.22744024714107636,-0.7809609238144996,0.9644905992211382,0.988711567081473,-0.7613519091847265,0.6697431781701444,1
1776592606.597945,1220,1776592606.597945,1776592606.547943,1776592606.448941,1776592606.566577,0.8654474729552234,0.2553010809126949,-0.4689935586835682,0.8976377952755906,0.7285714285714284,0.0,-0.0638898628393895,-0.8019555204928043,0.8373089239017132,0.2537758526850508,0.11191805322204759,-0.794778957558622,0.9644905992211382,0.9882365979544663,-0.7616099071207431,0.666131621187801,1
1776592606.647912,1221,1776592606.647912,1776592606.647961,1776592606.448941,1776592606.566577,0.8651459168281169,0.2681414531938773,-0.4694312019890647,0.8818897637795275,0.7428571428571428,0.0,0.18611071766090886,-0.11858204326139453,0.7898062582883681,0.19335087082728591,-0.057761096959514396,-0.7809609238144996,0.9644905992211382,0.9882365979544663,-0.7616099071207431,0.666131621187801,1
1776592606.697963,1222,1776592606.697963,1776592606.698009,1776592606.448941,1776592606.566577,0.8649239041614303,0.28171793854202676,-0.4699169791537188,0.9370078740157479,0.7,0.0,0.7111105435108194,0.03178436135435327,0.8796126955198522,-0.8157089078374455,-0.7184163459975069,-0.8776871600233566,0.9644905992211382,0.9882365979544663,-0.7616099071207431,0.666131621187801,1
1776592606.747899,1223,1776592606.747899,1776592606.747946,1776592606.448941,1776592606.712735,0.8646553618939408,0.2944174891930067,-0.4703405768412972,0.8582677165354331,0.7714285714285714,0.0,-0.19722149337184758,-0.05379009833807328,0.7642202046717276,0.8217525399129172,0.4151671996097773,-0.7599784105227573,0.9644905992211382,0.9877774611316931,-0.7604489164086687,0.666131621187801,1
1776592606.797992,1224,1776592606.797992,1776592606.798038,1776592606.448941,1776592606.712735,0.864475447437504,0.3077080639586241,-0.4708050488551766,0.9055118110236221,0.7142857142857143,0.0,0.4750001741500895,-0.29706620830748764,0.8893985832647455,-0.12386611030478954,-0.26715354181345186,-0.8515857893604597,0.9644905992211382,0.9877774611316931,-0.7604489164086687,0.666131621187801,1
1776592606.848127,1225,1776592606.848127,1776592606.798038,1776592606.448941,1776592606.712735,0.8644029942019685,0.3204545551530048,-0.4712717894730737,0.8818897637795275,0.6,0.0,0.4750001741500895,-0.29706620830748764,0.8893985832647455,-0.12386611030478954,-0.26715354181345186,-0.8515857893604597,0.9644905992211382,0.9877774611316931,-0.7604489164086687,0.666131621187801,1
1776592606.897913,1226,1776592606.897913,1776592606.848189,1776592606.448941,1776592606.858859,0.8643790646929844,0.33267829938678584,-0.47172657553414726,0.8503937007874015,0.557142857142857,0.0,-0.06111042741075969,-0.009779646277245308,0.8237512561167656,0.033234306966618284,-0.010825971492060053,-0.818832785273057,0.9644905992211382,0.9872708273962193,-0.7564499484004128,0.6629213483146068,1
1776592606.947876,1227,1776592606.947876,1776592606.897959,1776592606.448941,1776592606.858859,0.8644364512006409,0.344737751718664,-0.4722016803964226,0.8503937007874015,0.4857142857142857,0.0,-0.0027771134274363015,-0.6833734772314097,0.9810396987006941,-0.5438021589259796,-0.3718362148393041,-0.9114639355849904,0.9644905992211382,0.9872708273962193,-0.7564499484004128,0.6629213483146068,1
1776592606.997869,1228,1776592606.997869,1776592606.947916,1776592606.448941,1776592606.858859,0.8644373374787514,0.3575717230166554,-0.47267009780859365,0.8818897637795275,0.6285714285714284,0.0,0.18055649080603625,0.2872855401236303,0.8658512030047446,0.41691990203193036,0.29242317489566966,-0.8055275976520484,0.9644905992211382,0.9872708273962193,-0.7564499484004128,0.6629213483146068,1
1776592607.047865,1229,1776592607.047865,1776592607.047977,1776592607.048422,1776592607.00559,0.8645496732292606,0.3703118132278451,-0.47316423921762596,0.8976377952755906,0.5285714285714285,0.0,0.18055649080603625,0.2579455793852823,0.8245668106704291,-0.383685595065312,-0.14801365779632542,-0.8700098343526231,0.9645743478078808,0.9867166967480447,-0.7474200206398349,0.648876404494382,1
1776592607.097827,1230,1776592607.097827,1776592607.097872,1776592607.048422,1776592607.00559,0.8644504100808816,0.38348930395708786,-0.47356341488977927,0.8582677165354331,0.8428571428571427,0.0,0.5583344749839201,-0.244498310277417,0.7403670021054788,0.7160059869375905,0.5631808574061027,-0.7850560097114232,0.9645743478078808,0.9867166967480447,-0.7474200206398349,0.648876404494382,1
1776592607.147889,1231,1776592607.147889,1776592607.147922,1776592607.048422,1776592607.00559,0.8644721238945896,0.39711059618757444,-0.47402068655177654,0.9133858267716536,0.757142857142857,0.0,-0.21944536679491852,0.1503664046157478,0.7870540279541527,-0.0060436320754716985,0.028887323180315436,-0.8126920771996682,0.9645743478078808,0.9867166967480447,-0.7474200206398349,0.648876404494382,1
1776592607.197895,1232,1776592607.197895,1776592607.197937,1776592607.048422,1776592607.151847,0.8644572787362383,0.4108065665552896,-0.474451780496109,0.8976377952755906,0.8428571428571427,0.0,0.13055451710502178,-0.08924208252304655,0.8256880171083252,0.14804063860667632,0.057761096959514396,-0.7569090168720612,0.9645743478078808,0.9862892245337386,-0.7414860681114551,0.627207062600321,1
1776592607.247912,1233,1776592607.247912,1776592607.197937,1776592607.048422,1776592607.151847,0.8645574281627276,0.42443425976896715,-0.4749164892338859,0.9212598425196851,0.7428571428571428,0.0,0.13055451710502178,-0.08924208252304655,0.8256880171083252,0.14804063860667632,0.057761096959514396,-0.7569090168720612,0.9645743478078808,0.9862892245337386,-0.7414860681114551,0.627207062600321,1
1776592607.297842,1234,1776592607.297842,1776592607.247959,1776592607.048422,1776592607.297956,0.864586675340375,0.43796807189584325,-0.4753272643770166,0.8818897637795275,0.857142857142857,0.0,0.4861109498610282,0.13814133581588514,0.8044852177222195,-0.516611484034833,-0.5090239011435694,-0.8137158486738991,0.9645743478078808,0.9858934169278997,-0.7412280701754386,0.5959069020866773,1
1776592607.347901,1235,1776592607.347901,1776592607.347943,1776592607.048422,1776592607.297956,0.8647351269238882,0.4508937906195725,-0.4757706482370274,0.8740157480314961,0.7142857142857143,0.0,0.5249998258499105,-0.001222200308002653,0.8422018251686559,-0.07854453918722785,-0.3140751178797897,-0.8265101109437906,0.9645743478078808,0.9858934169278997,-0.7412280701754386,0.5959069020866773,1
1776592607.397865,1236,1776592607.397865,1776592607.397913,1776592607.048422,1776592607.297956,0.8648742725872407,0.46436572657560204,-0.47621320356339697,0.8976377952755906,0.7999999999999999,0.0,0.0666669762668258,0.19437685667657575,0.8359837223116416,-0.06344112844702467,-0.09385670153379222,-0.7574199422231783,0.9645743478078808,0.9858934169278997,-0.7412280701754386,0.5959069020866773,1
1776592607.447831,1237,1776592607.447831,1776592607.397913,1776592607.048422,1776592607.444212,0.8650586184342302,0.4764486491791806,-0.47661731098341475,0.8188976377952756,0.6857142857142856,0.0,0.0666669762668258,0.19437685667657575,0.8359837223116416,-0.06344112844702467,-0.09385670153379222,-0.7574199422231783,0.9645743478078808,0.9856084354516955,-0.7409700722394221,0.5565810593900481,1
1776592607.497958,1238,1776592607.497958,1776592607.498023,1776592607.048422,1776592607.444212,0.8653120939738406,0.4883758145251111,-0.4770425262842928,0.8267716535433071,0.6285714285714284,0.0,0.06111042741075969,0.12224966609201451,0.8329255844601707,0.2144979136429608,0.4151671996097773,-0.7809609238144996,0.9645743478078808,0.9856084354516955,-0.7409700722394221,0.5565810593900481,1
1776592607.54789,1239,1776592607.54789,1776592607.498023,1776592607.048422,1776592607.444212,0.8656143148095299,0.5006998408288846,-0.47749174933377514,0.8661417322834646,0.6428571428571428,0.0,0.06111042741075969,0.12224966609201451,0.8329255844601707,0.2144979136429608,0.4151671996097773,-0.7809609238144996,0.9645743478078808,0.9856084354516955,-0.7409700722394221,0.5565810593900481,1
1776592607.597902,1240,1776592607.597902,1776592607.597953,1776592607.048422,1776592607.590231,0.8659240690091587,0.5133993914798647,-0.47794357634613,0.8818897637795275,0.7,0.0,0.2000009288004774,-0.06356974461531859,0.8152905699619439,-0.4108762699564586,-0.11191805322204759,-0.8715445311779711,0.9645743478078808,0.9852601247585573,-0.743937048503612,0.5208667736757624,1
1776592607.647828,1241,1776592607.647828,1776592607.647877,1776592607.648526,1776592607.590231,0.8663497040717388,0.5241338402912021,-0.4783976127815281,0.811023622047244,0.45714285714285713,0.0,-0.005556548856066112,-0.14914420430774514,0.9613660108458274,-0.5286987481857764,-0.3935017072245407,-0.8848516395709765,0.9646580963946233,0.9852601247585573,-0.743937048503612,0.5208667736757624,1
1776592607.697872,1242,1776592607.697872,1776592607.647877,1776592607.648526,1776592607.590231,0.8667988255042478,0.5350944571752888,-0.47885368109704646,0.8267716535433071,0.4857142857142857,0.0,-0.005556548856066112,-0.14914420430774514,0.9613660108458274,-0.5286987481857764,-0.3935017072245407,-0.8848516395709765,0.9646580963946233,0.9852601247585573,-0.743937048503612,0.5208667736757624,1
1776592607.747785,1243,1776592607.747785,1776592607.697923,1776592607.648526,1776592607.736948,0.8672884941603135,0.5459377227008736,-0.47931257037234326,0.8346456692913385,0.4714285714285714,0.0,0.19444437994441127,-0.03911960701559328,0.8294597119373719,0.13595337445573294,0.32851877946994745,-0.8720573773010848,0.9646580963946233,0.9848801494569519,-0.7453560371517027,0.49197431781701445,1
1776592607.79787,1244,1776592607.79787,1776592607.747823,1776592607.648526,1776592607.736948,0.8677413822747923,0.5585647288756886,-0.47978084969557405,0.9055118110236221,0.7,0.0,0.29722311877268304,-0.3374080156310835,0.8813455465702441,-0.07552839259796806,0.26715354181345186,-0.8464688527613018,0.9646580963946233,0.9848801494569519,-0.7453560371517027,0.49197431781701445,1
1776592607.847817,1245,1776592607.847817,1776592607.847863,1776592607.648526,1776592607.736948,0.868061993381275,0.5701782460452592,-0.4801463908472915,0.7795275590551182,0.7714285714285714,0.0,0.38333453303395,-0.4229824753235101,0.9516819502550067,-0.10876269956458634,-0.4512628041840551,-0.7482079197270968,0.9646580963946233,0.9848801494569519,-0.7453560371517027,0.49197431781701445,1
1776592607.89781,1246,1776592607.89781,1776592607.847863,1776592607.648526,1776592607.882938,0.8684512910413236,0.5828031185590107,-0.4805566333616528,0.8582677165354331,0.8285714285714285,0.0,0.38333453303395,-0.4229824753235101,0.9516819502550067,-0.10876269956458634,-0.4512628041840551,-0.7482079197270968,0.9646580963946233,0.9845318387638136,-0.7483230134158926,0.46548956661316215,1
1776592607.947814,1247,1776592607.947814,1776592607.897871,1776592607.648526,1776592607.882938,0.8689143713540733,0.5950460657423647,-0.4809788698868206,0.8661417322834646,0.757142857142857,0.0,0.23055614250585726,0.11369222012277187,0.7965341786038057,0.12084996371552975,-0.08303073004173216,-0.7108489043916532,0.9646580963946233,0.9845318387638136,-0.7483230134158926,0.46548956661316215,1
1776592607.997878,1248,1776592607.997878,1776592607.997926,1776592607.648526,1776592607.882938,0.8693931831032851,0.6082619623707536,-0.4814133766006752,0.9133858267716536,0.8714285714285713,0.0,0.7250007546503878,0.20048888012320107,0.833129409190331,-0.48036103047895495,-0.3898975665275595,-0.7727726727926489,0.9646580963946233,0.9845318387638136,-0.7483230134158926,0.46548956661316215,1
1776592608.047824,1249,1776592608.047824,1776592608.047869,1776592607.648526,1776592608.029116,0.8698221417087797,0.6212367552989472,-0.4818055294638695,0.8661417322834646,0.9285714285714285,0.0,0.08611141426126692,-0.7396089980921003,0.8475025463179343,0.2537758526850508,0.12634816541108884,-0.7686795076677219,0.9646580963946233,0.984231024983376,-0.7501289989680083,0.43980738362760835,1
1776592608.097946,1250,1776592608.097946,1776592608.047869,1776592607.648526,1776592608.029116,0.8703326379004426,0.6340387216809835,-0.4822241954035834,0.889763779527559,0.8714285714285713,0.0,0.08611141426126692,-0.7396089980921003,0.8475025463179343,0.2537758526850508,0.12634816541108884,-0.7686795076677219,0.9646580963946233,0.984231024983376,-0.7501289989680083,0.43980738362760835,1
1776592608.148844,1251,1776592608.148844,1776592608.098002,1776592607.648526,1776592608.029116,0.8708406968273016,0.6469281681666305,-0.4826223452721809,0.8661417322834646,0.8999999999999999,0.0,-0.4944446121445306,0.2872855401236303,0.8050968623347151,0.027190674891146585,0.12634816541108884,-0.7451385260764006,0.9646580963946233,0.984231024983376,-0.7501289989680083,0.43980738362760835,1
1776592608.1978,1252,1776592608.1978,1776592608.148881,1776592607.648526,1776592608.175911,0.8714105736523697,0.6593674121678423,-0.48303858479194545,0.9055118110236221,0.8714285714285713,0.0,0.10277873882827175,-0.22004919458430372,0.7941896829409182,0.12386611030478954,0.11913988401712645,-0.7149439902885768,0.9646580963946233,0.9839777081156391,-0.7514189886480909,0.41091492776886035,1
1776592608.247804,1253,1776592608.247804,1776592608.247852,1776592608.248455,1776592608.175911,0.871973803391609,0.6720178886143579,-0.4834361033968163,0.8818897637795275,0.9142857142857143,0.0,0.31944467019456046,-0.7481654221547309,0.7215086983822605,0.5679766872278664,0.6137201235705383,-0.710337979040536,0.9647837192747372,0.9839777081156391,-0.7514189886480909,0.41091492776886035,1
1776592608.297928,1254,1776592608.297928,1776592608.247852,1776592608.248455,1776592608.175911,0.8725549802625864,0.683985593520498,-0.48383557497384155,0.8503937007874015,0.857142857142857,0.0,0.31944467019456046,-0.7481654221547309,0.7215086983822605,0.5679766872278664,0.6137201235705383,-0.710337979040536,0.9647837192747372,0.9839777081156391,-0.7514189886480909,0.41091492776886035,1
1776592608.347806,1255,1776592608.347806,1776592608.347865,1776592608.248455,1776592608.321243,0.8731454630537244,0.6959575657487658,-0.4842203104882476,0.8503937007874015,0.8857142857142857,0.0,0.22499959364979114,-0.001222200308002653,0.8148827500796084,0.13595337445573294,-0.15523548859140426,-0.6939614769968345,0.9647837192747372,0.9837085589436687,-0.7511609907120743,0.36717495987158905,1
1776592608.397838,1256,1776592608.397838,1776592608.347865,1776592608.248455,1776592608.321243,0.8737804813199163,0.707586018545782,-0.48460916894386835,0.8503937007874015,0.8428571428571427,0.0,0.22499959364979114,-0.001222200308002653,0.8148827500796084,0.13595337445573294,-0.15523548859140426,-0.6939614769968345,0.9647837192747372,0.9837085589436687,-0.7511609907120743,0.36717495987158905,1
1776592608.447848,1257,1776592608.447848,1776592608.397885,1776592608.248455,1776592608.321243,0.8744423094989514,0.7192315406313077,-0.4850008286322762,0.8582677165354331,0.857142857142857,0.0,0.23611036936072982,0.0024454225226173483,0.9453618498219046,-0.7854907474600871,-0.6642593897349738,-0.7763549125664588,0.9647837192747372,0.9837085589436687,-0.7511609907120743,0.36717495987158905,1
1776592608.497983,1258,1776592608.497983,1776592608.447898,1776592608.248455,1776592608.467952,0.8751311691603578,0.7311629732993654,-0.48540233208942163,0.8740157480314961,0.8999999999999999,0.0,-0.16388916623903146,-0.26894844787714234,0.8214067604538781,0.7039300616835993,0.2238225570429787,-0.6919139340483728,0.9647837192747372,0.9834552420759317,-0.7496130030959751,0.3306581059390048,1
1776592608.54768,1259,1776592608.54768,1776592608.498048,1776592608.248455,1776592608.467952,0.875837532814447,0.7430922723063597,-0.48580332264478904,0.8818897637795275,0.9285714285714285,0.0,0.14444472824459031,-0.0867966600004292,0.8922528111750486,-0.06948476052249636,-0.17690098097664084,-0.7538377024493684,0.9647837192747372,0.9834552420759317,-0.7496130030959751,0.3306581059390048,1
1776592608.597837,1260,1776592608.597837,1776592608.547771,1776592608.248455,1776592608.467952,0.8765388003694007,0.7543046611959597,-0.4861822781506979,0.8346456692913385,0.8714285714285713,0.0,0.4888880632884645,0.015892691630482656,0.8401631518120163,-0.05135386429608128,-0.169679150181562,-0.7287620240326993,0.9647837192747372,0.9834552420759317,-0.7496130030959751,0.3306581059390048,1
1776592608.64779,1261,1776592608.64779,1776592608.597882,1776592608.248455,1776592608.612847,0.877261338599007,0.764623046099881,-0.48656070102783744,0.811023622047244,0.7857142857142857,0.0,-0.22777902907842093,-0.7591682906465911,0.9721712778745443,-0.32024446661828737,-0.3429624410601052,-0.765097267893912,0.9647837192747372,0.9831702605997277,-0.7506449948400412,0.29534510433386835,1
1776592608.697788,1262,1776592608.697788,1776592608.697836,1776592608.248455,1776592608.612847,0.8780439221706015,0.7759634546533014,-0.48696017260486263,0.8740157480314961,0.8999999999999999,0.0,0.04166598941631856,-0.21882597236968904,0.8299694441847875,0.009059778664731495,0.0,-0.73695027505455,0.9647837192747372,0.9831702605997277,-0.7506449948400412,0.29534510433386835,1
1776592608.747767,1263,1776592608.747767,1776592608.747829,1776592608.248455,1776592608.612847,0.8788590764627576,0.7867128390920846,-0.48737228918341247,0.8661417322834646,0.8428571428571427,0.0,0.35555643275600646,0.27872809415438765,0.8424057351098236,-0.29002630624092884,-0.06858706845157445,-0.715454915639694,0.9647837192747372,0.9831702605997277,-0.7506449948400412,0.29534510433386835,1
1776592608.797781,1264,1776592608.797781,1776592608.797831,1776592608.248455,1776592608.758701,0.8796693562253061,0.7976499857044709,-0.4877649549483846,0.8582677165354331,0.8999999999999999,0.0,0.4027789710283911,-0.8655252651081229,0.7591233934636169,0.4531703555878084,0.5018020703484906,-0.7533267770982514,0.9647837192747372,0.9828061176023558,-0.7466460268317853,0.2600321027287319,1
1776592608.847843,1265,1776592608.847843,1776592608.797831,1776592608.848377,1776592608.758701,0.8805631676997715,0.8068268619393272,-0.4881955557179306,0.8503937007874015,0.6714285714285714,0.0,0.4027789710283911,-0.8655252651081229,0.7591233934636169,0.4531703555878084,0.5018020703484906,-0.7533267770982514,0.9648674678614799,0.9828061176023558,-0.7466460268317853,0.2600321027287319,1
1776592608.897806,1266,1776592608.897806,1776592608.847888,1776592608.848377,1776592608.758701,0.8814609674257343,0.8164262030647907,-0.488611440151849,0.8582677165354331,0.757142857142857,0.0,0.24722346707286205,0.1711489193848531,0.815392482327024,0.16616019593613932,0.2852013441005907,-0.7768677586895725,0.9648674678614799,0.9828061176023558,-0.7466460268317853,0.2600321027287319,1
1776592608.950106,1267,1776592608.950106,1776592608.950942,1776592608.848377,1776592608.904284,0.8825067755961549,0.8263541279940599,-0.48909640850985325,0.9133858267716536,0.7285714285714284,0.0,0.5222227124224741,0.14914420430774514,0.8054025994299553,-0.4108762699564586,-0.21660072624789986,-0.8178090137988261,0.9648674678614799,0.9823786453880498,-0.7460010319917442,0.21829855537720705,1
1776592608.998348,1268,1776592608.998348,1776592608.998395,1776592608.848377,1776592608.904284,0.8834178694937757,0.8364399438420409,-0.4894903959832531,0.889763779527559,0.9142857142857143,0.0,0.09444507654476934,-0.20293430264581844,0.7623852708342405,0.8036216436865021,0.4332150018969162,-0.7528139309751375,0.9648674678614799,0.9823786453880498,-0.7460010319917442,0.21829855537720705,1
1776592609.049321,1269,1776592609.049321,1776592609.04938,1776592608.848377,1776592609.051204,0.8844521560487595,0.8458067159115641,-0.48994186790976174,0.8976377952755906,0.757142857142857,0.0,-0.3638900950395088,0.004889823138622654,0.8175331532597513,-0.033234306966618284,0.11191805322204759,-0.7998978149297766,0.9648674678614799,0.9819828377822107,-0.7447110423116615,0.18539325842696627,1
1776592609.098762,1270,1776592609.098762,1776592609.098809,1776592608.848377,1776592609.051204,0.8854709327368091,0.8537695390011907,-0.4903856660365931,0.8740157480314961,0.6428571428571428,0.0,0.11944374139408306,0.07457159120056654,0.8410805335197522,0.06646861393323657,-0.03249146387729662,-0.793244260733274,0.9648674678614799,0.9819828377822107,-0.7447110423116615,0.18539325842696627,1
1776592609.148582,1271,1776592609.148582,1776592609.148639,1776592608.848377,1776592609.051204,0.8865721332891375,0.8616107434101878,-0.4908721336459483,0.9133858267716536,0.6285714285714284,0.0,0.5833331398332339,0.004889823138622654,0.8270133039094043,-0.7190334724238026,-0.6281637851606959,-0.8858754110452074,0.9648674678614799,0.9819828377822107,-0.7447110423116615,0.18539325842696627,1
1776592609.199787,1272,1776592609.199787,1776592609.199824,1776592608.848377,1776592609.19562,0.8876502906105923,0.8686518249203078,-0.4913438849196758,0.8503937007874015,0.557142857142857,0.0,0.29166656991661694,0.3080680548927356,0.8865443553544424,0.45618650217706813,0.35740610265026285,-0.8091098374258583,0.9648674678614799,0.9814920363509705,-0.743421052631579,0.15329052969502407,1
1776592609.249773,1273,1776592609.249773,1776592609.249812,1776592608.848377,1776592609.19562,0.888765228473634,0.8752747088619478,-0.49181820070229276,0.8818897637795275,0.5428571428571428,0.0,0.6888889920889419,-0.11735984295339187,0.8642201791084252,-0.1903347242380261,-0.32129694867486863,-0.8955983588924061,0.9648674678614799,0.9814920363509705,-0.743421052631579,0.15329052969502407,1
1776592609.298549,1274,1776592609.298549,1776592609.249812,1776592608.848377,1776592609.19562,0.8898772859328167,0.8816031475768011,-0.49228578958082253,0.889763779527559,0.557142857142857,0.0,0.6888889920889419,-0.11735984295339187,0.8642201791084252,-0.1903347242380261,-0.32129694867486863,-0.8955983588924061,0.9648674678614799,0.9814920363509705,-0.743421052631579,0.15329052969502407,1
1776592609.347665,1275,1776592609.347665,1776592609.298596,1776592608.848377,1776592609.34233,0.8909618687705727,0.8868882260315185,-0.4927576986704817,0.84251968503937,0.45714285714285713,0.0,0.21666593136628873,0.2946207857848703,0.8438328490649754,-0.30512971698113206,-0.09385670153379222,-0.900715295491564,0.9648674678614799,0.9807795826604604,-0.7400670794633643,0.1328250401284109,1
1776592609.399718,1276,1776592609.399718,1776592609.347703,1776592608.848377,1776592609.34233,0.8921113714799249,0.893775683945054,-0.49321670630772724,0.8503937007874015,0.657142857142857,0.0,0.3777779841778839,-0.08312903716980921,0.9815494309481096,-0.7854907474600871,-0.5379112243238849,-0.9488229509204339,0.9648674678614799,0.9807795826604604,-0.7400670794633643,0.1328250401284109,1
1776592609.447726,1277,1776592609.447726,1776592609.447783,1776592609.448309,1776592609.34233,0.8932161171446955,0.9008530376932563,-0.49362671209819103,0.8818897637795275,0.7857142857142857,0.0,0.11111007911058066,-0.04034180732359593,0.8787971409661889,-0.13896952104499272,0.09385670153379222,-0.7707270506161836,0.965034965034965,0.9807795826604604,-0.7400670794633643,0.1328250401284109,1
1776592609.4977,1278,1776592609.4977,1776592609.497742,1776592609.448309,1776592609.487738,0.8943676139797964,0.9073329663436304,-0.494057569318626,0.8661417322834646,0.7,0.0,0.4805567230061556,0.18826381132333841,0.8058104193122909,-0.5135953374455733,-0.35740610265026285,-0.7922204892590431,0.965034965034965,0.9800829612741838,-0.7336171310629515,0.11356340288924557,1
1776592609.547763,1279,1776592609.547763,1776592609.547812,1776592609.448309,1776592609.487738,0.8955215480797013,0.9150696213605077,-0.4944486174702986,0.8661417322834646,0.8999999999999999,0.0,0.35833354618344276,-0.792175874215559,0.8592252802653948,0.17824746008708273,0.14079182700124654,-0.7871035526598851,0.965034965034965,0.9800829612741838,-0.7336171310629515,0.11356340288924557,1
1776592609.597658,1280,1776592609.597658,1776592609.547812,1776592609.448309,1776592609.487738,0.896730209852931,0.9211996295964394,-0.4949014111052349,0.889763779527559,0.7142857142857143,0.0,0.35833354618344276,-0.792175874215559,0.8592252802653948,0.17824746008708273,0.14079182700124654,-0.7871035526598851,0.965034965034965,0.9800829612741838,-0.7336171310629515,0.11356340288924557,1
1776592609.647592,1281,1776592609.647592,1776592609.597697,1776592609.448309,1776592609.632941,0.8979608070093963,0.928027345000192,-0.4953289739180964,0.8976377952755906,0.8428571428571427,0.0,0.29166656991661694,-0.03300758356896797,0.8174311556836636,-0.03927793904208998,-0.2815836540024931,-0.7963155751559666,0.965034965034965,0.9793863398879072,-0.7254901960784313,0.11195826645264847,1
1776592609.697677,1282,1776592609.697677,1776592609.64763,1776592609.448309,1776592609.632941,0.8992352749323327,0.9333401610487371,-0.49580117891262737,0.9133858267716536,0.6714285714285714,0.0,0.32777833247806293,-0.14547658147712514,0.8139653683718724,0.12386611030478954,0.054156956262533196,-0.7702142044930699,0.965034965034965,0.9793863398879072,-0.7254901960784313,0.11195826645264847,1
1776592609.747678,1283,1776592609.747678,1776592609.747735,1776592609.448309,1776592609.632941,0.9004984428093599,0.9395235108112606,-0.496230260703831,0.8976377952755906,0.8285714285714285,0.0,0.644445889245187,-0.6014666403696032,0.7379205088665035,0.7522677793904209,0.758116091268766,-0.7743092903899935,0.965034965034965,0.9793863398879072,-0.7254901960784313,0.11195826645264847,1
1776592609.797729,1284,1776592609.797729,1776592609.797769,1776592609.448309,1776592609.778709,0.901751861627171,0.9442773076611235,-0.49668840035345246,0.8818897637795275,0.6714285714285714,0.0,0.46944362529402334,-0.1650368959382278,0.8627930651532737,-0.027190674891146585,-0.2129965855509187,-0.8480035495866499,0.965034965034965,0.9787372154143313,-0.7142672858617131,0.09309791332263241,1
1776592609.847706,1285,1776592609.847706,1776592609.797769,1776592609.448309,1776592609.778709,0.903033862914047,0.9481989766961539,-0.497165537095848,0.8976377952755906,0.6,0.0,0.46944362529402334,-0.1650368959382278,0.8627930651532737,-0.027190674891146585,-0.2129965855509187,-0.8480035495866499,0.965034965034965,0.9787372154143313,-0.7142672858617131,0.09309791332263241,1
1776592609.897662,1286,1776592609.897662,1776592609.847764,1776592609.448309,1776592609.778709,0.9042691130305924,0.951751522367169,-0.49761694984138216,0.8582677165354331,0.5857142857142856,0.0,-0.21944536679491852,-0.009779646277245308,0.8184505349674873,0.12084996371552975,0.2707576825104331,-0.7865907065367713,0.965034965034965,0.9787372154143313,-0.7142672858617131,0.09309791332263241,1
1776592609.947658,1287,1776592609.947658,1776592609.897702,1776592609.448309,1776592609.92445,0.9054587198244459,0.9540110694335984,-0.49807650983438856,0.8267716535433071,0.44285714285714284,0.0,0.44444496044470966,-0.3960879371077795,0.9566768490980371,-0.8489432148040639,-0.3718362148393041,-0.9303989059282707,0.965034965034965,0.9780564263322884,-0.7027863777089782,0.07584269662921349,1
1776592609.997654,1288,1776592609.997654,1776592609.947747,1776592609.448309,1776592609.92445,0.9066808973388613,0.9564007698249117,-0.49854401980495255,0.84251968503937,0.5,0.0,-0.5500008127004177,0.28850876233824496,0.8212028505127102,0.7583000725689405,0.7003549943092515,-0.8357221334398722,0.965034965034965,0.9780564263322884,-0.7027863777089782,0.07584269662921349,1
1776592610.047628,1289,1776592610.047628,1776592610.047686,1776592610.048504,1776592609.92445,0.9078736061061016,0.9592044004625778,-0.4989738117678487,0.811023622047244,0.5857142857142856,0.0,-0.09166564111613952,0.5317848723076593,0.8467889893403586,0.0030161465892597967,0.08303073004173216,-0.7917095639079259,0.9652024622084503,0.9780564263322884,-0.7027863777089782,0.07584269662921349,1
1776592610.097598,1290,1776592610.097598,1776592610.097638,1776592610.048504,1776592610.070349,0.9090957836205169,0.9618266699098315,-0.49940464926129224,0.8267716535433071,0.6,0.0,0.29444368334405324,0.10146715132290922,0.967482116126754,-0.6797555333817126,-0.46208877567611517,-0.76663196471926,0.9652024622084503,0.9771856495994428,-0.6929824561403509,0.05096308186195826,1
1776592610.147557,1291,1776592610.147557,1776592610.147598,1776592610.048504,1776592610.070349,0.910344549478248,0.9658891605750644,-0.4997801525436959,0.8188976377952756,0.8285714285714285,0.0,-0.14999895509946293,0.21149174861506106,0.8415901805561603,0.49849192670537007,0.3032491463877297,-0.6284535480500323,0.9652024622084503,0.9771856495994428,-0.6929824561403509,0.05096308186195826,1
1776592610.197615,1292,1776592610.197615,1776592610.147598,1776592610.048504,1776592610.070349,0.9115884408063714,0.9695398546550084,-0.5001534069490734,0.811023622047244,0.7999999999999999,0.0,-0.14999895509946293,0.21149174861506106,0.8415901805561603,0.49849192670537007,0.3032491463877297,-0.6284535480500323,0.9652024622084503,0.9771856495994428,-0.6929824561403509,0.05096308186195826,1
1776592610.247679,1293,1776592610.247679,1776592610.197657,1776592610.048504,1776592610.215806,0.9129160854159393,0.9733441723315368,-0.5005464475268834,0.8582677165354331,0.8714285714285713,0.0,-0.04166598941631856,-0.007335245661240003,0.8758410006908056,-0.024174528301886794,0.07220475854967212,-0.7343898859829743,0.9652024622084503,0.9762990405623634,-0.6805985552115582,0.024077046548956663,1
1776592610.297804,1294,1776592610.297804,1776592610.247734,1776592610.048504,1776592610.215806,0.9142452810122006,0.9770268713274359,-0.5009380283073253,0.8503937007874015,0.8857142857142857,0.0,0.46388939843915084,0.2420539096614117,0.8397553319296808,0.027190674891146585,-0.14440951709934424,-0.7021497280186852,0.9652024622084503,0.9762990405623634,-0.6805985552115582,0.024077046548956663,1
1776592610.347624,1295,1776592610.347624,1776592610.297856,1776592610.048504,1776592610.215806,0.9156327493942289,0.9805026052001587,-0.5013488626314303,0.889763779527559,0.9142857142857143,0.0,0.2527776939277347,-0.3838628683079168,0.9880734413223794,-0.5860962445573294,-0.5270717034307084,-0.7799390731122653,0.9652024622084503,0.9762990405623634,-0.6805985552115582,0.024077046548956663,1
1776592610.397606,1296,1776592610.397606,1776592610.39766,1776592610.048504,1776592610.363825,0.9169967314063283,0.9836966958124768,-0.5017393189733592,0.8661417322834646,0.8999999999999999,0.0,0.24444403164423226,-0.07334939089256388,0.8388379502219449,0.11782247822931784,0.13718768630426537,-0.7420672116537079,0.9652024622084503,0.9754282638295176,-0.6704076367389061,-0.006019261637239166,1
1776592610.447579,1297,1776592610.447579,1776592610.447628,1776592610.048504,1776592610.363825,0.9184681746393291,0.9868865191026676,-0.5021593263484923,0.9291338582677164,0.9714285714285714,0.0,0.38333453303395,0.22860664055354638,0.8333333191314987,-0.30815720246734396,-0.09385670153379222,-0.76663196471926,0.9652024622084503,0.9754282638295176,-0.6704076367389061,-0.006019261637239166,1
1776592610.497591,1298,1776592610.497591,1776592610.497645,1776592610.048504,1776592610.363825,0.9198629548157693,0.9897072190288428,-0.5025538859046444,0.8740157480314961,0.9285714285714285,0.0,0.4083331978832637,-0.9376524556926842,0.7243628410815561,0.5226551161103048,0.6570375589398949,-0.7277382525584684,0.9652024622084503,0.9754282638295176,-0.6704076367389061,-0.006019261637239166,1
1776592610.547575,1299,1776592610.547575,1776592610.497645,1776592610.048504,1776592610.512343,0.921303821453957,0.9917768702606055,-0.502980896361745,0.9133858267716536,0.8857142857142857,0.0,0.4083331978832637,-0.9376524556926842,0.7243628410815561,0.5226551161103048,0.6570375589398949,-0.7277382525584684,0.9652024622084503,0.974557487096672,-0.6642156862745099,-0.025280898876404494,1
1776592610.597601,1300,1776592610.597601,1776592610.597654,1776592610.048504,1776592610.512343,0.9226671387574735,0.993852922475559,-0.5033618245667997,0.8503937007874015,0.8857142857142857,0.0,0.02500098685050724,0.004889823138622654,0.8102955859079057,0.03625045355587808,-0.054156956262533196,-0.7088013614431913,0.9652024622084503,0.974557487096672,-0.6642156862745099,-0.025280898876404494,1
1776592610.647655,1301,1776592610.647655,1776592610.597654,1776592610.648408,1776592610.512343,0.9241687154462321,0.9957305442115909,-0.5037903145482597,0.9370078740157479,0.9571428571428571,0.0,0.02500098685050724,0.004889823138622654,0.8102955859079057,0.03625045355587808,-0.054156956262533196,-0.7088013614431913,0.9652443365018215,0.974557487096672,-0.6642156862745099,-0.025280898876404494,1
1776592610.697649,1302,1776592610.697649,1776592610.647713,1776592610.648408,1776592610.66062,0.9255639387617276,0.9972795821438174,-0.5041897861252849,0.8661417322834646,0.8999999999999999,0.0,0.191667266516975,0.3349636150150782,0.8045871300872995,-0.5891237300435413,-0.350184271855184,-0.7517901595009067,0.9652443365018215,0.9737342072765269,-0.6585397316821465,-0.03731942215088282,1
1776592610.74764,1303,1776592610.74764,1776592610.697701,1776592610.648408,1776592610.66062,0.926935232568239,0.9977340519503796,-0.5046157905058212,0.8740157480314961,0.7857142857142857,0.0,-0.011110775710938716,-0.30317823175411296,0.8283384202884682,0.6163144049346879,0.2129965855509187,-0.7297838747349334,0.9652443365018215,0.9737342072765269,-0.6585397316821465,-0.03731942215088282,1
1776592610.797641,1304,1776592610.797641,1776592610.747702,1776592610.648408,1776592610.66062,0.9283014302756147,0.9985235065439385,-0.5050063652096988,0.8503937007874015,0.857142857142857,0.0,-0.3499998838999403,0.23960848713879435,0.8207951158413823,0.024174528301886794,-0.028887323180315436,-0.7686795076677219,0.9652443365018215,0.9737342072765269,-0.6585397316821465,-0.03731942215088282,1
1776592610.847636,1305,1776592610.847636,1776592610.797699,1776592610.648408,1776592610.809153,0.9296738319297642,0.998429625457137,-0.5054275167503364,0.8740157480314961,0.7857142857142857,0.0,0.39166587331625885,0.3325181924924609,0.8481141909304301,-0.03927793904208998,-0.09025256083681102,-0.7231322413104275,0.9652443365018215,0.9729900889775498,-0.6554437564499483,-0.03451043338683788,1
1776592610.897613,1306,1776592610.897613,1776592610.84775,1776592610.648408,1776592610.809153,0.9310200883796532,0.9980626357541853,-0.5058445256227678,0.8582677165354331,0.7714285714285714,0.0,0.5916668021167363,-0.020782514769105313,0.8671763193838086,-0.8489432148040639,-0.7364641482846459,-0.794268032207505,0.9652443365018215,0.9729900889775498,-0.6554437564499483,-0.03451043338683788,1
1776592610.947555,1307,1776592610.947555,1776592610.897676,1776592610.648408,1776592610.809153,0.9324042332187672,0.9974502750289111,-0.5062730945121937,0.8818897637795275,0.7999999999999999,0.0,0.5722223641222951,0.042787229846213276,0.8785933162360287,0.3776419629898403,0.14440951709934424,-0.7794262269891514,0.9652443365018215,0.9729900889775498,-0.6554437564499483,-0.03451043338683788,1
1776592610.997594,1308,1776592610.997594,1776592610.997643,1776592610.648408,1776592610.957738,0.9337766348729166,0.9961252715083704,-0.5067143281301355,0.889763779527559,0.7428571428571428,0.0,0.2805557942056782,0.2677262475691397,0.8239551660579335,-0.3776419629898403,-0.14440951709934424,-0.7993849688066629,0.9652443365018215,0.9724676229378423,-0.6576367389060888,-0.04614767255216693,1
1776592611.047583,1309,1776592611.047583,1776592611.047691,1776592610.648408,1776592610.957738,0.935122669753278,0.9953870247803396,-0.5071028512269015,0.84251968503937,0.8285714285714285,0.0,0.191667266516975,-0.5819063259085006,0.9871559744036359,-0.6344339622641509,-0.5234675627337272,-0.8505620178862289,0.9652443365018215,0.9724676229378423,-0.6576367389060888,-0.04614767255216693,1
1776592611.097606,1310,1776592611.097606,1776592611.047691,1776592610.648408,1776592610.957738,0.936438128038826,0.9935606109098358,-0.50753510906373,0.8582677165354331,0.7142857142857143,0.0,0.191667266516975,-0.5819063259085006,0.9871559744036359,-0.6344339622641509,-0.5234675627337272,-0.8505620178862289,0.9652443365018215,0.9724676229378423,-0.6576367389060888,-0.04614767255216693,1
1776592611.147604,1311,1776592611.147604,1776592611.097658,1776592610.648408,1776592611.107183,0.9378041041766741,0.9918686176863433,-0.5079601665486763,0.8740157480314961,0.7999999999999999,0.0,0.0027771134274363015,0.2652808250465223,0.831804292811267,-0.009059778664731495,0.28880548479757195,-0.7978502719813149,0.9652443365018215,0.971865995376967,-0.6572497420020639,-0.05176565008025682,1
1776592611.197688,1312,1776592611.197688,1776592611.147709,1776592610.648408,1776592611.107183,0.9391430488321513,0.9886211855474335,-0.5084413275973292,0.9133858267716536,0.6428571428571428,0.0,0.11388951453921047,-0.38997489175454214,0.8651375608161612,-0.07552839259796806,-0.010825971492060053,-0.7952918036817358,0.9652443365018215,0.971865995376967,-0.6572497420020639,-0.05176565008025682,1
1776592611.247531,1313,1776592611.247531,1776592611.197734,1776592611.248224,1776592611.107183,0.9404777836666034,0.9864597868899331,-0.5088484137930572,0.8582677165354331,0.7999999999999999,0.0,0.5888896886892999,0.12713948923063717,0.8083588249163461,-0.6435050798258345,-0.4476586634870739,-0.8377677556163373,0.9652862107951928,0.971865995376967,-0.6572497420020639,-0.05176565008025682,1
1776592611.297532,1314,1776592611.297532,1776592611.247597,1776592611.248224,1776592611.255843,0.9417843791710463,0.9824741080229923,-0.5093337175099163,0.9133858267716536,0.6142857142857142,0.0,0.33055544590549923,-0.755500667815971,0.780020370543475,0.41691990203193036,0.4115495095116796,-0.842886612987492,0.9652862107951928,0.9712485355118583,-0.656733746130031,-0.06621187800963083,1
1776592611.347549,1315,1776592611.347549,1776592611.29758,1776592611.248224,1776592611.255843,0.9430307077639735,0.9784329539683962,-0.509806297317285,0.8740157480314961,0.6,0.0,0.30277734562755565,-0.0696817680619439,0.8191640919450631,-0.12386611030478954,-0.36461438404422525,-0.8648928977534651,0.9652862107951928,0.9712485355118583,-0.656733746130031,-0.06621187800963083,1
1776592611.397515,1316,1776592611.397515,1776592611.39756,1776592611.248224,1776592611.255843,0.9443122659117941,0.9731628111411247,-0.5103287469590596,0.9448818897637795,0.5428571428571428,0.0,0.8055556200555887,-0.08312903716980921,0.8674821416900564,-0.8428995827285921,-0.6859248821202104,-0.9836234979562988,0.9652862107951928,0.9712485355118583,-0.656733746130031,-0.06621187800963083,1
1776592611.447512,1317,1776592611.447512,1776592611.447575,1776592611.248224,1776592611.404151,0.9454052683916001,0.9679353415351265,-0.5107942645034863,0.8346456692913385,0.4285714285714285,0.0,-0.10833296568314436,0.1858194107073331,0.7695208406099984,0.8882098149492017,0.620941954365617,-0.8326508190171794,0.9652862107951928,0.9706785725594503,-0.6586687306501549,-0.06420545746388442,1
1776592611.497531,1318,1776592611.497531,1776592611.447575,1776592611.248224,1776592611.404151,0.9466407400776734,0.9630983319037804,-0.5112550672969546,0.8818897637795275,0.6285714285714284,0.0,-0.10833296568314436,0.1858194107073331,0.7695208406099984,0.8882098149492017,0.620941954365617,-0.8326508190171794,0.9652862107951928,0.9706785725594503,-0.6586687306501549,-0.06420545746388442,1
1776592611.547621,1319,1776592611.547621,1776592611.497582,1776592611.248224,1776592611.404151,0.9479207472388006,0.9583573370202997,-0.5117076044810018,0.889763779527559,0.7142857142857143,0.0,0.45277862272821207,0.09902172880029186,0.8679917887264644,-0.04229408563134978,-0.06858706845157445,-0.8357221334398722,0.9652862107951928,0.9706785725594503,-0.6586687306501549,-0.06420545746388442,1
1776592611.597614,1320,1776592611.597614,1776592611.597659,1776592611.248224,1776592611.552634,0.9491801484338579,0.9538745151255233,-0.5121267833224937,0.8582677165354331,0.757142857142857,0.0,0.28333290763311453,-0.6577011393236818,0.9689093152929132,-0.33534787735849053,-0.28880548479757195,-0.8464688527613018,0.9652862107951928,0.97018777112821,-0.6589267285861714,-0.07142857142857142,1
1776592611.648156,1321,1776592611.648156,1776592611.597659,1776592611.248224,1776592611.552634,0.9504351182383628,0.9490609757658777,-0.5125474219613534,0.8661417322834646,0.757142857142857,0.0,0.28333290763311453,-0.6577011393236818,0.9689093152929132,-0.33534787735849053,-0.28880548479757195,-0.8464688527613018,0.9652862107951928,0.97018777112821,-0.6589267285861714,-0.07142857142857142,1
1776592611.697572,1322,1776592611.697572,1776592611.69762,1776592611.248224,1776592611.552634,0.9516628349909688,0.9435411945941564,-0.5130013400348028,0.8818897637795275,0.7,0.0,0.30000023220011934,-0.248165933108037,0.8393475972583528,-0.07251224600870826,0.2238225570429787,-0.7743092903899935,0.9652862107951928,0.97018777112821,-0.6589267285861714,-0.07142857142857142,1
1776592611.747498,1323,1776592611.747498,1776592611.747557,1776592611.248224,1776592611.701069,0.9528690594993947,0.9371594143527113,-0.5134829153502763,0.9133858267716536,0.6428571428571428,0.0,0.5055553878554694,0.21026852640044638,0.8324159374237629,-0.3293042452830188,-0.15161779849330662,-0.8142267740250162,0.9652862107951928,0.9696178081758019,-0.6575077399380805,-0.0666131621187801,1
1776592611.797548,1324,1776592611.797548,1776592611.797595,1776592611.248224,1776592611.701069,0.954115831231377,0.9317143113182186,-0.5138956434655614,0.8661417322834646,0.7999999999999999,0.0,0.5416671504169153,-0.733495952738863,0.7373088642540079,0.5830800979680697,0.5342935342257873,-0.790685792433695,0.9652862107951928,0.9696178081758019,-0.6575077399380805,-0.0666131621187801,1
1776592611.847665,1325,1776592611.847665,1776592611.847783,1776592611.848468,1776592611.701069,0.9553036654690096,0.925388006264429,-0.5143425190030602,0.8818897637795275,0.7,0.0,-0.14999895509946293,0.023226915385110618,0.8310906506226837,-0.09667543541364296,0.28880548479757195,-0.8679622914041613,0.9653699593819354,0.9696178081758019,-0.6575077399380805,-0.0666131621187801,1
1776592611.897528,1326,1776592611.897528,1776592611.847783,1776592611.848468,1776592611.85019,0.9563306402295814,0.9185133503172754,-0.5148019014531434,0.84251968503937,0.5285714285714285,0.0,-0.14999895509946293,0.023226915385110618,0.8310906506226837,-0.09667543541364296,0.28880548479757195,-0.8679622914041613,0.9653699593819354,0.9690003483106931,-0.656733746130031,-0.06300160513643659,1
1776592611.947569,1327,1776592611.947569,1776592611.94763,1776592611.848468,1776592611.85019,0.9574278525304126,0.9111650216139866,-0.5152835951305658,0.889763779527559,0.6,0.0,0.6083341266837411,-0.07457159120056654,0.824464898305349,-0.48337717706821476,-0.18410926237060324,-0.8920161191185962,0.9653699593819354,0.9690003483106931,-0.656733746130031,-0.06300160513643659,1
1776592611.997607,1328,1776592611.997607,1776592611.94763,1776592611.848468,1776592611.85019,0.9584326703382213,0.9038593661319713,-0.5157386770965112,0.84251968503937,0.5428571428571428,0.0,0.6083341266837411,-0.07457159120056654,0.824464898305349,-0.48337717706821476,-0.18410926237060324,-0.8920161191185962,0.9653699593819354,0.9690003483106931,-0.656733746130031,-0.06300160513643659,1
1776592612.047575,1329,1776592612.047575,1776592612.047622,1776592611.848468,1776592611.999401,0.9593754486782935,0.8959840231459553,-0.5162060489781349,0.8503937007874015,0.4714285714285714,0.0,0.23333325593329352,0.06479194492332124,0.8033639260733157,0.09970292089985486,0.1877269524687009,-0.8597740403823104,0.9653699593819354,0.9684620499667521,-0.6550567595459237,-0.057383627608346706,1
1776592612.097546,1330,1776592612.097546,1776592612.097596,1776592611.848468,1776592611.999401,0.9603669723144443,0.8884863381682093,-0.5166445010902813,0.8346456692913385,0.5857142857142856,0.0,0.15555550395552903,0.25672337907727966,0.8304790912211956,0.08761565674891146,0.04331743536935668,-0.8162743169734781,0.9653699593819354,0.9684620499667521,-0.6550567595459237,-0.057383627608346706,1
1776592612.1491,1331,1776592612.1491,1776592612.097596,1776592611.848468,1776592612.147962,0.9615410692413635,0.8800903818826572,-0.5171234724428824,0.9212598425196851,0.7428571428571428,0.0,0.15555550395552903,0.25672337907727966,0.8304790912211956,0.08761565674891146,0.04331743536935668,-0.8162743169734781,0.9653699593819354,0.9678762547101104,-0.6569917440660474,-0.049357945425361156,1
1776592612.197494,1332,1776592612.197494,1776592612.149153,1776592611.848468,1776592612.147962,0.9626522404224356,0.8736232551986651,-0.5174805507152642,0.8188976377952756,0.8857142857142857,0.0,0.42777763587770484,0.4376529666459901,0.8063200663486989,-0.5679766872278664,-0.4837542680613517,-0.8208803282215189,0.9653699593819354,0.9678762547101104,-0.6569917440660474,-0.049357945425361156,1
1776592612.247514,1333,1776592612.247514,1776592612.197539,1776592611.848468,1776592612.147962,0.9638429550639271,0.8661703771032564,-0.5178782271360668,0.8740157480314961,0.9142857142857143,0.0,0.18333360423347256,0.25305575624665966,0.829051977266044,0.6404775943396226,0.48015012736437057,-0.6161721319032546,0.9653699593819354,0.9678762547101104,-0.6569917440660474,-0.049357945425361156,1
1776592612.297541,1334,1776592612.297541,1776592612.29759,1776592611.848468,1776592612.295621,0.9649882479522545,0.8585873456829636,-0.5182670461377046,0.8582677165354331,0.8857142857142857,0.0,0.38333453303395,0.16625909624623045,0.8351681677579781,-0.07854453918722785,0.04693512546745434,-0.7205737730108486,0.9653699593819354,0.9674171178873373,-0.6598297213622291,-0.028892455858747994,1
1776592612.347532,1335,1776592612.347532,1776592612.29759,1776592611.848468,1776592612.295621,0.966120689807979,0.8504580970303705,-0.51867233717721,0.8818897637795275,0.8714285714285713,0.0,0.38333453303395,0.16625909624623045,0.8351681677579781,-0.07854453918722785,0.04693512546745434,-0.7205737730108486,0.9653699593819354,0.9674171178873373,-0.6598297213622291,-0.028892455858747994,1
1776592612.397515,1336,1776592612.397515,1776592612.347586,1776592611.848468,1776592612.295621,0.9672280943070811,0.8425400808230812,-0.5190589073018217,0.8503937007874015,0.8857142857142857,0.0,0.12222317682271289,0.244498310277417,0.8498471271918294,-0.8247686865021769,-0.4259931711018374,-0.7594674851716402,0.9653699593819354,0.9674171178873373,-0.6598297213622291,-0.028892455858747994,1
1776592612.44745,1337,1776592612.44745,1776592612.39756,1776592612.447956,1776592612.444581,0.9682730161993913,0.8343596243049599,-0.5194509220760757,0.84251968503937,0.8285714285714285,0.0,0.4583328495830847,0.04767705298483593,0.8893985832647455,0.38065810957910007,0.25631402092027533,-0.7205737730108486,0.965453707968678,0.9669104841518634,-0.663828689370485,-0.010032102728731942,1
1776592612.497519,1338,1776592612.497519,1776592612.447497,1776592612.447956,1776592612.444581,0.9693465205607658,0.8257759058458046,-0.5198519520854261,0.8661417322834646,0.8714285714285713,0.0,-0.07777775197776451,0.0696817680619439,0.8782874939297808,0.0030161465892597967,0.010825971492060053,-0.7359265035803191,0.965453707968678,0.9669104841518634,-0.663828689370485,-0.010032102728731942,1
1776592612.547497,1339,1776592612.547497,1776592612.497565,1776592612.447956,1776592612.444581,0.9703134499793498,0.8177192016693765,-0.5202147314583394,0.7952755905511811,0.7999999999999999,0.0,0.4111103113107,0.23227324147755435,0.8268093939682366,-0.24168858853410738,-0.15883962928838546,-0.7308076462091644,0.965453707968678,0.9669104841518634,-0.663828689370485,-0.010032102728731942,1
1776592612.59754,1340,1776592612.59754,1776592612.597586,1776592612.447956,1776592612.590158,0.9712739538816322,0.8089391863923633,-0.520607673401192,0.8346456692913385,0.7857142857142857,0.0,0.5555550395552903,0.19804345760058373,0.8306830011623633,0.28096652757619733,0.3465665817570864,-0.7630497249454501,0.965453707968678,0.9664196827206231,-0.6666666666666667,0.018860353130016053,1
1776592612.647527,1341,1776592612.647527,1776592612.597586,1776592612.447956,1776592612.590158,0.9723574288717503,0.7995446767290122,-0.5210146806889542,0.8976377952755906,0.9428571428571428,0.0,0.5555550395552903,0.19804345760058373,0.8306830011623633,0.28096652757619733,0.3465665817570864,-0.7630497249454501,0.965453707968678,0.9664196827206231,-0.6666666666666667,0.018860353130016053,1
1776592612.697434,1342,1776592612.697434,1776592612.697484,1776592612.447956,1776592612.590158,0.9734541980335262,0.789591147866979,-0.5214422237748242,0.9291338582677164,0.9714285714285714,0.0,0.2777786807782419,0.35452290756956883,0.8117226998630573,-0.37159833091436867,-0.22021841634599754,-0.7615150281201021,0.965453707968678,0.9664196827206231,-0.6666666666666667,0.018860353130016053,1
1776592612.747459,1343,1776592612.747459,1776592612.747515,1776592612.447956,1776592612.735853,0.9744528118945611,0.7800750195229987,-0.5218320291260349,0.8661417322834646,0.8999999999999999,0.0,0.32777833247806293,-0.9095346952623388,0.933435291144284,-0.13595337445573294,-0.09385670153379222,-0.788127324134116,0.965453707968678,0.9659447135936163,-0.6664086687306501,0.05417335473515249,1
1776592612.797451,1344,1776592612.797451,1776592612.747515,1776592612.447956,1776592612.735853,0.9753807450762818,0.7697032930924856,-0.5222669501067102,0.9055118110236221,0.8142857142857143,0.0,0.32777833247806293,-0.9095346952623388,0.933435291144284,-0.13595337445573294,-0.09385670153379222,-0.788127324134116,0.965453707968678,0.9659447135936163,-0.6664086687306501,0.05417335473515249,1
1776592612.847482,1345,1776592612.847482,1776592612.797498,1776592612.447956,1776592612.735853,0.9763317214888763,0.7595598683957856,-0.522675535553789,0.8818897637795275,0.8857142857142857,0.0,-0.5138890501389718,0.2420539096614117,0.8103975834839934,0.13292588896952104,0.09025256083681102,-0.7952918036817358,0.965453707968678,0.9659447135936163,-0.6664086687306501,0.05417335473515249,1
1776592612.897416,1346,1776592612.897416,1776592612.847541,1776592612.447956,1776592612.881959,0.9772383839959444,0.7481170441113089,-0.5231463991129008,0.9606299212598425,0.8285714285714285,0.0,0.21666593136628873,-0.1955990569845784,0.8081549149751784,0.10271906748911465,-0.04693512546745434,-0.7604912566458711,0.965453707968678,0.9653747506412083,-0.6695046439628484,0.07945425361155699,1
1776592612.947524,1347,1776592612.947524,1776592612.897463,1776592612.447956,1776592612.881959,0.9780994031803203,0.7380333619243916,-0.5235316475290849,0.84251968503937,0.8428571428571427,0.0,0.38888875988882254,0.023226915385110618,0.8359837223116416,-0.8308123185776487,-0.649815728144816,-0.8224150250468669,0.965453707968678,0.9653747506412083,-0.6695046439628484,0.07945425361155699,1
1776592612.99748,1348,1776592612.99748,1776592612.947585,1776592612.447956,1776592612.881959,0.978913006485783,0.7273330516900729,-0.5239527201617566,0.8740157480314961,0.7999999999999999,0.0,0.3777779841778839,-0.44498719040061807,0.7250764832701394,0.6827716799709723,0.6173242642675194,-0.7441147546021698,0.965453707968678,0.9653747506412083,-0.6695046439628484,0.07945425361155699,1
1776592613.047415,1349,1776592613.047415,1776592613.047467,1776592613.047935,1776592613.027477,0.9797235078178592,0.7165111227751249,-0.524366454353606,0.8740157480314961,0.8285714285714285,0.0,-0.08333430083383062,0.1259172889226345,0.8182466250263196,0.10271906748911465,-0.06136523765649559,-0.7338789606318572,0.9655374565554206,0.9648206199930338,-0.6727296181630547,0.10473515248796147,1
1776592613.097414,1350,1776592613.097414,1776592613.047467,1776592613.047935,1776592613.027477,0.9804535794114049,0.7056614562663492,-0.5247915512925352,0.8582677165354331,0.757142857142857,0.0,-0.08333430083383062,0.1259172889226345,0.8182466250263196,0.10271906748911465,-0.06136523765649559,-0.7338789606318572,0.9655374565554206,0.9648206199930338,-0.6727296181630547,0.10473515248796147,1
1776592613.14741,1351,1776592613.14741,1776592613.147456,1776592613.047935,1776592613.027477,0.9811007840016166,0.6949248737939481,-0.5252077513583168,0.8346456692913385,0.6857142857142856,0.0,-0.0666669762668258,0.059902121784698587,0.8404688889072566,0.6978864296081276,0.350184271855184,-0.714431144165463,0.9655374565554206,0.9648206199930338,-0.6727296181630547,0.10473515248796147,1
1776592613.1974,1352,1776592613.1974,1776592613.147456,1776592613.047935,1776592613.173832,0.981681960872594,0.683817034296468,-0.5256466177372837,0.8503937007874015,0.6285714285714284,0.0,-0.0666669762668258,0.059902121784698587,0.8404688889072566,0.6978864296081276,0.350184271855184,-0.714431144165463,0.9655374565554206,0.964203160127925,-0.673890608875129,0.13683788121990367,1
1776592613.247544,1353,1776592613.247544,1776592613.247607,1776592613.047935,1776592613.173832,0.9822551612405767,0.6717021067769342,-0.526127325065133,0.9133858267716536,0.6428571428571428,0.0,0.07777775197776451,0.2053787032618237,0.8418960880734158,-0.015103410740203193,-0.10107853232887107,-0.8208803282215189,0.9655374565554206,0.964203160127925,-0.673890608875129,0.13683788121990367,1
1776592613.297456,1354,1776592613.297456,1776592613.247607,1776592613.047935,1776592613.173832,0.9828137380197356,0.6604790495820158,-0.5265585965523887,0.84251968503937,0.6714285714285714,0.0,0.07777775197776451,0.2053787032618237,0.8418960880734158,-0.015103410740203193,-0.10107853232887107,-0.8208803282215189,0.9655374565554206,0.964203160127925,-0.673890608875129,0.13683788121990367,1
1776592613.347408,1355,1776592613.347408,1776592613.347451,1776592613.047935,1776592613.319505,0.9832263004801854,0.6483726567067368,-0.5270542569397633,0.8976377952755906,0.5142857142857142,0.0,0.3694443218943814,0.21638157175368372,0.8658512030047446,0.2870101596516691,0.3465665817570864,-0.8387915270905683,0.9655374565554206,0.9636806940882175,-0.6735036119711042,0.17335473515248798,1
1776592613.397496,1356,1776592613.397496,1776592613.347451,1776592613.047935,1776592613.319505,0.9836862788195484,0.6363430756297501,-0.527517624242121,0.8818897637795275,0.6142857142857142,0.0,0.3694443218943814,0.21638157175368372,0.8658512030047446,0.2870101596516691,0.3465665817570864,-0.8387915270905683,0.9655374565554206,0.9636806940882175,-0.6735036119711042,0.17335473515248798,1
1776592613.447408,1357,1776592613.447408,1776592613.39755,1776592613.047935,1776592613.319505,0.984078013744401,0.6231997234775262,-0.528053310695164,0.9606299212598425,0.5714285714285714,0.0,0.24444403164423226,-0.11980424356939717,0.8069317109611946,0.12990974238026123,0.29602731559265083,-0.8567046467316144,0.9655374565554206,0.9636806940882175,-0.6735036119711042,0.17335473515248798,1
1776592613.497498,1358,1776592613.497498,1776592613.497545,1776592613.047935,1776592613.465163,0.9844400583525508,0.6108714298516252,-0.5285404490222287,0.889763779527559,0.5714285714285714,0.0,-0.43611129816120725,0.3166255008619782,0.7624872684103282,0.8731064042089984,0.638989756652756,-0.7998978149297766,0.9655374565554206,0.9632373895696779,-0.6756965944272446,0.2158908507223114,1
1776592613.547556,1359,1776592613.547556,1776592613.497545,1776592613.047935,1776592613.465163,0.9848156187018862,0.598538868903597,-0.5289985886718501,0.8818897637795275,0.6285714285714284,0.0,-0.43611129816120725,0.3166255008619782,0.7624872684103282,0.8731064042089984,0.638989756652756,-0.7998978149297766,0.9655374565554206,0.9632373895696779,-0.6756965944272446,0.2158908507223114,1
1776592613.597458,1360,1776592613.597458,1776592613.597503,1776592613.047935,1776592613.465163,0.985249230267461,0.58617216937855,-0.5294258753068312,0.8740157480314961,0.7428571428571428,0.0,0.0,0.2237157955083117,0.8098878512365778,0.05739749637155297,0.01804780228713891,-0.7589565598205231,0.9655374565554206,0.9632373895696779,-0.6756965944272446,0.2158908507223114,1
1776592613.647378,1361,1776592613.647378,1776592613.597503,1776592613.647847,1776592613.611103,0.9856726496347648,0.5733702029965136,-0.5298719617646717,0.8976377952755906,0.7714285714285714,0.0,0.0,0.2237157955083117,0.8098878512365778,0.05739749637155297,0.01804780228713891,-0.7589565598205231,0.9656630794355345,0.9628257496596054,-0.6773735810113519,0.25240770465489565,1
1776592613.697411,1362,1776592613.697411,1776592613.647422,1776592613.647847,1776592613.611103,0.9860643845596172,0.5609949688272119,-0.5302933894831897,0.8582677165354331,0.757142857142857,0.0,0.5666681372674226,0.18337398818471576,0.8294597119373719,-0.7190334724238026,-0.3754539049374018,-0.7973393466301976,0.9656630794355345,0.9628257496596054,-0.6773735810113519,0.25240770465489565,1
1776592613.747467,1363,1776592613.747467,1776592613.747512,1776592613.647847,1776592613.611103,0.9863683779515277,0.5483124874647413,-0.5307426717136464,0.8818897637795275,0.6857142857142856,0.0,0.6361122269616847,-0.21760377206168638,0.8609582165267942,-0.211481767053701,-0.2779795133055119,-0.8336745904914103,0.9656630794355345,0.9628257496596054,-0.6773735810113519,0.25240770465489565,1
1776592613.797483,1364,1776592613.797483,1776592613.747512,1776592613.647847,1776592613.757078,0.9866200809349169,0.535621471458016,-0.5311935912843943,0.8818897637795275,0.657142857142857,0.0,0.6361122269616847,-0.21760377206168638,0.8609582165267942,-0.211481767053701,-0.2779795133055119,-0.8336745904914103,0.9656630794355345,0.9625407681834014,-0.6833075335397316,0.2825040128410915,1
1776592613.847472,1365,1776592613.847472,1776592613.79753,1776592613.647847,1776592613.757078,0.986834781807192,0.5235556181429468,-0.5316284728110866,0.8346456692913385,0.6285714285714284,0.0,0.16666627966646771,0.29706620830748764,0.8428134697811516,-0.1993945029027576,0.010825971492060053,-0.8285557331202558,0.9656630794355345,0.9625407681834014,-0.6833075335397316,0.2825040128410915,1
1776592613.897413,1366,1776592613.897413,1776592613.897492,1776592613.647847,1776592613.757078,0.9869894373374787,0.5110993048532255,-0.532087598810281,0.8661417322834646,0.6,0.0,0.11111007911058066,-0.08435225938442391,0.8536187368098686,-0.04229408563134978,0.24548804942821528,-0.8561918006085005,0.9656630794355345,0.9625407681834014,-0.6833075335397316,0.2825040128410915,1
1776592613.947388,1367,1776592613.947388,1776592613.947432,1776592613.647847,1776592613.903466,0.9871673576681669,0.4984594967120283,-0.532533192093335,0.8661417322834646,0.6714285714285714,0.0,0.13888817938852419,-0.03178436135435327,0.8734964198169104,0.033234306966618284,0.2021706140588586,-0.8280448077691386,0.9656630794355345,0.9623349482283651,-0.692079463364293,0.30056179775280895,1
1776592613.997377,1368,1776592613.997377,1776592613.947432,1776592613.647847,1776592613.903466,0.9873051739143537,0.4858111539265765,-0.5329798900879108,0.8661417322834646,0.657142857142857,0.0,0.13888817938852419,-0.03178436135435327,0.8734964198169104,0.033234306966618284,0.2021706140588586,-0.8280448077691386,0.9656630794355345,0.9623349482283651,-0.692079463364293,0.30056179775280895,1
1776592614.047409,1369,1776592614.047409,1776592613.997432,1776592613.647847,1776592613.903466,0.9873073896096299,0.4737922411549081,-0.5334418370468835,0.84251968503937,0.5,0.0,0.5138890501389718,-0.04767705298483593,0.8321100299065073,-0.5528732764876632,-0.1335699962061677,-0.9329573742278496,0.9656630794355345,0.9623349482283651,-0.692079463364293,0.30056179775280895,1
1776592614.097397,1370,1776592614.097397,1776592614.097443,1776592613.647847,1776592614.049542,0.9872282892882654,0.46196535787897025,-0.5339240436260838,0.84251968503937,0.4285714285714285,0.0,-0.31388812133849436,0.3019560314461103,0.7888888765806322,0.08761565674891146,0.2996450056907485,-0.821391253572636,0.9656630794355345,0.962160792881796,-0.6999484004127967,0.30256821829855535,1
1776592614.147394,1371,1776592614.147394,1776592614.097443,1776592613.647847,1776592614.049542,0.987270609068043,0.44948984163967587,-0.5343619828364522,0.8503937007874015,0.6428571428571428,0.0,-0.31388812133849436,0.3019560314461103,0.7888888765806322,0.08761565674891146,0.2996450056907485,-0.821391253572636,0.9656630794355345,0.962160792881796,-0.6999484004127967,0.30256821829855535,1
1776592614.197431,1372,1776592614.197431,1776592614.147511,1776592613.647847,1776592614.194802,0.9874671412390523,0.4359432275464178,-0.5347597776192035,0.8740157480314961,0.9142857142857143,0.0,0.2722221319221758,-0.17970636535409576,0.8291539748421316,-0.024174528301886794,0.18410926237060324,-0.8290685792433695,0.9656630794355345,0.9619549729267597,-0.7093653250773995,0.3105939004815409,1
1776592614.247331,1373,1776592614.247331,1776592614.197479,1776592614.247882,1776592614.194802,0.9876213536302837,0.42372375063476414,-0.535111194245037,0.7874015748031497,0.8285714285714285,0.0,0.2000009288004774,0.45965768172309807,0.8279306856171402,-0.555889423076923,-0.4837542680613517,-0.7589565598205231,0.9656212051421632,0.9619549729267597,-0.7093653250773995,0.3105939004815409,1
1776592614.29739,1374,1776592614.29739,1776592614.247374,1776592614.247882,1776592614.194802,0.9877396717580389,0.4100981910821503,-0.5355180437168674,0.8818897637795275,0.8857142857142857,0.0,0.4388884115886435,-0.6136917091694658,0.8274209533697247,0.30815720246734396,0.2779795133055119,-0.6514836042902363,0.9656212051421632,0.9619549729267597,-0.7093653250773995,0.3105939004815409,1
1776592614.347332,1375,1776592614.347332,1776592614.347384,1776592614.247882,1776592614.340901,0.987818328940348,0.39653024037825546,-0.5359288977679639,0.8818897637795275,0.8714285714285713,0.0,-0.23611036936072982,-0.17359434190747045,0.815392482327024,0.1601165638606676,0.2635358517153542,-0.6980546421217616,0.9656212051421632,0.9618441467971248,-0.7176212590299278,0.3089887640449438,1
1776592614.397325,1376,1776592614.397325,1776592614.397412,1776592614.247882,1776592614.340901,0.9878329525291718,0.3825056862067347,-0.5363717095452225,0.9212598425196851,0.857142857142857,0.0,0.45277862272821207,0.27261607070776234,0.8147808377145284,-0.7039300616835993,-0.4259931711018374,-0.7886382494852332,0.9656212051421632,0.9618441467971248,-0.7176212590299278,0.3089887640449438,1
1776592614.4473,1377,1776592614.4473,1776592614.397412,1776592614.247882,1776592614.340901,0.987885686076748,0.3690892254383607,-0.5367581810348768,0.8582677165354331,0.8999999999999999,0.0,0.45277862272821207,0.27261607070776234,0.8147808377145284,-0.7039300616835993,-0.4259931711018374,-0.7886382494852332,0.9656212051421632,0.9618441467971248,-0.7176212590299278,0.3089887640449438,1
1776592614.497356,1378,1776592614.497356,1776592614.447347,1776592614.247882,1776592614.486858,0.9878444741446087,0.35624671949611464,-0.5371620517309972,0.84251968503937,0.7857142857142857,0.0,0.30277734562755565,-0.8166260118152844,0.753924499468411,0.47734488388969515,0.48015012736437057,-0.7389958972310151,0.9656212051421632,0.9618124821886578,-0.7225232198142415,0.29414125200642055,1
1776592614.547302,1379,1776592614.547302,1776592614.497405,1776592614.247882,1776592614.486858,0.9878072504639666,0.3428985358817781,-0.5375620559367917,0.8661417322834646,0.857142857142857,0.0,0.1250002902501492,0.10268935163091185,0.8461773447278629,0.0,-0.07580889924665331,-0.7492316912013277,0.9656212051421632,0.9618124821886578,-0.7225232198142415,0.29414125200642055,1
1776592614.597319,1380,1776592614.597319,1776592614.597366,1776592614.247882,1776592614.486858,0.9877113108585021,0.32947140680808573,-0.5379893031177899,0.8818897637795275,0.8285714285714285,0.0,0.7944448443446499,0.03667520639958797,0.908460711718124,-0.827796171988389,-0.6245460950625983,-0.7809609238144996,0.9656212051421632,0.9618124821886578,-0.7225232198142415,0.29414125200642055,1
1776592614.647393,1381,1776592614.647393,1776592614.597366,1776592614.247882,1776592614.632779,0.9876361987886352,0.3166224998826486,-0.5383735454574095,0.8267716535433071,0.8428571428571427,0.0,0.7944448443446499,0.03667520639958797,0.908460711718124,-0.827796171988389,-0.6245460950625983,-0.7809609238144996,0.9656212051421632,0.9615908299293878,-0.7242002063983488,0.2841091492776886,1
1776592614.697338,1382,1776592614.697338,1776592614.697388,1776592614.247882,1776592614.632779,0.9874955021385889,0.3038248008227397,-0.5387706103414768,0.84251968503937,0.7999999999999999,0.0,-0.08333430083383062,-0.05623449895407859,0.894699304414024,-0.13595337445573294,-0.15883962928838546,-0.7487207658502105,0.9656212051421632,0.9615908299293878,-0.7242002063983488,0.2841091492776886,1
1776592614.747288,1383,1776592614.747288,1776592614.747338,1776592614.247882,1776592614.632779,0.9873377446349155,0.29137915583833673,-0.5391509861907706,0.8188976377952756,0.7857142857142857,0.0,0.10277873882827175,0.1638136737236131,0.8438328490649754,0.04833771770682148,0.06858706845157445,-0.684749454500753,0.9656212051421632,0.9615908299293878,-0.7242002063983488,0.2841091492776886,1
1776592614.797267,1384,1776592614.797267,1776592614.747338,1776592614.247882,1776592614.778686,0.9871584948870615,0.278274209585259,-0.5395552316997287,0.8582677165354331,0.8428571428571427,0.0,0.10277873882827175,0.1638136737236131,0.8438328490649754,0.04833771770682148,0.06858706845157445,-0.684749454500753,0.9656212051421632,0.9614008422785852,-0.7287151702786377,0.2660513643659711,1
1776592614.847276,1385,1776592614.847276,1776592614.847324,1776592614.847752,1776592614.778686,0.9869604117293591,0.26567067368214425,-0.539947858010718,0.8267716535433071,0.8142857142857143,0.0,-0.141667614817154,-0.04889925329283858,0.8392456848932728,0.6163144049346879,0.26715354181345186,-0.7041953501951504,0.9657887023156484,0.9614008422785852,-0.7287151702786377,0.2660513643659711,1
1776592614.897353,1386,1776592614.897353,1776592614.897403,1776592614.847752,1776592614.778686,0.9867173499575472,0.2526873461096958,-0.5403558516480531,0.8582677165354331,0.8285714285714285,0.0,0.11944374139408306,-0.09413190566166921,0.8795106979437646,-0.05739749637155297,-0.11191805322204759,-0.7732855189157626,0.9657887023156484,0.9614008422785852,-0.7287151702786377,0.2660513643659711,1
1776592614.94731,1387,1776592614.94731,1776592614.947353,1776592614.847752,1776592614.924557,0.986414464413275,0.23991738464361462,-0.540772406799681,0.8661417322834646,0.7857142857142857,0.0,0.0666669762668258,0.25916880159989697,0.8441385861602155,-0.06646861393323657,0.01804780228713891,-0.7190371554135039,0.9657887023156484,0.9610366992812134,-0.7320691434468525,0.235553772070626,1
1776592614.997374,1388,1776592614.997374,1776592614.947353,1776592614.847752,1776592614.924557,0.9860860983733252,0.227697907731961,-0.5411766720356305,0.8346456692913385,0.7428571428571428,0.0,0.0666669762668258,0.25916880159989697,0.8441385861602155,-0.06646861393323657,0.01804780228713891,-0.7190371554135039,0.9657887023156484,0.9610366992812134,-0.7320691434468525,0.235553772070626,1
1776592615.047312,1389,1776592615.047312,1776592615.047359,1776592614.847752,1776592614.924557,0.9856863869454778,0.21557017824604527,-0.5416136840774003,0.8582677165354331,0.7,0.0,0.2638884696386734,0.22493901772292638,0.8672783169598962,0.4501542089985486,0.27436182320741426,-0.765097267893912,0.9657887023156484,0.9610366992812134,-0.7320691434468525,0.235553772070626,1
1776592615.097323,1390,1776592615.097323,1776592615.09737,1776592614.847752,1776592615.070588,0.9852764833193597,0.20259325165678782,-0.5420540694347095,0.8976377952755906,0.7999999999999999,0.0,0.30277734562755565,-0.2310510411695517,0.8280326831932279,0.09063180333817125,0.09747439163188988,-0.8075732198285135,0.9657887023156484,0.9607517178050092,-0.7329721362229102,0.19903691813804172,1
1776592615.147269,1391,1776592615.147269,1776592615.09737,1776592614.847752,1776592615.070588,0.9847748499088019,0.18972940910390504,-0.5425181469087598,0.9291338582677164,0.7428571428571428,0.0,0.30277734562755565,-0.2310510411695517,0.8280326831932279,0.09063180333817125,0.09747439163188988,-0.8075732198285135,0.9657887023156484,0.9607517178050092,-0.7329721362229102,0.19903691813804172,1
1776592615.197265,1392,1776592615.197265,1776592615.147315,1776592614.847752,1776592615.070588,0.9843820071363113,0.1766500667835913,-0.542912667010929,0.8740157480314961,0.8999999999999999,0.0,0.16388916623903146,0.27628369353838234,0.8216105851840383,-0.29909742380261245,-0.12274402471410764,-0.8249734933464459,0.9657887023156484,0.9607517178050092,-0.7329721362229102,0.19903691813804172,1
1776592615.247315,1393,1776592615.247315,1776592615.247362,1776592614.847752,1776592615.216681,0.9837848772593444,0.16467169357213268,-0.5433993910711731,0.9133858267716536,0.6428571428571428,0.0,-0.3638900950395088,0.10024495101490656,0.8271152162744844,0.012087264150943397,0.2635358517153542,-0.8270210362949076,0.9657887023156484,0.9604350717203382,-0.7305211558307534,0.16211878009630817,1
1776592615.297351,1394,1776592615.297351,1776592615.247362,1776592614.847752,1776592615.216681,0.9832059160836433,0.1531200525734086,-0.5438564062822814,0.8740157480314961,0.657142857142857,0.0,-0.3638900950395088,0.10024495101490656,0.8271152162744844,0.012087264150943397,0.2635358517153542,-0.8270210362949076,0.9657887023156484,0.9604350717203382,-0.7305211558307534,0.16211878009630817,1
1776592615.34725,1395,1776592615.34725,1776592615.347302,1776592614.847752,1776592615.216681,0.9825004387076646,0.14188419341210812,-0.5443584187609054,0.9212598425196851,0.557142857142857,0.0,0.6361122269616847,0.17359434190747045,0.8074413579976026,-0.6646521226415094,-0.5884504904883205,-0.8986696733150988,0.9657887023156484,0.9604350717203382,-0.7305211558307534,0.16211878009630817,1
1776592615.397248,1396,1776592615.397248,1776592615.397294,1776592614.847752,1776592615.362481,0.9818483595878453,0.13132257114692816,-0.5448091805157216,0.8503937007874015,0.5714285714285714,0.0,-0.141667614817154,0.028117760430345314,0.8531090897734604,0.5498457910014514,0.3429624410601052,-0.8244625679953287,0.9657887023156484,0.960118425635667,-0.7263931888544892,0.13402889245585875,1
1776592615.447238,1397,1776592615.447238,1776592615.447283,1776592615.447721,1776592615.362481,0.9811169585771337,0.12036835524603245,-0.545294365870632,0.9055118110236221,0.5857142857142856,0.0,0.5194455989950378,-0.045232652368830624,0.8348623454517303,-0.12386611030478954,-0.14801365779632542,-0.9155571007099174,0.9657887023156484,0.960118425635667,-0.7263931888544892,0.13402889245585875,1
1776592615.497311,1398,1776592615.497311,1776592615.49736,1776592615.447721,1776592615.362481,0.980352543706805,0.10981100030297987,-0.5457892371783483,0.8976377952755906,0.557142857142857,0.0,0.15833261738296533,0.31418110024597296,0.8391437725281926,-0.1873072387518142,-0.050539266164435534,-0.8884338793447863,0.9657887023156484,0.960118425635667,-0.7263931888544892,0.13402889245585875,1
1776592615.547329,1399,1776592615.547329,1776592615.49736,1776592615.447721,1776592615.508673,0.9796260172257013,0.09949261539905863,-0.5462361916238129,0.8582677165354331,0.6,0.0,0.15833261738296533,0.31418110024597296,0.8391437725281926,-0.1873072387518142,-0.050539266164435534,-0.8884338793447863,0.9657887023156484,0.9598334441594629,-0.7265221878224974,0.10513643659711076,1
1776592615.597291,1400,1776592615.597291,1776592615.597339,1776592615.447721,1776592615.508673,0.9788673631630911,0.08967137352297314,-0.5466875846423557,0.8503937007874015,0.557142857142857,0.0,-0.17777705537740646,0.1992666798151984,0.8574923440039953,0.0060436320754716985,0.379058045634383,-0.8060385230031655,0.9657887023156484,0.9598334441594629,-0.7265221878224974,0.10513643659711076,1
1776592615.647242,1401,1776592615.647242,1776592615.597339,1776592615.447721,1776592615.508673,0.9781601132308914,0.07808132662510296,-0.5471113006918829,0.8818897637795275,0.8285714285714285,0.0,-0.17777705537740646,0.1992666798151984,0.8574923440039953,0.0060436320754716985,0.379058045634383,-0.8060385230031655,0.9657887023156484,0.9598334441594629,-0.7265221878224974,0.10513643659711076,1
1776592615.697236,1402,1776592615.697236,1776592615.647294,1776592615.447721,1776592615.654437,0.977375092394493,0.0668326654974204,-0.5475620229927161,0.9055118110236221,0.7714285714285714,0.0,0.31666755676712416,-0.2872855401236303,0.8888889362283375,0.009059778664731495,-0.007221830795078859,-0.8167852423245952,0.9657887023156484,0.9593743073366897,-0.7232972136222909,0.08547351524879615,1
1776592615.747223,1403,1776592615.747223,1776592615.697284,1776592615.447721,1776592615.654437,0.9766846817463932,0.05544104907847179,-0.5479426552928988,0.84251968503937,0.8857142857142857,0.0,0.4750001741500895,0.20048888012320107,0.8141691931020325,-0.422963534107402,-0.35740610265026285,-0.7937551860843911,0.9657887023156484,0.9593743073366897,-0.7232972136222909,0.08547351524879615,1
1776592615.797212,1404,1776592615.797212,1776592615.797258,1776592615.447721,1776592615.654437,0.9758602215340765,0.044811149659254326,-0.5483824685674556,0.889763779527559,0.7428571428571428,0.0,0.04999965169982097,0.01711489193848531,0.8078491778799382,-0.06948476052249636,-0.11913988401712645,-0.8024562832293556,0.9657887023156484,0.9593743073366897,-0.7232972136222909,0.08547351524879615,1
1776592615.847281,1405,1776592615.847281,1776592615.797258,1776592615.447721,1776592615.800725,0.9750049631574189,0.034439423228741266,-0.5488299161877068,0.889763779527559,0.7285714285714284,0.0,0.04999965169982097,0.01711489193848531,0.8078491778799382,-0.06948476052249636,-0.11913988401712645,-0.8024562832293556,0.9657887023156484,0.9589468351223837,-0.7230392156862745,0.06942215088282504,1
1776592615.897217,1406,1776592615.897217,1776592615.897267,1776592615.447721,1776592615.800725,0.9740834554919996,0.02443041917905257,-0.5493057114946832,0.9133858267716536,0.6857142857142856,0.0,0.38888875988882254,-0.03178436135435327,0.8271152162744844,-0.7613275580551523,-0.49097609885643057,-0.8802456283229356,0.9657887023156484,0.9589468351223837,-0.7230392156862745,0.06942215088282504,1
1776592615.947238,1407,1776592615.947238,1776592615.947284,1776592615.447721,1776592615.94618,0.9732124656788801,0.015313285453979066,-0.5497359177244,0.84251968503937,0.6428571428571428,0.0,0.2722221319221758,-0.5525673870767647,0.7533129400669231,0.7613275580551523,0.6931331635141728,-0.8019434371062418,0.9657887023156484,0.9585193629080776,-0.7176212590299278,0.056179775280898875,1
1776592615.997196,1408,1776592615.997196,1776592615.947284,1776592615.447721,1776592615.94618,0.9722827599409385,0.007273650566060281,-0.550191236414243,0.84251968503937,0.5142857142857142,0.0,0.2722221319221758,-0.5525673870767647,0.7533129400669231,0.7613275580551523,0.6931331635141728,-0.8019434371062418,0.9657887023156484,0.9585193629080776,-0.7176212590299278,0.056179775280898875,1
1776592616.047254,1409,1776592616.047254,1776592615.997248,1776592616.047728,1776592615.94618,0.9713402031703939,-0.0007702516439858496,-0.5506464761961201,0.84251968503937,0.5428571428571428,0.0,0.44722207387214596,-0.22982884086154903,0.8357798123704739,0.10271906748911465,-0.014443661590157718,-0.8367439841421064,0.9658724509023909,0.9585193629080776,-0.7176212590299278,0.056179775280898875,1
1776592616.097249,1410,1776592616.097249,1776592616.097296,1776592616.047728,1776592616.092521,0.970285532218868,-0.008596520425537362,-0.551155373394763,0.9055118110236221,0.5,0.0,0.05833331398332338,0.06479194492332124,0.8668705822885683,-0.8428995827285921,-0.1299658555091865,-0.8633562801561204,0.9658724509023909,0.9579968968683702,-0.7106553147574819,0.04695024077046549,1
1776592616.147207,1411,1776592616.147207,1776592616.097296,1776592616.047728,1776592616.092521,0.9693804206984934,-0.017276253632557963,-0.551562420136508,0.8188976377952756,0.7142857142857143,0.0,0.05833331398332338,0.06479194492332124,0.8668705822885683,-0.8428995827285921,-0.1299658555091865,-0.8633562801561204,0.9658724509023909,0.9579968968683702,-0.7106553147574819,0.04695024077046549,1
1776592616.197183,1412,1776592616.197183,1776592616.197234,1776592616.047728,1776592616.092521,0.9684208030743215,-0.026785980993347246,-0.5519725442889206,0.8661417322834646,0.8285714285714285,0.0,0.19722149337184758,0.20660090356982636,0.8586137208639066,0.03625045355587808,-0.10830036312394993,-0.7517901595009067,0.9658724509023909,0.9579968968683702,-0.7106553147574819,0.04695024077046549,1
1776592616.247178,1413,1776592616.247178,1776592616.247225,1776592616.047728,1776592616.238148,0.9674554246424312,-0.03584123854757424,-0.5523680310136713,0.8503937007874015,0.7999999999999999,0.0,0.18055649080603625,0.15281182713836514,0.8198777341336464,0.09365928882438315,0.14440951709934424,-0.6724661175819786,0.9658724509023909,0.957537760045597,-0.7067853457172343,0.04293739967897271,1
1776592616.297171,1414,1776592616.297171,1776592616.297222,1776592616.047728,1776592616.238148,0.9664118321672868,-0.04464472409628786,-0.5528019656447737,0.889763779527559,0.7714285714285714,0.0,0.0027771134274363015,-0.004889823138622654,0.960550456292164,-0.7190334724238026,-0.5379112243238849,-0.7620259534712192,0.9658724509023909,0.957537760045597,-0.7067853457172343,0.04293739967897271,1
1776592616.34727,1415,1776592616.34727,1776592616.347312,1776592616.047728,1776592616.238148,0.965408786915699,-0.05386213989135398,-0.5532022460284487,0.8582677165354331,0.8714285714285713,0.0,-0.011110775710938716,-0.09535410596967187,0.8061162416185388,0.7069462082728591,0.4512628041840551,-0.6658125633854759,0.9658724509023909,0.957537760045597,-0.7067853457172343,0.04293739967897271,1
1776592616.39722,1416,1776592616.39722,1776592616.397269,1776592616.047728,1776592616.383906,0.9643335099981033,-0.062433056384127265,-0.5536387451684406,0.889763779527559,0.7999999999999999,0.0,-0.13888817938852419,-0.1955990569845784,0.8998981131982221,-0.06646861393323657,-0.0036041406969811937,-0.7968265005070839,0.9658724509023909,0.9570786232228238,-0.704592363261094,0.02969502407704655,1
1776592616.447184,1417,1776592616.447184,1776592616.447228,1776592616.047728,1776592616.383906,0.9632797253246879,-0.07058150798629335,-0.5540517297346146,0.8582677165354331,0.7857142857142857,0.0,0.04999965169982097,0.27261607070776234,0.843119206876392,0.11782247822931784,0.0036041406969811937,-0.7251797842588894,0.9658724509023909,0.9570786232228238,-0.704592363261094,0.02969502407704655,1
1776592616.497158,1418,1776592616.497158,1776592616.447228,1776592616.047728,1776592616.383906,0.9622624996233318,-0.07842057873422692,-0.554433249749413,0.8188976377952756,0.7857142857142857,0.0,0.04999965169982097,0.27261607070776234,0.843119206876392,0.11782247822931784,0.0036041406969811937,-0.7251797842588894,0.9658724509023909,0.9570786232228238,-0.704592363261094,0.02969502407704655,1
1776592616.547201,1419,1776592616.547201,1776592616.547246,1776592616.047728,1776592616.529312,0.9611903246791229,-0.08646448094427304,-0.5548320900627116,0.8503937007874015,0.8285714285714285,0.0,0.0027771134274363015,0.12102644387739982,0.8781854963536931,0.4592139876632801,0.14079182700124654,-0.7287620240326993,0.9658724509023909,0.9566511510085177,-0.7014963880288957,0.016051364365971106,1
1776592616.597156,1420,1776592616.597156,1776592616.597205,1776592616.047728,1776592616.529312,0.9601004241727037,-0.09482843231387007,-0.555226274806026,0.8582677165354331,0.8999999999999999,0.0,0.02500098685050724,-0.1919314341539584,0.8389398625870249,0.09063180333817125,0.13718768630426537,-0.716989612465042,0.9658724509023909,0.9566511510085177,-0.7014963880288957,0.016051364365971106,1
1776592616.647145,1421,1776592616.647145,1776592616.647191,1776592616.647621,1776592616.529312,0.9589393998479145,-0.10315824510644836,-0.5556384702925417,0.8976377952755906,0.9142857142857143,0.0,0.3388891081890016,0.23227324147755435,0.8387359526458572,-0.229601324383164,-0.11552219391902879,-0.7451385260764006,0.9659143251957624,0.9566511510085177,-0.7014963880288957,0.016051364365971106,1
1776592616.69737,1422,1776592616.69737,1776592616.647191,1776592616.647621,1776592616.674883,0.957850828758661,-0.11086929619056154,-0.5560090418270809,0.8267716535433071,0.8714285714285713,0.0,0.3388891081890016,0.23227324147755435,0.8387359526458572,-0.229601324383164,-0.11552219391902879,-0.7451385260764006,0.9659143251957624,0.9561603495772775,-0.7018833849329206,0.016452648475120388,1
1776592616.747184,1423,1776592616.747184,1776592616.747231,1776592616.647621,1776592616.674883,0.9566665396334708,-0.11818561997789528,-0.5564276288588289,0.889763779527559,0.8428571428571427,0.0,0.10555585225570806,0.22860664055354638,0.8438328490649754,0.2235690312046444,0.3068532870847109,-0.793244260733274,0.9659143251957624,0.9561603495772775,-0.7018833849329206,0.016452648475120388,1
1776592616.797158,1424,1776592616.797158,1776592616.747231,1776592616.647621,1776592616.674883,0.9554671837804016,-0.1259180076726452,-0.5568367469346771,0.889763779527559,0.9285714285714285,0.0,0.10555585225570806,0.22860664055354638,0.8438328490649754,0.2235690312046444,0.3068532870847109,-0.793244260733274,0.9659143251957624,0.9561603495772775,-0.7018833849329206,0.016452648475120388,1
1776592616.847179,1425,1776592616.847179,1776592616.847224,1776592616.647621,1776592616.820494,0.9541636902493453,-0.13388296442333542,-0.5572709182896769,0.952755905511811,0.9857142857142857,0.0,0.3527769973273766,0.3166255008619782,0.8116207874979773,-0.44712672351233673,-0.36823207414232295,-0.7758439872153415,0.9659143251957624,0.9558753681010733,-0.7035603715170279,0.008025682182985553,1
1776592616.897127,1426,1776592616.897127,1776592616.847224,1776592616.647621,1776592616.820494,0.9529423990130407,-0.14100085773174761,-0.5576650438520171,0.8818897637795275,0.9142857142857143,0.0,0.3527769973273766,0.3166255008619782,0.8116207874979773,-0.44712672351233673,-0.36823207414232295,-0.7758439872153415,0.9659143251957624,0.9558753681010733,-0.7035603715170279,0.008025682182985553,1
1776592616.947142,1427,1776592616.947142,1776592616.947228,1776592616.647621,1776592616.820494,0.9516382407734016,-0.14768348418317054,-0.5581031408783171,0.9291338582677164,0.8857142857142857,0.0,-0.516666163566408,0.3227385462152156,0.8110091428854815,0.14501315312046442,0.10469622242696874,-0.795802729032853,0.9659143251957624,0.9558753681010733,-0.7035603715170279,0.008025682182985553,1
1776592616.997113,1428,1776592616.997113,1776592616.947228,1776592616.647621,1776592616.968941,0.9503865945118114,-0.15419541774949966,-0.5585141921993282,0.8818897637795275,0.8999999999999999,0.0,-0.516666163566408,0.3227385462152156,0.8110091428854815,0.14501315312046442,0.10469622242696874,-0.795802729032853,0.9659143251957624,0.9555903866248694,-0.6999484004127967,-0.0056179775280898875,1
1776592617.047192,1429,1776592617.047192,1776592616.99716,1776592616.647621,1776592616.968941,0.9491318462768342,-0.15983468394078665,-0.5589281236610921,0.8740157480314961,0.8142857142857143,0.0,0.2666679050673032,0.12347186640001717,0.8372069263256255,-0.030206821480406387,-0.08664842013982982,-0.7302967208580473,0.9659143251957624,0.9555903866248694,-0.6999484004127967,-0.0056179775280898875,1
1776592617.097168,1430,1776592617.097168,1776592617.047237,1776592616.647621,1776592616.968941,0.9479495512773926,-0.16450313434810254,-0.5593224859473297,0.8188976377952756,0.7142857142857143,0.0,0.26111135621123704,0.04767705298483593,0.874923533772062,-0.8187250544267054,-0.6173242642675194,-0.8080860659516274,0.9659143251957624,0.9555903866248694,-0.6999484004127967,-0.0056179775280898875,1
1776592617.147156,1431,1776592617.147156,1776592617.147203,1776592616.647621,1776592617.117705,0.9466879343870589,-0.16932307469093918,-0.5597455115521558,0.8661417322834646,0.7714285714285714,0.0,0.2638884696386734,-0.19437685667657575,0.8771661170698696,-0.10573521407837445,-0.32129694867486863,-0.7993849688066629,0.9659143251957624,0.9552104113232639,-0.6994324045407637,-0.010834670947030499,1
1776592617.197117,1432,1776592617.197117,1776592617.147203,1776592616.647621,1776592617.117705,0.9454099213516804,-0.17344104054382753,-0.560187060801961,0.8740157480314961,0.7142857142857143,0.0,0.2638884696386734,-0.19437685667657575,0.8771661170698696,-0.10573521407837445,-0.32129694867486863,-0.7993849688066629,0.9659143251957624,0.9552104113232639,-0.6994324045407637,-0.010834670947030499,1
1776592617.247258,1433,1776592617.247258,1776592617.247302,1776592617.247799,1776592617.117705,0.9441678025797783,-0.17778730813052884,-0.5605876765444908,0.8346456692913385,0.7714285714285714,0.0,0.255554807355171,-0.44376499009261544,0.990519849350347,-0.6616246371552975,-0.620941954365617,-0.8500510925351117,0.9659143251957624,0.9552104113232639,-0.6994324045407637,-0.010834670947030499,1
1776592617.297139,1434,1776592617.297139,1776592617.247302,1776592617.247799,1776592617.266633,0.9429529368597748,-0.18061867636202256,-0.5610196582034388,0.8267716535433071,0.6,0.0,0.255554807355171,-0.44376499009261544,0.990519849350347,-0.6616246371552975,-0.620941954365617,-0.8500510925351117,0.9659143251957624,0.9548621006301258,-0.7008513931888545,-0.004815409309791332,1
1776592617.347085,1435,1776592617.347085,1776592617.347129,1776592617.247799,1776592617.266633,0.9416778042282556,-0.1836548760556288,-0.5614561178894478,0.8582677165354331,0.6714285714285714,0.0,0.44722207387214596,-0.3227385462152156,0.8628949775183538,0.009059778664731495,0.04331743536935668,-0.8270210362949076,0.9659143251957624,0.9548621006301258,-0.7008513931888545,-0.004815409309791332,1
1776592617.397119,1436,1776592617.397119,1776592617.347129,1776592617.247799,1776592617.266633,0.9403167026200154,-0.1857373292537734,-0.5619555658591824,0.9212598425196851,0.6,0.0,0.44722207387214596,-0.3227385462152156,0.8628949775183538,0.009059778664731495,0.04331743536935668,-0.8270210362949076,0.9659143251957624,0.9548621006301258,-0.7008513931888545,-0.004815409309791332,1
1776592617.447115,1437,1776592617.447115,1776592617.397183,1776592617.247799,1776592617.411383,0.9389429715487,-0.18888874664481797,-0.5624013761391425,0.9055118110236221,0.7857142857142857,0.0,0.5916668021167363,0.13691913550788248,0.8108053181553213,-0.5407860123367199,-0.4404368326919951,-0.8940636620670581,0.9659143251957624,0.9543238022861847,-0.7020123839009288,0.0008025682182985554,1
1776592617.49711,1438,1776592617.49711,1776592617.447231,1776592617.247799,1776592617.411383,0.9375845287747914,-0.18992570592176292,-0.5629073340160582,0.9212598425196851,0.5428571428571428,0.0,0.22499959364979114,-0.7995111198767989,0.8535168244447884,0.24471607402031928,0.2635358517153542,-0.8920161191185962,0.9659143251957624,0.9543238022861847,-0.7020123839009288,0.0008025682182985554,1
1776592617.547035,1439,1776592617.547035,1776592617.497154,1776592617.247799,1776592617.411383,0.9361866466249643,-0.19162836745057377,-0.5633859700098045,0.9291338582677164,0.6857142857142856,0.0,0.09999930339964194,-0.18704161101533576,0.8100917611777456,-0.09063180333817125,-0.1877269524687009,-0.9053213067396048,0.9659143251957624,0.9543238022861847,-0.7020123839009288,0.0008025682182985554,1
1776592617.597158,1440,1776592617.597158,1776592617.547073,1776592617.247799,1776592617.556589,0.9347752487339518,-0.19199535715352545,-0.5639149492857518,0.952755905511811,0.557142857142857,0.0,0.11111007911058066,-0.07334939089256388,0.7934760407523348,0.17824746008708273,0.169679150181562,-0.8756396170748948,0.9659143251957624,0.9538963300718787,-0.70265737874097,0.0004012841091492777,1
1776592617.647024,1441,1776592617.647024,1776592617.59721,1776592617.247799,1776592617.556589,0.9334349746613089,-0.1935379941025608,-0.5643497321774869,0.8740157480314961,0.7285714285714284,0.0,0.44444496044470966,-0.1503664046157478,0.9158001914350495,-0.8821661828737299,-0.848368652105577,-0.9744114754602171,0.9659143251957624,0.9538963300718787,-0.70265737874097,0.0004012841091492777,1
1776592617.747138,1443,1776592617.747138,1776592617.747183,1776592617.247799,1776592617.70505,0.9308886976497677,-0.1944874732758952,-0.5652187061512133,0.8661417322834646,0.6857142857142856,0.0,0.23333325593329352,0.08557445969242655,0.8467889893403586,0.08761565674891146,-0.07942658934475097,-0.7487207658502105,0.9659143251957624,0.9534371932491055,-0.7029153766769867,-0.010834670947030499,1
1776592617.797123,1444,1776592617.797123,1776592617.797172,1776592617.247799,1776592617.70505,0.9296055885152537,-0.19555217014666787,-0.5656200320654355,0.8188976377952756,0.7428571428571428,0.0,0.2638884696386734,-0.6515891158770565,0.9365953413608351,-0.32024446661828737,-0.17690098097664084,-0.8183218599219398,0.9659143251957624,0.9534371932491055,-0.7029153766769867,-0.010834670947030499,1
1776592617.847087,1445,1776592617.847087,1776592617.797172,1776592617.847857,1776592617.70505,0.9282599967739477,-0.19611759032854112,-0.566053710245649,0.8661417322834646,0.7428571428571428,0.0,0.2638884696386734,-0.6515891158770565,0.9365953413608351,-0.32024446661828737,-0.17690098097664084,-0.8183218599219398,0.9659143251957624,0.9534371932491055,-0.7029153766769867,-0.010834670947030499,1
1776592617.897076,1446,1776592617.897076,1776592617.84713,1776592617.847857,1776592617.854201,0.9269079795163402,-0.1964931146757475,-0.5664757692278937,0.8661417322834646,0.757142857142857,0.0,-0.16666627966646771,0.31784872307659295,0.851681975818309,0.41691990203193036,0.4079453688146984,-0.739508743354129,0.9659143251957624,0.9530888825559671,-0.7070433436532508,-0.03812199036918138,1
1776592617.947072,1447,1776592617.947072,1776592617.897125,1776592617.847857,1776592617.854201,0.9255291523458895,-0.19588288761153713,-0.5669432397444747,0.9055118110236221,0.6857142857142856,0.0,0.11944374139408306,-0.21515834953906904,0.8339449637439945,0.012087264150943397,0.21660072624789986,-0.7778915301638034,0.9659143251957624,0.9530888825559671,-0.7070433436532508,-0.03812199036918138,1
1776592617.997125,1448,1776592617.997125,1776592617.997171,1776592617.847857,1776592617.854201,0.9241503251754387,-0.19614959524449624,-0.5673589269084784,0.8661417322834646,0.8285714285714285,0.0,0.4388884115886435,-0.8361853043697749,0.7562691655533138,0.5649492017416545,0.5740068288981627,-0.8183218599219398,0.9659143251957624,0.9530888825559671,-0.7070433436532508,-0.03812199036918138,1
1776592618.047123,1449,1776592618.047123,1776592618.047166,1776592617.847857,1776592618.002334,0.9227305076423762,-0.19507636372946885,-0.567831368626907,0.9291338582677164,0.7285714285714284,0.0,-0.10277873882827175,-0.018337092246487965,0.8161060393045998,0.06344112844702467,0.19855292396076096,-0.8433975383386091,0.9659143251957624,0.9526614103416611,-0.706656346749226,-0.06821829855537721,1
1776592618.097177,1450,1776592618.097177,1776592618.097224,1776592617.847857,1776592618.002334,0.9214072944233609,-0.19357640000170695,-0.5682785597962692,0.8740157480314961,0.657142857142857,0.0,-0.14722184167202662,0.01344726910786531,0.8053006870648753,0.16918768142235122,0.2490921901251965,-0.7983611973324319,0.9659143251957624,0.9526614103416611,-0.706656346749226,-0.06821829855537721,1
1776592618.147049,1451,1776592618.147049,1776592618.097224,1776592617.847857,1776592618.002334,0.9200122926773929,-0.19121443720422124,-0.5687784614868071,0.9448818897637795,0.6428571428571428,0.0,-0.14722184167202662,0.01344726910786531,0.8053006870648753,0.16918768142235122,0.2490921901251965,-0.7983611973324319,0.9659143251957624,0.9526614103416611,-0.706656346749226,-0.06821829855537721,1
1776592618.197046,1452,1776592618.197046,1776592618.147093,1776592617.847857,1776592618.151275,0.9187181050664975,-0.18921733044862357,-0.5692222990676215,0.8582677165354331,0.657142857142857,0.0,0.5055553878554694,-0.17237111969285573,0.809989763601658,-0.5830800979680697,-0.3140751178797897,-0.9068579243369496,0.9659143251957624,0.95212311199772,-0.7083333333333334,-0.10032102728731943,1
1776592618.247049,1453,1776592618.247049,1776592618.247093,1776592617.847857,1776592618.151275,0.917544672848161,-0.18563064620058975,-0.5697016846870432,0.84251968503937,0.4285714285714285,0.0,0.29166656991661694,-0.1503664046157478,0.8011213427755082,-0.10271906748911465,0.10107853232887107,-0.842886612987492,0.9659143251957624,0.95212311199772,-0.7083333333333334,-0.10032102728731943,1
1776592618.297034,1454,1776592618.297034,1776592618.247093,1776592617.847857,1776592618.151275,0.9162737500376669,-0.1832644160809767,-0.5701247102918693,0.84251968503937,0.6714285714285714,0.0,0.29166656991661694,-0.1503664046157478,0.8011213427755082,-0.10271906748911465,0.10107853232887107,-0.842886612987492,0.9659143251957624,0.95212311199772,-0.7083333333333334,-0.10032102728731943,1
1776592618.347048,1455,1776592618.347048,1776592618.29708,1776592617.847857,1776592618.299974,0.9149988389756751,-0.18057173581862174,-0.5705538907180303,0.8503937007874015,0.6714285714285714,0.0,0.03611176256144596,0.41564825156888213,0.8519877981245567,0.05739749637155297,0.06498292775459324,-0.7809609238144996,0.9659143251957624,0.9516481428707133,-0.7091073271413828,-0.12800963081861957,1
1776592618.397089,1456,1776592618.397089,1776592618.347096,1776592617.847857,1776592618.299974,0.9137868536595309,-0.17882853472960114,-0.5709082861195739,0.7637795275590551,0.757142857142857,0.0,0.2583342427838008,0.3948657367997768,0.8112130528266492,-0.6163144049346879,-0.4981979296515095,-0.7799390731122653,0.9659143251957624,0.9516481428707133,-0.7091073271413828,-0.12800963081861957,1
1776592618.446984,1457,1776592618.446984,1776592618.397137,1776592618.447457,1776592618.299974,0.9124811444331986,-0.17639402745595056,-0.5713088624081208,0.84251968503937,0.7857142857142857,0.0,-0.013887889138375017,0.17726196473809044,0.8470948116466064,0.5468296444121915,0.4187713403067585,-0.5982590122622085,0.9660818223692476,0.9516481428707133,-0.7091073271413828,-0.12800963081861957,1
1776592618.497096,1458,1776592618.497096,1776592618.447026,1776592618.447457,1776592618.450681,0.9111242526459832,-0.17411954476207545,-0.5717043096788886,0.8503937007874015,0.8714285714285713,0.0,0.46111228501171453,0.17970636535409576,0.8270133039094043,0.08157202467343976,-0.06136523765649559,-0.7082904360920742,0.9660818223692476,0.9509831860929039,-0.706656346749226,-0.15088282504012843,1
1776592618.547082,1459,1776592618.547082,1776592618.547127,1776592618.447457,1776592618.450681,0.9096700918361378,-0.17114308757825203,-0.5721411441777353,0.9291338582677164,0.9142857142857143,0.0,0.38333453303395,0.3300727699698435,0.8172273309535035,-0.6948589441219158,-0.4007235380196196,-0.7763549125664588,0.9660818223692476,0.9509831860929039,-0.706656346749226,-0.15088282504012843,1
1776592618.59705,1460,1776592618.59705,1776592618.597116,1776592618.447457,1776592618.597705,0.9082886058313553,-0.16827331344761223,-0.5725384063317173,0.8740157480314961,0.8999999999999999,0.0,0.07500063855032822,-0.1650368959382278,0.8280326831932279,0.516611484034833,0.23104438783805759,-0.741043440179477,0.9660818223692476,0.9502865647066274,-0.7036893704850361,-0.15850722311396467,1
1776592618.647075,1461,1776592618.647075,1776592618.647121,1776592618.447457,1776592618.597705,0.9069115512171257,-0.16498320808742892,-0.5729410539543672,0.8818897637795275,0.8857142857142857,0.0,-0.6000004644002387,0.20904632609244372,0.8380223956682814,0.09970292089985486,0.050539266164435534,-0.7620259534712192,0.9660818223692476,0.9502865647066274,-0.7036893704850361,-0.15850722311396467,1
1776592618.697065,1462,1776592618.697065,1776592618.647121,1776592618.447457,1776592618.597705,0.9055351613114788,-0.16165469682809946,-0.5733404466234265,0.8740157480314961,0.9142857142857143,0.0,-0.6000004644002387,0.20904632609244372,0.8380223956682814,0.09970292089985486,0.050539266164435534,-0.7620259534712192,0.9660818223692476,0.9502865647066274,-0.7036893704850361,-0.15850722311396467,1
1776592618.747036,1463,1776592618.747036,1776592618.697112,1776592618.447457,1776592618.746857,0.9042369854490859,-0.15813628973410315,-0.5737219469112335,0.8346456692913385,0.857142857142857,0.0,0.35833354618344276,0.13569693519987983,0.833129409190331,-0.16918768142235122,-0.010825971492060053,-0.7420672116537079,0.9660818223692476,0.9493524587568474,-0.7031733746130031,-0.15369181380417335,1
1776592618.797006,1464,1776592618.797006,1776592618.747085,1776592618.447457,1776592618.746857,0.9029620743870944,-0.15422955632651844,-0.5741064062477591,0.8346456692913385,0.8285714285714285,0.0,0.03333232713281614,-0.13202931236925983,0.9609581909634919,-0.7492402939042089,-0.6534334182429137,-0.8045038261778175,0.9660818223692476,0.9493524587568474,-0.7031733746130031,-0.15369181380417335,1
1776592618.847026,1465,1776592618.847026,1776592618.847078,1776592618.447457,1776592618.746857,0.9016933672718764,-0.15023107549319575,-0.5744783783986919,0.8267716535433071,0.8428571428571427,0.0,0.02500098685050724,-0.16625909624623045,0.8811417218400839,-0.030206821480406387,-0.16245731938648314,-0.7359265035803191,0.9660818223692476,0.9493524587568474,-0.7031733746130031,-0.15369181380417335,1
1776592618.897034,1466,1776592618.897034,1776592618.897089,1776592618.447457,1776592618.895232,0.9003559736030927,-0.14580586244713853,-0.5748769228071186,0.8740157480314961,0.8999999999999999,0.0,0.26111135621123704,0.27261607070776234,0.8098878512365778,-0.30211357039187225,-0.19855292396076096,-0.7318314176833953,0.9660818223692476,0.9483550235901334,-0.6995614035087719,-0.1601123595505618,1
1776592618.947017,1467,1776592618.947017,1776592618.947062,1776592618.447457,1776592618.895232,0.8990801762629906,-0.14154494130298415,-0.575251597555881,0.8267716535433071,0.8857142857142857,0.0,-0.008333662283502415,-0.55867941052339,0.976350707374919,-0.5135953374455733,-0.4440409733889763,-0.7686795076677219,0.9660818223692476,0.9483550235901334,-0.6995614035087719,-0.1601123595505618,1
1776592618.997039,1468,1776592618.997039,1776592618.947062,1776592618.447457,1776592618.895232,0.8977870964997331,-0.13641562010591496,-0.5756640494932856,0.8740157480314961,0.857142857142857,0.0,-0.008333662283502415,-0.55867941052339,0.976350707374919,-0.5135953374455733,-0.4440409733889763,-0.7686795076677219,0.9660818223692476,0.9483550235901334,-0.6995614035087719,-0.1601123595505618,1
1776592619.047035,1469,1776592619.047035,1776592619.047082,1776592619.047502,1776592619.043838,0.8964574577644167,-0.13112414066800662,-0.5760654937694566,0.889763779527559,0.9142857142857143,0.0,0.030555213705379846,-0.14180895864650514,0.8411824458848324,0.03625045355587808,0.03609560457427782,-0.7599784105227573,0.9661236966626188,0.9473892530318863,-0.6984004127966976,-0.15930979133226322,1
1776592619.097035,1470,1776592619.097035,1776592619.047082,1776592619.047502,1776592619.043838,0.8950928110437343,-0.12497492948250186,-0.576508345000698,0.9448818897637795,0.9142857142857143,0.0,0.030555213705379846,-0.14180895864650514,0.8411824458848324,0.03625045355587808,0.03609560457427782,-0.7599784105227573,0.9661236966626188,0.9473892530318863,-0.6984004127966976,-0.15930979133226322,1
1776592619.147022,1471,1776592619.147022,1776592619.097118,1776592619.047502,1776592619.043838,0.8937483271500664,-0.11915430210080269,-0.5769205404872136,0.9055118110236221,0.9571428571428571,0.0,0.347222770472504,0.39364251458516214,0.8064219787137791,-0.6374614477503627,-0.3140751178797897,-0.8009215864040076,0.9661236966626188,0.9473892530318863,-0.6984004127966976,-0.15930979133226322,1
1776592619.197043,1472,1776592619.197043,1776592619.14707,1776592619.047502,1776592619.192821,0.8924669905717734,-0.11207908201366397,-0.5773803766581005,0.9448818897637795,0.8285714285714285,0.0,0.3499998838999403,-0.9180921412315814,0.7598369504411928,0.4924482946298984,0.5126280418405507,-0.7968265005070839,0.9661236966626188,0.9464234824736392,-0.7014963880288957,-0.15730337078651685,1
1776592619.247029,1473,1776592619.247029,1776592619.197093,1776592619.047502,1776592619.192821,0.8912643111757896,-0.10561622265179932,-0.5777836555444771,0.8661417322834646,0.8285714285714285,0.0,-0.3361119947615653,0.22249359520030904,0.8410805335197522,-0.10573521407837445,-0.1299658555091865,-0.8270210362949076,0.9661236966626188,0.9464234824736392,-0.7014963880288957,-0.15730337078651685,1
1776592619.296965,1474,1776592619.296965,1776592619.297014,1776592619.047502,1776592619.192821,0.8900873338450112,-0.09848339371594143,-0.578218083350366,0.889763779527559,0.7857142857142857,0.0,0.27499924534961206,0.22004919458430372,0.9758409751275032,-0.6948589441219158,-0.7509078098748035,-0.8372568302652202,0.9661236966626188,0.9464234824736392,-0.7014963880288957,-0.15730337078651685,1
1776592619.346958,1475,1776592619.346958,1776592619.297014,1776592619.047502,1776592619.341165,0.8890282315029328,-0.09150418837666799,-0.5786313046404374,0.8267716535433071,0.7,0.0,0.27499924534961206,0.22004919458430372,0.9758409751275032,-0.6948589441219158,-0.7509078098748035,-0.8372568302652202,0.9661236966626188,0.9456635318704284,-0.7030443756449949,-0.15971107544141253,1
1776592619.396991,1476,1776592619.396991,1776592619.397035,1776592619.047502,1776592619.341165,0.8879906214050345,-0.0837782016651091,-0.5790734851539693,0.8582677165354331,0.657142857142857,0.0,0.29444368334405324,-0.04767705298483593,0.8692150779514558,0.024174528301886794,-0.1335699962061677,-0.8229278711699807,0.9661236966626188,0.9456635318704284,-0.7030443756449949,-0.15971107544141253,1
1776592619.446962,1477,1776592619.446962,1776592619.397035,1776592619.047502,1776592619.341165,0.8870267939598373,-0.07568309158953483,-0.5795200253326134,0.8503937007874015,0.5857142857142856,0.0,0.29444368334405324,-0.04767705298483593,0.8692150779514558,0.024174528301886794,-0.1335699962061677,-0.8229278711699807,0.9661236966626188,0.9456635318704284,-0.7030443756449949,-0.15971107544141253,1
1776592619.497017,1478,1776592619.497017,1776592619.447008,1776592619.047502,1776592619.489485,0.8861152569231614,-0.06731487289781043,-0.5799713197161989,0.84251968503937,0.5428571428571428,0.0,0.14722184167202662,0.13447473489187717,0.8377165733620335,-0.04833771770682148,-0.12634816541108884,-0.8009215864040076,0.9661236966626188,0.9448402520502834,-0.7022703818369453,-0.1581059390048154,1
1776592619.547006,1479,1776592619.547006,1776592619.497064,1776592619.047502,1776592619.489485,0.8852205591705854,-0.05842604090654992,-0.5804446688762344,0.8661417322834646,0.5285714285714285,0.0,0.04166598941631856,-0.029339960738347968,0.9320081771891325,-0.1873072387518142,-0.22021841634599754,-0.9073688496880666,0.9661236966626188,0.9448402520502834,-0.7022703818369453,-0.1581059390048154,1
1776592619.596992,1480,1776592619.596992,1776592619.597035,1776592619.047502,1776592619.489485,0.8843697321844806,-0.049008060971498554,-0.5809426373216096,0.8818897637795275,0.4857142857142857,0.0,0.2027780422279137,-0.11858204326139453,0.8370030163844577,-0.07854453918722785,0.14801365779632542,-0.9124877070592213,0.9661236966626188,0.9448402520502834,-0.7022703818369453,-0.1581059390048154,1
1776592619.646949,1481,1776592619.646949,1776592619.597035,1776592619.647375,1776592619.638183,0.8834863344778138,-0.039163348823712654,-0.5814412962116857,0.9133858267716536,0.5428571428571428,0.0,0.2027780422279137,-0.11858204326139453,0.8370030163844577,-0.07854453918722785,0.14801365779632542,-0.9124877070592213,0.9661655709559901,0.9440961337513061,-0.7038183694530443,-0.16853932584269662,1
1776592619.696939,1482,1776592619.696939,1776592619.646996,1776592619.647375,1776592619.638183,0.8826986548070839,-0.029066864670413375,-0.581953132732056,0.8976377952755906,0.45714285714285713,0.0,0.46111228501171453,0.21026852640044638,0.8273191262156522,-0.38972922714078373,-0.09385670153379222,-0.9462644826208549,0.9661655709559901,0.9440961337513061,-0.7038183694530443,-0.16853932584269662,1
1776592619.74698,1483,1776592619.74698,1776592619.696986,1776592619.647375,1776592619.638183,0.8818427317218434,-0.01875274708861948,-0.5824605306793481,0.9212598425196851,0.5714285714285714,0.0,-0.008333662283502415,-0.36063595292280626,0.7492354229316285,0.8217525399129172,0.7653379220638449,-0.8868991825194382,0.9661655709559901,0.9440961337513061,-0.7038183694530443,-0.16853932584269662,1
1776592619.796963,1484,1776592619.796963,1776592619.747025,1776592619.647375,1776592619.78728,0.8808334825234818,-0.008709604461912017,-0.582916066366097,0.9291338582677164,0.8142857142857143,0.0,-0.13055451710502178,0.13691913550788248,0.845361875385207,-0.23867244194484757,-0.021665492385236573,-0.9227215802575371,0.9661655709559901,0.9431936924099933,-0.706140350877193,-0.18418940609951848,1
1776592619.846977,1485,1776592619.846977,1776592619.847025,1776592619.647375,1776592619.78728,0.8799106454408967,0.0014103499630876636,-0.5833669464828619,0.9055118110236221,0.7428571428571428,0.0,0.45555573615564837,0.1674812965542331,0.8273191262156522,-0.6495487119013063,-0.4368191425938973,-0.8567046467316144,0.9661655709559901,0.9431936924099933,-0.706140350877193,-0.18418940609951848,1
1776592619.896947,1486,1776592619.896947,1776592619.847025,1776592619.647375,1776592619.78728,0.8789333022545143,0.011284933365764983,-0.5837878612996019,0.889763779527559,0.857142857142857,0.0,0.45555573615564837,0.1674812965542331,0.8273191262156522,-0.6495487119013063,-0.4368191425938973,-0.8567046467316144,0.9661655709559901,0.9431936924099933,-0.706140350877193,-0.18418940609951848,1
1776592619.94696,1487,1776592619.94696,1776592619.896993,1776592619.647375,1776592619.935388,0.8780875713675448,0.021530773793521352,-0.5842367884442126,0.8818897637795275,0.7142857142857143,0.0,-0.255554807355171,-0.47555037335358075,0.8450560530789591,0.5589055696661829,0.3140751178797897,-0.7497445373244415,0.9661655709559901,0.9421804249390455,-0.7098813209494325,-0.19743178170144463,1
1776592619.996936,1488,1776592619.996936,1776592619.947006,1776592619.647375,1776592619.935388,0.8772832739822425,0.03220761375613961,-0.5846991693969974,0.8976377952755906,0.6857142857142856,0.0,0.46111228501171453,-0.1748165422154731,0.8543322937874442,-0.08761565674891146,-0.350184271855184,-0.8300923507176005,0.9661655709559901,0.9421804249390455,-0.7098813209494325,-0.19743178170144463,1
1776592620.046935,1489,1776592620.046935,1776592619.996981,1776592619.647375,1776592619.935388,0.8766320811405336,0.04190723695159576,-0.5851134362176161,0.7952755905511811,0.557142857142857,0.0,0.16666627966646771,-0.0709049902765586,0.8297655342436198,-0.17824746008708273,-0.14079182700124654,-0.8045038261778175,0.9661655709559901,0.9421804249390455,-0.7098813209494325,-0.19743178170144463,1
1776592620.096914,1490,1776592620.096914,1776592620.046981,1776592619.647375,1776592620.084719,0.8759288194598313,0.05203359235978646,-0.5855315103475862,0.8267716535433071,0.6428571428571428,0.0,0.30277734562755565,-0.3875304911385368,0.9752294157260153,-0.7613275580551523,-0.6570375589398949,-0.873592074126433,0.9661655709559901,0.9410721636426965,-0.711171310629515,-0.20104333868378813,1
1776592620.146987,1491,1776592620.146987,1776592620.096962,1776592619.647375,1776592620.084719,0.8753086463519907,0.0626336205241125,-0.585982903366129,0.84251968503937,0.557142857142857,0.0,-0.39999953559976126,0.2652808250465223,0.8394495096234329,0.04229408563134978,0.2779795133055119,-0.8316270475429485,0.9661655709559901,0.9410721636426965,-0.711171310629515,-0.20104333868378813,1
1776592620.197124,1492,1776592620.197124,1776592620.197172,1776592619.647375,1776592620.084719,0.8747620343273237,0.07388228165179504,-0.5864744999932633,0.8740157480314961,0.4857142857142857,0.0,0.13055451710502178,0.06356974461531859,0.825382280013085,-0.30815720246734396,-0.07220475854967212,-0.8884338793447863,0.9661655709559901,0.9410721636426965,-0.711171310629515,-0.20104333868378813,1
1776592620.246943,1493,1776592620.246943,1776592620.24699,1776592620.247443,1776592620.233108,0.8742936363459108,0.08416652797869753,-0.5869196790094967,0.7952755905511811,0.44285714285714284,0.0,0.05555620055588708,-0.5305616500930446,0.97961266995655,-0.48036103047895495,-0.1913310931656821,-0.8730811487753157,0.9662911938361041,0.9401380576929167,-0.7120743034055728,-0.21669341894060995,1
1776592620.296883,1494,1776592620.296883,1776592620.24699,1776592620.247443,1776592620.233108,0.8738121657623675,0.09486470455195252,-0.5873669885408077,0.8188976377952756,0.4857142857142857,0.0,0.05555620055588708,-0.5305616500930446,0.97961266995655,-0.48036103047895495,-0.1913310931656821,-0.8730811487753157,0.9662911938361041,0.9401380576929167,-0.7120743034055728,-0.21669341894060995,1
1776592620.34689,1495,1776592620.34689,1776592620.346938,1776592620.247443,1776592620.233108,0.8732077240909888,0.10611336567963506,-0.5878010415338588,0.8582677165354331,0.6714285714285714,0.0,0.03611176256144596,0.08557445969242655,0.8747197090419019,-0.11177884615384615,0.10107853232887107,-0.8121792310765543,0.9662911938361041,0.9401380576929167,-0.7120743034055728,-0.21669341894060995,1
1776592620.396859,1496,1776592620.396859,1776592620.396899,1776592620.247443,1776592620.381246,0.8725715979771588,0.11798505583791004,-0.5882534998099404,0.8976377952755906,0.7428571428571428,0.0,0.23055614250585726,0.43642974443137544,0.8050968623347151,-0.5619330551523947,-0.35740610265026285,-0.7712379759673008,0.9662911938361041,0.9392514486558373,-0.7115583075335397,-0.23113964686998395,1
1776592620.446849,1497,1776592620.446849,1776592620.446884,1776592620.247443,1776592620.381246,0.871821141987071,0.12943214744451415,-0.5886390835849791,0.8582677165354331,0.9285714285714285,0.0,0.008333662283502415,-0.9718822395696547,0.8515799782422213,0.11782247822931784,0.23104438783805759,-0.7502554626755585,0.9662911938361041,0.9392514486558373,-0.7115583075335397,-0.23113964686998395,1
1776592620.496878,1498,1776592620.496878,1776592620.446884,1776592620.247443,1776592620.381246,0.8712379709903448,0.14092617959451906,-0.5890535476755123,0.8503937007874015,0.7428571428571428,0.0,0.008333662283502415,-0.9718822395696547,0.8515799782422213,0.11782247822931784,0.23104438783805759,-0.7502554626755585,0.9662911938361041,0.9392514486558373,-0.7115583075335397,-0.23113964686998395,1
1776592620.546918,1499,1776592620.546918,1776592620.546962,1776592620.247443,1776592620.529735,0.8706014017374596,0.15190386576711515,-0.5894155379687673,0.8031496062992125,0.8428571428571427,0.0,-0.013887889138375017,-0.20660090356982636,0.8033639260733157,0.1903347242380261,-0.025269633082217767,-0.7123836012170012,0.9662911938361041,0.9382856780975903,-0.7098813209494325,-0.24558587479935792,1
1776592620.596872,1500,1776592620.596872,1776592620.546962,1776592620.247443,1776592620.529735,0.8699998404699401,0.16373074904305301,-0.5898139442882538,0.8582677165354331,0.8285714285714285,0.0,-0.013887889138375017,-0.20660090356982636,0.8033639260733157,0.1903347242380261,-0.025269633082217767,-0.7123836012170012,0.9662911938361041,0.9382856780975903,-0.7098813209494325,-0.24558587479935792,1
1776592620.646898,1501,1776592620.646898,1776592620.646936,1776592620.247443,1776592620.529735,0.8693976144938377,0.17516077136114774,-0.590188993849854,0.8188976377952756,0.857142857142857,0.0,0.361110659610879,-0.9474321019699294,0.8438328490649754,0.1540729317851959,0.15523548859140426,-0.7226193951873138,0.9662911938361041,0.9382856780975903,-0.7098813209494325,-0.24558587479935792,1
1776592620.696868,1502,1776592620.696868,1776592620.646936,1776592620.247443,1776592620.679194,0.8689409596973892,0.1867038777156171,-0.5906030042195838,0.8267716535433071,0.7,0.0,0.361110659610879,-0.9474321019699294,0.8438328490649754,0.1540729317851959,0.15523548859140426,-0.7226193951873138,0.9662911938361041,0.9375732244070801,-0.7133642930856554,-0.26163723916532905,1
1776592620.746977,1503,1776592620.746977,1776592620.747025,1776592620.247443,1776592620.679194,0.8684209360160381,0.19855849858538274,-0.5909954332606585,0.8346456692913385,0.8142857142857143,0.0,0.09444507654476934,-0.09657732818428655,0.8036696631685559,0.2054381349782293,0.04331743536935668,-0.7175024585881559,0.9662911938361041,0.9375732244070801,-0.7133642930856554,-0.26163723916532905,1
1776592620.796875,1504,1776592620.796875,1776592620.747025,1776592620.247443,1776592620.679194,0.8679680479015592,0.21105748509637748,-0.5914236667912295,0.8818897637795275,0.7714285714285714,0.0,0.09444507654476934,-0.09657732818428655,0.8036696631685559,0.2054381349782293,0.04331743536935668,-0.7175024585881559,0.9662911938361041,0.9375732244070801,-0.7133642930856554,-0.26163723916532905,1
1776592620.846829,1505,1776592620.846829,1776592620.796912,1776592620.847379,1776592620.82737,0.8674684086167502,0.22311053644506462,-0.5917990122577015,0.8346456692913385,0.857142857142857,0.0,0.3638900950395088,0.2493891553226517,0.8145769277733604,-0.6646521226415094,-0.4981979296515095,-0.7896620209594641,0.9663330681294754,0.9368924353250372,-0.7142672858617131,-0.2897271268057785,1
1776592620.896899,1506,1776592620.896899,1776592620.846881,1776592620.847379,1776592620.82737,0.8670616069640188,0.23615787384942327,-0.5922435797371998,0.9055118110236221,0.7857142857142857,0.0,0.5472213772717879,-0.6161371316920833,0.7551477886934025,0.48942080914368646,0.4945802395534118,-0.7553723992747164,0.9663330681294754,0.9368924353250372,-0.7142672858617131,-0.2897271268057785,1
1776592620.946855,1507,1776592620.946855,1776592620.896948,1776592620.847379,1776592620.82737,0.8666071678628466,0.24863339008871763,-0.5926387705570786,0.8503937007874015,0.8714285714285713,0.0,-0.10833296568314436,0.13936455803049982,0.8332314067664185,-0.06948476052249636,-0.2635358517153542,-0.7927333353821568,0.9663330681294754,0.9368924353250372,-0.7142672858617131,-0.2897271268057785,1
1776592620.996836,1508,1776592620.996836,1776592620.946902,1776592620.847379,1776592620.976177,0.8662025819053916,0.2623506970670695,-0.5930893744959631,0.9370078740157479,0.8714285714285713,0.0,-0.14444472824459031,0.12958388984664249,0.7926605714096789,0.13292588896952104,0.2057747547558398,-0.7354136574572052,0.9663330681294754,0.9363699692853298,-0.7128482972136223,-0.31701444622792935,1
1776592621.046814,1509,1776592621.046814,1776592621.04685,1776592620.847379,1776592620.976177,0.8658230333045589,0.27485821822231893,-0.5934758657126089,0.84251968503937,0.8428571428571427,0.0,0.3250012190506266,-0.474327151138966,0.7452599885834291,0.7401805152394775,0.5848328003902228,-0.7180133839392729,0.9663330681294754,0.9363699692853298,-0.7128482972136223,-0.31701444622792935,1
1776592621.09689,1510,1776592621.09689,1776592621.04685,1776592620.847379,1776592620.976177,0.8655788636851088,0.28774979836902953,-0.5939184013119869,0.8818897637795275,0.7142857142857143,0.0,0.3250012190506266,-0.474327151138966,0.7452599885834291,0.7401805152394775,0.5848328003902228,-0.7180133839392729,0.9663330681294754,0.9363699692853298,-0.7128482972136223,-0.31701444622792935,1
1776592621.146862,1511,1776592621.146862,1776592621.14691,1776592620.847379,1776592621.125395,0.8653998355067827,0.30068405173701346,-0.5943777640350788,0.889763779527559,0.6714285714285714,0.0,0.21388881793885242,0.02689453821573062,0.8285422450186284,0.060424981857764876,-0.07580889924665331,-0.8004087402808938,0.9663330681294754,0.9359741616794909,-0.7106553147574819,-0.3378812199036918,1
1776592621.19695,1512,1776592621.19695,1776592621.197005,1776592620.847379,1776592621.125395,0.8652990213717103,0.3133302608614017,-0.5948441101131468,0.8740157480314961,0.6,0.0,0.5194455989950378,0.11858204326139453,0.9952090110981372,-0.6797555333817126,-0.5920546311853017,-0.9083926211622976,0.9663330681294754,0.9359741616794909,-0.7106553147574819,-0.3378812199036918,1
1776592621.247426,1513,1776592621.247426,1776592621.24824,1776592620.847379,1776592621.125395,0.8652509407842143,0.32534703997200637,-0.5952911829205602,0.8267716535433071,0.5428571428571428,0.0,-0.09444507654476934,0.18948601163134107,0.8565749622962594,0.6253741835994194,0.2779795133055119,-0.7804499984633824,0.9663330681294754,0.9359741616794909,-0.7106553147574819,-0.3378812199036918,1
1776592621.296822,1514,1776592621.296822,1776592621.296869,1776592620.847379,1776592621.273496,0.8652489466584656,0.3372806063011278,-0.5957404059700425,0.84251968503937,0.5285714285714285,0.0,0.22222248022235483,-0.16992671907685045,0.8755351783845579,0.02114704281567489,-0.0036041406969811937,-0.8679622914041613,0.9663330681294754,0.9354200310313162,-0.7047213622291022,-0.36597110754414125,1
1776592621.346828,1515,1776592621.346828,1776592621.296869,1776592620.847379,1776592621.273496,0.8652919311468261,0.3500953746495462,-0.5962346262870407,0.8976377952755906,0.5428571428571428,0.0,0.22222248022235483,-0.16992671907685045,0.8755351783845579,0.02114704281567489,-0.0036041406969811937,-0.8679622914041613,0.9663330681294754,0.9354200310313162,-0.7047213622291022,-0.36597110754414125,1
1776592621.396792,1516,1776592621.396792,1776592621.346877,1776592620.847379,1776592621.273496,0.8653663785081103,0.36197346579101214,-0.5966969086048683,0.8346456692913385,0.5,0.0,0.02222155142187743,0.248165933108037,0.8413863558260001,-0.12084996371552975,0.054156956262533196,-0.8377677556163373,0.9663330681294754,0.9354200310313162,-0.7047213622291022,-0.36597110754414125,1
1776592621.446837,1517,1776592621.446837,1776592621.396873,1776592621.447691,1776592621.421734,0.8654144590956063,0.3747754321730485,-0.5971648525692443,0.8818897637795275,0.6142857142857142,0.0,0.844444496044471,-0.058679921476695936,0.8538226467510364,0.22054154571843249,0.3465665817570864,-0.8909923476443653,0.9663749424228466,0.934929229600076,-0.6947884416924665,-0.3972712680577849,1
1776592621.496807,1518,1776592621.496807,1776592621.496856,1776592621.447691,1776592621.421734,0.8655671205001444,0.3865212363285668,-0.5976291273132093,0.8346456692913385,0.4714285714285714,0.0,-0.07500063855032822,-0.012225068799862656,0.7993884065141088,0.11782247822931784,0.169679150181562,-0.8285557331202558,0.9663749424228466,0.934929229600076,-0.6947884416924665,-0.3972712680577849,1
1776592621.546833,1519,1776592621.546833,1776592621.546877,1776592621.447691,1776592621.421734,0.8656621738274983,0.3997093953631278,-0.5980968937346621,0.9055118110236221,0.657142857142857,0.0,0.3444456570450677,0.11491442043077452,0.8225280521027818,-0.516611484034833,-0.3754539049374018,-0.8408390700390301,0.9663749424228466,0.934929229600076,-0.6947884416924665,-0.3972712680577849,1
1776592621.59678,1520,1776592621.59678,1776592621.546877,1776592621.447691,1776592621.570596,0.8656258364249668,0.4125817725602653,-0.5984870936257022,0.8346456692913385,0.8285714285714285,0.0,0.3444456570450677,0.11491442043077452,0.8225280521027818,-0.516611484034833,-0.3754539049374018,-0.8408390700390301,0.9663749424228466,0.9344700927773029,-0.6857585139318885,-0.42054574638844305,1
1776592621.647146,1521,1776592621.647146,1776592621.647201,1776592621.447691,1776592621.570596,0.8657953371136049,0.42537093697591954,-0.5989590618963356,0.8818897637795275,0.6142857142857142,0.0,-0.45277862272821207,-0.004889823138622654,0.804994949969635,-0.012087264150943397,0.08303073004173216,-0.8126920771996682,0.9663749424228466,0.9344700927773029,-0.6857585139318885,-0.42054574638844305,1
1776592621.696807,1522,1776592621.696807,1776592621.647201,1776592621.447691,1776592621.570596,0.865918529770968,0.43773977016203025,-0.5993803317989219,0.84251968503937,0.6857142857142856,0.0,-0.45277862272821207,-0.004889823138622654,0.804994949969635,-0.012087264150943397,0.08303073004173216,-0.8126920771996682,0.9663749424228466,0.9344700927773029,-0.6857585139318885,-0.42054574638844305,1
1776592621.746795,1523,1776592621.746795,1776592621.696858,1776592621.447691,1776592621.719852,0.86617466414491,0.44956025245477704,-0.5998378599118082,0.84251968503937,0.5285714285714285,0.0,-0.09722218997220564,-0.16259147341561045,0.8234455190215254,0.09063180333817125,0.14079182700124654,-0.740019668705246,0.9663749424228466,0.9340426205629968,-0.6798245614035088,-0.449438202247191,1
1776592621.796799,1524,1776592621.796799,1776592621.746843,1776592621.447691,1776592621.719852,0.866323115728423,0.46164530871941933,-0.6002373512158248,0.811023622047244,0.7,0.0,0.3694443218943814,0.046454852676833275,0.8118246122281374,-0.5045242198838896,-0.3429624410601052,-0.8106445342512063,0.9663749424228466,0.9340426205629968,-0.6798245614035088,-0.449438202247191,1
1776592621.847964,1525,1776592621.847964,1776592621.79685,1776592621.447691,1776592621.719852,0.8665544343152703,0.4741656318410508,-0.6006794528213908,0.84251968503937,0.657142857142857,0.0,-0.23611036936072982,-0.788508251384939,0.8995922908919743,0.7945618650217706,0.7328464581865483,-0.7175024585881559,0.9663749424228466,0.9340426205629968,-0.6798245614035088,-0.449438202247191,1
1776592621.896805,1526,1776592621.896805,1776592621.896855,1776592621.447691,1776592621.869021,0.8668912199972703,0.4850963774702461,-0.6011216727889056,0.8188976377952756,0.4857142857142857,0.0,0.01944443799444113,-0.27506149323037965,0.8360856346767218,0.2235690312046444,0.4512628041840551,-0.7533267770982514,0.9663749424228466,0.9337576390867927,-0.6728586171310629,-0.47191011235955055,1
1776592621.94683,1527,1776592621.94683,1776592621.896855,1776592621.447691,1776592621.869021,0.8673126452388253,0.4965221324662135,-0.6016111586279539,0.8582677165354331,0.45714285714285713,0.0,0.01944443799444113,-0.27506149323037965,0.8360856346767218,0.2235690312046444,0.4512628041840551,-0.7533267770982514,0.9663749424228466,0.9337576390867927,-0.6728586171310629,-0.47191011235955055,1
1776592621.996896,1528,1776592621.996896,1776592621.996952,1776592621.447691,1776592621.869021,0.8677101409713962,0.507171234835004,-0.6020535561383917,0.7952755905511811,0.45714285714285713,0.0,-0.05277676512725727,-0.5550117876927699,0.9009174924820458,0.7371530297532656,0.46208877567611517,-0.7246669381357755,0.9663749424228466,0.9337576390867927,-0.6728586171310629,-0.47191011235955055,1
1776592622.046801,1529,1776592622.046801,1776592622.046856,1776592622.047699,1776592622.017522,0.8680323030645724,0.5187314104779828,-0.6024651203611807,0.811023622047244,0.6428571428571428,0.0,0.18888783108834517,0.2273834183389317,0.8321100299065073,-0.045321571117561674,-0.27436182320741426,-0.7482079197270968,0.9664586910095891,0.9336151483486905,-0.6697626418988648,-0.49197431781701445,1
1776592622.096787,1530,1776592622.096787,1776592622.096833,1776592622.047699,1776592622.017522,0.8682638432209473,0.5308975458630446,-0.6028220802716139,0.7952755905511811,0.8142857142857143,0.0,-0.05833331398332338,-0.244498310277417,0.8104994958490735,0.1601165638606676,0.025269633082217767,-0.6509726789391193,0.9664586910095891,0.9336151483486905,-0.6697626418988648,-0.49197431781701445,1
1776592622.146722,1531,1776592622.146722,1776592622.096833,1776592622.047699,1776592622.017522,0.8685673934738025,0.5437251161778449,-0.6032249843451528,0.8582677165354331,0.8285714285714285,0.0,-0.05833331398332338,-0.244498310277417,0.8104994958490735,0.1601165638606676,0.025269633082217767,-0.6509726789391193,0.9664586910095891,0.9336151483486905,-0.6697626418988648,-0.49197431781701445,1
1776592622.197271,1532,1776592622.197271,1776592622.146773,1776592622.047699,1776592622.166604,0.86885388287303,0.5567724535822035,-0.6036108837520548,0.84251968503937,0.8857142857142857,0.0,0.46111228501171453,0.29217638516886496,0.811926609804225,-0.4320233127721335,-0.3104709771828085,-0.6975437167706444,0.9664586910095891,0.9334726576105886,-0.6655056759545924,-0.5060192616372391,1
1776592622.247266,1533,1776592622.247266,1776592622.247365,1776592622.047699,1776592622.166604,0.8692746434060021,0.5692074302612882,-0.6040448578371401,0.8740157480314961,0.7428571428571428,0.0,-0.05833331398332338,0.13814133581588514,0.7982670296541975,0.015103410740203193,0.1660614600834643,-0.7691904330188389,0.9664586910095891,0.9334726576105886,-0.6655056759545924,-0.5060192616372391,1
1776592622.296819,1534,1776592622.296819,1776592622.296869,1776592622.047699,1776592622.166604,0.8696725822776283,0.581732020705047,-0.604453443284219,0.8661417322834646,0.8142857142857143,0.0,0.03333232713281614,-0.22982884086154903,0.8279306856171402,0.10876269956458634,0.007221830795078859,-0.7451385260764006,0.9664586910095891,0.9334726576105886,-0.6655056759545924,-0.5060192616372391,1
1776592622.346712,1535,1776592622.346712,1776592622.346763,1776592622.047699,1776592622.315915,0.8701239194054137,0.594333422947098,-0.6048697814389409,0.8818897637795275,0.7999999999999999,0.0,0.27499924534961206,0.24083068744679698,0.802344546789492,-0.5770364658925979,-0.49097609885643057,-0.7876144780110023,0.9664586910095891,0.93356765143599,-0.6636996904024767,-0.5240770465489566,1
1776592622.396774,1536,1776592622.396774,1776592622.396818,1776592622.047699,1776592622.315915,0.8705185347341253,0.6069838993936135,-0.605249999472303,0.84251968503937,0.8857142857142857,0.0,0.37222143532181773,-0.8312954812311522,0.788685051850472,0.7009025761973875,0.5018020703484906,-0.6980546421217616,0.9664586910095891,0.93356765143599,-0.6636996904024767,-0.5240770465489566,1
1776592622.446707,1537,1776592622.446707,1776592622.396818,1776592622.047699,1776592622.315915,0.871031025051537,0.6194807522435447,-0.6056834014746361,0.889763779527559,0.7999999999999999,0.0,0.37222143532181773,-0.8312954812311522,0.788685051850472,0.7009025761973875,0.5018020703484906,-0.6980546421217616,0.9664586910095891,0.93356765143599,-0.6636996904024767,-0.5240770465489566,1
1776592622.496797,1538,1776592622.496797,1776592622.44676,1776592622.047699,1776592622.464482,0.8715182564427987,0.6318687883792283,-0.6060885346982097,0.8582677165354331,0.8428571428571427,0.0,-0.27499924534961206,0.18337398818471576,0.8145769277733604,-0.04833771770682148,-0.15883962928838546,-0.76663196471926,0.9664586910095891,0.9335043222190558,-0.6629256965944272,-0.526083467094703,1
1776592622.546828,1539,1776592622.546828,1776592622.546865,1776592622.047699,1776592622.464482,0.8721304530476446,0.643827958641114,-0.6065386060083248,0.8976377952755906,0.7285714285714284,0.0,0.4916674987170943,-0.11613662073877717,0.8469928140705187,-0.7583000725689405,-0.7003549943092515,-0.818832785273057,0.9664586910095891,0.9335043222190558,-0.6629256965944272,-0.526083467094703,1
1776592622.596791,1540,1776592622.596791,1776592622.546865,1776592622.047699,1776592622.464482,0.8727275829246114,0.6540844673741888,-0.6069515708475073,0.8031496062992125,0.6,0.0,0.4916674987170943,-0.11613662073877717,0.8469928140705187,-0.7583000725689405,-0.7003549943092515,-0.818832785273057,0.9664586910095891,0.9335043222190558,-0.6629256965944272,-0.526083467094703,1
1776592622.646788,1541,1776592622.646788,1776592622.646832,1776592622.647582,1776592622.613355,0.8734177720031835,0.6647421043872339,-0.6074092173223422,0.8661417322834646,0.6,0.0,0.5111119367115354,-0.2041565029538211,0.8573904316389153,-0.04229408563134978,-0.4873584087583329,-0.8495382464119979,0.966584313889703,0.9332193407428517,-0.662796697626419,-0.5172552166934189,1
1776592622.696725,1542,1776592622.696725,1776592622.646832,1776592622.647582,1776592622.613355,0.8741562632387793,0.674736172809477,-0.6078820930345827,0.8582677165354331,0.5285714285714285,0.0,0.5111119367115354,-0.2041565029538211,0.8573904316389153,-0.04229408563134978,-0.4873584087583329,-0.8495382464119979,0.966584313889703,0.9332193407428517,-0.662796697626419,-0.5172552166934189,1
1776592622.746659,1543,1776592622.746659,1776592622.696763,1776592622.647582,1776592622.613355,0.8749556860944736,0.6847963847246937,-0.6083716577815969,0.889763779527559,0.5285714285714285,0.0,-0.141667614817154,0.13814133581588514,0.8080530026100984,-0.12386611030478954,-0.7472901197767059,-0.8382806017394512,0.966584313889703,0.9332193407428517,-0.662796697626419,-0.5172552166934189,1
1776592622.796722,1544,1776592622.796722,1776592622.796771,1776592622.647582,1776592622.762378,0.8757269696201588,0.6943381170014381,-0.6088269370174568,0.84251968503937,0.5285714285714285,0.0,0.10277873882827175,-0.1503664046157478,0.7711519497173253,0.229601324383164,0.5198498726356295,-0.8577264974338487,0.966584313889703,0.9328868623539469,-0.6631836945304438,-0.5096308186195827,1
1776592622.84671,1545,1776592622.84671,1776592622.796771,1776592622.647582,1776592622.762378,0.8765554180839731,0.7041550915553962,-0.6093051981983655,0.8818897637795275,0.557142857142857,0.0,0.10277873882827175,-0.1503664046157478,0.7711519497173253,0.229601324383164,0.5198498726356295,-0.8577264974338487,0.966584313889703,0.9328868623539469,-0.6631836945304438,-0.5096308186195827,1
1776592622.896848,1546,1776592622.896848,1776592622.896889,1776592622.647582,1776592622.762378,0.8774060235005503,0.7145204170027183,-0.6097878584983693,0.9055118110236221,0.6428571428571428,0.0,0.2000009288004774,0.2860633398156276,0.8101936735428257,-0.5135953374455733,-0.23826621863313643,-0.9319336027536187,0.966584313889703,0.9328868623539469,-0.6631836945304438,-0.5096308186195827,1
1776592622.946708,1547,1776592622.946708,1776592622.896889,1776592622.647582,1776592622.911357,0.8782958467235183,0.7238701197837322,-0.6102727479484077,0.889763779527559,0.5428571428571428,0.0,0.2000009288004774,0.2860633398156276,0.8101936735428257,-0.5135953374455733,-0.23826621863313643,-0.9319336027536187,0.966584313889703,0.932491054748108,-0.6609907120743034,-0.5028089887640449,1
1776592622.996642,1548,1776592622.996642,1776592622.946749,1776592622.647582,1776592622.911357,0.8791497756830102,0.733917529732567,-0.6107199785717529,0.8818897637795275,0.6857142857142856,0.0,-0.12222317682271289,-0.45232243606185807,0.9375128082795786,-0.14199700653120462,-0.09025256083681102,-0.9344920710531978,0.966584313889703,0.932491054748108,-0.6609907120743034,-0.5028089887640449,1
1776592623.046708,1549,1776592623.046708,1776592623.046754,1776592622.647582,1776592622.911357,0.8799908536098993,0.7455225122578828,-0.6111417021951426,0.9133858267716536,0.9142857142857143,0.0,-0.11944374139408306,-0.15281182713836514,0.8088685571637617,0.08761565674891146,0.26715354181345186,-0.7574199422231783,0.966584313889703,0.932491054748108,-0.6609907120743034,-0.5028089887640449,1
1776592623.096722,1550,1776592623.096722,1776592623.096766,1776592622.647582,1776592623.06021,0.8809008396598819,0.756786109013011,-0.6115935883884719,0.9370078740157479,0.8714285714285713,0.0,0.4083331978832637,0.4205380747075048,0.8337411390138343,-0.767371190130624,-0.6064982927754594,-0.7973393466301976,0.966584313889703,0.9321427440549697,-0.6580237358101135,-0.49879614767255215,1
1776592623.146652,1551,1776592623.146652,1776592623.096766,1776592622.647582,1776592623.06021,0.8817786981283579,0.7682844084851433,-0.612005330154184,0.9133858267716536,0.9571428571428571,0.0,0.4083331978832637,0.4205380747075048,0.8337411390138343,-0.767371190130624,-0.6064982927754594,-0.7973393466301976,0.966584313889703,0.9321427440549697,-0.6580237358101135,-0.49879614767255215,1
1776592623.196876,1552,1776592623.196876,1776592623.146686,1776592622.647582,1776592623.06021,0.8827245784418167,0.7773844729217074,-0.6124560919090001,0.8740157480314961,0.657142857142857,0.0,0.6638903272396282,-0.7151588604923751,0.7266055095903711,0.7280932510885341,0.6570375589398949,-0.7415562863025909,0.966584313889703,0.9321427440549697,-0.6580237358101135,-0.49879614767255215,1
1776592623.246845,1553,1776592623.246845,1776592623.197094,1776592623.247661,1776592623.209311,0.8836897353041795,0.7870414228958902,-0.6129016654650628,0.8976377952755906,0.757142857142857,0.0,-0.4166668601667661,0.04400943015421593,0.8792048756375168,-0.018130896226415092,-0.22021841634599754,-0.8280448077691386,0.9665005653029605,0.9316994395364301,-0.6524767801857585,-0.49879614767255215,1
1776592623.29666,1554,1776592623.29666,1776592623.24689,1776592623.247661,1776592623.209311,0.8846017154799106,0.7962054971643645,-0.6133134466847577,0.84251968503937,0.757142857142857,0.0,0.008333662283502415,0.08312903716980921,0.828134595558308,0.012087264150943397,0.01804780228713891,-0.768166661544608,0.9665005653029605,0.9316994395364301,-0.6524767801857585,-0.49879614767255215,1
1776592623.346681,1555,1776592623.346681,1776592623.296702,1776592623.247661,1776592623.209311,0.8855444938199827,0.8043432804612122,-0.613739707516183,0.8267716535433071,0.6428571428571428,0.0,0.5361106015608492,0.10757917476953452,0.8114169627678172,-0.6616246371552975,-0.5126280418405507,-0.8556808752573835,0.9665005653029605,0.9316994395364301,-0.6524767801857585,-0.49879614767255215,1
1776592623.396943,1556,1776592623.396943,1776592623.346729,1776592623.247661,1776592623.358034,0.886509872251873,0.8123210391782846,-0.6141601094311452,0.8267716535433071,0.6428571428571428,0.0,-0.21944536679491852,0.38997489175454214,0.8488277479080059,0.5800526124818577,0.40432767871660075,-0.6796305971295983,0.9665005653029605,0.9312086381051898,-0.6502837977296182,-0.49157303370786515,1
1776592623.44669,1557,1776592623.44669,1776592623.446737,1776592623.247661,1776592623.358034,0.8874991801927478,0.8206167133938439,-0.6145791501836968,0.8503937007874015,0.7142857142857143,0.0,0.255554807355171,0.13691913550788248,0.8391437725281926,-0.11782247822931784,-0.06498292775459324,-0.7635606502965672,0.9665005653029605,0.9312086381051898,-0.6502837977296182,-0.49157303370786515,1
1776592623.496671,1558,1776592623.496671,1776592623.49672,1776592623.247661,1776592623.358034,0.8884789606439343,0.8286648829260174,-0.6149863547413735,0.8267716535433071,0.7142857142857143,0.0,0.6833347652340693,-0.042787229846213276,0.9015290518835338,-0.015103410740203193,-0.47292829656929164,-0.8495382464119979,0.9665005653029605,0.9312086381051898,-0.6502837977296182,-0.49157303370786515,1
1776592623.546613,1559,1776592623.546613,1776592623.546653,1776592623.247661,1776592623.507024,0.8895099236560037,0.8360430828841977,-0.6154227749733997,0.84251968503937,0.6428571428571428,0.0,0.191667266516975,0.1088023969841492,0.8510703312058132,0.17220382801161102,0.4187713403067585,-0.795802729032853,0.9665005653029605,0.9308286628035843,-0.6480908152734778,-0.4695024077046549,1
1776592623.596605,1560,1776592623.596605,1776592623.546653,1776592623.247661,1776592623.507024,0.8905922907984835,0.8427321103188117,-0.615882334966406,0.8582677165354331,0.5714285714285714,0.0,0.191667266516975,0.1088023969841492,0.8510703312058132,0.17220382801161102,0.4187713403067585,-0.795802729032853,0.9665005653029605,0.9308286628035843,-0.6480908152734778,-0.4695024077046549,1
1776592623.646595,1561,1776592623.646595,1776592623.596652,1776592623.247661,1776592623.507024,0.8917143188864093,0.8491138905602568,-0.6163478130568498,0.8740157480314961,0.557142857142857,0.0,0.4083331978832637,0.051344675815455924,0.851681975818309,0.04833771770682148,0.10830036312394993,-0.8193437106241741,0.9665005653029605,0.9308286628035843,-0.6480908152734778,-0.4695024077046549,1
1776592623.696697,1562,1776592623.696697,1776592623.646643,1776592623.247661,1776592623.656439,0.892773864367543,0.8553377798829901,-0.6167758098635233,0.8188976377952756,0.5857142857142856,0.0,0.15833261738296533,0.24694373280003434,0.8338429661679067,-0.2658631168359942,-0.050539266164435534,-0.8418628415132611,0.9665005653029605,0.9304803521104462,-0.6473168214654283,-0.43258426966292135,1
1776592623.746665,1563,1776592623.746665,1776592623.696741,1776592623.247661,1776592623.656439,0.8939087434880715,0.8629229449643465,-0.6172085608751383,0.8818897637795275,0.7857142857142857,0.0,0.42777763587770484,-0.27628369353838234,0.7744138270879488,0.5347423802612482,0.6750853612270338,-0.8096207627769754,0.9665005653029605,0.9304803521104462,-0.6473168214654283,-0.43258426966292135,1
1776592623.797154,1564,1776592623.797154,1776592623.746696,1776592623.247661,1776592623.656439,0.8950387480789923,0.8711716786365054,-0.6176069474676333,0.8661417322834646,0.8999999999999999,0.0,-0.1333339525336516,0.4168704518768848,0.8205912059002146,0.268879263425254,0.19494878326377976,-0.8137158486738991,0.9665005653029605,0.9304803521104462,-0.6473168214654283,-0.43258426966292135,1
1776592623.846589,1565,1776592623.846589,1776592623.846626,1776592623.847526,1776592623.805492,0.8962092998934693,0.8787611110399891,-0.6180204252085937,0.8976377952755906,0.857142857142857,0.0,0.5083325012829056,0.24083068744679698,0.8095821141413375,-0.3776419629898403,-0.40432767871660075,-0.7318314176833953,0.966584313889703,0.9300212152876729,-0.6479618163054696,-0.4044943820224719,1
1776592623.897799,1566,1776592623.897799,1776592623.897839,1776592623.847526,1776592623.805492,0.8973437358749425,0.8855312175950226,-0.6184204885953627,0.8267716535433071,0.757142857142857,0.0,-0.005556548856066112,-0.8361853043697749,0.7930683060810069,0.9667656930333817,0.5054197604465883,-0.6233366114508744,0.966584313889703,0.9300212152876729,-0.6479618163054696,-0.4044943820224719,1
1776592623.94674,1567,1776592623.94674,1776592623.946793,1776592623.847526,1776592623.805492,0.8985393250460421,0.8917444386124376,-0.6188617024863131,0.8976377952755906,0.7428571428571428,0.0,-0.141667614817154,0.059902121784698587,0.8163099492457675,0.04833771770682148,0.04331743536935668,-0.7441147546021698,0.966584313889703,0.9300212152876729,-0.6479618163054696,-0.4044943820224719,1
1776592623.9966,1568,1776592623.9966,1776592623.996664,1776592623.847526,1776592623.954592,0.8997344710780864,0.8987535152066024,-0.6192679206944169,0.8740157480314961,0.8714285714285713,0.0,0.16111205281159513,-0.4718827505229607,0.8283384202884682,0.2084542815674891,-0.021665492385236573,-0.7277382525584684,0.966584313889703,0.9296729045945347,-0.6478328173374612,-0.37239165329052965,1
1776592624.046609,1569,1776592624.046609,1776592624.046647,1776592623.847526,1776592623.954592,0.9010259998546504,0.9053507952154785,-0.6197158220354716,0.9291338582677164,0.8428571428571427,0.0,0.5222227124224741,0.2909531629542503,0.8152905699619439,-0.6978864296081276,-0.4187713403067585,-0.8085969913027444,0.966584313889703,0.9296729045945347,-0.6478328173374612,-0.37239165329052965,1
1776592624.09657,1570,1776592624.09657,1776592624.046647,1776592623.847526,1776592623.954592,0.9022096242712577,0.9118669961039348,-0.6200982100378942,0.84251968503937,0.8714285714285713,0.0,0.5222227124224741,0.2909531629542503,0.8152905699619439,-0.6978864296081276,-0.4187713403067585,-0.8085969913027444,0.966584313889703,0.9296729045945347,-0.6478328173374612,-0.37239165329052965,1
1776592624.146552,1571,1776592624.146552,1776592624.096618,1776592623.847526,1776592624.102193,0.9034510783345769,0.9182658456338894,-0.6204975435259792,0.8740157480314961,0.8857142857142857,0.0,0.39999953559976126,-0.7493886443693457,0.7672783425231984,0.4622301342525399,0.5884504904883205,-0.7221084698361966,0.966584313889703,0.9291346062505936,-0.6498968008255934,-0.34991974317817015,1
1776592624.196623,1572,1776592624.196623,1776592624.146592,1776592623.847526,1776592624.102193,0.9046743636966306,0.9243361113600382,-0.6208867176134634,0.8503937007874015,0.8714285714285713,0.0,-0.2638884696386734,0.09046428283104921,0.8493374801554214,-0.13896952104499272,-0.15523548859140426,-0.7523030056240204,0.966584313889703,0.9291346062505936,-0.6498968008255934,-0.34991974317817015,1
1776592624.246534,1573,1776592624.246534,1776592624.246576,1776592623.847526,1776592624.102193,0.9058608685170972,0.9300713922991906,-0.6212608202794735,0.8188976377952756,0.857142857142857,0.0,0.6250014512507459,0.01344726910786531,0.8874617370621785,-0.8519593613933235,-0.649815728144816,-0.7574199422231783,0.966584313889703,0.9291346062505936,-0.6498968008255934,-0.34991974317817015,1
1776592624.29653,1574,1776592624.29653,1776592624.296574,1776592623.847526,1776592624.251118,0.9070708597074927,0.9354844904177283,-0.6216365997397576,0.8267716535433071,0.8428571428571427,0.0,0.08888852768870323,-0.5501219645541472,0.7665647855456227,0.7280932510885341,0.46931060647119405,-0.7134073726912321,0.966584313889703,0.9283429910389157,-0.647703818369453,-0.3218298555377207,1
1776592624.346646,1575,1776592624.346646,1776592624.346689,1776592623.847526,1776592624.251118,0.9083163020223094,0.9406671531413892,-0.6220250833825407,0.84251968503937,0.8428571428571427,0.0,0.26111135621123704,0.05256687612345858,0.8777778468933728,-0.10876269956458634,-0.15161779849330662,-0.7267144810842374,0.966584313889703,0.9283429910389157,-0.647703818369453,-0.3218298555377207,1
1776592624.39656,1576,1776592624.39656,1776592624.39661,1776592623.847526,1776592624.251118,0.909563516893347,0.9452758610389222,-0.6224179858714104,0.84251968503937,0.7999999999999999,0.0,0.09444507654476934,-0.001222200308002653,0.8247706354005894,0.14199700653120462,-0.04693512546745434,-0.7205737730108486,0.966584313889703,0.9283429910389157,-0.647703818369453,-0.3218298555377207,1
1776592624.4467,1577,1776592624.4467,1776592624.446759,1776592624.447545,1776592624.399496,0.91085327311369,0.9500573954826128,-0.6228225075582489,0.8582677165354331,0.857142857142857,0.0,0.03333232713281614,0.020782514769105313,0.9345565827931878,-0.7794584542815675,-0.5523413365129262,-0.8029672085804728,0.9666680624764458,0.9275672081314714,-0.6455108359133126,-0.2897271268057785,1
1776592624.496587,1578,1776592624.496587,1776592624.446759,1776592624.447545,1776592624.399496,0.9120978291503961,0.9543140493046399,-0.6232122340014938,0.8267716535433071,0.8142857142857143,0.0,0.03333232713281614,0.020782514769105313,0.9345565827931878,-0.7794584542815675,-0.5523413365129262,-0.8029672085804728,0.9666680624764458,0.9275672081314714,-0.6455108359133126,-0.2897271268057785,1
1776592624.546551,1579,1776592624.546551,1776592624.496619,1776592624.447545,1776592624.399496,0.913438103223039,0.9580820947430859,-0.6236458727277243,0.889763779527559,0.7999999999999999,0.0,0.06111042741075969,-0.19315363446196104,0.8629969750944415,0.29305379172714074,0.35740610265026285,-0.7563961707489474,0.9666680624764458,0.9275672081314714,-0.6455108359133126,-0.2897271268057785,1
1776592624.596591,1580,1776592624.596591,1776592624.546604,1776592624.447545,1776592624.548455,0.914745141866537,0.9611118934535012,-0.62407335663262,0.8661417322834646,0.7285714285714284,0.0,0.2527776939277347,-0.05501229864607593,0.8904179625485692,-0.17523131349782292,-0.2057747547558398,-0.8009215864040076,0.9666680624764458,0.9266805990943923,-0.6417698658410733,-0.2552166934189406,1
1776592624.64655,1581,1776592624.64655,1776592624.6466,1776592624.447545,1776592624.548455,0.9160911767468983,0.9648820725530108,-0.6244783912212363,0.8740157480314961,0.8714285714285713,0.0,-0.044445424844948365,-0.5929091944003606,0.9712538109558008,-0.29909742380261245,-0.1660614600834643,-0.8480035495866499,0.9666680624764458,0.9266805990943923,-0.6417698658410733,-0.2552166934189406,1
1776592624.696571,1582,1776592624.696571,1776592624.6466,1776592624.447545,1776592624.696671,0.9174316723890689,0.9668855802917995,-0.624938266846106,0.889763779527559,0.6714285714285714,0.0,-0.044445424844948365,-0.5929091944003606,0.9712538109558008,-0.29909742380261245,-0.1660614600834643,-0.8480035495866499,0.9666680624764458,0.9257623254488457,-0.6400928792569659,-0.235553772070626,1
1776592624.74653,1583,1776592624.74653,1776592624.696616,1776592624.447545,1776592624.696671,0.9188326565122829,0.9694289042796973,-0.6253827159636556,0.9133858267716536,0.7999999999999999,0.0,0.2694450184947395,0.21393614923106638,0.8147808377145284,-0.0060436320754716985,0.10469622242696874,-0.842886612987492,0.9666680624764458,0.9257623254488457,-0.6400928792569659,-0.235553772070626,1
1776592624.796633,1584,1776592624.796633,1776592624.796669,1776592624.447545,1776592624.696671,0.9202662113560587,0.971276654760838,-0.6258482532350738,0.9370078740157479,0.757142857142857,0.0,0.3388891081890016,0.3288505696618409,0.8051987746997953,-0.7280932510885341,-0.5198498726356295,-0.8700098343526231,0.9666680624764458,0.9257623254488457,-0.6400928792569659,-0.235553772070626,1
1776592624.846616,1585,1776592624.846616,1776592624.846669,1776592624.447545,1776592624.845725,0.9217580389856014,0.9741827011295602,-0.6262859951755275,0.9448818897637795,0.9571428571428571,0.0,0.39722242217232495,-0.7127134379697577,0.723853194045148,0.6042271407837445,0.5415153650208662,-0.8357221334398722,0.9666680624764458,0.9251606978879705,-0.6380288957688338,-0.21709470304975922,1
1776592624.896507,1586,1776592624.896507,1776592624.846669,1776592624.447545,1776592624.845725,0.9232033370143418,0.9756933331626405,-0.6267515521739372,0.9370078740157479,0.7999999999999999,0.0,0.39722242217232495,-0.7127134379697577,0.723853194045148,0.6042271407837445,0.5415153650208662,-0.8357221334398722,0.9666680624764458,0.9251606978879705,-0.6380288957688338,-0.21709470304975922,1
1776592624.94661,1587,1776592624.94661,1776592624.946655,1776592624.447545,1776592624.845725,0.9245622229273057,0.9765403966049185,-0.6271933578746314,0.8818897637795275,0.7142857142857143,0.0,0.03611176256144596,0.12713948923063717,0.8142711906781203,0.12386611030478954,0.050539266164435534,-0.8055275976520484,0.9666680624764458,0.9251606978879705,-0.6380288957688338,-0.21709470304975922,1
1776592624.996509,1588,1776592624.996509,1776592624.996551,1776592624.447545,1776592624.994641,0.9258761302261603,0.9766726835908662,-0.6276393062435317,0.8661417322834646,0.6428571428571428,0.0,0.18333360423347256,0.042787229846213276,0.8139653683718724,-0.7280932510885341,-0.5667849981030839,-0.8787109314975875,0.9666680624764458,0.9245432380228618,-0.6368679050567596,-0.1906099518459069,1
1776592625.046489,1589,1776592625.046489,1776592624.996551,1776592625.04696,1776592624.994641,0.9271368608383836,0.9766300103695927,-0.6280691376604107,0.8267716535433071,0.6285714285714284,0.0,0.18333360423347256,0.042787229846213276,0.8139653683718724,-0.7280932510885341,-0.5667849981030839,-0.8787109314975875,0.966584313889703,0.9245432380228618,-0.6368679050567596,-0.1906099518459069,1
1776592625.096484,1590,1776592625.096484,1776592625.096529,1776592625.04696,1776592624.994641,0.928536958683487,0.9761883425294126,-0.628548503552841,0.9212598425196851,0.6857142857142856,0.0,0.45277862272821207,0.03422978387697062,0.8707441042716875,-0.05135386429608128,-0.028887323180315436,-0.8638691262792342,0.966584313889703,0.9245432380228618,-0.6368679050567596,-0.1906099518459069,1
1776592625.146624,1591,1776592625.146624,1776592625.146671,1776592625.04696,1776592625.143194,0.9300075156383772,0.9762886245994051,-0.6290044535064107,0.9370078740157479,0.8285714285714285,0.0,0.5694452506948589,0.3459654616003262,0.8384301303396093,-0.33232039187227863,-0.06858706845157445,-0.8966221303666371,0.966584313889703,0.923751622811184,-0.6359649122807017,-0.16773675762439805,1
1776592625.196486,1592,1776592625.196486,1776592625.146671,1776592625.04696,1776592625.143194,0.9314548077928662,0.9753028731879884,-0.6294982595565881,0.952755905511811,0.7285714285714284,0.0,0.5694452506948589,0.3459654616003262,0.8384301303396093,-0.33232039187227863,-0.06858706845157445,-0.8966221303666371,0.966584313889703,0.923751622811184,-0.6359649122807017,-0.16773675762439805,1
1776592625.246588,1593,1776592625.246588,1776592625.246631,1776592625.04696,1776592625.143194,0.9330011415262064,0.9743149881155079,-0.6300023039153324,1.0,0.8285714285714285,0.0,0.04999965169982097,0.001222200308002653,0.8330274968252508,-0.05135386429608128,0.25631402092027533,-0.8730811487753157,0.966584313889703,0.923751622811184,-0.6359649122807017,-0.16773675762439805,1
1776592625.296549,1594,1776592625.296549,1776592625.246631,1776592625.04696,1776592625.292672,0.9345237673200899,0.9735340681662037,-0.6304665392053144,0.968503937007874,0.8857142857142857,0.0,0.04999965169982097,0.001222200308002653,0.8330274968252508,-0.05135386429608128,0.25631402092027533,-0.8730811487753157,0.966584313889703,0.9229758399037395,-0.634545923632611,-0.14165329052969503,1
1776592625.346583,1595,1776592625.346583,1776592625.296586,1776592625.04696,1776592625.292672,0.9359491240913433,0.9720981142703519,-0.6309284467103042,0.9212598425196851,0.7857142857142857,0.0,0.14444472824459031,0.02445013759972531,0.8345566083564901,0.05739749637155297,0.1660614600834643,-0.9641756814899045,0.966584313889703,0.9229758399037395,-0.634545923632611,-0.14165329052969503,1
1776592625.396574,1596,1776592625.396574,1776592625.346626,1776592625.04696,1776592625.292672,0.9374001829278019,0.9704082547079232,-0.6313860142771734,0.9370078740157479,0.8142857142857143,0.0,0.5222227124224741,-0.02689453821573062,0.9002038502934624,-1.0,-0.7400682889816271,-0.9124877070592213,0.966584313889703,0.9229758399037395,-0.634545923632611,-0.14165329052969503,1
1776592625.44657,1597,1776592625.44657,1776592625.396614,1776592625.04696,1776592625.441289,0.9388160122093672,0.968720528806558,-0.6318169898595571,0.9055118110236221,0.8285714285714285,0.0,-0.2777786807782419,-0.06479194492332124,0.8747197090419019,0.14501315312046442,0.23104438783805759,-0.8418628415132611,0.966584313889703,0.9222317216047623,-0.6329979360165119,-0.1079454253611557,1
1776592625.496519,1598,1776592625.496519,1776592625.49656,1776592625.04696,1776592625.441289,0.940268178893464,0.9661942741071696,-0.6322919763598837,0.952755905511811,0.7999999999999999,0.0,0.3750008707504476,0.2701706481851449,0.8109072305204015,-0.6284016690856312,-0.3898975665275595,-0.8341855158425274,0.966584313889703,0.9222317216047623,-0.6329979360165119,-0.1079454253611557,1
1776592625.54647,1599,1776592625.54647,1776592625.54652,1776592625.04696,1776592625.441289,0.941750257463791,0.9645300184775049,-0.6327127136337006,0.9212598425196851,0.9571428571428571,0.0,0.42222340902283223,-0.9303172100314441,0.801936812118164,0.40181649129172714,0.5090239011435694,-0.8091098374258583,0.966584313889703,0.9222317216047623,-0.6329979360165119,-0.1079454253611557,1
1776592625.596513,1600,1776592625.596513,1776592625.596558,1776592625.04696,1776592625.59035,0.9431412709582615,0.9616090364813369,-0.6331559594047711,0.9133858267716536,0.7857142857142857,0.0,0.31944467019456046,0.012225068799862656,0.8350662553928981,-0.06646861393323657,-0.21660072624789986,-0.8643800516303514,0.966584313889703,0.9213926094803837,-0.6302889576883385,-0.0898876404494382,1
1776592625.646457,1601,1776592625.646457,1776592625.646504,1776592625.647531,1776592625.59035,0.9445548845445505,0.9582741242388165,-0.633615065676974,0.9370078740157479,0.7999999999999999,0.0,-0.13055451710502178,0.14425438116912248,0.7979612073479497,0.12084996371552975,0.11191805322204759,-0.7922204892590431,0.9666261881830743,0.9213926094803837,-0.6302889576883385,-0.0898876404494382,1
1776592625.696704,1602,1776592625.696704,1776592625.646504,1776592625.647531,1776592625.59035,0.9459024704116052,0.9540174704167894,-0.6341057154085183,0.9291338582677164,0.6857142857142856,0.0,-0.13055451710502178,0.14425438116912248,0.7979612073479497,0.12084996371552975,0.11191805322204759,-0.7922204892590431,0.9666261881830743,0.9213926094803837,-0.6302889576883385,-0.0898876404494382,1
1776592625.746462,1603,1776592625.746462,1776592625.74651,1776592625.647531,1776592625.738165,0.9472431876233034,0.9504734593900289,-0.6345366120829361,0.889763779527559,0.7999999999999999,0.0,-0.2583342427838008,0.11002459729215186,0.8176350656248315,0.5498457910014514,0.4512628041840551,-0.7323442638065092,0.9666261881830743,0.9205851619644724,-0.6295149638802889,-0.07704654895666131,1
1776592625.796464,1604,1776592625.796464,1776592625.796515,1776592625.647531,1776592625.738165,0.9485513341144398,0.946464310251388,-0.6349716514255602,0.8818897637795275,0.757142857142857,0.0,0.2527776939277347,-0.12224966609201451,0.809989763601658,-0.08458817126269956,-0.25631402092027533,-0.8705207597037402,0.9666261881830743,0.9205851619644724,-0.6295149638802889,-0.07704654895666131,1
1776592625.846541,1605,1776592625.846541,1776592625.846586,1776592625.647531,1776592625.738165,0.9498448570167524,0.9416443699085513,-0.6354369322460894,0.9055118110236221,0.7,0.0,0.2000009288004774,0.5953546169229779,0.8347604330866504,-0.12688225689404933,-0.039713294672375485,-0.8372568302652202,0.9666261881830743,0.9205851619644724,-0.6295149638802889,-0.07704654895666131,1
1776592625.896497,1606,1776592625.896497,1776592625.896561,1776592625.647531,1776592625.887324,0.9511554407726927,0.9374453249352434,-0.6358567620782993,0.8740157480314961,0.8142857142857143,0.0,0.31666755676712416,0.028117760430345314,0.9507644833362632,-0.92144412191582,-0.6028806026773617,-0.8551680291342696,0.9666261881830743,0.9196352237104588,-0.6323529411764707,-0.07945425361155699,1
1776592625.946523,1607,1776592625.946523,1776592625.946567,1776592625.647531,1776592625.887324,0.9524799834088737,0.9324376224188036,-0.6363048212352858,0.9133858267716536,0.7857142857142857,0.0,0.14444472824459031,0.18092856566209842,0.8345566083564901,0.13896952104499272,0.36823207414232295,-0.8244625679953287,0.9666261881830743,0.9196352237104588,-0.6323529411764707,-0.07945425361155699,1
1776592625.996449,1608,1776592625.996449,1776592625.996502,1776592625.647531,1776592625.887324,0.9539115441269007,0.9279163946248811,-0.6367233688130509,0.9291338582677164,0.9714285714285714,0.0,0.30277734562755565,-0.39975555993839945,0.8721713034378465,-0.05135386429608128,0.21660072624789986,-0.8111554596023234,0.9666261881830743,0.9196352237104588,-0.6323529411764707,-0.07945425361155699,1
1776592626.04645,1609,1776592626.04645,1776592625.996502,1776592625.647531,1776592626.036329,0.9552846104896331,0.9226803903746282,-0.6371662397712837,0.9291338582677164,0.8857142857142857,0.0,0.30277734562755565,-0.39975555993839945,0.8721713034378465,-0.05135386429608128,0.21660072624789986,-0.8111554596023234,0.9666261881830743,0.918621956239511,-0.63609391124871,-0.07504012841091494,1
1776592626.096452,1610,1776592626.096452,1776592626.096505,1776592625.647531,1776592626.036329,0.9566357414691301,0.9177644352839264,-0.6375696567466005,0.889763779527559,0.9285714285714285,0.0,0.4944446121445306,-0.9022004715077108,0.8483181008715978,0.13292588896952104,0.2815836540024931,-0.7502554626755585,0.9666261881830743,0.918621956239511,-0.63609391124871,-0.07504012841091494,1
1776592626.146533,1611,1776592626.146533,1776592626.146577,1776592625.647531,1776592626.036329,0.9578271208192045,0.9125198963894188,-0.6379609021681877,0.8267716535433071,0.7714285714285714,0.0,-0.21111170451141612,0.15647944996898516,0.8029561914019878,-0.012087264150943397,-0.18050512167362204,-0.7471841482528658,0.9666261881830743,0.918621956239511,-0.63609391124871,-0.07504012841091494,1
1776592626.196487,1612,1776592626.196487,1776592626.196553,1776592625.647531,1776592626.185267,0.9590488551945647,0.9073841742091586,-0.6383382992417714,0.8267716535433071,0.8428571428571427,0.0,0.02777810027794354,-0.03422978387697062,0.8536187368098686,-0.0060436320754716985,-0.01804780228713891,-0.6755374320046713,0.9666261881830743,0.9174978626389284,-0.6353199174406605,-0.07664526484751204,1
1776592626.246501,1613,1776592626.246501,1776592626.246551,1776592626.247308,1776592626.185267,0.9603071485419838,0.9014120568919387,-0.638757596445212,0.8818897637795275,0.8428571428571427,0.0,0.7138899789394492,0.15770165027698782,0.8342507860502423,-0.7401805152394775,-0.5523413365129262,-0.7180133839392729,0.966584313889703,0.9174978626389284,-0.6353199174406605,-0.07664526484751204,1
1776592626.29647,1614,1776592626.29647,1776592626.246551,1776592626.247308,1776592626.185267,0.9615220142619874,0.8957770580227791,-0.6391469480756192,0.8346456692913385,0.857142857142857,0.0,0.7138899789394492,0.15770165027698782,0.8342507860502423,-0.7401805152394775,-0.5523413365129262,-0.7180133839392729,0.966584313889703,0.9174978626389284,-0.6353199174406605,-0.07664526484751204,1
1776592626.346544,1615,1776592626.346544,1776592626.346588,1776592626.247308,1776592626.333381,0.9627153877378105,0.8889216050251986,-0.6395875504298344,0.889763779527559,0.7714285714285714,0.0,0.44166784701727335,0.01711489193848531,0.857594341580083,-0.2024106494920174,0.007221830795078859,-0.7512792341497895,0.966584313889703,0.9164845951679808,-0.6297729618163055,-0.06982343499197431,1
1776592626.396543,1616,1776592626.396543,1776592626.396587,1776592626.247308,1776592626.333381,0.9638602374870825,0.8818890581593334,-0.6400146200679094,0.8740157480314961,0.7428571428571428,0.0,0.15555550395552903,-0.06356974461531859,0.8171254185884234,0.10573521407837445,0.2707576825104331,-0.7528139309751375,0.966584313889703,0.9164845951679808,-0.6297729618163055,-0.06982343499197431,1
1776592626.446445,1617,1776592626.446445,1776592626.446494,1776592626.247308,1776592626.333381,0.9649924577732794,0.8745407294560446,-0.6404516715636622,0.8818897637795275,0.7428571428571428,0.0,0.16666627966646771,-0.04034180732359593,0.94791025542596,-0.9154004898403483,-0.5162457319386484,-0.8398152985647992,0.966584313889703,0.9164845951679808,-0.6297729618163055,-0.06982343499197431,1
1776592626.49655,1618,1776592626.49655,1776592626.496598,1776592626.247308,1776592626.482198,0.9660980897161606,0.8675849943884714,-0.6408599216518862,0.8346456692913385,0.7714285714285714,0.0,-0.02222155142187743,-0.09168750504566389,0.8138633707957846,0.7250771044992743,0.5704026882011815,-0.7210846983619658,0.966584313889703,0.9156613153478357,-0.6240970072239422,-0.06019261637239165,1
1776592626.546535,1619,1776592626.546535,1776592626.496598,1776592626.247308,1776592626.482198,0.9673098534627772,0.8604713684021865,-0.6412563552722269,0.8740157480314961,0.9142857142857143,0.0,-0.02222155142187743,-0.09168750504566389,0.8138633707957846,0.7250771044992743,0.5704026882011815,-0.7210846983619658,0.966584313889703,0.9156613153478357,-0.6240970072239422,-0.06019261637239165,1
1776592626.596472,1620,1776592626.596472,1776592626.596538,1776592626.247308,1776592626.482198,0.9684954720051333,0.8530846337997517,-0.6416484292274554,0.8740157480314961,0.8999999999999999,0.0,0.191667266516975,0.0806846365538039,0.8425076474749038,-0.07251224600870826,-0.0036041406969811937,-0.710337979040536,0.966584313889703,0.9156613153478357,-0.6240970072239422,-0.06019261637239165,1
1776592626.646538,1621,1776592626.646538,1776592626.646584,1776592626.247308,1776592626.630531,0.9696190510797527,0.8459283345921934,-0.6420178368694985,0.8267716535433071,0.8714285714285713,0.0,-0.013887889138375017,-0.7860628288623216,0.9519877725612546,-0.25679199927431057,-0.15523548859140426,-0.7287620240326993,0.966584313889703,0.9149171970488585,-0.615970072239422,-0.0485553772070626,1
1776592626.696439,1622,1776592626.696439,1776592626.646584,1776592626.247308,1776592626.630531,0.970673943600806,0.8378929670264019,-0.6424372129809048,0.8582677165354331,0.7714285714285714,0.0,-0.013887889138375017,-0.7860628288623216,0.9519877725612546,-0.25679199927431057,-0.15523548859140426,-0.7287620240326993,0.966584313889703,0.9149171970488585,-0.615970072239422,-0.0485553772070626,1
1776592626.747762,1623,1776592626.747762,1776592626.747808,1776592626.247308,1776592626.630531,0.9716284651258427,0.8294073969761755,-0.6428766119886411,0.8267716535433071,0.6428571428571428,0.0,-0.17222282852253384,-0.25916880159989697,0.8469928140705187,-0.033234306966618284,0.12634816541108884,-0.7661210393681429,0.966584313889703,0.9149171970488585,-0.615970072239422,-0.0485553772070626,1
1776592626.796514,1624,1776592626.796514,1776592626.796561,1776592626.247308,1776592626.77962,0.972527151129916,0.8206337826823533,-0.6433199366676776,0.8661417322834646,0.6285714285714284,0.0,0.23333325593329352,0.244498310277417,0.8256880171083252,-0.1540729317851959,-0.01804780228713891,-0.7292729493838164,0.966584313889703,0.9142047433583483,-0.6086171310629515,-0.04253611556982344,1
1776592626.84653,1625,1776592626.84653,1776592626.846575,1776592626.847052,1776592626.77962,0.973549916069463,0.8128160485450565,-0.6436830316724542,0.8031496062992125,0.8428571428571427,0.0,0.18333360423347256,-0.6552567387076764,0.9328236465317884,-0.2870101596516691,-0.26715354181345186,-0.7466732229017488,0.966709936769817,0.9142047433583483,-0.6086171310629515,-0.04253611556982344,1
1776592626.896414,1626,1776592626.896414,1776592626.896475,1776592626.847052,1776592626.77962,0.9745873045978336,0.8046163890773623,-0.6440550038233869,0.8267716535433071,0.8714285714285713,0.0,0.5805560264057976,0.05012247550745328,0.8708460166367675,0.33836402394775034,0.3357406102650263,-0.7308076462091644,0.966709936769817,0.9142047433583483,-0.6086171310629515,-0.04253611556982344,1
1776592626.946445,1627,1776592626.946445,1776592626.946493,1776592626.847052,1776592626.927478,0.9756687854622029,0.7956059384054724,-0.6444547318513011,0.8818897637795275,0.9142857142857143,0.0,0.1361110659610879,-0.06356974461531859,0.815392482327024,0.10876269956458634,0.24548804942821528,-0.6975437167706444,0.966709936769817,0.913428960450904,-0.598813209494324,-0.038523274478330656,1
1776592626.996459,1628,1776592626.996459,1776592626.946493,1776592626.847052,1776592626.927478,0.9767792919346919,0.7859831270083085,-0.6448809729557349,0.9212598425196851,0.9571428571428571,0.0,0.1361110659610879,-0.06356974461531859,0.815392482327024,0.10876269956458634,0.24548804942821528,-0.6975437167706444,0.966709936769817,0.913428960450904,-0.598813209494324,-0.038523274478330656,1
1776592627.046372,1629,1776592627.046372,1776592627.046415,1776592626.847052,1776592626.927478,0.9778490296140967,0.7763219097119984,-0.6452905644793779,0.9055118110236221,0.9428571428571428,0.0,0.23055614250585726,-0.6784836540927871,0.733333344694801,0.7583000725689405,0.7003549943092515,-0.7052191216693814,0.966709936769817,0.913428960450904,-0.598813209494324,-0.038523274478330656,1
1776592627.096419,1630,1776592627.096419,1776592627.096471,1776592626.847052,1776592627.075877,0.9787831667425911,0.7668825931663104,-0.6456874518205222,0.8503937007874015,0.8142857142857143,0.0,-0.31111100791105806,0.26894844787714234,0.8094801165652499,-0.10573521407837445,-0.09025256083681102,-0.7548614739235994,0.966709936769817,0.9123840283714892,-0.5914602683178535,-0.031300160513643656,1
1776592627.146375,1631,1776592627.146375,1776592627.096471,1776592626.847052,1776592627.075877,0.9797656060281091,0.757236311497446,-0.6460777108925365,0.8661417322834646,0.8999999999999999,0.0,-0.31111100791105806,0.26894844787714234,0.8094801165652499,-0.10573521407837445,-0.09025256083681102,-0.7548614739235994,0.966709936769817,0.9123840283714892,-0.5914602683178535,-0.031300160513643656,1
1776592627.196356,1632,1776592627.196356,1776592627.196402,1776592626.847052,1776592627.075877,0.9807899219543494,0.7467707039801313,-0.6465026500155341,0.9212598425196851,0.9571428571428571,0.0,0.39166587331625885,0.3459654616003262,0.8256880171083252,-0.8308123185776487,-0.4151671996097773,-0.764073496419681,0.966709936769817,0.9123840283714892,-0.5914602683178535,-0.031300160513643656,1
1776592627.246438,1633,1776592627.246438,1776592627.246595,1776592626.847052,1776592627.224874,0.9818031594042085,0.7361002650007041,-0.6469225587557097,0.9212598425196851,0.9714285714285714,0.0,0.16388916623903146,-0.36063595292280626,0.7809378374622185,0.6706957547169811,0.4368191425938973,-0.7052191216693814,0.966709936769817,0.9115924131598112,-0.5884932920536635,-0.03892455858747994,1
1776592627.296458,1634,1776592627.296458,1776592627.296516,1776592626.847052,1776592627.224874,0.9827415063537277,0.725468231920423,-0.6473310455678313,0.8976377952755906,0.9142857142857143,0.0,-0.19722149337184758,0.25672337907727966,0.8112130528266492,0.11177884615384615,0.15883962928838546,-0.8075732198285135,0.966709936769817,0.9115924131598112,-0.5884932920536635,-0.03892455858747994,1
1776592627.34643,1635,1776592627.34643,1776592627.296516,1776592626.847052,1776592627.224874,0.9837217299439694,0.7141256897059389,-0.6477607980767447,0.9448818897637795,0.9857142857142857,0.0,-0.19722149337184758,0.25672337907727966,0.8112130528266492,0.11177884615384615,0.15883962928838546,-0.8075732198285135,0.966709936769817,0.9115924131598112,-0.5884932920536635,-0.03892455858747994,1
1776592627.396352,1636,1776592627.396352,1776592627.396402,1776592626.847052,1776592627.373123,0.9846201943785152,0.7032610875697174,-0.648166562564045,0.889763779527559,0.9285714285714285,0.0,0.21944536679491852,0.03422978387697062,0.930173328562653,-0.8006054970972424,-0.6534334182429137,-0.8157614708503642,0.966709936769817,0.910990785598936,-0.5881062951496389,-0.04735152487961476,1
1776592627.446396,1637,1776592627.446396,1776592627.396402,1776592627.447275,1776592627.373123,0.9854876390791926,0.6920764362739451,-0.6485782648757741,0.8976377952755906,0.9142857142857143,0.0,0.21944536679491852,0.03422978387697062,0.930173328562653,-0.8006054970972424,-0.6534334182429137,-0.8157614708503642,0.9667518110631883,0.910990785598936,-0.5881062951496389,-0.04735152487961476,1
1776592627.496382,1638,1776592627.496382,1776592627.446445,1776592627.447275,1776592627.373123,0.9863783485802711,0.6803562360511908,-0.6489993177814544,0.9291338582677164,0.9714285714285714,0.0,0.44444496044470966,0.0770170137231839,0.8607543065856265,0.211481767053701,0.3032491463877297,-0.8306032760687175,0.9667518110631883,0.910990785598936,-0.5881062951496389,-0.04735152487961476,1
1776592627.546386,1639,1776592627.546386,1776592627.496456,1776592627.447275,1776592627.522098,0.9872453501418931,0.6682370412095299,-0.649434337397087,0.9448818897637795,0.9714285714285714,0.0,-0.18611071766090886,-0.05012247550745328,0.8724770405330868,-0.033234306966618284,0.04693512546745434,-0.7891491748363503,0.9667518110631883,0.9103574934295937,-0.5901702786377709,-0.043338683788121994,1
1776592627.59639,1640,1776592627.59639,1776592627.546438,1776592627.447275,1776592627.522098,0.9880585103083007,0.656454964815929,-0.6498456846229699,0.9055118110236221,0.9428571428571428,0.0,0.4944446121445306,0.38141744578529946,0.8145769277733604,-0.5770364658925979,-0.25270988022329416,-0.7840322382371924,0.9667518110631883,0.9103574934295937,-0.5901702786377709,-0.043338683788121994,1
1776592627.646422,1641,1776592627.646422,1776592627.596438,1776592627.447275,1776592627.522098,0.9887216679045018,0.6450953533129355,-0.6502533231744588,0.8582677165354331,0.7857142857142857,0.0,0.43055474930514115,-0.9694368170470374,0.80265036909574,0.326288098693759,0.47292829656929164,-0.7528139309751375,0.9667518110631883,0.9103574934295937,-0.5901702786377709,-0.043338683788121994,1
1776592627.696339,1642,1776592627.696339,1776592627.646468,1776592627.447275,1776592627.670153,0.9894364512006409,0.6335415786531478,-0.6506491452580642,0.8661417322834646,0.8857142857142857,0.0,-0.31944467019456046,0.2652808250465223,0.818654444908655,0.05739749637155297,-0.03609560457427782,-0.7712379759673008,0.9667518110631883,0.9097558658687185,-0.5953302373581012,-0.04735152487961476,1
1776592627.746319,1643,1776592627.746319,1776592627.74637,1776592627.447275,1776592627.670153,0.9900395634548539,0.621727497343592,-0.6510780100523619,0.8740157480314961,0.7714285714285714,0.0,0.2500005805002984,0.05501229864607593,0.8686035185499676,-0.8217525399129172,-0.6570375589398949,-0.7819846952887305,0.9667518110631883,0.9097558658687185,-0.5953302373581012,-0.04735152487961476,1
1776592627.798213,1644,1776592627.798213,1776592627.74637,1776592627.447275,1776592627.670153,0.9906838876412063,0.6094354759557735,-0.6515018247368464,0.8661417322834646,0.8285714285714285,0.0,0.2500005805002984,0.05501229864607593,0.8686035185499676,-0.8217525399129172,-0.6570375589398949,-0.7819846952887305,0.9667518110631883,0.9097558658687185,-0.5953302373581012,-0.04735152487961476,1
1776592627.846374,1645,1776592627.846374,1776592627.846423,1776592627.447275,1776592627.818546,0.9911600405560864,0.5978411617357761,-0.6519284406541179,0.8740157480314961,0.7,0.0,0.15555550395552903,-0.046454852676833275,0.8658512030047446,-0.10573521407837445,-0.21660072624789986,-0.8393043732136821,0.9667518110631883,0.9092492321332447,-0.6011351909184727,-0.034911717495987156,1
1776592627.896388,1646,1776592627.896388,1776592627.846423,1776592627.447275,1776592627.818546,0.991624450286002,0.5852738980707437,-0.6523911766927489,0.9055118110236221,0.7,0.0,0.15555550395552903,-0.046454852676833275,0.8658512030047446,-0.10573521407837445,-0.21660072624789986,-0.8393043732136821,0.9667518110631883,0.9092492321332447,-0.6011351909184727,-0.034911717495987156,1
1776592627.946353,1647,1776592627.946353,1776592627.9464,1776592627.447275,1776592627.818546,0.9920753442747321,0.5733531337080042,-0.6528169443493878,0.8503937007874015,0.7142857142857143,0.0,0.011110775710938716,-0.7359413752614804,0.9884810907826996,-0.422963534107402,-0.5198498726356295,-0.8879210332216725,0.9667518110631883,0.9092492321332447,-0.6011351909184727,-0.034911717495987156,1
1776592627.996294,1648,1776592627.996294,1776592627.996342,1776592627.447275,1776592627.967126,0.9923835474876674,0.560928825334238,-0.653297730585203,0.889763779527559,0.5714285714285714,0.0,0.33333255933293543,0.23960848713879435,0.8666666723474005,-0.012087264150943397,0.3357406102650263,-0.8480035495866499,0.9667518110631883,0.9086001076596688,-0.6081011351909185,-0.01725521669341894,1
1776592628.046338,1649,1776592628.046338,1776592628.046377,1776592628.046814,1776592627.967126,0.9927777196773239,0.5488010958483224,-0.6537183297700797,0.8503937007874015,0.7142857142857143,0.0,0.3805550976053202,-0.3924203142771595,0.848623837966838,0.05135386429608128,0.06136523765649559,-0.8515857893604597,0.966709936769817,0.9086001076596688,-0.6081011351909185,-0.01725521669341894,1
1776592628.09633,1650,1776592628.09633,1776592628.046377,1776592628.046814,1776592627.967126,0.9930436031104817,0.535894580074166,-0.6542074605232818,0.9133858267716536,0.6,0.0,0.3805550976053202,-0.3924203142771595,0.848623837966838,0.05135386429608128,0.06136523765649559,-0.8515857893604597,0.966709936769817,0.9086001076596688,-0.6081011351909185,-0.01725521669341894,1
1776592628.146344,1651,1776592628.146344,1776592628.096389,1776592628.046814,1776592628.112904,0.9934477459288815,0.5230606087761747,-0.654634668250297,0.8818897637795275,0.8142857142857143,0.0,0.4166668601667661,0.36063595292280626,0.8316003828700993,-0.6012109941944848,0.028887323180315436,-0.868475137527275,0.966709936769817,0.9079193185776258,-0.6153250773993808,0.0032102728731942215,1
1776592628.196346,1652,1776592628.196346,1776592628.146395,1776592628.046814,1776592628.112904,0.9936402898483933,0.5100666128984078,-0.6551288491133122,0.9133858267716536,0.5857142857142856,0.0,0.3250012190506266,-0.7237163064616178,0.8147808377145284,0.29002630624092884,0.3465665817570864,-0.8689860628783922,0.966709936769817,0.9079193185776258,-0.6153250773993808,0.0032102728731942215,1
1776592628.247935,1653,1776592628.247935,1776592628.196396,1776592628.046814,1776592628.112904,0.9938055807160064,0.49717503275169733,-0.6556030859879634,0.8740157480314961,0.5714285714285714,0.0,0.18611071766090886,0.13691913550788248,0.8442405837363033,0.08761565674891146,0.27436182320741426,-0.8526095608346906,0.966709936769817,0.9079193185776258,-0.6153250773993808,0.0032102728731942215,1
1776592628.296338,1654,1776592628.296338,1776592628.296386,1776592628.046814,1776592628.25768,0.9939925853973274,0.48362201767524826,-0.656091940563285,0.968503937007874,0.7,0.0,0.6111112401111773,0.11613662073877717,0.8027522814608199,-0.595167362119013,-0.3429624410601052,-0.9237453517317681,0.966709936769817,0.9074126848421519,-0.6219040247678018,0.02367576243980738,1
1776592628.346335,1655,1776592628.346335,1776592628.296386,1776592628.046814,1776592628.25768,0.9942141549249587,0.4706237544753541,-0.6565337462639792,0.8818897637795275,0.7428571428571428,0.0,0.6111112401111773,0.11613662073877717,0.8027522814608199,-0.595167362119013,-0.3429624410601052,-0.9237453517317681,0.966709936769817,0.9074126848421519,-0.6219040247678018,0.02367576243980738,1
1776592628.396271,1656,1776592628.396271,1776592628.346374,1776592628.046814,1776592628.25768,0.9944390479955049,0.45682963569871,-0.6569908206560617,0.9291338582677164,0.8142857142857143,0.0,-0.17222282852253384,0.3484108841229436,0.7838939777376017,0.8791500362844702,0.5740068288981627,-0.7164786871139249,0.966709936769817,0.9074126848421519,-0.6219040247678018,0.02367576243980738,1
1776592628.446323,1657,1776592628.446323,1776592628.446364,1776592628.046814,1776592628.403281,0.994571768142556,0.4425831807765673,-0.657480562945999,0.968503937007874,0.757142857142857,0.0,0.06111042741075969,0.23594086430817435,0.8235474313866055,-0.08458817126269956,-0.13718768630426537,-0.8561918006085005,0.966709936769817,0.9070643741490135,-0.6277089783281733,0.03932584269662921,1
1776592628.496275,1658,1776592628.496275,1776592628.446364,1776592628.046814,1776592628.403281,0.9948123926495638,0.42908564088777373,-0.6578865641571968,0.8818897637795275,0.8999999999999999,0.0,0.06111042741075969,0.23594086430817435,0.8235474313866055,-0.08458817126269956,-0.13718768630426537,-0.8561918006085005,0.966709936769817,0.9070643741490135,-0.6277089783281733,0.03932584269662921,1
1776592628.54633,1659,1776592628.54633,1776592628.546393,1776592628.046814,1776592628.403281,0.9949415676841731,0.4149053294586048,-0.6583477023095198,0.9448818897637795,0.8285714285714285,0.0,-0.28888945648918063,0.22493901772292638,0.8448521431377913,0.07854453918722785,0.17690098097664084,-0.8520986354835736,0.966709936769817,0.9070643741490135,-0.6277089783281733,0.03932584269662921,1
1776592628.596245,1660,1776592628.596245,1776592628.546393,1776592628.046814,1776592628.549309,0.9949646109150466,0.4021673729084787,-0.65878688432035,0.8661417322834646,0.6714285714285714,0.0,-0.28888945648918063,0.22493901772292638,0.8448521431377913,0.07854453918722785,0.17690098097664084,-0.8520986354835736,0.966709936769817,0.9065260758050726,-0.6384158926728586,0.04614767255216693,1
1776592628.646314,1661,1776592628.646314,1776592628.646364,1776592628.647173,1776592628.549309,0.9950016130261611,0.3879273189695271,-0.6592629163512239,0.952755905511811,0.7999999999999999,0.0,0.5277769392773468,-0.009779646277245308,0.8138633707957846,-0.7220496190130623,-0.5162457319386484,-0.8362330587909893,0.9666680624764458,0.9065260758050726,-0.6384158926728586,0.04614767255216693,1
1776592628.696342,1662,1776592628.696342,1776592628.696396,1776592628.647173,1776592628.69516,0.9951283507959663,0.37478396681730314,-0.6596477702275787,0.84251968503937,0.8857142857142857,0.0,0.0722212031216984,-0.7237163064616178,0.7754332063717724,0.5196389695210449,0.6353720665546583,-0.6934486308737208,0.9666680624764458,0.9056869636806941,-0.6488648090815273,0.04975922953451043,1
1776592628.746346,1663,1776592628.746346,1776592628.746388,1776592628.647173,1776592628.69516,0.9952240688319032,0.36105172421150555,-0.6600492342307411,0.8818897637795275,0.9142857142857143,0.0,0.39444530874488865,-0.02445013759972531,0.8370030163844577,-0.045321571117561674,-0.15161779849330662,-0.7824975414118442,0.9666680624764458,0.9056869636806941,-0.6488648090815273,0.04975922953451043,1
1776592628.79852,1664,1776592628.79852,1776592628.746388,1776592628.647173,1776592628.69516,0.9952892102730269,0.34760539218824016,-0.6604382899562765,0.8267716535433071,0.857142857142857,0.0,0.39444530874488865,-0.02445013759972531,0.8370030163844577,-0.045321571117561674,-0.15161779849330662,-0.7824975414118442,0.9666680624764458,0.9056869636806941,-0.6488648090815273,0.04975922953451043,1
1776592628.846305,1665,1776592628.846305,1776592628.846355,1776592628.647173,1776592628.840801,0.9953310869137492,0.3345473864785631,-0.6608144047754154,0.8740157480314961,0.9142857142857143,0.0,0.38888875988882254,0.3080680548927356,0.8174311556836636,-0.7220496190130623,-0.4945802395534118,-0.713920218814346,0.9666680624764458,0.9048478515563155,-0.6616357069143447,0.03812199036918138,1
1776592628.896303,1666,1776592628.896303,1776592628.896343,1776592628.647173,1776592628.840801,0.9953556811313163,0.32144884120867634,-0.6611921766618367,0.8346456692913385,0.8857142857142857,0.0,0.7555559683557678,-0.7163810608003777,0.7573904572022175,0.5317148947750362,0.5451195057178473,-0.5905836073634716,0.9666680624764458,0.9048478515563155,-0.6616357069143447,0.03812199036918138,1
1776592628.946281,1667,1776592628.946281,1776592628.896343,1776592628.647173,1776592628.840801,0.9953317516223321,0.3079854398969015,-0.6615944691986405,0.8661417322834646,0.8857142857142857,0.0,0.7555559683557678,-0.7163810608003777,0.7573904572022175,0.5317148947750362,0.5451195057178473,-0.5905836073634716,0.9666680624764458,0.9048478515563155,-0.6616357069143447,0.03812199036918138,1
1776592628.996215,1668,1776592628.996215,1776592628.94633,1776592628.647173,1776592628.9866,0.9952748082537307,0.2940675687785644,-0.6620042185382153,0.8976377952755906,0.9142857142857143,0.0,0.46388939843915084,-0.04034180732359593,0.852191622854717,0.030206821480406387,-0.14079182700124654,-0.7804499984633824,0.9666680624764458,0.904040404040404,-0.6714396284829721,0.03932584269662921,1
1776592629.046348,1669,1776592629.046348,1776592629.046429,1776592628.647173,1776592628.9866,0.9951458547886493,0.2812592014133371,-0.6624047159187963,0.84251968503937,0.7857142857142857,0.0,0.694445540945008,0.11369222012277187,0.8938837498603605,-0.8489432148040639,-0.6064982927754594,-0.7599784105227573,0.9666680624764458,0.904040404040404,-0.6714396284829721,0.03932584269662921,1
1776592629.096238,1670,1776592629.096238,1776592629.046429,1776592628.647173,1776592628.9866,0.994962616789298,0.2679494236981467,-0.6628328310874186,0.889763779527559,0.7999999999999999,0.0,0.694445540945008,0.11369222012277187,0.8938837498603605,-0.8489432148040639,-0.6064982927754594,-0.7599784105227573,0.9666680624764458,0.904040404040404,-0.6714396284829721,0.03932584269662921,1
1776592629.146233,1671,1776592629.146233,1776592629.096285,1776592628.647173,1776592629.132612,0.9947543414333244,0.25435800272255155,-0.6632707308438042,0.9055118110236221,0.8285714285714285,0.0,0.07777775197776451,-0.12102644387739982,0.7905199004769515,0.8006054970972424,0.5776109695951439,-0.6688838778081687,0.9666680624764458,0.9035337703049302,-0.6825335397316822,0.04012841091492777,1
1776592629.196186,1672,1776592629.196186,1776592629.146282,1776592628.647173,1776592629.132612,0.9945154894825375,0.24029290899082098,-0.6637190859056624,0.9370078740157479,0.8714285714285713,0.0,0.16388916623903146,-0.23716408652278906,0.8878695569445139,0.024174528301886794,-0.050539266164435534,-0.8408390700390301,0.9666680624764458,0.9035337703049302,-0.6825335397316822,0.04012841091492777,1
1776592629.246212,1673,1776592629.246212,1776592629.196228,1776592629.247012,1776592629.132612,0.9942332099043352,0.22701086886945837,-0.6641572815669198,0.8976377952755906,0.7999999999999999,0.0,-0.1277774036775855,0.5611248330460074,0.8376146609969535,-0.03927793904208998,-0.07580889924665331,-0.7830084667629614,0.966709936769817,0.9035337703049302,-0.6825335397316822,0.04012841091492777,1
1776592629.296197,1674,1776592629.296197,1776592629.246272,1776592629.247012,1776592629.278332,0.9938733809914615,0.21307166114048454,-0.6646404744956927,0.9606299212598425,0.8142857142857143,0.0,0.46666651186658703,-0.7750609822770737,0.8755351783845579,0.03625045355587808,0.22021841634599754,-0.7804499984633824,0.966709936769817,0.9033121180456603,-0.6941434468524252,0.03571428571428571,1
1776592629.346216,1675,1776592629.346216,1776592629.346267,1776592629.247012,1776592629.278332,0.9934490753460473,0.19987496746166877,-0.6651239633293378,0.9370078740157479,0.7285714285714284,0.0,-0.3694443218943814,0.03178436135435327,0.805912331677371,0.015103410740203193,0.2707576825104331,-0.8812693997971666,0.966709936769817,0.9033121180456603,-0.6941434468524252,0.03571428571428571,1
1776592629.396558,1676,1776592629.396558,1776592629.396601,1776592629.247012,1776592629.278332,0.9930327462036278,0.18717541681068878,-0.6655718646703925,0.889763779527559,0.7285714285714284,0.0,-0.02500098685050724,0.496331866216074,0.8102955859079057,-0.6586084905660377,-0.3032491463877297,-0.8556808752573835,0.966709936769817,0.9033121180456603,-0.6941434468524252,0.03571428571428571,1
1776592629.446201,1677,1776592629.446201,1776592629.446251,1776592629.247012,1776592629.42501,0.9927037154550948,0.17418142093292197,-0.6659674697570919,0.8661417322834646,0.8857142857142857,0.0,-0.21944536679491852,0.07579481341518124,0.8396534195646007,0.6163144049346879,0.6425938973497373,-0.6780959003042503,0.966709936769817,0.9031062980906241,-0.7030443756449949,0.0449438202247191,1
1776592629.496206,1678,1776592629.496206,1776592629.496251,1776592629.247012,1776592629.42501,0.9922975785109465,0.161605622623635,-0.6663867077795581,0.8661417322834646,0.7999999999999999,0.0,0.03333232713281614,0.27261607070776234,0.8389398625870249,-0.045321571117561674,-0.11191805322204759,-0.7604912566458711,0.966709936769817,0.9031062980906241,-0.7030443756449949,0.0449438202247191,1
1776592629.546197,1679,1776592629.546197,1776592629.496251,1776592629.247012,1776592629.42501,0.9918085745634637,0.14874818105394322,-0.6668383769759811,0.9133858267716536,0.7857142857142857,0.0,0.03333232713281614,0.27261607070776234,0.8389398625870249,-0.045321571117561674,-0.11191805322204759,-0.7604912566458711,0.966709936769817,0.9031062980906241,-0.7030443756449949,0.0449438202247191,1
1776592629.596198,1680,1776592629.596198,1776592629.546246,1776592629.247012,1776592629.572145,0.991279909670535,0.1379646580381413,-0.6672633950069446,0.8188976377952756,0.5857142857142856,0.0,0.04999965169982097,0.1821517878767131,0.8488277479080059,-0.04229408563134978,0.07580889924665331,-0.7579327883462922,0.966709936769817,0.9027579873974858,-0.706656346749226,0.0646067415730337,1
1776592629.646213,1681,1776592629.646213,1776592629.59624,1776592629.247012,1776592629.572145,0.9906748032905732,0.12640661605622625,-0.6677341007501247,0.889763779527559,0.6285714285714284,0.0,0.5833331398332339,-0.15892385058499042,0.9103975579206912,-0.9154004898403483,-0.5126280418405507,-0.8418628415132611,0.966709936769817,0.9027579873974858,-0.706656346749226,0.0646067415730337,1
1776592629.696181,1682,1776592629.696181,1776592629.646253,1776592629.247012,1776592629.572145,0.9901623129731616,0.11431089148626562,-0.6681520565181462,0.8582677165354331,0.7999999999999999,0.0,-0.08055486540520082,0.255501178769277,0.865239558392249,0.1873072387518142,0.379058045634383,-0.8480035495866499,0.966709936769817,0.9027579873974858,-0.706656346749226,0.0646067415730337,1
1776592629.746181,1683,1776592629.746181,1776592629.746229,1776592629.247012,1776592629.715871,0.9896620089797699,0.10151745974848404,-0.6685465963473068,0.8740157480314961,0.9142857142857143,0.0,0.7250007546503878,0.29217638516886496,0.8456676976914549,-0.4289958272859216,-0.350184271855184,-0.738484971879898,0.966709936769817,0.9024888382255154,-0.7140092879256966,0.07945425361155699,1
1776592629.796193,1684,1776592629.796193,1776592629.746229,1776592629.247012,1776592629.715871,0.9891668010855134,0.08946867572192421,-0.6689185684982395,0.8267716535433071,0.8714285714285713,0.0,0.7250007546503878,0.29217638516886496,0.8456676976914549,-0.4289958272859216,-0.350184271855184,-0.738484971879898,0.966709936769817,0.9024888382255154,-0.7140092879256966,0.07945425361155699,1
1776592629.846184,1685,1776592629.846184,1776592629.846231,1776592629.846965,1776592629.715871,0.9885127278399453,0.07800238116574706,-0.6693573756962321,0.8818897637795275,0.7142857142857143,0.0,-0.46944362529402334,-0.21271394892306372,0.8207951158413823,-0.06344112844702467,0.259931711018373,-0.7180133839392729,0.966709936769817,0.9024888382255154,-0.7140092879256966,0.07945425361155699,1
1776592629.896237,1686,1776592629.896237,1776592629.846231,1776592629.846965,1776592629.861912,0.9878788174213915,0.06567408753984612,-0.6697859248586664,0.8976377952755906,0.857142857142857,0.0,-0.46944362529402334,-0.21271394892306372,0.8207951158413823,-0.06344112844702467,0.259931711018373,-0.7180133839392729,0.966709936769817,0.9022355213577783,-0.7205882352941176,0.08788121990369181,1
1776592629.946148,1687,1776592629.946148,1776592629.896276,1776592629.846965,1776592629.861912,0.9871686870853327,0.054216327627923645,-0.6702358580798414,0.8976377952755906,0.7428571428571428,0.0,0.09999930339964194,-0.3129578780313582,0.86167177350437,-0.14501315312046442,0.2057747547558398,-0.7676557361934909,0.966709936769817,0.9022355213577783,-0.7205882352941176,0.08788121990369181,1
1776592629.99616,1688,1776592629.99616,1776592629.996229,1776592629.846965,1776592629.861912,0.9865090746015737,0.04173441040543828,-0.6706423721928171,0.8976377952755906,0.9285714285714285,0.0,0.2805557942056782,-0.795843497046179,0.8885831139220897,0.060424981857764876,0.26715354181345186,-0.8065494483542825,0.966709936769817,0.9022355213577783,-0.7205882352941176,0.08788121990369181,1
1776592630.046158,1689,1776592630.046158,1776592629.996229,1776592629.846965,1776592630.008257,0.985818663953474,0.029866987569290643,-0.6710457299871595,0.8818897637795275,0.8714285714285713,0.0,0.2805557942056782,-0.795843497046179,0.8885831139220897,0.060424981857764876,0.26715354181345186,-0.8065494483542825,0.966709936769817,0.9018872106646402,-0.7272961816305469,0.07664526484751204,1
1776592630.096146,1690,1776592630.096146,1776592630.096189,1776592629.846965,1776592630.008257,0.9850992276972546,0.017370134719359564,-0.6714599178998124,0.9133858267716536,0.9571428571428571,0.0,0.33333255933293543,-0.10024495101490656,0.7951070646486541,0.1812636066763425,0.17690098097664084,-0.7159677617628077,0.966709936769817,0.9018872106646402,-0.7272961816305469,0.07664526484751204,1
1776592630.146143,1691,1776592630.146143,1776592630.14619,1776592629.846965,1776592630.008257,0.9842991401329771,0.004845544275600733,-0.6719057281797726,0.952755905511811,0.9428571428571428,0.0,0.18888783108834517,0.1711489193848531,0.8479102809892624,-0.7764309687953554,-0.5451195057178473,-0.8091098374258583,0.966709936769817,0.9018872106646402,-0.7272961816305469,0.07664526484751204,1
1776592630.196151,1692,1776592630.196151,1776592630.14619,1776592629.846965,1776592630.153193,0.9835132330184683,-0.007154165546494609,-0.6723220268805115,0.9133858267716536,0.9285714285714285,0.0,0.18888783108834517,0.1711489193848531,0.8479102809892624,-0.7764309687953554,-0.5451195057178473,-0.8091098374258583,0.966709936769817,0.9014439061461005,-0.734907120743034,0.057383627608346706,1
1776592630.246132,1693,1776592630.246132,1776592630.196193,1776592629.846965,1776592630.153193,0.9827262180563212,-0.01898104882243246,-0.6727262723894696,0.8976377952755906,0.9428571428571428,0.0,0.21111170451141612,-0.7493886443693457,0.7243628410815561,0.691842797532656,0.47653243726627287,-0.7471841482528658,0.966709936769817,0.9014439061461005,-0.734907120743034,0.057383627608346706,1
1776592630.296152,1694,1776592630.296152,1776592630.246177,1776592629.846965,1776592630.153193,0.9819236932272399,-0.030613768941576094,-0.6731308335302909,0.889763779527559,0.9428571428571428,0.0,-0.33333255933293543,0.03422978387697062,0.8657492906396645,-0.027190674891146585,-0.010825971492060053,-0.7707270506161836,0.966709936769817,0.9014439061461005,-0.734907120743034,0.057383627608346706,1
1776592630.346121,1695,1776592630.346121,1776592630.346167,1776592629.846965,1776592630.299355,0.981158835217856,-0.04132688114227679,-0.6735054293710875,0.8267716535433071,0.8857142857142857,0.0,-0.1333339525336516,-0.6809290766154045,0.9673802037616739,-0.3655546988388969,-0.2852013441005907,-0.7507683087986724,0.966709936769817,0.9009689370190936,-0.7422600619195047,0.03932584269662921,1
1776592630.39616,1696,1776592630.39616,1776592630.346167,1776592629.846965,1776592630.299355,0.9803350397141221,-0.05137215743004793,-0.6739002848321115,0.8346456692913385,0.7999999999999999,0.0,-0.1333339525336516,-0.6809290766154045,0.9673802037616739,-0.3655546988388969,-0.2852013441005907,-0.7507683087986724,0.966709936769817,0.9009689370190936,-0.7422600619195047,0.03932584269662921,1
1776592630.446206,1697,1776592630.446206,1776592630.396201,1776592630.447077,1776592630.444323,0.9794631636228922,-0.06229223475392487,-0.6742991251454101,0.8818897637795275,0.9142857142857143,0.0,0.4083331978832637,0.07212719058456124,0.8781854963536931,0.3685821843251088,0.2021706140588586,-0.7195500015366176,0.9667518110631883,0.9004781355878534,-0.7472910216718267,0.006019261637239166,1
1776592630.496211,1698,1776592630.496211,1776592630.496258,1776592630.447077,1776592630.444323,0.9784703105695755,-0.07352169293203437,-0.6747548581020736,0.9606299212598425,0.9285714285714285,0.0,0.516666163566408,0.3557451078775715,0.851681975818309,-0.2839826741654572,0.04693512546745434,-0.7686795076677219,0.9667518110631883,0.9004781355878534,-0.7472910216718267,0.006019261637239166,1
1776592630.54621,1699,1776592630.54621,1776592630.546264,1776592630.447077,1776592630.444323,0.9774869850059468,-0.08485356684120014,-0.6751849262428503,0.9448818897637795,0.9857142857142857,0.0,0.4055560844558274,-0.8814179567386056,0.7390418005154072,0.6163144049346879,0.6137201235705383,-0.7707270506161836,0.9667518110631883,0.9004781355878534,-0.7472910216718267,0.006019261637239166,1
1776592630.596187,1700,1776592630.596187,1776592630.546264,1776592630.447077,1776592630.592424,0.9764950182307407,-0.0947878927536603,-0.6756127257796092,0.9055118110236221,0.8428571428571427,0.0,0.4055560844558274,-0.8814179567386056,0.7390418005154072,0.6163144049346879,0.6137201235705383,-0.7707270506161836,0.9667518110631883,0.8997340172888761,-0.757094943240454,-0.018860353130016053,1
1776592630.646112,1701,1776592630.646112,1776592630.596233,1776592630.447077,1776592630.592424,0.9755161240576647,-0.10518308945587376,-0.6760145843226009,0.8976377952755906,0.9428571428571428,0.0,-0.08888852768870323,0.13325151267726248,0.8350662553928981,0.12990974238026123,0.3068532870847109,-0.821391253572636,0.9667518110631883,0.8997340172888761,-0.757094943240454,-0.018860353130016053,1
1776592630.696121,1702,1776592630.696121,1776592630.646158,1776592630.447077,1776592630.592424,0.9745447632485282,-0.11453279223688759,-0.6764229724997651,0.8582677165354331,0.8428571428571427,0.0,-0.30833389448362175,0.004889823138622654,0.7956167116850622,0.09667543541364296,0.06136523765649559,-0.7354136574572052,0.9667518110631883,0.8997340172888761,-0.757094943240454,-0.018860353130016053,1
1776592630.746107,1703,1776592630.746107,1776592630.746158,1776592630.447077,1776592630.740885,0.9735984397960141,-0.12323172839348125,-0.6768085760017953,0.8188976377952756,0.7999999999999999,0.0,-0.22777902907842093,-0.16259147341561045,0.8391437725281926,0.6737119013062408,0.14079182700124654,-0.7006131104213407,0.9667518110631883,0.8990532282068332,-0.7665118679050567,-0.03330658105939005,1
1776592630.79611,1704,1776592630.79611,1776592630.746158,1776592630.447077,1776592630.740885,0.9725834297899343,-0.13154873921967747,-0.6772248747025342,0.8503937007874015,0.757142857142857,0.0,-0.22777902907842093,-0.16259147341561045,0.8391437725281926,0.6737119013062408,0.14079182700124654,-0.7006131104213407,0.9667518110631883,0.8990532282068332,-0.7665118679050567,-0.03330658105939005,1
1776592630.846091,1705,1776592630.846091,1776592630.796158,1776592630.447077,1776592630.740885,0.9715697492010202,-0.13950302766504935,-0.6776281535889109,0.8346456692913385,0.7428571428571428,0.0,-0.39444530874488865,0.12836168953863983,0.8197757365575588,0.024174528301886794,0.0,-0.740019668705246,0.9667518110631883,0.8990532282068332,-0.7665118679050567,-0.03330658105939005,1
1776592630.896143,1706,1776592630.896143,1776592630.896191,1776592630.447077,1776592630.889444,0.9704295524118286,-0.147485053704249,-0.6780882462106866,0.9133858267716536,0.7428571428571428,0.0,0.7444451926448289,0.22249359520030904,0.821712582760126,-0.7371530297532656,-0.6462115874478348,-0.8219040996957497,0.9667518110631883,0.8985465944713593,-0.7778637770897833,-0.05377207062600321,1
1776592630.946095,1707,1776592630.946095,1776592630.94614,1776592630.447077,1776592630.889444,0.9693338910976907,-0.15486965464562022,-0.678525751427243,0.8661417322834646,0.7142857142857143,0.0,0.3777779841778839,0.3386302159390862,0.87522935607831,0.5649492017416545,0.26715354181345186,-0.7794262269891514,0.9667518110631883,0.8985465944713593,-0.7778637770897833,-0.05377207062600321,1
1776592630.996143,1708,1776592630.996143,1776592630.94614,1776592630.447077,1776592630.889444,0.968124121476823,-0.16304584384161408,-0.6789917226924732,0.9448818897637795,0.8285714285714285,0.0,0.3777779841778839,0.3386302159390862,0.87522935607831,0.5649492017416545,0.26715354181345186,-0.7794262269891514,0.9667518110631883,0.8985465944713593,-0.7778637770897833,-0.05377207062600321,1
1776592631.046079,1709,1776592631.046079,1776592631.046126,1776592631.046594,1776592631.037926,0.9668961831546892,-0.17006772240216098,-0.6794714633977411,0.9370078740157479,0.7142857142857143,0.0,-0.02222155142187743,0.3569683300921862,0.8247706354005894,-0.3293042452830188,-0.04331743536935668,-0.8582393435569624,0.9668355596499308,0.8979607992147177,-0.7899896800825594,-0.06139646869983948,1
1776592631.096133,1710,1776592631.096133,1776592631.046126,1776592631.046594,1776592631.037926,0.9656886292290975,-0.17838259956729355,-0.6798990459375941,0.9212598425196851,0.9285714285714285,0.0,-0.02222155142187743,0.3569683300921862,0.8247706354005894,-0.3293042452830188,-0.04331743536935668,-0.8582393435569624,0.9668355596499308,0.8979607992147177,-0.7899896800825594,-0.06139646869983948,1
1776592631.196159,1712,1776592631.196159,1776592631.146121,1776592631.046594,1776592631.186604,0.9632183505655341,-0.19013267104493917,-0.6808478944997342,0.8661417322834646,0.657142857142857,0.0,-0.32777833247806293,-0.11002459729215186,0.8037716607446437,-0.1540729317851959,0.22744024714107636,-0.8868991825194382,0.9668355596499308,0.8972325132199739,-0.8037925696594427,-0.07303370786516854,1
1776592631.246074,1713,1776592631.246074,1776592631.246118,1776592631.046594,1776592631.186604,0.9619000118761266,-0.19485019565671954,-0.681376775140724,0.952755905511811,0.557142857142857,0.0,0.6055546912551113,-0.07212719058456124,0.8089703843178343,-0.8036216436865021,-0.6462115874478348,-0.9150461753588003,0.9668355596499308,0.8972325132199739,-0.8037925696594427,-0.07303370786516854,1
1776592631.296122,1714,1776592631.296122,1776592631.29617,1776592631.046594,1776592631.186604,0.9607447483590561,-0.19995391292102468,-0.6818023258004567,0.8267716535433071,0.657142857142857,0.0,-0.09166564111613952,-0.5929091944003606,0.7257900402477152,0.691842797532656,0.620941954365617,-0.8357221334398722,0.9668355596499308,0.8972325132199739,-0.8037925696594427,-0.07303370786516854,1
1776592631.346112,1715,1776592631.346112,1776592631.346159,1776592631.046594,1776592631.334974,0.9595580219690618,-0.20331656275737287,-0.6822746886109193,0.84251968503937,0.45714285714285713,0.0,0.42777763587770484,-0.018337092246487965,0.8673802293249763,0.05739749637155297,-0.3429624410601052,-0.8362330587909893,0.9668355596499308,0.8964408980082961,-0.8173374613003097,-0.0774478330658106,1
1776592631.396165,1716,1776592631.396165,1776592631.396266,1776592631.046594,1776592631.334974,0.9583460366529175,-0.2080084834363892,-0.6827061770950811,0.8503937007874015,0.6714285714285714,0.0,-0.18611071766090886,-0.09413190566166921,0.8182466250263196,0.04833771770682148,0.1335699962061677,-0.7963155751559666,0.9668355596499308,0.8964408980082961,-0.8173374613003097,-0.0774478330658106,1
1776592631.446118,1717,1776592631.446118,1776592631.396266,1776592631.046594,1776592631.334974,0.9571839044804903,-0.21192801881035594,-0.6831239947741621,0.811023622047244,0.6,0.0,-0.18611071766090886,-0.09413190566166921,0.8182466250263196,0.04833771770682148,0.1335699962061677,-0.7963155751559666,0.9668355596499308,0.8964408980082961,-0.8173374613003097,-0.0774478330658106,1
1776592631.496083,1718,1776592631.496083,1776592631.496131,1776592631.046594,1776592631.483938,0.9559519779068592,-0.21642364267151434,-0.6835458564864922,0.8503937007874015,0.7142857142857143,0.0,-0.23611036936072982,0.1955990569845784,0.8231396115042698,0.6706957547169811,0.6101024334724405,-0.6806543686038292,0.9668355596499308,0.8956492827966182,-0.8284313725490196,-0.08868378812199038,1
1776592631.546113,1719,1776592631.546113,1776592631.546163,1776592631.046594,1776592631.483938,0.9547023257710177,-0.22130759284626117,-0.6839554480101354,0.8503937007874015,0.7999999999999999,0.0,0.5833331398332339,-0.1821517878767131,0.8929663681526244,-0.045321571117561674,0.03249146387729662,-0.764073496419681,0.9668355596499308,0.8956492827966182,-0.8284313725490196,-0.08868378812199038,1
1776592631.596161,1720,1776592631.596161,1776592631.596202,1776592631.046594,1776592631.483938,0.9533416673018326,-0.22593977101549464,-0.6844066634857551,0.9212598425196851,0.8142857142857143,0.0,0.18611071766090886,0.27139387039975965,0.8415901805561603,0.033234306966618284,0.06136523765649559,-0.7456494514275178,0.9668355596499308,0.8956492827966182,-0.8284313725490196,-0.08868378812199038,1
1776592631.646057,1721,1776592631.646057,1776592631.646117,1776592631.646529,1776592631.629431,0.9520716307694488,-0.2304930037253722,-0.684799408158693,0.8503937007874015,0.8285714285714285,0.0,-0.14999895509946293,-0.7542784675079683,0.963404684202467,-0.3595110667634252,-0.2490921901251965,-0.8362330587909893,0.9667518110631883,0.8948734998891738,-0.837719298245614,-0.10914927768860352,1
1776592631.696084,1722,1776592631.696084,1776592631.646117,1776592631.646529,1776592631.629431,0.9507209429290073,-0.23417143539914398,-0.6852534051401084,0.9055118110236221,0.757142857142857,0.0,-0.14999895509946293,-0.7542784675079683,0.963404684202467,-0.3595110667634252,-0.2490921901251965,-0.8362330587909893,0.9667518110631883,0.8948734998891738,-0.837719298245614,-0.10914927768860352,1
1776592631.746094,1723,1776592631.746094,1776592631.746141,1776592631.646529,1776592631.629431,0.9494544515090657,-0.23684064538979854,-0.6856953686567342,0.8503937007874015,0.6428571428571428,0.0,0.08611141426126692,-0.22493901772292638,0.8229357867741097,0.060424981857764876,0.15883962928838546,-0.7917095639079259,0.9667518110631883,0.8948734998891738,-0.837719298245614,-0.10914927768860352,1
1776592631.796148,1724,1776592631.796148,1776592631.796205,1776592631.646529,1776592631.775452,0.9480920204836597,-0.23917060327132916,-0.6861772004230967,0.9133858267716536,0.657142857142857,0.0,0.02500098685050724,0.07823921403118655,0.8440366737951355,-0.3293042452830188,-0.06498292775459324,-0.790685792433695,0.9667518110631883,0.894224375415598,-0.8498452012383901,-0.12720706260032102,1
1776592631.846036,1725,1776592631.846036,1776592631.846083,1776592631.646529,1776592631.775452,0.9468510095593956,-0.24221107028706276,-0.6865610679498786,0.811023622047244,0.757142857142857,0.0,0.6555566649561259,-0.8606354419695001,0.7976554702527094,0.383685595065312,0.4332150018969162,-0.7824975414118442,0.9667518110631883,0.894224375415598,-0.8498452012383901,-0.12720706260032102,1
1776592631.896061,1726,1776592631.896061,1776592631.896115,1776592631.646529,1776592631.775452,0.9455120649039185,-0.24492081983792713,-0.6869844486405509,0.8740157480314961,0.7714285714285714,0.0,-0.005556548856066112,-0.11369222012277187,0.8434251143936474,0.0060436320754716985,0.36461438404422525,-0.846979778112419,0.9667518110631883,0.894224375415598,-0.8498452012383901,-0.12720706260032102,1
1776592631.946146,1727,1776592631.946146,1776592631.946197,1776592631.646529,1776592631.921525,0.9442504480135849,-0.24558652208979298,-0.6874527279637818,0.8503937007874015,0.5142857142857142,0.0,-0.6555566649561259,-0.05501229864607593,0.8192660043101432,-0.0030161465892597967,0.5162457319386484,-0.7727726727926489,0.9667518110631883,0.8934485925081537,-0.8595201238390093,-0.1420545746388443,1
1776592631.996106,1728,1776592631.996106,1776592631.996159,1776592631.646529,1776592631.921525,0.94302915677728,-0.24584896240062473,-0.6879149313736435,0.8267716535433071,0.4857142857142857,0.0,0.39444530874488865,-0.05012247550745328,0.8221202322204463,-0.33534787735849053,-0.14079182700124654,-0.8152505454992471,0.9667518110631883,0.8934485925081537,-0.8595201238390093,-0.1420545746388443,1
1776592632.046077,1729,1776592632.046077,1776592631.996159,1776592631.646529,1776592631.921525,0.9418878521404503,-0.24620101647613074,-0.6883289811973562,0.7637795275590551,0.5,0.0,0.39444530874488865,-0.05012247550745328,0.8221202322204463,-0.33534787735849053,-0.14079182700124654,-0.8152505454992471,0.9667518110631883,0.8934485925081537,-0.8595201238390093,-0.1420545746388443,1
1776592632.096077,1730,1776592632.096077,1776592632.096129,1776592631.646529,1776592632.06743,0.9406171508994836,-0.24792501461557828,-0.6887185498246695,0.811023622047244,0.757142857142857,0.0,-0.23888980478935964,0.3679701766774342,0.835372077699146,0.13896952104499272,0.050539266164435534,-0.7778915301638034,0.9667518110631883,0.8927994680345778,-0.8712590299277606,-0.1456661316211878,1
1776592632.146079,1731,1776592632.146079,1776592632.146126,1776592631.646529,1776592632.06743,0.9393588575520644,-0.24991998771011228,-0.6890766144466244,0.7874015748031497,0.8142857142857143,0.0,0.5249998258499105,-0.01711489193848531,0.8205912059002146,0.14501315312046442,-0.028887323180315436,-0.605936337932942,0.9667518110631883,0.8927994680345778,-0.8712590299277606,-0.1456661316211878,1
1776592632.19604,1732,1776592632.19604,1776592632.146126,1776592631.646529,1776592632.06743,0.9380307698034411,-0.2513196693678816,-0.6894716079965885,0.84251968503937,0.7999999999999999,0.0,0.5249998258499105,-0.01711489193848531,0.8205912059002146,0.14501315312046442,-0.028887323180315436,-0.605936337932942,0.9667518110631883,0.8927994680345778,-0.8712590299277606,-0.1456661316211878,1
1776592632.246005,1733,1776592632.246005,1776592632.196087,1776592632.246473,1776592632.213273,0.936746552821289,-0.25161838191679575,-0.6898878277893615,0.8346456692913385,0.6714285714285714,0.0,0.4805567230061556,0.29951060892349296,0.8070337085372823,-0.13896952104499272,-0.11191805322204759,-0.6673491809828207,0.9667518110631883,0.8922611696906367,-0.8833849329205365,-0.13563402889245585,1
1776592632.296018,1734,1776592632.296018,1776592632.246049,1776592632.246473,1776592632.213273,0.9353059077526292,-0.2521603318269686,-0.6903444681876323,0.9212598425196851,0.8142857142857143,0.0,0.46111228501171453,-0.6173593320000859,0.8564729647201718,0.19637835631349781,0.2093924448539375,-0.7313204923322782,0.9667518110631883,0.8922611696906367,-0.8833849329205365,-0.13563402889245585,1
1776592632.346019,1735,1776592632.346019,1776592632.296064,1776592632.246473,1776592632.213273,0.9338311409767138,-0.25305860313477485,-0.6907755818589562,0.9212598425196851,0.9142857142857143,0.0,0.31111100791105806,0.06845956775394124,0.8494393073094939,0.045321571117561674,0.24548804942821528,-0.7502554626755585,0.9667518110631883,0.8922611696906367,-0.8833849329205365,-0.13563402889245585,1
1776592632.396,1736,1776592632.396,1776592632.396094,1776592632.246473,1776592632.359041,0.9323204799373224,-0.25336158300581635,-0.6912232662031048,0.952755905511811,0.8999999999999999,0.0,0.347222770472504,0.3312959921844582,0.8088685571637617,-0.5860962445573294,-0.3429624410601052,-0.8050147515289345,0.9667518110631883,0.8918495297805642,-0.8943498452012384,-0.1187800963081862,1
1776592632.446035,1737,1776592632.446035,1776592632.44608,1776592632.246473,1776592632.359041,0.9308073816331269,-0.25381178549025135,-0.6916515983686331,0.9370078740157479,0.9571428571428571,0.0,-0.22222248022235483,-0.2347186640001717,0.7804281904258105,0.709962354862119,0.47653243726627287,-0.7702142044930699,0.9667518110631883,0.8918495297805642,-0.8943498452012384,-0.1187800963081862,1
1776592632.495997,1738,1776592632.495997,1776592632.496085,1776592632.246473,1776592632.359041,0.9293503404194223,-0.2538693943389705,-0.6920754130531175,0.9055118110236221,0.9142857142857143,0.0,-0.3444456570450677,0.19437685667657575,0.8134557213354644,-0.05135386429608128,0.03609560457427782,-0.7922204892590431,0.9667518110631883,0.8918495297805642,-0.8943498452012384,-0.1187800963081862,1
1776592632.546034,1739,1776592632.546034,1776592632.496085,1776592632.246473,1776592632.504797,0.9279271993434453,-0.253455464092618,-0.692491948477754,0.889763779527559,0.8714285714285713,0.0,-0.3444456570450677,0.19437685667657575,0.8134557213354644,-0.05135386429608128,0.03609560457427782,-0.7922204892590431,0.9667518110631883,0.8913270637408569,-0.9040247678018576,-0.09871589085072231,1
1776592632.596195,1740,1776592632.596195,1776592632.546083,1776592632.246473,1776592632.504797,0.9266106332102588,-0.2528857765886174,-0.6928699373610813,0.8188976377952756,0.8142857142857143,0.0,0.18333360423347256,0.09046428283104921,0.8468909017054387,-0.07552839259796806,-0.06498292775459324,-0.740019668705246,0.9667518110631883,0.8913270637408569,-0.9040247678018576,-0.09871589085072231,1
1776592632.64599,1741,1776592632.64599,1776592632.596836,1776592632.246473,1776592632.504797,0.9252969474809317,-0.25140288214936485,-0.6932893923804535,0.8503937007874015,0.7428571428571428,0.0,0.14999895509946293,-0.025672337907727962,0.8924567211162164,-0.7824746008708272,-0.6245460950625983,-0.8126920771996682,0.9667518110631883,0.8913270637408569,-0.9040247678018576,-0.09871589085072231,1
1776592632.696082,1742,1776592632.696082,1776592632.69613,1776592632.246473,1776592632.650735,0.9239331870383598,-0.25011628452797013,-0.6937005028824389,0.8582677165354331,0.8285714285714285,0.0,0.31944467019456046,0.04400943015421593,0.8904179625485692,-0.1631440493468795,-0.3104709771828085,-0.820367482098405,0.9667518110631883,0.8906779392672809,-0.9169246646026832,-0.07624398073836276,1
1776592632.746078,1743,1776592632.746078,1776592632.69613,1776592632.246473,1776592632.650735,0.9224313887800736,-0.24811917777237252,-0.6941571235537181,0.9606299212598425,0.8857142857142857,0.0,0.31944467019456046,0.04400943015421593,0.8904179625485692,-0.1631440493468795,-0.3104709771828085,-0.820367482098405,0.9667518110631883,0.8906779392672809,-0.9169246646026832,-0.07624398073836276,1
1776592632.795978,1744,1776592632.795978,1776592632.746125,1776592632.246473,1776592632.650735,0.9209652632157359,-0.24651039733036328,-0.6945695952181142,0.9133858267716536,0.9428571428571428,0.0,0.4027789710283911,0.42176027501550745,0.8232416090803577,-0.3746258164005805,-0.19494878326377976,-0.7911967177848122,0.9667518110631883,0.8906779392672809,-0.9169246646026832,-0.07624398073836276,1
1776592632.846015,1745,1776592632.846015,1776592632.846063,1776592632.846473,1776592632.797554,0.9195598477019695,-0.24330563841272687,-0.6950424117493803,0.9370078740157479,0.757142857142857,0.0,-0.23055614250585726,0.022004715077107963,0.7879714096618887,-0.012087264150943397,0.3140751178797897,-0.8336745904914103,0.9667518110631883,0.8901554732275735,-0.9258255933952528,-0.05096308186195826,1
1776592632.896054,1746,1776592632.896054,1776592632.8961,1776592632.846473,1776592632.797554,0.9182182442121608,-0.23979363230192158,-0.6955082843796534,0.9055118110236221,0.7142857142857143,0.0,0.09166564111613952,-0.3398534381537009,0.8061162416185388,0.10271906748911465,-0.0036041406969811937,-0.8408390700390301,0.9667518110631883,0.8901554732275735,-0.9258255933952528,-0.05096308186195826,1
1776592632.946012,1747,1776592632.946012,1776592632.8961,1776592632.846473,1776592632.942603,0.9169291527004007,-0.23534281532310028,-0.6959882420818273,0.9133858267716536,0.6142857142857142,0.0,0.09166564111613952,-0.3398534381537009,0.8061162416185388,0.10271906748911465,-0.0036041406969811937,-0.8408390700390301,0.9667518110631883,0.8898229948386688,-0.9353715170278637,-0.023274478330658103,1
1776592632.995958,1748,1776592632.995958,1776592632.946062,1776592632.846473,1776592632.942603,0.9156943457229104,-0.23109682980639162,-0.696439457557447,0.8661417322834646,0.6285714285714284,0.0,0.31111100791105806,0.13080711206125717,0.8032620137082357,-0.7643437046444121,-0.6425938973497373,-0.8874101078705554,0.9667518110631883,0.8898229948386688,-0.9353715170278637,-0.023274478330658103,1
1776592633.046009,1749,1776592633.046009,1776592633.046057,1776592632.846473,1776592632.942603,0.9144586524673096,-0.22634730027865613,-0.6969094925829176,0.8818897637795275,0.6142857142857142,0.0,0.23333325593329352,-0.19804345760058373,0.8506625965344853,0.024174528301886794,-0.15883962928838546,-0.8679622914041613,0.9667518110631883,0.8898229948386688,-0.9353715170278637,-0.023274478330658103,1
1776592633.095952,1750,1776592633.095952,1776592633.095996,1776592632.846473,1776592633.085422,0.9132759143288127,-0.22064189059439532,-0.6974080331110449,0.8976377952755906,0.5142857142857142,0.0,0.07500063855032822,0.3105134774153529,0.8132518113942967,0.211481767053701,0.1732832908785432,-0.8316270475429485,0.9667518110631883,0.889743833317501,-0.9463364293085655,0.0072231139646869984,1
1776592633.145945,1751,1776592633.145945,1776592633.095996,1776592632.846473,1776592633.085422,0.9121459097378921,-0.21502609467480874,-0.6978764899771989,0.8582677165354331,0.5142857142857142,0.0,0.07500063855032822,0.3105134774153529,0.8132518113942967,0.211481767053701,0.1732832908785432,-0.8316270475429485,0.9667518110631883,0.889743833317501,-0.9463364293085655,0.0072231139646869984,1
1776592633.195927,1752,1776592633.195927,1776592633.14599,1776592632.846473,1776592633.085422,0.9109197439719795,-0.2094209670605405,-0.6983487738796957,0.8976377952755906,0.6428571428571428,0.0,0.4027789710283911,-0.1711489193848531,0.9724771001807921,-0.788518232946299,-0.6281637851606959,-0.9503576477457821,0.9667518110631883,0.889743833317501,-0.9463364293085655,0.0072231139646869984,1
1776592633.245947,1753,1776592633.245947,1776592633.245992,1776592632.846473,1776592633.228789,0.90969889587473,-0.20360033967884134,-0.6988214325950303,0.8976377952755906,0.657142857142857,0.0,0.1333339525336516,0.06112432209270124,0.8763506477272137,0.11177884615384615,0.1335699962061677,-0.8561918006085005,0.9667518110631883,0.8897754979259681,-0.9522703818369452,0.0413322632423756,1
1776592633.295993,1754,1776592633.295993,1776592633.245992,1776592632.846473,1776592633.228789,0.9083176314394752,-0.19766236093864017,-0.699297326536964,0.968503937007874,0.8428571428571427,0.0,0.1333339525336516,0.06112432209270124,0.8763506477272137,0.11177884615384615,0.1335699962061677,-0.8561918006085005,0.9667518110631883,0.8897754979259681,-0.9522703818369452,0.0413322632423756,1
1776592633.345987,1755,1776592633.345987,1776592633.346033,1776592632.846473,1776592633.228789,0.9069638416256467,-0.19256077733539873,-0.6997037025609996,0.8976377952755906,0.9285714285714285,0.0,0.42222340902283223,-0.5916869940923579,0.7358817502988563,0.6102707728592163,0.6462115874478348,-0.7615150281201021,0.9667518110631883,0.8897754979259681,-0.9522703818369452,0.0413322632423756,1
1776592633.396112,1756,1776592633.396112,1776592633.346033,1776592632.846473,1776592633.374265,0.9057015600267301,-0.1862920811303283,-0.7001613095818515,0.9133858267716536,0.7714285714285714,0.0,0.42222340902283223,-0.5916869940923579,0.7358817502988563,0.6102707728592163,0.6462115874478348,-0.7615150281201021,0.9667518110631883,0.8899021563598366,-0.9580753353973168,0.06300160513643659,1
1776592633.445939,1757,1776592633.445939,1776592633.445983,1776592633.44644,1776592633.374265,0.9044827060552293,-0.17988256329505548,-0.7006087572021027,0.8976377952755906,0.757142857142857,0.0,-0.35555643275600646,0.009779646277245308,0.8012232551405882,0.045321571117561674,0.0036041406969811937,-0.768166661544608,0.9668355596499308,0.8899021563598366,-0.9580753353973168,0.06300160513643659,1
1776592633.496079,1758,1776592633.496079,1776592633.496129,1776592633.44644,1776592633.374265,0.9034145193625178,-0.173255412031288,-0.7010390423397853,0.8346456692913385,0.6142857142857142,0.0,0.20555515565535,0.046454852676833275,0.7995923164552765,-0.7552839259796806,-0.5198498726356295,-0.8331617443682965,0.9668355596499308,0.8899021563598366,-0.9580753353973168,0.06300160513643659,1
1776592633.545987,1759,1776592633.545987,1776592633.496129,1776592633.44644,1776592633.519401,0.9024309722293616,-0.1671723443387571,-0.7014220024249601,0.7637795275590551,0.6,0.0,0.20555515565535,0.046454852676833275,0.7995923164552765,-0.7552839259796806,-0.5198498726356295,-0.8331617443682965,0.9668355596499308,0.8900446470979385,-0.9640092879256965,0.08547351524879615,1
1776592633.59694,1760,1776592633.59694,1776592633.546035,1776592633.44644,1776592633.519401,0.901412860249895,-0.16024434686501182,-0.7018455212045728,0.8188976377952756,0.6,0.0,-0.4194439735942024,0.3435210609843209,0.8721713034378465,0.5740203193033382,0.2707576825104331,-0.687818848151449,0.9668355596499308,0.8900446470979385,-0.9640092879256965,0.08547351524879615,1
1776592633.645907,1761,1776592633.645907,1776592633.645952,1776592633.44644,1776592633.519401,0.9003499912258467,-0.1526997213438651,-0.7023019446059373,0.8740157480314961,0.6428571428571428,0.0,0.5083325012829056,0.2347186640001717,0.8374108362667932,0.018130896226415092,0.07942658934475097,-0.7686795076677219,0.9668355596499308,0.8900446470979385,-0.9640092879256965,0.08547351524879615,1
1776592633.695911,1762,1776592633.695911,1776592633.695955,1776592633.44644,1776592633.665542,0.8992756005863616,-0.14489692283401398,-0.7027586441851822,0.8818897637795275,0.6714285714285714,0.0,0.7722232929227725,0.0,0.8589194579591469,-0.7734148222060958,-0.350184271855184,-0.8817803251482836,0.9668355596499308,0.8900921440106393,-0.9699432404540764,0.10874799357945425,1
1776592633.74589,1763,1776592633.74589,1776592633.745936,1776592633.44644,1776592633.665542,0.8983252888823501,-0.13691489679481436,-0.7032112208232125,0.84251968503937,0.557142857142857,0.0,-0.21111170451141612,0.025672337907727962,0.8462793423039505,0.3957728592162554,0.5415153650208662,-0.795802729032853,0.9668355596499308,0.8900921440106393,-0.9699432404540764,0.10874799357945425,1
1776592633.795947,1764,1776592633.795947,1776592633.796125,1776592633.44644,1776592633.665542,0.8974179616666992,-0.12894780638306044,-0.7036476016012556,0.8188976377952756,0.5428571428571428,0.0,0.35833354618344276,-0.41931485249289013,0.8594291902065625,0.11480633164005805,0.057761096959514396,-0.8817803251482836,0.9668355596499308,0.8900921440106393,-0.9699432404540764,0.10874799357945425,1
1776592633.845905,1765,1776592633.845905,1776592633.845949,1776592633.44644,1776592633.811729,0.896640031055185,-0.11980506872522287,-0.7041463788532806,0.8503937007874015,0.35714285714285715,0.0,-0.08611141426126692,0.4266500981541301,0.8239551660579335,-0.2024106494920174,0.10107853232887107,-0.8485163957097637,0.9668355596499308,0.8901238086191064,-0.9770381836945304,0.13563402889245585,1
1776592633.895972,1766,1776592633.895972,1776592633.896061,1776592633.44644,1776592633.811729,0.8957309312833129,-0.11208761665791867,-0.7045513148069398,0.7874015748031497,0.6285714285714284,0.0,0.5416671504169153,0.17726196473809044,0.9051987491364929,-0.8247686865021769,-0.5884504904883205,-0.8730811487753157,0.9668355596499308,0.8901238086191064,-0.9770381836945304,0.13563402889245585,1
1776592633.945884,1767,1776592633.945884,1776592633.94593,1776592633.44644,1776592633.811729,0.8947593489046488,-0.10374713556002202,-0.7049746757706207,0.84251968503937,0.7,0.0,0.08055486540520082,0.3337403928004635,0.8620795081756979,0.17523131349782292,0.23104438783805759,-0.7205737730108486,0.9668355596499308,0.8901238086191064,-0.9770381836945304,0.13563402889245585,1
1776592633.995968,1768,1776592633.995968,1776592633.94593,1776592633.44644,1776592633.956738,0.893624026645065,-0.09519755567788546,-0.7053797695402114,0.889763779527559,0.9142857142857143,0.0,0.08055486540520082,0.3337403928004635,0.8620795081756979,0.17523131349782292,0.23104438783805759,-0.7205737730108486,0.9668355596499308,0.890171305531807,-0.984907120743034,0.14646869983948635,1
1776592634.045871,1769,1776592634.045871,1776592634.045915,1776592634.046359,1776592633.956738,0.8924461630361761,-0.08601641212090178,-0.7058030515959265,0.9370078740157479,0.9714285714285714,0.0,0.44722207387214596,0.18826381132333841,0.8199796464987265,-0.42597968069666176,-0.25270988022329416,-0.7891491748363503,0.9668774339433022,0.890171305531807,-0.984907120743034,0.14646869983948635,1
1776592634.095876,1770,1776592634.095876,1776592634.045915,1776592634.046359,1776592633.956738,0.8914446687712817,-0.0767008479169067,-0.7062410302602777,0.889763779527559,0.7857142857142857,0.0,0.44722207387214596,0.18826381132333841,0.8199796464987265,-0.42597968069666176,-0.25270988022329416,-0.7891491748363503,0.9668774339433022,0.890171305531807,-0.984907120743034,0.14646869983948635,1
1776592634.195903,1772,1776592634.195903,1776592634.196692,1776592634.046359,1776592634.102349,0.8894782392135522,-0.05797583842211498,-0.7070735487537897,0.8267716535433071,0.8285714285714285,0.0,-0.05277676512725727,-0.22493901772292638,0.8222222297965339,0.15105678519593613,0.3321229201669286,-0.7635606502965672,0.9668774339433022,0.89013964092334,-0.9930340557275542,0.15930979133226322,1
1776592634.24584,1773,1776592634.24584,1776592634.245883,1776592634.046359,1776592634.102349,0.88852238827135,-0.04856639313131831,-0.7074697456502329,0.8582677165354331,0.8285714285714285,0.0,0.24166691821679595,0.15281182713836514,0.809989763601658,-0.6163144049346879,-0.5342935342257873,-0.7558852453978303,0.9668774339433022,0.89013964092334,-0.9930340557275542,0.15930979133226322,1
1776592634.295847,1774,1776592634.295847,1776592634.245883,1776592634.046359,1776592634.250285,0.8875787236531674,-0.03953460584879171,-0.7078387192984641,0.8188976377952756,0.857142857142857,0.0,0.24166691821679595,0.15281182713836514,0.809989763601658,-0.6163144049346879,-0.5342935342257873,-0.7558852453978303,0.9668774339433022,0.8898229948386688,-0.9975490196078431,0.1657303370786517,1
1776592634.34586,1775,1776592634.34586,1776592634.345904,1776592634.046359,1776592634.250285,0.8866795945100389,-0.030050482420766494,-0.7082333380355906,0.8346456692913385,0.8142857142857143,0.0,-0.06111042741075969,0.21515834953906904,0.825382280013085,0.027190674891146585,0.025269633082217767,-0.713920218814346,0.9668774339433022,0.8898229948386688,-0.9975490196078431,0.1657303370786517,1
1776592634.395841,1776,1776592634.395841,1776592634.345904,1776592634.046359,1776592634.393652,0.8857891065784879,-0.020865071541655466,-0.7086020749599242,0.8031496062992125,0.8428571428571427,0.0,-0.06111042741075969,0.21515834953906904,0.825382280013085,0.027190674891146585,0.025269633082217767,-0.713920218814346,0.9668774339433022,0.8894905164497641,-1.0,0.15971107544141253,1
1776592634.445902,1777,1776592634.445902,1776592634.395886,1776592634.046359,1776592634.393652,0.8848662694959027,-0.010294914632220844,-0.7090246862979297,0.8976377952755906,0.8714285714285713,0.0,0.1333339525336516,-0.09657732818428655,0.802140722059332,0.2084542815674891,-0.039713294672375485,-0.683725683026522,0.9668774339433022,0.8894905164497641,-1.0,0.15971107544141253,1
1776592634.495898,1778,1776592634.495898,1776592634.495942,1776592634.046359,1776592634.393652,0.8839715717433267,-0.00030511353210519804,-0.7094053975060782,0.84251968503937,0.8857142857142857,0.0,0.5666681372674226,-0.8997550489850935,0.7790009912596513,0.5256826015965167,0.350184271855184,-0.7062428931436123,0.9668774339433022,0.8894905164497641,-1.0,0.15971107544141253,1
1776592634.545848,1779,1776592634.545848,1776592634.545893,1776592634.046359,1776592634.536827,0.8831703763314113,0.010821928914948003,-0.7098517206878163,0.9055118110236221,0.7714285714285714,0.0,0.14444472824459031,0.12713948923063717,0.8179408879310792,-0.09063180333817125,-0.1732832908785432,-0.7927333353821568,0.9668774339433022,0.8893163611031949,-0.9996130030959752,0.14245585874799357,1
1776592634.595932,1780,1776592634.595932,1776592634.545893,1776592634.046359,1776592634.536827,0.8823815888130431,0.02223488194453335,-0.7103058754851632,0.9133858267716536,0.7857142857142857,0.0,0.14444472824459031,0.12713948923063717,0.8179408879310792,-0.09063180333817125,-0.1732832908785432,-0.7927333353821568,0.9668774339433022,0.8893163611031949,-0.9996130030959752,0.14245585874799357,1
1776592634.64589,1781,1776592634.64589,1776592634.595996,1776592634.64638,1776592634.536827,0.8816858604962803,0.033989220744306325,-0.7107832686784477,0.9212598425196851,0.7,0.0,0.191667266516975,-0.16870451876884782,0.7880734072379764,0.09970292089985486,-0.007221830795078859,-0.8096207627769754,0.9670449311167875,0.8893163611031949,-0.9996130030959752,0.14245585874799357,1
1776592634.695824,1782,1776592634.695824,1776592634.645934,1776592634.64638,1776592634.679491,0.8810851855068713,0.04498610986647549,-0.7112186828339094,0.8503937007874015,0.6285714285714284,0.0,0.32777833247806293,-0.12469406670801983,0.9258919014861907,-0.8700902576197387,-0.6787030513251314,-0.9155571007099174,0.9670449311167875,0.8893955226243627,-0.9985810113519092,0.1296147672552167,1
1776592634.745879,1783,1776592634.745879,1776592634.69587,1776592634.64638,1776592634.679491,0.8804235788973637,0.05703702755409898,-0.7116886981323886,0.9212598425196851,0.7285714285714284,0.0,0.02500098685050724,-0.06112432209270124,0.7806320151559706,0.8791500362844702,0.4332150018969162,-0.8106445342512063,0.9670449311167875,0.8893955226243627,-0.9985810113519092,0.1296147672552167,1
1776592634.795887,1784,1776592634.795887,1776592634.745923,1776592634.64638,1776592634.679491,0.8798463902778837,0.0695701526421125,-0.7121907895189785,0.9448818897637795,0.657142857142857,0.0,0.502778274428033,-0.2823957169850076,0.8902140526074014,-0.16918768142235122,-0.23826621863313643,-0.8915051937674792,0.9670449311167875,0.8893955226243627,-0.9985810113519092,0.1296147672552167,1
1776592634.845821,1785,1776592634.845821,1776592634.796052,1776592634.64638,1776592634.823249,0.8791391403456839,0.08143757547826014,-0.712606555590948,0.889763779527559,0.8714285714285713,0.0,0.1333339525336516,0.255501178769277,0.8171254185884234,-0.03927793904208998,0.025269633082217767,-0.8490273210608807,0.9670449311167875,0.8895063487539976,-0.9930340557275542,0.1312199036918138,1
1776592634.895837,1786,1776592634.895837,1776592634.895881,1776592634.64638,1776592634.823249,0.8786118048699209,0.09422033891072334,-0.7130999276473134,0.9448818897637795,0.6714285714285714,0.0,0.22499959364979114,0.11858204326139453,0.8535168244447884,0.17220382801161102,0.3610102433472441,-0.8607978118565414,0.9670449311167875,0.8895063487539976,-0.9930340557275542,0.1312199036918138,1
1776592634.945821,1787,1776592634.945821,1776592634.945867,1776592634.64638,1776592634.823249,0.8780612045937567,0.10638007331259415,-0.7135485786140435,0.889763779527559,0.7428571428571428,0.0,0.030555213705379846,-0.23960848713879435,0.8006116957391003,0.16616019593613932,0.12634816541108884,-0.8321379728940655,0.9670449311167875,0.8895063487539976,-0.9930340557275542,0.1312199036918138,1
1776592634.995932,1788,1776592634.995932,1776592634.945867,1776592634.64638,1776592634.965703,0.8775314318531897,0.11965357878970209,-0.714035835303057,0.9606299212598425,0.757142857142857,0.0,0.030555213705379846,-0.23960848713879435,0.8006116957391003,0.16616019593613932,0.12634816541108884,-0.8321379728940655,0.9670449311167875,0.8896488394920997,-0.9907120743034056,0.12158908507223114,1
1776592635.045805,1789,1776592635.045805,1776592635.045848,1776592634.64638,1776592634.965703,0.8770694593880781,0.13115401192289802,-0.7144412249775196,0.8267716535433071,0.7,0.0,-0.3777779841778839,0.21638157175368372,0.7665647855456227,0.9093568577648766,0.559563167308005,-0.7523030056240204,0.9670449311167875,0.8896488394920997,-0.9907120743034056,0.12158908507223114,1
1776592635.095805,1790,1776592635.095805,1776592635.095849,1776592634.64638,1776592634.965703,0.8766650950001507,0.14285074187395183,-0.7148643689442945,0.8346456692913385,0.657142857142857,0.0,0.5249998258499105,-0.27383827101576497,0.8238531684818456,-0.045321571117561674,-0.25631402092027533,-0.875126770951781,0.9670449311167875,0.8896488394920997,-0.9907120743034056,0.12158908507223114,1
1776592635.145852,1791,1776592635.145852,1776592635.1459,1776592634.64638,1776592635.109063,0.876156814503764,0.15499127332624957,-0.715268160732449,0.8503937007874015,0.8285714285714285,0.0,0.1361110659610879,0.46332530455371806,0.8309888234686111,0.17220382801161102,-0.03249146387729662,-0.740019668705246,0.9670449311167875,0.8896488394920997,-0.9855521155830753,0.1151685393258427,1
1776592635.195842,1792,1776592635.195842,1776592635.195972,1776592634.64638,1776592635.109063,0.8756037769627958,0.16773563085956672,-0.7156744578485187,0.8818897637795275,0.9285714285714285,0.0,0.6083341266837411,0.4095352062156448,0.8173292433185836,-0.7129898403483309,-0.4007235380196196,-0.7405325148283599,0.9670449311167875,0.8896488394920997,-0.9855521155830753,0.1151685393258427,1
1776592635.245837,1793,1776592635.245837,1776592635.195972,1776592635.24635,1776592635.109063,0.8751059102342078,0.18022394906524308,-0.7160611068810963,0.8582677165354331,0.8857142857142857,0.0,0.6083341266837411,0.4095352062156448,0.8173292433185836,-0.7129898403483309,-0.4007235380196196,-0.7405325148283599,0.9670030568234161,0.8896488394920997,-0.9855521155830753,0.1151685393258427,1
1776592635.2958,1794,1776592635.2958,1776592635.245881,1776592635.24635,1776592635.25199,0.8746410573652369,0.19256717831858974,-0.7164385631356543,0.84251968503937,0.8714285714285713,0.0,0.1277774036775855,0.046454852676833275,0.8394495096234329,0.6253741835994194,0.4259931711018374,-0.6115661206552138,0.9670030568234161,0.8897121687090339,-0.9802631578947368,0.10553772070626004,1
1776592635.345784,1795,1776592635.345784,1776592635.295844,1776592635.24635,1776592635.25199,0.8741520534177543,0.2059580351541997,-0.7168487661960325,0.9055118110236221,0.9571428571428571,0.0,0.42500052245026854,0.041565029538210625,0.858511723287819,-0.09063180333817125,-0.1732832908785432,-0.7702142044930699,0.9670030568234161,0.8897121687090339,-0.9802631578947368,0.10553772070626004,1
1776592635.396074,1796,1776592635.396074,1776592635.396483,1776592635.24635,1776592635.396313,0.8737166692959584,0.2187023926875168,-0.7172415897769365,0.8503937007874015,0.8999999999999999,0.0,0.23333325593329352,0.16870451876884782,0.9424057095465215,-0.8519593613933235,-0.5451195057178473,-0.7860797811856541,0.9670030568234161,0.889743833317501,-0.9774251805985552,0.09470304975922952,1
1776592635.445833,1797,1776592635.445833,1776592635.396483,1776592635.24635,1776592635.396313,0.8733665894423006,0.23224900678077487,-0.7176803772479374,0.9212598425196851,0.857142857142857,0.0,0.23333325593329352,0.16870451876884782,0.9424057095465215,-0.8519593613933235,-0.5451195057178473,-0.7860797811856541,0.9670030568234161,0.889743833317501,-0.9774251805985552,0.09470304975922952,1
1776592635.495789,1798,1776592635.495789,1776592635.445878,1776592635.24635,1776592635.396313,0.8731239708095441,0.24495922573707324,-0.7181051191010205,0.8661417322834646,0.7285714285714284,0.0,-0.03888887598888226,0.001222200308002653,0.8342507860502423,0.11480633164005805,0.38267573573248065,-0.7461622975506316,0.9670030568234161,0.889743833317501,-0.9774251805985552,0.09470304975922952,1
1776592635.545767,1799,1776592635.545767,1776592635.545827,1776592635.24635,1776592635.53851,0.8728879992626165,0.2585570476958594,-0.7185606153337866,0.9212598425196851,0.7857142857142857,0.0,0.4194439735942024,0.020782514769105313,0.8115188751328971,-0.5438021589259796,-0.5090239011435694,-0.7983611973324319,0.9670030568234161,0.8893005287989614,-0.9745872033023735,0.09630818619582665,1
1776592635.645773,1801,1776592635.645773,1776592635.645833,1776592635.24635,1776592635.53851,0.8723048282658905,0.28394548069250103,-0.7193161591066294,0.84251968503937,0.8857142857142857,0.0,0.16666627966646771,0.09168750504566389,0.8003057882218447,0.009059778664731495,-0.09747439163188988,-0.7487207658502105,0.9670030568234161,0.8893005287989614,-0.9745872033023735,0.09630818619582665,1
1776592635.695815,1802,1776592635.695815,1776592635.645833,1776592635.24635,1776592635.681133,0.8720701861361287,0.2966066254443349,-0.7196942268979226,0.8267716535433071,0.8428571428571427,0.0,0.16666627966646771,0.09168750504566389,0.8003057882218447,0.009059778664731495,-0.09747439163188988,-0.7487207658502105,0.9670030568234161,0.8888730565846553,-0.9726522187822497,0.09229534510433386,1
1776592635.745755,1803,1776592635.745755,1776592635.745799,1776592635.24635,1776592635.681133,0.8720101407941405,0.308862374594071,-0.7201178245855009,0.8346456692913385,0.6428571428571428,0.0,0.5277769392773468,0.27995131636900233,0.8275229509458123,-0.4924482946298984,-0.3249146387729663,-0.6908901625741418,0.9670030568234161,0.8888730565846553,-0.9726522187822497,0.09229534510433386,1
1776592635.795766,1804,1776592635.795766,1776592635.745799,1776592635.24635,1776592635.681133,0.8718251302385683,0.32149578175207716,-0.7204887314788948,0.8188976377952756,0.8428571428571427,0.0,0.5277769392773468,0.27995131636900233,0.8275229509458123,-0.4924482946298984,-0.3249146387729663,-0.6908901625741418,0.9670030568234161,0.8888730565846553,-0.9726522187822497,0.09229534510433386,1
1776592635.845755,1805,1776592635.845755,1776592635.845802,1776592635.846138,1776592635.824453,0.8717617613536657,0.33445990637495254,-0.7209206934108515,0.8661417322834646,0.7428571428571428,0.0,0.0027771134274363015,0.23960848713879435,0.8184505349674873,-0.024174528301886794,-0.039713294672375485,-0.7702142044930699,0.9669611825300447,0.8884614166745828,-0.9720072239422084,0.09028892455858747,1
1776592635.895751,1806,1776592635.895751,1776592635.845802,1776592635.846138,1776592635.824453,0.8716088783795999,0.34747737252441974,-0.7213004182694273,0.8346456692913385,0.8857142857142857,0.0,0.0027771134274363015,0.23960848713879435,0.8184505349674873,-0.024174528301886794,-0.039713294672375485,-0.7702142044930699,0.9669611825300447,0.8884614166745828,-0.9720072239422084,0.09028892455858747,1
1776592635.945743,1807,1776592635.945743,1776592635.945789,1776592635.846138,1776592635.824453,0.8714779307887697,0.3619478618582481,-0.7217215303560819,0.9291338582677164,0.9714285714285714,0.0,0.6250014512507459,0.21149174861506106,0.8133537237593768,-0.613286919448476,-0.4187713403067585,-0.7553723992747164,0.9669611825300447,0.8884614166745828,-0.9720072239422084,0.09028892455858747,1
1776592635.995797,1808,1776592635.995797,1776592635.945789,1776592635.846138,1776592635.967637,0.8714143403343395,0.3752235009964197,-0.7221125390537716,0.8582677165354331,0.857142857142857,0.0,0.6250014512507459,0.21149174861506106,0.8133537237593768,-0.613286919448476,-0.4187713403067585,-0.7553723992747164,0.9669611825300447,0.8880181121560432,-0.9734262125902994,0.08507223113964688,1
1776592636.045723,1809,1776592636.045723,1776592636.045768,1776592635.846138,1776592635.967637,0.8714234246849725,0.38884692688796996,-0.7225459213291132,0.8976377952755906,0.8285714285714285,0.0,0.5222227124224741,-0.12469406670801983,0.8245668106704291,-0.012087264150943397,-0.379058045634383,-0.7758439872153415,0.9669611825300447,0.8880181121560432,-0.9734262125902994,0.08507223113964688,1
1776592636.095743,1810,1776592636.095743,1776592636.045768,1776592635.846138,1776592635.967637,0.8714768229411316,0.4020585561942314,-0.7229722216145213,0.8740157480314961,0.7857142857142857,0.0,0.5222227124224741,-0.12469406670801983,0.8245668106704291,-0.012087264150943397,-0.379058045634383,-0.7758439872153415,0.9669611825300447,0.8880181121560432,-0.9734262125902994,0.08507223113964688,1
1776592636.145733,1811,1776592636.145733,1776592636.095784,1776592635.846138,1776592636.110907,0.8716846551580499,0.4145575427052262,-0.7234386268735636,0.8740157480314961,0.6,0.0,-0.361110659610879,-0.22004919458430372,0.8001019634916846,0.13595337445573294,0.2129965855509187,-0.7164786871139249,0.9669611825300447,0.8875114784205692,-0.9740712074303406,0.08065810593900481,1
1776592636.195777,1812,1776592636.195777,1776592636.145777,1776592635.846138,1776592636.110907,0.871833771450146,0.42641856455818283,-0.723835435306742,0.8031496062992125,0.657142857142857,0.0,0.19722149337184758,-0.20293430264581844,0.917023480660041,-0.8338284651669086,-0.559563167308005,-0.8505620178862289,0.9669611825300447,0.8875114784205692,-0.9740712074303406,0.08065810593900481,1
1776592636.245723,1813,1776592636.245723,1776592636.195894,1776592635.846138,1776592636.110907,0.8719862112851564,0.4381024925428546,-0.7242226958760548,0.7874015748031497,0.6714285714285714,0.0,-0.38888875988882254,-0.029339960738347968,0.793374043176247,0.7915343795355586,0.4657064657742128,-0.7287620240326993,0.9669611825300447,0.8875114784205692,-0.9740712074303406,0.08065810593900481,1
1776592636.295725,1814,1776592636.295725,1776592636.245767,1776592635.846138,1776592636.253291,0.87208503129448,0.45154028992186535,-0.7246191886773697,0.8661417322834646,0.8857142857142857,0.0,0.347222770472504,-0.0770170137231839,0.8944953944728561,-0.018130896226415092,-0.09025256083681102,-0.7886382494852332,0.9669611825300447,0.8870048446850954,-0.9713622291021672,0.07343499197431781,1
1776592636.345724,1815,1776592636.345724,1776592636.345765,1776592635.846138,1776592636.253291,0.8722175298720037,0.4646559044802615,-0.7250185616194377,0.8503937007874015,0.857142857142857,0.0,0.4888880632884645,0.3459654616003262,0.9394495692711382,-0.8338284651669086,-0.379058045634383,-0.738484971879898,0.9669611825300447,0.8870048446850954,-0.9713622291021672,0.07343499197431781,1
1776592636.39579,1816,1776592636.39579,1776592636.345765,1776592635.846138,1776592636.253291,0.8724051992619075,0.4784969638003064,-0.7254422973959562,0.9055118110236221,0.8857142857142857,0.0,0.4888880632884645,0.3459654616003262,0.9394495692711382,-0.8338284651669086,-0.379058045634383,-0.738484971879898,0.9669611825300447,0.8870048446850954,-0.9713622291021672,0.07343499197431781,1
1776592636.445748,1817,1776592636.445748,1776592636.445791,1776592636.446184,1776592636.39728,0.8727535065593442,0.4909170048519453,-0.725897655539782,0.8818897637795275,0.6428571428571428,0.0,0.21666593136628873,-0.4718827505229607,0.8829765704665634,-0.10573521407837445,0.2129965855509187,-0.8362330587909893,0.9670449311167875,0.8865932047750229,-0.9707172342621259,0.07263242375601926,1
1776592636.495765,1818,1776592636.495765,1776592636.445791,1776592636.446184,1776592636.39728,0.8731782553438139,0.504009149138641,-0.7263989183927307,0.9448818897637795,0.657142857142857,0.0,0.21666593136628873,-0.4718827505229607,0.8829765704665634,-0.10573521407837445,0.2129965855509187,-0.8362330587909893,0.9670449311167875,0.8865932047750229,-0.9707172342621259,0.07263242375601926,1
1776592636.545818,1819,1776592636.545818,1776592636.545863,1776592636.446184,1776592636.539619,0.8735866079832387,0.5157421513277772,-0.7268491475187775,0.8503937007874015,0.6,0.0,0.31666755676712416,-0.8643030648001203,0.8170235062233433,0.30815720246734396,0.7653379220638449,-0.8464688527613018,0.9670449311167875,0.8861499002564833,-0.9714912280701754,0.08226324237560192,1
1776592636.59569,1820,1776592636.59569,1776592636.545863,1776592636.446184,1776592636.539619,0.8741157160152226,0.5272532527662915,-0.727342046127348,0.889763779527559,0.5,0.0,0.31666755676712416,-0.8643030648001203,0.8170235062233433,0.30815720246734396,0.7653379220638449,-0.8464688527613018,0.9670449311167875,0.8861499002564833,-0.9714912280701754,0.08226324237560192,1
1776592636.645697,1821,1776592636.645697,1776592636.64575,1776592636.446184,1776592636.539619,0.8744713351070712,0.5388795719022441,-0.7277307270400456,0.8031496062992125,0.7142857142857143,0.0,-0.11111007911058066,0.09902172880029186,0.7994903188791889,0.12990974238026123,0.10830036312394993,-0.794268032207505,0.9670449311167875,0.8861499002564833,-0.9714912280701754,0.08226324237560192,1
1776592636.695691,1822,1776592636.695691,1776592636.695744,1776592636.446184,1776592636.683127,0.8748083423585987,0.5515577859425874,-0.7281114382481944,0.84251968503937,0.857142857142857,0.0,-0.11111007911058066,0.5342292729236646,0.8137614584307046,-0.29305379172714074,-0.2129965855509187,-0.7123836012170012,0.9670449311167875,0.8855007757829074,-0.9747162022703819,0.09911717495987159,1
1776592636.745688,1823,1776592636.745688,1776592636.745734,1776592636.446184,1776592636.683127,0.8751318338689407,0.5637900648206232,-0.7284753617866121,0.8031496062992125,0.857142857142857,0.0,0.4944446121445306,-0.7726155597544563,0.7538225871033309,0.7643437046444121,0.649815728144816,-0.6069601094071729,0.9670449311167875,0.8855007757829074,-0.9747162022703819,0.09911717495987159,1
1776592636.795727,1824,1776592636.795727,1776592636.745734,1776592636.446184,1776592636.683127,0.8755492708589985,0.5757385667771904,-0.728877062513672,0.8267716535433071,0.7714285714285714,0.0,0.4944446121445306,-0.7726155597544563,0.7538225871033309,0.7643437046444121,0.649815728144816,-0.6069601094071729,0.9670449311167875,0.8855007757829074,-0.9747162022703819,0.09911717495987159,1
1776592636.845674,1825,1776592636.845674,1776592636.845719,1776592636.446184,1776592636.826365,0.876051568978139,0.5869573566499815,-0.7292977997874891,0.8267716535433071,0.657142857142857,0.0,0.39444530874488865,-0.03545198418497327,0.821712582760126,0.13595337445573294,-0.07580889924665331,-0.6970308706475308,0.9670449311167875,0.8848991482220322,-0.9760061919504645,0.11837881219903691,1
1776592636.895682,1826,1776592636.895682,1776592636.845719,1776592636.446184,1776592636.826365,0.8766265419023428,0.5994947490601223,-0.729757517596427,0.9212598425196851,0.757142857142857,0.0,0.39444530874488865,-0.03545198418497327,0.821712582760126,0.13595337445573294,-0.07580889924665331,-0.6970308706475308,0.9670449311167875,0.8848991482220322,-0.9760061919504645,0.11837881219903691,1
1776592636.94574,1827,1776592636.94574,1776592636.945791,1776592636.446184,1776592636.826365,0.8771035810953334,0.6125399528034173,-0.7301534974959643,0.8818897637795275,0.9285714285714285,0.0,0.43611129816120725,-0.8019555204928043,0.7396534451279029,0.7190334724238026,0.6606552490379926,-0.7374612004056671,0.9670449311167875,0.8848991482220322,-0.9760061919504645,0.11837881219903691,1
1776592636.99572,1828,1776592636.99572,1776592636.995862,1776592636.446184,1776592636.969575,0.8776273714586542,0.6259052057062632,-0.7305695594728057,0.9133858267716536,0.9571428571428571,0.0,-0.18055649080603625,0.4792169742775887,0.8163099492457675,0.09970292089985486,0.3032491463877297,-0.7840322382371924,0.9670449311167875,0.884297520661157,-0.9816821465428277,0.12158908507223114,1
1776592637.045681,1829,1776592637.045681,1776592637.045727,1776592637.0461,1776592636.969575,0.8781259028958252,0.6386111573404342,-0.7309490673344754,0.8582677165354331,0.9428571428571428,0.0,0.21111170451141612,-0.13447473489187717,0.828134595558308,0.06948476052249636,0.09747439163188988,-0.6765612034789023,0.96712867970353,0.884297520661157,-0.9816821465428277,0.12158908507223114,1
1776592637.095678,1830,1776592637.095678,1776592637.045727,1776592637.0461,1776592636.969575,0.878712175865938,0.6516819650164932,-0.7313672400994028,0.9133858267716536,0.9428571428571428,0.0,0.21111170451141612,-0.13447473489187717,0.828134595558308,0.06948476052249636,0.09747439163188988,-0.6765612034789023,0.96712867970353,0.884297520661157,-0.9816821465428277,0.12158908507223114,1
1776592637.14566,1831,1776592637.14566,1776592637.09572,1776592637.0461,1776592637.112438,0.8792667643935996,0.6634213681888205,-0.7317429011977382,0.8267716535433071,0.857142857142857,0.0,0.22222248022235483,0.1540340274463678,0.8212028505127102,-0.595167362119013,-0.3465665817570864,-0.7558852453978303,0.96712867970353,0.8838383838383838,-0.9840041279669763,0.1203852327447833,1
1776592637.195675,1832,1776592637.195675,1776592637.145705,1776592637.0461,1776592637.112438,0.8798399647615823,0.6743819850729073,-0.7321089157972505,0.7952755905511811,0.7857142857142857,0.0,-0.5666681372674226,-0.39975555993839945,0.8121304345343853,0.5740203193033382,0.3862798764294618,-0.6765612034789023,0.96712867970353,0.8838383838383838,-0.9840041279669763,0.1203852327447833,1
1776592637.24567,1833,1776592637.24567,1776592637.19573,1776592637.0461,1776592637.112438,0.8804249083145295,0.6855602353854886,-0.7324768439149344,0.8031496062992125,0.8285714285714285,0.0,-0.10555585225570806,0.19804345760058373,0.8247706354005894,0.05438134978229317,0.010825971492060053,-0.7267144810842374,0.96712867970353,0.8838383838383838,-0.9840041279669763,0.1203852327447833,1
1776592637.295698,1834,1776592637.295698,1776592637.295741,1776592637.0461,1776592637.256174,0.8811004738042778,0.6971886881825049,-0.732882450586303,0.8661417322834646,0.8428571428571427,0.0,0.3750008707504476,0.27628369353838234,0.8243629007292614,-0.5317148947750362,-0.3176928079778874,-0.6985674882448754,0.96712867970353,0.8835692346664134,-0.9865841073271414,0.11075441412520064,1
1776592637.345655,1835,1776592637.345655,1776592637.295741,1776592637.0461,1776592637.256174,0.8817239704550328,0.7082197158816929,-0.7332510296947049,0.8031496062992125,0.8428571428571427,0.0,0.3750008707504476,0.27628369353838234,0.8243629007292614,-0.5317148947750362,-0.3176928079778874,-0.6985674882448754,0.96712867970353,0.8835692346664134,-0.9865841073271414,0.11075441412520064,1
1776592637.395793,1836,1776592637.395793,1776592637.3457,1776592637.0461,1776592637.256174,0.8824192556327405,0.7194470403987386,-0.7336456484318314,0.84251968503937,0.8428571428571427,0.0,-0.15833261738296533,-0.14303218086111985,0.8149847476556961,0.6555810050798258,0.2852013441005907,-0.6775849749531332,0.96712867970353,0.8835692346664134,-0.9865841073271414,0.11075441412520064,1
1776592637.445711,1837,1776592637.445711,1776592637.445758,1776592637.0461,1776592637.400078,0.8831375840413218,0.7308727953947061,-0.7340326722772467,0.8582677165354331,0.8857142857142857,0.0,0.26111135621123704,0.14914420430774514,0.8325178497888428,0.012087264150943397,-0.010825971492060053,-0.6888426196256799,0.96712867970353,0.8831734270605743,-0.9885190918472652,0.10955056179775281,1
1776592637.49574,1838,1776592637.49574,1776592637.49578,1776592637.0461,1776592637.400078,0.8839139636661425,0.7427188816202169,-0.7344412971783084,0.8976377952755906,0.9285714285714285,0.0,0.6750011029505669,0.4376529666459901,0.8149847476556961,-0.6616246371552975,-0.3393447509620075,-0.7476969943759796,0.96712867970353,0.8831734270605743,-0.9885190918472652,0.10955056179775281,1
1776592637.545632,1839,1776592637.545632,1776592637.545678,1776592637.0461,1776592637.542605,0.8846938884034053,0.754276923602132,-0.7348457794111639,0.8818897637795275,0.9285714285714285,0.0,0.16666627966646771,-0.17237111969285573,0.8735983321819906,0.47734488388969515,0.1913310931656821,-0.7517901595009067,0.96712867970353,0.8826034641081663,-0.9877450980392157,0.10834670947030497,1
1776592637.595678,1840,1776592637.595678,1776592637.595742,1776592637.0461,1776592637.542605,0.8855006230535116,0.7657154805644815,-0.7352495120183441,0.8818897637795275,0.9285714285714285,0.0,-0.361110659610879,0.26405862473851965,0.849031572638166,-0.04229408563134978,-0.2057747547558398,-0.7697032791419528,0.96712867970353,0.8826034641081663,-0.9877450980392157,0.10834670947030497,1
1776592637.645682,1841,1776592637.645682,1776592637.645728,1776592637.646176,1776592637.542605,0.8863665167674954,0.7772585869189508,-0.735665810719083,0.9133858267716536,0.9428571428571428,0.0,0.11944374139408306,0.09290970535366655,0.829051977266044,-0.40181649129172714,-0.14801365779632542,-0.7492316912013277,0.9671705539969013,0.8826034641081663,-0.9877450980392157,0.10834670947030497,1
1776592637.695638,1842,1776592637.695638,1776592637.645728,1776592637.646176,1776592637.685704,0.8872204457269873,0.7883450898057941,-0.7360629150571333,0.8818897637795275,0.9285714285714285,0.0,0.11944374139408306,0.09290970535366655,0.829051977266044,-0.40181649129172714,-0.14801365779632542,-0.7492316912013277,0.9671705539969013,0.8823343149361959,-0.9860681114551083,0.10995184590690209,1
1776592637.745667,1843,1776592637.745667,1776592637.745712,1776592637.646176,1776592637.685704,0.888119574870116,0.7987850933903448,-0.736481403453924,0.8818897637795275,0.857142857142857,0.0,0.02777810027794354,0.28484113950762496,0.8268093939682366,0.16918768142235122,0.32129694867486863,-0.8024562832293556,0.9671705539969013,0.8823343149361959,-0.9860681114551083,0.10995184590690209,1
1776592637.795622,1844,1776592637.795622,1776592637.795675,1776592637.646176,1776592637.685704,0.8890306687677366,0.809560081761892,-0.7368844456164031,0.889763779527559,0.9285714285714285,0.0,-0.10833296568314436,-0.2836189391996223,0.8498471271918294,0.060424981857764876,0.028887323180315436,-0.768166661544608,0.9671705539969013,0.8823343149361959,-0.9860681114551083,0.10995184590690209,1
1776592637.845609,1845,1776592637.845609,1776592637.845653,1776592637.646176,1776592637.828628,0.8900007001597073,0.8198315261224124,-0.7373045121725106,0.9055118110236221,0.8714285714285713,0.0,0.16944339309390402,0.19804345760058373,0.8122324321104729,-0.555889423076923,-0.3862798764294618,-0.7691904330188389,0.9671705539969013,0.8820493334599917,-0.980908152734778,0.1203852327447833,1
1776592637.895606,1846,1776592637.895606,1776592637.895645,1776592637.646176,1776592637.828628,0.8909166685869359,0.8297658520348725,-0.737690174855515,0.8503937007874015,0.8857142857142857,0.0,0.11666662796664676,-0.9828851080615147,0.773394447804125,0.5407860123367199,0.5776109695951439,-0.7262016349611237,0.9671705539969013,0.8820493334599917,-0.980908152734778,0.1203852327447833,1
1776592637.945715,1847,1776592637.945715,1776592637.945767,1776592637.646176,1776592637.828628,0.891901545137258,0.8384583872082753,-0.7381191974657444,0.8582677165354331,0.7285714285714284,0.0,-0.0722212031216984,0.14669878178512777,0.8176350656248315,0.03625045355587808,-0.1877269524687009,-0.762538799594333,0.9671705539969013,0.8820493334599917,-0.980908152734778,0.1203852327447833,1
1776592637.995608,1848,1776592637.995608,1776592637.945767,1776592637.646176,1776592637.971999,0.8928469823116614,0.847195729264015,-0.7385178010551455,0.8267716535433071,0.7857142857142857,0.0,-0.0722212031216984,0.14669878178512777,0.8176350656248315,0.03625045355587808,-0.1877269524687009,-0.762538799594333,0.9671705539969013,0.8817801842880212,-0.9751031991744066,0.13603531300160512,1
1776592638.045608,1849,1776592638.045608,1776592637.995662,1776592637.646176,1776592637.971999,0.8939379906657189,0.8562019126137775,-0.7389715021316888,0.9212598425196851,0.7999999999999999,0.0,-0.09722218997220564,-0.03545198418497327,0.8015290774468361,0.2326288098693759,0.0,-0.7215956237130828,0.9671705539969013,0.8817801842880212,-0.9751031991744066,0.13603531300160512,1
1776592638.095603,1850,1776592638.095603,1776592638.045651,1776592637.646176,1776592637.971999,0.8949321731362013,0.8651227495209931,-0.7393531799624189,0.84251968503937,0.857142857142857,0.0,0.6666674406670645,0.13814133581588514,0.8197757365575588,-0.6737119013062408,-0.5848328003902228,-0.7968265005070839,0.9671705539969013,0.8817801842880212,-0.9751031991744066,0.13603531300160512,1
1776592638.145605,1851,1776592638.145605,1776592638.095647,1776592637.646176,1776592638.115655,0.8959560459233865,0.8733394782771967,-0.7397496924907254,0.84251968503937,0.7857142857142857,0.0,-0.08055486540520082,-0.6735938309541645,0.7576961942974578,0.5830800979680697,0.4945802395534118,-0.7507683087986724,0.9671705539969013,0.8812893828567809,-0.9662022703818369,0.1548956661316212,1
1776592638.195598,1852,1776592638.195598,1776592638.195641,1776592637.646176,1776592638.115655,0.8969859010878176,0.8813343062827783,-0.7401461261110661,0.8346456692913385,0.7857142857142857,0.0,0.07777775197776451,-0.11002459729215186,0.819062179579983,0.09063180333817125,0.07220475854967212,-0.7026606533698024,0.9671705539969013,0.8812893828567809,-0.9662022703818369,0.1548956661316212,1
1776592638.24564,1853,1776592638.24564,1776592638.195641,1776592638.246078,1776592638.115655,0.8980452249994239,0.8885034074567187,-0.7405685796331399,0.8346456692913385,0.7,0.0,0.07777775197776451,-0.11002459729215186,0.819062179579983,0.09063180333817125,0.07220475854967212,-0.7026606533698024,0.9672543025836439,0.8812893828567809,-0.9662022703818369,0.1548956661316212,1
1776592638.295636,1854,1776592638.295636,1776592638.245684,1776592638.246078,1776592638.25839,0.899048048681484,0.8950132073619841,-0.7409601209595991,0.7795275590551182,0.657142857142857,0.0,0.5055553878554694,-0.07946243624580124,0.86850152097388,-0.8398720972423802,-0.6353720665546583,-0.7753330618642245,0.9672543025836439,0.8808144137297741,-0.9576883384932919,0.17495987158908508,1
1776592638.345639,1855,1776592638.345639,1776592638.29568,1776592638.246078,1776592638.25839,0.9001299726849086,0.9014184578751296,-0.7413852178985283,0.8267716535433071,0.657142857142857,0.0,0.18888783108834517,-0.48166239680020606,0.7535168500080908,0.8066377902757619,0.6967508536122704,-0.707779510740957,0.9672543025836439,0.8808144137297741,-0.9576883384932919,0.17495987158908508,1
1776592638.395608,1856,1776592638.395608,1776592638.395668,1776592638.246078,1776592638.25839,0.901246904673699,0.9076188769261626,-0.7418100189325855,0.84251968503937,0.657142857142857,0.0,0.10555585225570806,0.15281182713836514,0.8277267756759725,0.1993945029027576,0.10469622242696874,-0.7523030056240204,0.9672543025836439,0.8808144137297741,-0.9576883384932919,0.17495987158908508,1
1776592638.445595,1857,1776592638.445595,1776592638.44564,1776592638.246078,1776592638.402089,0.9024821547902446,0.9143271073103495,-0.7422735045968921,0.9212598425196851,0.7428571428571428,0.0,0.6250014512507459,0.21760377206168638,0.8745157991007341,-0.7734148222060958,-0.5162457319386484,-0.8372568302652202,0.9672543025836439,0.8804186061239353,-0.9526573787409701,0.18418940609951848,1
1776592638.495584,1858,1776592638.495584,1776592638.44564,1776592638.246078,1776592638.402089,0.9036766361137059,0.9209307883024166,-0.7427103390957388,0.8818897637795275,0.7714285714285714,0.0,0.6250014512507459,0.21760377206168638,0.8745157991007341,-0.7734148222060958,-0.5162457319386484,-0.8372568302652202,0.9672543025836439,0.8804186061239353,-0.9526573787409701,0.18418940609951848,1
1776592638.545613,1859,1776592638.545613,1776592638.495627,1776592638.246078,1776592638.545468,0.9049451216593961,0.9267748859558161,-0.7431860160407664,0.9212598425196851,0.7,0.0,0.3777779841778839,-0.477994773969586,0.7496432428139639,0.7643437046444121,0.5631808574061027,-0.8019434371062418,0.9672543025836439,0.8801652892561984,-0.9481424148606811,0.18057784911717495,1
1776592638.595606,1860,1776592638.595606,1776592638.545667,1776592638.246078,1776592638.545468,0.9061721737034195,0.9319831526122413,-0.7436366988876167,0.8818897637795275,0.657142857142857,0.0,0.3499998838999403,-0.26894844787714234,0.8735983321819906,0.0,-0.14801365779632542,-0.8592631150311933,0.9672543025836439,0.8801652892561984,-0.9481424148606811,0.18057784911717495,1
1776592638.645633,1861,1776592638.645633,1776592638.645678,1776592638.246078,1776592638.545468,0.9073901413968098,0.9367134791904037,-0.7440906958690319,0.8661417322834646,0.6285714285714284,0.0,0.11666662796664676,-0.5464543417235272,0.9518858601961744,-0.10876269956458634,-0.10469622242696874,-0.9032756845631397,0.9672543025836439,0.8801652892561984,-0.9481424148606811,0.18057784911717495,1
1776592638.695578,1862,1776592638.695578,1776592638.69562,1776592638.246078,1776592638.688809,0.9086287150562697,0.941373394953465,-0.7445498218682262,0.8740157480314961,0.657142857142857,0.0,0.03333232713281614,0.24694373280003434,0.8649337360860011,0.19637835631349781,0.3537884125521652,-0.7789153016380344,0.9672543025836439,0.8797219847376586,-0.9418214654282765,0.1669341894060995,1
1776592638.745567,1863,1776592638.745567,1776592638.69562,1776592638.246078,1776592638.688809,0.9098936554895178,0.9465005824894704,-0.7449837170453457,0.8818897637795275,0.757142857142857,0.0,0.03333232713281614,0.24694373280003434,0.8649337360860011,0.19637835631349781,0.3537884125521652,-0.7789153016380344,0.9672543025836439,0.8797219847376586,-0.9418214654282765,0.1669341894060995,1
1776592638.795619,1864,1776592638.795619,1776592638.795671,1776592638.246078,1776592638.688809,0.9111477390159123,0.951164765574659,-0.7454122070268057,0.8661417322834646,0.7285714285714284,0.0,0.45277862272821207,0.21149174861506106,0.833129409190331,-0.36253855224963716,-0.21660072624789986,-0.790685792433695,0.9672543025836439,0.8797219847376586,-0.9418214654282765,0.1669341894060995,1
1776592638.845613,1865,1776592638.845613,1776592638.795671,1776592638.846043,1776592638.831326,0.912326932041967,0.9548837368086406,-0.7458225679031156,0.811023622047244,0.6285714285714284,0.0,0.45277862272821207,0.21149174861506106,0.833129409190331,-0.36253855224963716,-0.21660072624789986,-0.790685792433695,0.9673799254637578,0.8791203571767834,-0.9327915376676986,0.15569823434991975,1
1776592638.895558,1866,1776592638.895558,1776592638.895599,1776592638.846043,1776592638.831326,0.9136275451691638,0.9586688515355959,-0.74627776823101,0.889763779527559,0.6857142857142856,0.0,0.13055451710502178,0.0,0.8220183198553662,0.0060436320754716985,0.2021706140588586,-0.8029672085804728,0.9673799254637578,0.8791203571767834,-0.9327915376676986,0.15569823434991975,1
1776592638.94557,1867,1776592638.94557,1776592638.945614,1776592638.846043,1776592638.831326,0.914951423096762,0.9631218021754809,-0.7467079152797524,0.889763779527559,0.8142857142857143,0.0,0.08333430083383062,0.09168750504566389,0.8046890424523795,0.10271906748911465,0.11552219391902879,-0.7727726727926489,0.9673799254637578,0.8791203571767834,-0.9327915376676986,0.15569823434991975,1
1776592638.995662,1868,1776592638.995662,1776592638.995744,1776592638.846043,1776592638.974745,0.9164164408134614,0.967651564613658,-0.7471772598605219,0.9763779527559054,0.8857142857142857,0.0,0.7250007546503878,0.25305575624665966,0.808664647222594,-0.5226551161103048,-0.3429624410601052,-0.8382806017394512,0.9673799254637578,0.8785187296159083,-0.923374613003096,0.1348314606741573,1
1776592639.045573,1869,1776592639.045573,1776592639.045617,1776592638.846043,1776592638.974745,0.9177770992826465,0.9713684021865759,-0.7476153766138134,0.9055118110236221,0.7999999999999999,0.0,0.11666662796664676,0.0024454225226173483,0.7604485098426809,0.92144412191582,0.5920546311853017,-0.740019668705246,0.9673799254637578,0.8785187296159083,-0.923374613003096,0.1348314606741573,1
1776592639.095583,1870,1776592639.095583,1776592639.095624,1776592638.846043,1776592638.974745,0.9191359851956105,0.9741720328242418,-0.7480860823569935,0.9055118110236221,0.7142857142857143,0.0,0.2500005805002984,-0.16870451876884782,0.8076452679387705,0.012087264150943397,-0.23466207793615526,-0.8730811487753157,0.9673799254637578,0.8785187296159083,-0.923374613003096,0.1348314606741573,1
1776592639.145557,1871,1776592639.145557,1776592639.145608,1776592638.846043,1776592639.118263,0.9205110456840915,0.9766385450138475,-0.7485553677567888,0.9133858267716536,0.7142857142857143,0.0,-0.05555620055588708,0.0770170137231839,0.8146788401384405,0.05739749637155297,-0.04331743536935668,-0.845445081287071,0.9673799254637578,0.8780437604889014,-0.9135706914344686,0.12560192616372393,1
1776592639.1956,1872,1776592639.1956,1776592639.145608,1776592638.846043,1776592639.118263,0.9217454095225265,0.9775005440835713,-0.7490064254164768,0.8346456692913385,0.5,0.0,-0.05555620055588708,0.0770170137231839,0.8146788401384405,0.05739749637155297,-0.04331743536935668,-0.845445081287071,0.9673799254637578,0.8780437604889014,-0.9135706914344686,0.12560192616372393,1
1776592639.245526,1873,1776592639.245526,1776592639.195657,1776592638.846043,1776592639.118263,0.9230586521127985,0.9788703544864491,-0.7494614679284393,0.8740157480314961,0.6285714285714284,0.0,0.658333778383562,-0.18948601163134107,0.8753312684433899,-0.8670627721335267,-0.5992764619803804,-0.9375633854758905,0.9673799254637578,0.8780437604889014,-0.9135706914344686,0.12560192616372393,1
1776592639.295526,1874,1776592639.295526,1776592639.245581,1776592638.846043,1776592639.26129,0.9243204905726596,0.9788874237749585,-0.7499447397651782,0.8582677165354331,0.4714285714285714,0.0,0.42500052245026854,-0.025672337907727962,0.8659531153698248,0.17523131349782292,0.4151671996097773,-0.8689860628783922,0.9673799254637578,0.8775054621449606,-0.9078947368421052,0.11958266452648475,1
1776592639.345539,1875,1776592639.345539,1776592639.345585,1776592638.846043,1776592639.26129,0.9257287864902854,0.9794891161949142,-0.7504439707380066,0.9370078740157479,0.6428571428571428,0.0,0.6083341266837411,0.27139387039975965,0.8204892935351346,-0.34743514150943394,0.010825971492060053,-0.8868991825194382,0.9673799254637578,0.8775054621449606,-0.9078947368421052,0.11958266452648475,1
1776592639.395546,1876,1776592639.395546,1776592639.345585,1776592638.846043,1776592639.26129,0.9271178058590072,0.9817443959392163,-0.750843402861049,0.8740157480314961,0.8857142857142857,0.0,0.6083341266837411,0.27139387039975965,0.8204892935351346,-0.34743514150943394,0.010825971492060053,-0.8868991825194382,0.9673799254637578,0.8775054621449606,-0.9078947368421052,0.11958266452648475,1
1776592639.445529,1877,1776592639.445529,1776592639.395602,1776592639.446017,1776592639.404505,0.9286094119190225,0.9838247154762971,-0.7512802570868872,0.9370078740157479,0.9428571428571428,0.0,-0.6277785646781823,-0.14792200399974248,0.9663608244778503,-0.3957728592162554,-0.18410926237060324,-0.8515857893604597,0.9674636740505004,0.8768246730629176,-0.9005417956656347,0.12158908507223114,1
1776592639.495572,1878,1776592639.495572,1776592639.445572,1776592639.446017,1776592639.404505,0.9300702198146968,0.9858474261646589,-0.7516948987203436,0.9055118110236221,0.9571428571428571,0.0,-0.21944536679491852,0.30073383113810764,0.7876656725666484,0.02114704281567489,0.10107853232887107,-0.76663196471926,0.9674636740505004,0.8768246730629176,-0.9005417956656347,0.12158908507223114,1
1776592639.545568,1879,1776592639.545568,1776592639.545619,1776592639.446017,1776592639.404505,0.9315467591468333,0.9870529446656341,-0.7521258743027273,0.9291338582677164,0.8999999999999999,0.0,0.21388881793885242,0.1051347741535292,0.8447503159837189,-0.827796171988389,-0.5234675627337272,-0.7809609238144996,0.9674636740505004,0.8768246730629176,-0.9005417956656347,0.12158908507223114,1
1776592639.595552,1880,1776592639.595552,1776592639.545619,1776592639.446017,1776592639.548249,0.9328905783319181,0.9881880523515079,-0.7525005490514898,0.8346456692913385,0.857142857142857,0.0,0.21388881793885242,0.1051347741535292,0.8447503159837189,-0.827796171988389,-0.5234675627337272,-0.7809609238144996,0.9674636740505004,0.876270542414743,-0.8907378740970072,0.11958266452648475,1
1776592639.645562,1881,1776592639.645562,1776592639.595613,1776592639.446017,1776592639.548249,0.9341883110552558,0.988591314292542,-0.7528912618443077,0.8188976377952756,0.7714285714285714,0.0,0.13888817938852419,-0.8545223966162628,0.7236492841039802,0.7250771044992743,0.6967508536122704,-0.6939614769968345,0.9674636740505004,0.876270542414743,-0.8907378740970072,0.11958266452648475,1
1776592639.695535,1882,1776592639.695535,1776592639.695578,1776592639.446017,1776592639.690762,0.9354760731498502,0.9892719521718536,-0.7532540412172208,0.7952755905511811,0.8285714285714285,0.0,-0.1333339525336516,-0.05623449895407859,0.8284403326535483,0.11782247822931784,0.0,-0.6484122898675436,0.9674636740505004,0.8758905671131376,-0.8866099071207431,0.11597110754414125,1
1776592639.745503,1883,1776592639.745503,1776592639.745548,1776592639.446017,1776592639.690762,0.9367786804027958,0.989530125160558,-0.7536315171987703,0.811023622047244,0.8142857142857143,0.0,0.5944439155441725,0.13569693519987983,0.8888889362283375,-0.7583000725689405,-0.5559590266110238,-0.6827019115522911,0.9674636740505004,0.8758905671131376,-0.8866099071207431,0.11597110754414125,1
1776592639.795737,1884,1776592639.795737,1776592639.745548,1776592639.446017,1776592639.690762,0.9381001210655898,0.9897370902837342,-0.7540061919475328,0.811023622047244,0.8428571428571427,0.0,0.5944439155441725,0.13569693519987983,0.8888889362283375,-0.7583000725689405,-0.5559590266110238,-0.6827019115522911,0.9674636740505004,0.8758905671131376,-0.8866099071207431,0.11597110754414125,1
1776592639.845491,1885,1776592639.845491,1776592639.795784,1776592639.446017,1776592639.833778,0.9394428324030366,0.9896346745526781,-0.7543850882724673,0.8346456692913385,0.857142857142857,0.0,0.18055649080603625,-0.3704155992000515,0.795514799319982,0.7190334724238026,0.5956723212833993,-0.6212890685024126,0.9674636740505004,0.8753681010734302,-0.8813209494324046,0.10914927768860352,1
1776592639.895497,1886,1776592639.895497,1776592639.845535,1776592639.446017,1776592639.833778,0.9408070359846638,0.9893188927152544,-0.7547629390668545,0.84251968503937,0.8714285714285713,0.0,0.35555643275600646,0.15647944996898516,0.8704383671764472,-0.07854453918722785,0.021665492385236573,-0.6908901625741418,0.9674636740505004,0.8753681010734302,-0.8813209494324046,0.10914927768860352,1
1776592639.945483,1887,1776592639.945483,1776592639.895538,1776592639.446017,1776592639.833778,0.9422157750413449,0.9888537546033738,-0.7551544014853478,0.8661417322834646,0.9142857142857143,0.0,0.22499959364979114,-0.06479194492332124,0.8429154673572394,0.09063180333817125,0.1335699962061677,-0.6745136605304404,0.9674636740505004,0.8753681010734302,-0.8813209494324046,0.10914927768860352,1
1776592639.995535,1888,1776592639.995535,1776592639.995623,1776592639.446017,1776592639.977024,0.9435697864247009,0.9880835029593878,-0.7555354875063341,0.8346456692913385,0.8714285714285713,0.0,0.28888945648918063,-0.0867966600004292,0.8069317109611946,0.7643437046444121,0.48015012736437057,-0.6243603829251052,0.9674636740505004,0.8748456350337227,-0.8773219814241486,0.1023274478330658,1
1776592640.045521,1889,1776592640.045521,1776592639.995623,1776592640.046024,1776592639.977024,0.9449935922092609,0.9869654645620235,-0.7559378589511037,0.8818897637795275,0.9142857142857143,0.0,0.28888945648918063,-0.0867966600004292,0.8069317109611946,0.7643437046444121,0.48015012736437057,-0.6243603829251052,0.9674217997571292,0.8748456350337227,-0.8773219814241486,0.1023274478330658,1
1776592640.095517,1890,1776592640.095517,1776592640.095558,1776592640.046024,1776592639.977024,0.9463675448501038,0.9851113130976918,-0.7563500938916022,0.8740157480314961,0.8285714285714285,0.0,0.09166564111613952,0.28484113950762496,0.8314984705050191,-0.012087264150943397,-0.028887323180315436,-0.715454915639694,0.9674217997571292,0.8748456350337227,-0.8773219814241486,0.1023274478330658,1
1776592640.145464,1891,1776592640.145464,1776592640.145509,1776592640.046024,1776592640.119663,0.9477115856047164,0.9824890436504381,-0.7567855672280384,0.8818897637795275,0.757142857142857,0.0,-0.22222248022235483,-0.44498719040061807,0.9750255057848474,-0.4652576197387518,-0.23466207793615526,-0.819856556747288,0.9674217997571292,0.8744023305151831,-0.8738390092879257,0.09028892455858747,1
1776592640.19551,1892,1776592640.19551,1776592640.145509,1776592640.046024,1776592640.119663,0.9491054795030461,0.9797174179287272,-0.7572268600269546,0.9055118110236221,0.8142857142857143,0.0,-0.22222248022235483,-0.44498719040061807,0.9750255057848474,-0.4652576197387518,-0.23466207793615526,-0.819856556747288,0.9674217997571292,0.8744023305151831,-0.8738390092879257,0.09028892455858747,1
1776592640.245512,1893,1776592640.245512,1776592640.195608,1776592640.046024,1776592640.119663,0.9505248538970534,0.9772124998399755,-0.7576431587276935,0.8976377952755906,0.8999999999999999,0.0,-0.02222155142187743,0.04400943015421593,0.8686035185499676,0.37159833091436867,0.32129694867486863,-0.707779510740957,0.9674217997571292,0.8744023305151831,-0.8738390092879257,0.09028892455858747,1
1776592640.29556,1894,1776592640.29556,1776592640.295603,1776592640.046024,1776592640.262977,0.9518722181945806,0.9739864043117024,-0.7580647245351516,0.8818897637795275,0.7999999999999999,0.0,0.28333290763311453,0.28850876233824496,0.8268093939682366,-0.3293042452830188,-0.2852013441005907,-0.7743092903899935,0.9674217997571292,0.8741965105601469,-0.8711300309597524,0.06701444622792938,1
1776592640.345533,1895,1776592640.345533,1776592640.295603,1776592640.046024,1776592640.262977,0.9532767474302365,0.971204110284673,-0.7584639988422623,0.8818897637795275,0.9285714285714285,0.0,0.28333290763311453,0.28850876233824496,0.8268093939682366,-0.3293042452830188,-0.2852013441005907,-0.7743092903899935,0.9674217997571292,0.8741965105601469,-0.8711300309597524,0.06701444622792938,1
1776592640.395469,1896,1776592640.395469,1776592640.345577,1776592640.046024,1776592640.262977,0.9546360764822558,0.967762514988969,-0.7588797057332575,0.8818897637795275,0.857142857142857,0.0,0.01944443799444113,-0.6356964242465738,0.7175331788230536,0.8126814223512336,0.6173242642675194,-0.713920218814346,0.9674217997571292,0.8741965105601469,-0.8711300309597524,0.06701444622792938,1
1776592640.445472,1897,1776592640.445472,1776592640.395527,1776592640.046024,1776592640.406641,0.9560129095269579,0.9644190681021939,-0.7592762774425383,0.8740157480314961,0.9142857142857143,0.0,-0.04999965169982097,0.3288505696618409,0.8005096981630125,0.16616019593613932,0.2779795133055119,-0.7497445373244415,0.9674217997571292,0.8738956967797094,-0.8655830753353974,0.042134831460674156,1
1776592640.495453,1898,1776592640.495453,1776592640.445517,1776592640.046024,1776592640.406641,0.9573811013600824,0.9600599985491105,-0.7597101134386836,0.9133858267716536,0.8428571428571427,0.0,0.21111170451141612,-0.018337092246487965,0.8156982194222642,0.19637835631349781,-0.021665492385236573,-0.6960070991732998,0.9674217997571292,0.8738956967797094,-0.8655830753353974,0.042134831460674156,1
1776592640.545441,1899,1776592640.545441,1776592640.495504,1776592640.046024,1776592640.406641,0.9587566049876186,0.9560081761891961,-0.7601173771773346,0.889763779527559,0.9142857142857143,0.0,0.18888783108834517,0.2701706481851449,0.808664647222594,-0.4924482946298984,-0.35740610265026285,-0.7615150281201021,0.9674217997571292,0.8738956967797094,-0.8655830753353974,0.042134831460674156,1
1776592640.59545,1900,1776592640.59545,1776592640.545484,1776592640.046024,1776592640.548533,0.9600818123323827,0.9511754338799773,-0.7605524165199586,0.8976377952755906,0.8285714285714285,0.0,0.09999930339964194,-0.45599005889247807,0.7770642302680917,0.6404775943396226,0.46208877567611517,-0.7579327883462922,0.9674217997571292,0.8734523922611696,-0.858359133126935,0.020064205457463884,1
1776592640.645437,1901,1776592640.645437,1776592640.64548,1776592640.645914,1776592640.548533,0.9613806529033584,0.946223206551193,-0.7609754815787677,0.8818897637795275,0.8285714285714285,0.0,0.18333360423347256,0.20293430264581844,0.8233435214454377,-0.06948476052249636,-0.01804780228713891,-0.7482079197270968,0.9674636740505004,0.8734523922611696,-0.858359133126935,0.020064205457463884,1
1776592640.695467,1902,1776592640.695467,1776592640.64548,1776592640.645914,1776592640.693749,0.9625997284443868,0.9411365585753971,-0.7613791352779821,0.84251968503937,0.7714285714285714,0.0,0.18333360423347256,0.20293430264581844,0.8233435214454377,-0.06948476052249636,-0.01804780228713891,-0.7482079197270968,0.9674636740505004,0.8729457585256958,-0.8510061919504643,-0.002407704654895666,1
1776592640.745535,1903,1776592640.745535,1776592640.745579,1776592640.645914,1776592640.693749,0.9637740469408338,0.9355399656053837,-0.7617959666074904,0.84251968503937,0.7142857142857143,0.0,0.6166677889672435,0.17726196473809044,0.8823649258540678,0.29909742380261245,0.15523548859140426,-0.7717508220904146,0.9674636740505004,0.8729457585256958,-0.8510061919504643,-0.002407704654895666,1
1776592640.795427,1904,1776592640.795427,1776592640.795492,1776592640.645914,1776592640.693749,0.9650423109169965,0.9297364075121939,-0.7622240817761126,0.889763779527559,0.8285714285714285,0.0,0.24444403164423226,-0.011002868491860003,0.8805300772275882,-0.13896952104499272,-0.2418703593301176,-0.8060385230031655,0.9674636740505004,0.8729457585256958,-0.8510061919504643,-0.002407704654895666,1
1776592640.845414,1905,1776592640.845414,1776592640.845457,1776592640.645914,1776592640.839521,0.9663362769583643,0.9229919048899246,-0.7626925189152751,0.9448818897637795,0.8142857142857143,0.0,0.39999953559976126,0.23838628683079172,0.8351681677579781,-0.3655546988388969,-0.2057747547558398,-0.8045038261778175,0.9674636740505004,0.8727874354833601,-0.8426212590299278,-0.021669341894060997,1
1776592640.895423,1906,1776592640.895423,1776592640.845457,1776592640.645914,1776592640.839521,0.9676269194568179,0.9170795300824873,-0.763090076974129,0.8818897637795275,0.9142857142857143,0.0,0.39999953559976126,0.23838628683079172,0.8351681677579781,-0.3655546988388969,-0.2057747547558398,-0.8045038261778175,0.9674636740505004,0.8727874354833601,-0.8426212590299278,-0.021669341894060997,1
1776592640.945402,1907,1776592640.945402,1776592640.945445,1776592640.645914,1776592640.839521,0.9688457734283187,0.9096479885977152,-0.7635583760243513,0.9370078740157479,0.757142857142857,0.0,0.20555515565535,0.16014707279960513,0.7949031547074864,-0.06948476052249636,0.19855292396076096,-0.8387915270905683,0.9674636740505004,0.8727874354833601,-0.8426212590299278,-0.021669341894060997,1
1776592640.995436,1908,1776592640.995436,1776592640.945445,1776592640.645914,1776592640.985466,0.9700854549354168,0.9025450309167489,-0.7639975580351813,0.9133858267716536,0.8428571428571427,0.0,0.20555515565535,0.16014707279960513,0.7949031547074864,-0.06948476052249636,0.19855292396076096,-0.8387915270905683,0.9674636740505004,0.87300908774263,-0.8359133126934984,-0.04253611556982344,1
1776592641.045387,1909,1776592641.045387,1776592641.045431,1776592640.645914,1776592640.985466,0.9713164952309374,0.894622747387332,-0.7644666067110791,0.952755905511811,0.8142857142857143,0.0,0.35833354618344276,-0.023226915385110618,0.8391437725281926,-0.8428995827285921,-0.6859248821202104,-0.8613106579796552,0.9674636740505004,0.87300908774263,-0.8359133126934984,-0.04253611556982344,1
1776592641.095406,1910,1776592641.095406,1776592641.095448,1776592640.645914,1776592640.985466,0.9724644469535962,0.8872850869893617,-0.7648829645927924,0.8740157480314961,0.7999999999999999,0.0,0.15277839052809272,-0.6613687621543017,0.6988786998299954,0.7945618650217706,0.7761774429570214,-0.7963155751559666,0.9674636740505004,0.87300908774263,-0.8359133126934984,-0.04253611556982344,1
1776592641.145391,1911,1776592641.145391,1776592641.095448,1776592640.645914,1776592641.131374,0.973562545532538,0.87918570959166,-0.7653385397335242,0.8976377952755906,0.7285714285714284,0.0,0.15277839052809272,-0.6613687621543017,0.6988786998299954,0.7945618650217706,0.7761774429570214,-0.7963155751559666,0.9674636740505004,0.8732465723061335,-0.832688338493292,-0.05337078651685393,1
1776592641.1954,1912,1776592641.1954,1776592641.145433,1776592640.645914,1776592641.131374,0.9745620456716836,0.8706916048971789,-0.765806168066037,0.8818897637795275,0.6285714285714284,0.0,0.31944467019456046,-0.1088023969841492,0.8698267225639514,-0.1571004172714078,-0.1299658555091865,-0.8106445342512063,0.9674636740505004,0.8732465723061335,-0.832688338493292,-0.05337078651685393,1
1776592641.245384,1913,1776592641.245384,1776592641.195464,1776592641.245882,1776592641.131374,0.9754959612306504,0.8621228220654692,-0.76625580538234,0.8582677165354331,0.5857142857142856,0.0,0.14999895509946293,0.11002459729215186,0.8135576337005445,0.07251224600870826,0.050539266164435534,-0.7968265005070839,0.9675055483438717,0.8732465723061335,-0.832688338493292,-0.05337078651685393,1
1776592641.295368,1914,1776592641.295368,1776592641.245428,1776592641.245882,1776592641.277293,0.9764247806904816,0.8535369699452503,-0.7666985185246412,0.8503937007874015,0.6142857142857142,0.0,0.5055553878554694,-0.07334939089256388,0.991335318693003,-0.8942534470246735,-0.5342935342257873,-0.9058341528627186,0.9675055483438717,0.8735315537823375,-0.8257223942208463,-0.058587479935794544,1
1776592641.345394,1915,1776592641.345394,1776592641.345439,1776592641.245882,1776592641.277293,0.9773963630691457,0.8444241035423041,-0.7671592818641265,0.889763779527559,0.6714285714285714,0.0,0.1361110659610879,-0.10268935163091185,0.8615697759282823,0.1842910921625544,0.24548804942821528,-0.8229278711699807,0.9675055483438717,0.8735315537823375,-0.8257223942208463,-0.058587479935794544,1
1776592641.395425,1916,1776592641.395425,1776592641.345439,1776592641.245882,1776592641.277293,0.9784386261271241,0.8348738366213051,-0.767625174221391,0.9291338582677164,0.7714285714285714,0.0,0.1361110659610879,-0.10268935163091185,0.8615697759282823,0.1842910921625544,0.24548804942821528,-0.8229278711699807,0.9675055483438717,0.8735315537823375,-0.8257223942208463,-0.058587479935794544,1
1776592641.445349,1917,1776592641.445349,1776592641.395489,1776592641.245882,1776592641.423383,0.9793202512775698,0.8255369358066733,-0.7680772971386177,0.8661417322834646,0.6285714285714284,0.0,0.6111112401111773,0.2946207857848703,0.8392456848932728,-0.16918768142235122,-0.14440951709934424,-0.8382806017394512,0.9675055483438717,0.8738165352585414,-0.8173374613003097,-0.05698234349919743,1
1776592641.495467,1918,1776592641.495467,1776592641.445392,1776592641.245882,1776592641.423383,0.9802891748219024,0.8153081646674263,-0.7685597404417155,0.9370078740157479,0.7285714285714284,0.0,0.2861123430617443,-0.5061125343999313,0.843119206876392,0.19335087082728591,0.19855292396076096,-0.8628453548050032,0.9675055483438717,0.8738165352585414,-0.8173374613003097,-0.05698234349919743,1
1776592641.545376,1919,1776592641.545376,1776592641.495507,1776592641.245882,1776592641.423383,0.9812884533915204,0.8058667144606746,-0.7689801620836689,0.8818897637795275,0.8428571428571427,0.0,0.24444403164423226,-0.0696817680619439,0.8626911527881935,-0.07552839259796806,0.17690098097664084,-0.8546571037831525,0.9675055483438717,0.8738165352585414,-0.8173374613003097,-0.05698234349919743,1
1776592641.595437,1920,1776592641.595437,1776592641.595491,1776592641.245882,1776592641.569155,0.9822934927688568,0.7950383845625354,-0.7694590742552958,0.968503937007874,0.8285714285714285,0.0,0.4388884115886435,0.3667479763694315,0.8199796464987265,-0.6616246371552975,-0.3971058479215219,-0.8060385230031655,0.9675055483438717,0.8741648459516798,-0.8083075335397317,-0.06861958266452649,1
1776592641.645417,1921,1776592641.645417,1776592641.645462,1776592641.245882,1776592641.569155,0.9832834654183144,0.7851360635660305,-0.7698663379939468,0.889763779527559,0.8857142857142857,0.0,-0.02500098685050724,-0.28484113950762496,0.8110091428854815,0.6163144049346879,0.46208877567611517,-0.7308076462091644,0.9675055483438717,0.8741648459516798,-0.8083075335397317,-0.06861958266452649,1
1776592641.695401,1922,1776592641.695401,1776592641.645462,1776592641.245882,1776592641.569155,0.9841391669340271,0.7745467037070227,-0.7703258388059789,0.9055118110236221,0.7285714285714284,0.0,-0.02500098685050724,-0.28484113950762496,0.8110091428854815,0.6163144049346879,0.46208877567611517,-0.7308076462091644,0.9675055483438717,0.8741648459516798,-0.8083075335397317,-0.06861958266452649,1
1776592641.745356,1923,1776592641.745356,1776592641.695444,1776592641.245882,1776592641.714999,0.9849563153519322,0.7642965959571391,-0.7707623773999538,0.8661417322834646,0.7285714285714284,0.0,-0.2583342427838008,0.08190683686180655,0.8148827500796084,-0.13896952104499272,-0.06498292775459324,-0.818832785273057,0.9675055483438717,0.8744181628194166,-0.8022445820433437,-0.07303370786516854,1
1776592641.795398,1924,1776592641.795398,1776592641.745399,1776592641.245882,1776592641.714999,0.985707436050603,0.7543153295012781,-0.77117498715329,0.8267716535433071,0.6857142857142856,0.0,0.01944443799444113,0.14669878178512777,0.8436289391238075,-0.16918768142235122,-0.06136523765649559,-0.7630497249454501,0.9675055483438717,0.8744181628194166,-0.8022445820433437,-0.07303370786516854,1
1776592641.845344,1925,1776592641.845344,1776592641.795454,1776592641.845822,1776592641.714999,0.9864714077818764,0.7446989190873051,-0.7715523644998823,0.7952755905511811,0.7428571428571428,0.0,0.4777772875775258,-0.01711489193848531,0.9113149396284271,-0.9395750181422351,-0.5776109695951439,-0.8306032760687175,0.9675892969306142,0.8744181628194166,-0.8022445820433437,-0.07303370786516854,1
1776592641.895383,1926,1776592641.895383,1776592641.895424,1776592641.845822,1776592641.861323,0.9871644772643077,0.7347368555810173,-0.7719482063104792,0.8031496062992125,0.6714285714285714,0.0,0.39999953559976126,-0.09657732818428655,0.8806320748036759,-0.024174528301886794,-0.039713294672375485,-0.7364374289314362,0.9675892969306142,0.8746873119913872,-0.7952786377708979,-0.07463884430176564,1
1776592641.945395,1927,1776592641.945395,1776592641.895424,1776592641.845822,1776592641.861323,0.9878389349064179,0.7236823576101289,-0.772403998448117,0.8740157480314961,0.657142857142857,0.0,0.39999953559976126,-0.09657732818428655,0.8806320748036759,-0.024174528301886794,-0.039713294672375485,-0.7364374289314362,0.9675892969306142,0.8746873119913872,-0.7952786377708979,-0.07463884430176564,1
1776592641.995352,1928,1776592641.995352,1776592641.945441,1776592641.845822,1776592641.861323,0.988501427794036,0.7130481908687841,-0.7728277539516271,0.8346456692913385,0.6857142857142856,0.0,0.6777782163780032,0.13325151267726248,0.8131498138182088,-0.33534787735849053,-0.22021841634599754,-0.7548614739235994,0.9675892969306142,0.8746873119913872,-0.7952786377708979,-0.07463884430176564,1
1776592642.045382,1929,1776592642.045382,1776592642.045427,1776592641.845822,1776592642.007311,0.9892490033802647,0.7015008171921875,-0.7732650421712775,0.8976377952755906,0.8142857142857143,0.0,0.09166564111613952,-0.15281182713836514,0.8404688889072566,-0.0030161465892597967,0.3465665817570864,-0.8833150219736317,0.9675892969306142,0.8752731072480289,-0.7921826625386996,-0.08105939004815409,1
1776592642.095373,1930,1776592642.095373,1776592642.045427,1776592641.845822,1776592642.007311,0.9896872679059199,0.6903609727787522,-0.7737295733661312,0.84251968503937,0.45714285714285713,0.0,0.09166564111613952,-0.15281182713836514,0.8404688889072566,-0.0030161465892597967,0.3465665817570864,-0.8833150219736317,0.9675892969306142,0.8752731072480289,-0.7921826625386996,-0.08105939004815409,1
1776592642.145331,1931,1776592642.145331,1776592642.095415,1776592641.845822,1776592642.007311,0.990215046520738,0.6779067931500945,-0.7742361033257992,0.9370078740157479,0.6,0.0,-0.030555213705379846,0.19682125729258107,0.8475025463179343,0.17523131349782292,0.2238225570429787,-0.8254863394695596,0.9675892969306142,0.8752731072480289,-0.7921826625386996,-0.08105939004815409,1
1776592642.195332,1932,1776592642.195332,1776592642.145374,1776592641.845822,1776592642.153381,0.9906969602433365,0.6660585732635199,-0.774716435840811,0.8818897637795275,0.5857142857142856,0.0,0.5333334881334129,0.13691913550788248,0.8233435214454377,-0.44411057692307687,-0.14440951709934424,-0.8894576508190173,0.9675892969306142,0.8758589025046705,-0.7901186790505677,-0.09871589085072231,1
1776592642.245377,1933,1776592642.245377,1776592642.195384,1776592641.845822,1776592642.153381,0.9912708253199021,0.6532331366097832,-0.7751962554540446,0.9448818897637795,0.7428571428571428,0.0,0.3444456570450677,-0.6589243615382965,0.9328236465317884,-0.14804063860667632,0.16245731938648314,-0.9037866099142567,0.9675892969306142,0.8758589025046705,-0.7901186790505677,-0.09871589085072231,1
1776592642.295305,1934,1776592642.295305,1776592642.24542,1776592641.845822,1776592642.153381,0.9918790336732505,0.6409304469166464,-0.7756197742336572,0.8976377952755906,0.8285714285714285,0.0,0.13888817938852419,0.08312903716980921,0.8203873811700544,-0.08458817126269956,-0.04693512546745434,-0.9242581978548818,0.9675892969306142,0.8758589025046705,-0.7901186790505677,-0.09871589085072231,1
1776592642.345319,1935,1776592642.345319,1776592642.345364,1776592641.845822,1776592642.299306,0.992448688928791,0.6282757031480036,-0.7760627832808302,0.9133858267716536,0.8142857142857143,0.0,0.4805567230061556,-0.08190683686180655,0.9019367865548619,-0.8972809325108853,-0.6101024334724405,-0.7697032791419528,0.9675892969306142,0.8763497039359107,-0.7886996904024769,-0.11918138041733548,1
1776592642.395327,1936,1776592642.395327,1776592642.345364,1776592641.845822,1776592642.299306,0.9930562325735567,0.6156700335838252,-0.7764849408980322,0.8976377952755906,0.8999999999999999,0.0,0.4805567230061556,-0.08190683686180655,0.9019367865548619,-0.8972809325108853,-0.6101024334724405,-0.7697032791419528,0.9675892969306142,0.8763497039359107,-0.7886996904024769,-0.11918138041733548,1
1776592642.445498,1937,1776592642.445498,1776592642.445553,1776592642.446068,1776592642.444829,0.9935975269295603,0.6033673438906884,-0.7768927372654528,0.8661417322834646,0.8428571428571427,0.0,0.1277774036775855,-0.05501229864607593,0.8589194579591469,0.2870101596516691,0.28880548479757195,-0.7558852453978303,0.9675892969306142,0.8767138469332826,-0.7879256965944272,-0.13202247191011235,1
1776592642.49531,1938,1776592642.49531,1776592642.445553,1776592642.446068,1776592642.444829,0.9940843151817669,0.5908576890743752,-0.7773094107790294,0.8818897637795275,0.8142857142857143,0.0,0.1277774036775855,-0.05501229864607593,0.8589194579591469,0.2870101596516691,0.28880548479757195,-0.7558852453978303,0.9675892969306142,0.8767138469332826,-0.7879256965944272,-0.13202247191011235,1
1776592642.545313,1939,1776592642.545313,1776592642.545357,1776592642.446068,1776592642.444829,0.9946233938424942,0.5782136136110507,-0.7777068899299174,0.8740157480314961,0.9142857142857143,0.0,-0.08611141426126692,-0.6210269548307058,0.9706422515543126,-0.30512971698113206,-0.3249146387729663,-0.8290685792433695,0.9675892969306142,0.8767138469332826,-0.7879256965944272,-0.13202247191011235,1
1776592642.595315,1940,1776592642.595315,1776592642.545357,1776592642.446068,1776592642.590981,0.9950742878312242,0.5651257366464822,-0.7781418503645755,0.9055118110236221,0.8428571428571427,0.0,-0.08611141426126692,-0.6210269548307058,0.9706422515543126,-0.30512971698113206,-0.3249146387729663,-0.8290685792433695,0.9675892969306142,0.8772521452772236,-0.7905056759545924,-0.12800963081861957,1
1776592642.645343,1941,1776592642.645343,1776592642.595369,1776592642.446068,1776592642.590981,0.9955539858585465,0.5520549289704233,-0.7785445374412084,0.889763779527559,0.9142857142857143,0.0,0.4805567230061556,0.21393614923106638,0.8718653959205912,0.4048326378809869,0.15883962928838546,-0.788127324134116,0.9675892969306142,0.8772521452772236,-0.7905056759545924,-0.12800963081861957,1
1776592642.695343,1942,1776592642.695343,1776592642.645386,1776592642.446068,1776592642.590981,0.9960208328532659,0.5380005035440111,-0.7789834827281412,0.952755905511811,0.9571428571428571,0.0,0.2027780422279137,-0.13936455803049982,0.8252803676480049,0.16616019593613932,0.03609560457427782,-0.7799390731122653,0.9675892969306142,0.8772521452772236,-0.7905056759545924,-0.12800963081861957,1
1776592642.745393,1943,1776592642.745393,1776592642.695384,1776592642.446068,1776592642.737048,0.9964677385904988,0.5243578747028877,-0.7794011425912907,0.9133858267716536,0.9571428571428571,0.0,0.3416662216164379,0.3948657367997768,0.8297655342436198,-0.3776419629898403,-0.29242317489566966,-0.7891491748363503,0.9675892969306142,0.8777904436211645,-0.7963106295149638,-0.11918138041733548,1
1776592642.795345,1944,1776592642.795345,1776592642.745438,1776592642.446068,1776592642.737048,0.9968193694308499,0.5103674591083858,-0.7798464794234558,0.9448818897637795,0.8857142857142857,0.0,0.10277873882827175,-0.5672368564926327,0.7350662809562004,0.7734148222060958,0.5162457319386484,-0.7318314176833953,0.9675892969306142,0.8777904436211645,-0.7963106295149638,-0.11918138041733548,1
1776592642.845283,1945,1776592642.845283,1776592642.84533,1776592642.446068,1776592642.737048,0.997179419913251,0.49697020128958475,-0.7802494624049605,0.889763779527559,0.9142857142857143,0.0,0.24444403164423226,0.06845956775394124,0.815392482327024,-0.0030161465892597967,-0.06136523765649559,-0.7507683087986724,0.9675892969306142,0.8777904436211645,-0.7963106295149638,-0.11918138041733548,1
1776592642.895269,1946,1776592642.895269,1776592642.895312,1776592642.446068,1776592642.882812,0.9974916113776837,0.4839932747003273,-0.7806478489974555,0.8582677165354331,0.8714285714285713,0.0,0.2583342427838008,0.015892691630482656,0.8619775958106177,-0.8398720972423802,-0.6425938973497373,-0.8126920771996682,0.9675892969306142,0.878455400398974,-0.798890608875129,-0.09390048154093097,1
1776592642.945276,1947,1776592642.945276,1776592642.895312,1776592642.446068,1776592642.882812,0.9977630340490324,0.4708819274640585,-0.7810532978528926,0.8661417322834646,0.857142857142857,0.0,0.2583342427838008,0.015892691630482656,0.8619775958106177,-0.8398720972423802,-0.6425938973497373,-0.8126920771996682,0.9675892969306142,0.878455400398974,-0.798890608875129,-0.09390048154093097,1
1776592642.995275,1948,1776592642.995275,1776592642.945333,1776592642.446068,1776592642.882812,0.9980063173903718,0.4573843875752649,-0.7814645661708097,0.889763779527559,0.8714285714285713,0.0,0.2527776939277347,0.03056216104635062,0.8689092556452079,0.4078487844702467,0.2779795133055119,-0.7671448108423738,0.9675892969306142,0.878455400398974,-0.798890608875129,-0.09390048154093097,1
1776592643.045792,1949,1776592643.045792,1776592642.995335,1776592643.04647,1776592643.02843,0.9982148143158731,0.44349852137288287,-0.7818920698026968,0.9055118110236221,0.8714285714285713,0.0,0.11666662796664676,0.0660141452313239,0.8739041544882383,-0.15105678519593613,-0.12634816541108884,-0.7871035526598851,0.9676311712239856,0.8789145372217473,-0.8048245614035088,-0.06942215088282504,1
1776592643.096653,1950,1776592643.096653,1776592643.045871,1776592643.04647,1776592643.02843,0.9984410368035848,0.4297641451060216,-0.7822984260997409,0.8740157480314961,0.9142857142857143,0.0,0.28888945648918063,0.30562365427673027,0.838124393244369,-0.34139150943396224,-0.04331743536935668,-0.7732855189157626,0.9676311712239856,0.8789145372217473,-0.8048245614035088,-0.06942215088282504,1
1776592643.145264,1951,1776592643.145264,1776592643.145309,1776592643.04647,1776592643.02843,0.9985170351515623,0.41670400573528094,-0.7827327158166895,0.8976377952755906,0.7714285714285714,0.0,-0.2694450184947395,0.2982884086154903,0.8196738241924787,0.19335087082728591,0.3754539049374018,-0.8014325117551246,0.9676311712239856,0.8789145372217473,-0.8048245614035088,-0.06942215088282504,1
1776592643.195299,1952,1776592643.195299,1776592643.145309,1776592643.04647,1776592643.174299,0.9985981295986756,0.40345183686880975,-0.7831493104223003,0.8740157480314961,0.7999999999999999,0.0,-0.2694450184947395,0.2982884086154903,0.8196738241924787,0.19335087082728591,0.3754539049374018,-0.8014325117551246,0.9676311712239856,0.8793261771318198,-0.813467492260062,-0.05537720706260032,1
1776592643.245246,1953,1776592643.245246,1776592643.195343,1776592643.04647,1776592643.174299,0.9985436234948781,0.38950836181770854,-0.7836389738042716,0.952755905511811,0.7142857142857143,0.0,0.1277774036775855,-0.35085528473894884,0.855351673071268,0.09365928882438315,-0.14801365779632542,-0.8142267740250162,0.9676311712239856,0.8793261771318198,-0.813467492260062,-0.05537720706260032,1
1776592643.295253,1954,1776592643.295253,1776592643.245291,1776592643.04647,1776592643.174299,0.9986364611269557,0.3755350155117159,-0.7840533195328562,0.8976377952755906,0.9285714285714285,0.0,0.5055553878554694,0.21882597236968904,0.8074413579976026,-0.6012109941944848,-0.6317679258576772,-0.8541442576600388,0.9676311712239856,0.8793261771318198,-0.813467492260062,-0.05537720706260032,1
1776592643.345244,1955,1776592643.345244,1776592643.295339,1776592643.04647,1776592643.320413,0.9985555882493703,0.3619009213148473,-0.7845207900494372,0.9212598425196851,0.7428571428571428,0.0,0.42222340902283223,-0.777505382893079,0.785932736305249,0.4501542089985486,0.36461438404422525,-0.8331617443682965,0.9676311712239856,0.8795794939995567,-0.8203044375644996,-0.04775280898876405,1
1776592643.395224,1956,1776592643.395224,1776592643.395269,1776592643.04647,1776592643.320413,0.9983960581894755,0.34950008321278153,-0.7849674091360471,0.8582677165354331,0.6142857142857142,0.0,-0.22222248022235483,0.0696817680619439,0.8092762066240822,0.27793904208998543,0.10469622242696874,-0.7860797811856541,0.9676311712239856,0.8795794939995567,-0.8203044375644996,-0.04775280898876405,1
1776592643.445342,1957,1776592643.445342,1776592643.395269,1776592643.04647,1776592643.320413,0.9981904416678336,0.3368261364945656,-0.7854311117972597,0.8818897637795275,0.6142857142857142,0.0,-0.22222248022235483,0.0696817680619439,0.8092762066240822,0.27793904208998543,0.10469622242696874,-0.7860797811856541,0.9676311712239856,0.8795794939995567,-0.8203044375644996,-0.04775280898876405,1
1776592643.495217,1958,1776592643.495217,1776592643.495262,1776592643.04647,1776592643.466209,0.9980572783817271,0.32403697207891136,-0.7858561495552145,0.8582677165354331,0.7428571428571428,0.0,-0.39999953559976126,0.08435225938442391,0.7759428534081805,0.7009025761973875,0.5054197604465883,-0.7466732229017488,0.9676311712239856,0.8795953263037902,-0.8304953560371517,-0.0413322632423756,1
1776592643.545692,1959,1776592643.545692,1776592643.545763,1776592643.04647,1776592643.466209,0.9978565363896928,0.3109704317249797,-0.7863081935644755,0.8818897637795275,0.7142857142857143,0.0,0.7111105435108194,-0.0709049902765586,0.8904179625485692,-0.030206821480406387,-0.054156956262533196,-0.8582393435569624,0.9676311712239856,0.8795953263037902,-0.8304953560371517,-0.0413322632423756,1
1776592643.595226,1960,1776592643.595226,1776592643.595273,1776592643.04647,1776592643.466209,0.9976077138101628,0.2976969262478717,-0.7867694106247642,0.9212598425196851,0.7285714285714284,0.0,0.04166598941631856,0.3044004320621156,0.8273191262156522,-0.024174528301886794,0.025269633082217767,-0.8439103844617228,0.9676311712239856,0.8795953263037902,-0.8304953560371517,-0.0413322632423756,1
1776592643.645226,1961,1776592643.645226,1776592643.645271,1776592643.645719,1776592643.612217,0.9974610347828706,0.2838195946897443,-0.7871826910958101,0.8976377952755906,0.9142857142857143,0.0,0.38333453303395,-0.766503536307831,0.9275230105935176,-0.045321571117561674,0.07942658934475097,-0.8515857893604597,0.967673045517357,0.8795636616953232,-0.8413312693498453,-0.033707865168539325,1
1776592643.695237,1962,1776592643.695237,1776592643.695279,1776592643.645719,1776592643.612217,0.9972866595646247,0.269831312756306,-0.787603724274499,0.9055118110236221,0.9285714285714285,0.0,-0.15555550395552903,0.32396074652321827,0.8881752940397541,0.24168858853410738,0.3935017072245407,-0.788127324134116,0.967673045517357,0.8795636616953232,-0.8413312693498453,-0.033707865168539325,1
1776592643.745207,1963,1776592643.745207,1776592643.745247,1776592643.645719,1776592643.612217,0.9970657547455761,0.2558601001113771,-0.7880278545908468,0.9133858267716536,0.9142857142857143,0.0,-0.07777775197776451,-0.16625909624623045,0.7944954200361585,0.12084996371552975,0.25270988022329416,-0.7016368818955715,0.967673045517357,0.8795636616953232,-0.8413312693498453,-0.033707865168539325,1
1776592643.795225,1964,1776592643.795225,1776592643.79527,1776592643.645719,1776592643.757649,0.9967340651627119,0.24268260938213443,-0.7884718499875928,0.9055118110236221,0.7714285714285714,0.0,0.3388891081890016,0.1540340274463678,0.8164117763998401,-0.47130125181422344,-0.4007235380196196,-0.7963155751559666,0.967673045517357,0.8794528355656882,-0.8550051599587203,-0.02247191011235955,1
1776592643.845202,1965,1776592643.845202,1776592643.79527,1776592643.645719,1776592643.757649,0.9963469831979395,0.23062955803344729,-0.7889144842219281,0.8582677165354331,0.657142857142857,0.0,0.3388891081890016,0.1540340274463678,0.8164117763998401,-0.47130125181422344,-0.4007235380196196,-0.7963155751559666,0.967673045517357,0.8794528355656882,-0.8550051599587203,-0.02247191011235955,1
1776592643.89519,1966,1776592643.89519,1776592643.895236,1776592643.645719,1776592643.757649,0.9959587933855292,0.21814977447202558,-0.7893523050703478,0.8740157480314961,0.7285714285714284,0.0,0.2027780422279137,-0.08190683686180655,0.8112130528266492,-0.05438134978229317,-0.08303073004173216,-0.7886382494852332,0.967673045517357,0.8794528355656882,-0.8550051599587203,-0.02247191011235955,1
1776592643.945218,1967,1776592643.945218,1776592643.945266,1776592643.645719,1776592643.903637,0.9956419489610161,0.20427457657496192,-0.7897648359157182,0.9055118110236221,0.9571428571428571,0.0,0.04722253827238467,0.4205380747075048,0.8320081175414272,0.13595337445573294,0.057761096959514396,-0.7215956237130828,0.967673045517357,0.879278680219119,-0.8650670794633643,-0.014446227929373997,1
1776592643.995237,1968,1776592643.995237,1776592643.995279,1776592643.645719,1776592643.903637,0.9952947495112177,0.19076850204191365,-0.7901645047626581,0.889763779527559,0.9285714285714285,0.0,0.9833349974341886,0.14425438116912248,0.8206932034763023,-0.7613275580551523,-0.5270717034307084,-0.8167852423245952,0.967673045517357,0.879278680219119,-0.8650670794633643,-0.014446227929373997,1
1776592644.045206,1969,1776592644.045206,1776592644.045253,1776592643.645719,1776592643.903637,0.9949114342284151,0.17697224960420588,-0.7905785348593792,0.9133858267716536,0.9571428571428571,0.0,-0.04166598941631856,0.29584298609287296,0.86177368586945,0.44712672351233673,0.4295973117988185,-0.713920218814346,0.967673045517357,0.879278680219119,-0.8650670794633643,-0.014446227929373997,1
1776592644.095222,1970,1776592644.095222,1776592644.045253,1776592643.645719,1776592644.051276,0.9944445872336956,0.16393131318303825,-0.7910117001378147,0.9055118110236221,0.8428571428571427,0.0,-0.04166598941631856,0.29584298609287296,0.86177368586945,0.44712672351233673,0.4295973117988185,-0.713920218814346,0.967673045517357,0.8789303695259808,-0.8738390092879257,-0.00682182985553772,1
1776592644.145209,1971,1776592644.145209,1776592644.09532,1776592643.645719,1776592644.051276,0.9939170301884049,0.15101412910356365,-0.7914564254332447,0.9212598425196851,0.8142857142857143,0.0,0.38333453303395,-0.07212719058456124,0.871253836519103,-0.024174528301886794,-0.169679150181562,-0.8193437106241741,0.967673045517357,0.8789303695259808,-0.8738390092879257,-0.00682182985553772,1
1776592644.19521,1972,1776592644.19521,1776592644.145256,1776592643.645719,1776592644.191648,0.993356016144442,0.13889280060083897,-0.7918992963914776,0.889763779527559,0.7428571428571428,0.0,0.43611129816120725,0.2616132022159023,0.8342507860502423,-0.4622301342525399,-0.2093924448539375,-0.8014325117551246,0.967673045517357,0.8786295557455431,-0.878482972136223,0.010032102728731942,1
1776592644.245185,1973,1776592644.245185,1776592644.195253,1776592644.245685,1776592644.191648,0.9927502450558975,0.12676507111492324,-0.7923587182955437,0.9055118110236221,0.7428571428571428,0.0,-0.32222178362199677,-0.3911981139691568,0.9935779872018179,-0.5921398766328011,-0.36823207414232295,-0.8326508190171794,0.9677567941040995,0.8786295557455431,-0.878482972136223,0.010032102728731942,1
1776592644.29523,1974,1776592644.29523,1776592644.24523,1776592644.245685,1776592644.191648,0.9921506779141267,0.11449438633774148,-0.7927940535430398,0.8976377952755906,0.7999999999999999,0.0,-0.06111042741075969,-0.0867966600004292,0.8319062903873548,0.05135386429608128,0.03609560457427782,-0.8075732198285135,0.9677567941040995,0.8786295557455431,-0.878482972136223,0.010032102728731942,1
1776592644.345194,1975,1776592644.345194,1776592644.295347,1776592644.245685,1776592644.33446,0.9914771065501269,0.10296408194965415,-0.793249391959874,0.8976377952755906,0.7,0.0,-0.11111007911058066,-0.21149174861506106,0.8438328490649754,0.05739749637155297,0.169679150181562,-0.8014325117551246,0.9677567941040995,0.8779645989677337,-0.8866099071207431,0.028491171749598716,1
1776592644.39518,1976,1776592644.39518,1776592644.395224,1776592644.245685,1776592644.33446,0.9908923845667075,0.09094943650011308,-0.7936428270775131,0.8582677165354331,0.857142857142857,0.0,0.30277734562755565,-0.5806841256004979,0.7384301559029116,0.6978864296081276,0.7003549943092515,-0.7267144810842374,0.9677567941040995,0.8779645989677337,-0.8866099071207431,0.028491171749598716,1
1776592644.445224,1977,1776592644.445224,1776592644.395224,1776592644.245685,1776592644.33446,0.9902212504675115,0.08005709677006388,-0.7940732700311274,0.8503937007874015,0.7,0.0,0.30277734562755565,-0.5806841256004979,0.7384301559029116,0.6978864296081276,0.7003549943092515,-0.7267144810842374,0.9677567941040995,0.8779645989677337,-0.8866099071207431,0.028491171749598716,1
1776592644.495156,1978,1776592644.495156,1776592644.44527,1776592644.245685,1776592644.477655,0.9895027004894028,0.06930557867021707,-0.794515529452625,0.8661417322834646,0.6857142857142856,0.0,0.6333327915330549,-0.011002868491860003,0.8545362037286122,0.05135386429608128,-0.2093924448539375,-0.7763549125664588,0.9677567941040995,0.8770621576264209,-0.896671826625387,0.0449438202247191,1
1776592644.545158,1979,1776592644.545158,1776592644.495197,1776592644.245685,1776592644.477655,0.988754017055536,0.05816360059571817,-0.7949564277117123,0.889763779527559,0.7428571428571428,0.0,-0.29444368334405324,0.10635697446153186,0.8191640919450631,0.24168858853410738,0.2129965855509187,-0.7180133839392729,0.9677567941040995,0.8770621576264209,-0.896671826625387,0.0449438202247191,1
1776592644.595219,1980,1776592644.595219,1776592644.545203,1776592644.245685,1776592644.477655,0.98811190856446,0.04669943970060468,-0.7953228368510538,0.8267716535433071,0.8857142857142857,0.0,0.7777775197776451,0.1051347741535292,0.8667686699234881,-0.8247686865021769,-0.47292829656929164,-0.8285557331202558,0.9677567941040995,0.8770621576264209,-0.896671826625387,0.0449438202247191,1
1776592644.645217,1981,1776592644.645217,1776592644.645262,1776592644.245685,1776592644.621313,0.9873621172829549,0.03574735746077264,-0.7957419959655542,0.8661417322834646,0.7857142857142857,0.0,0.18333360423347256,0.12958388984664249,0.8738022421231583,0.04833771770682148,-0.03249146387729662,-0.8029672085804728,0.9677567941040995,0.8759538963300719,-0.907765737874097,0.06741573033707865,1
1776592644.695187,1982,1776592644.695187,1776592644.645262,1776592644.245685,1776592644.621313,0.9865715572083658,0.025473779439188528,-0.7961727348240403,0.8582677165354331,0.7142857142857143,0.0,0.18333360423347256,0.12958388984664249,0.8738022421231583,0.04833771770682148,-0.03249146387729662,-0.8029672085804728,0.9677567941040995,0.8759538963300719,-0.907765737874097,0.06741573033707865,1
1776592644.74516,1983,1776592644.74516,1776592644.745201,1776592644.245685,1776592644.621313,0.9857466538569938,0.016034462893500443,-0.7966094904149211,0.84251968503937,0.6285714285714284,0.0,-0.11944374139408306,-0.525671826954422,0.9819571656194376,-0.6284016690856312,-0.29242317489566966,-0.8311161221918314,0.9677567941040995,0.8759538963300719,-0.907765737874097,0.06741573033707865,1
1776592644.795164,1984,1776592644.795164,1776592644.745201,1776592644.245685,1776592644.763937,0.9849392544983044,0.00624309227230636,-0.7970168330615383,0.8346456692913385,0.7142857142857143,0.0,-0.11944374139408306,-0.525671826954422,0.9819571656194376,-0.6284016690856312,-0.29242317489566966,-0.8311161221918314,0.9677567941040995,0.8747981381210221,-0.916795665634675,0.07303370786516854,1
1776592644.845152,1985,1776592644.845152,1776592644.845198,1776592644.845678,1776592644.763937,0.9841108060344904,-0.0036229564861162676,-0.7974290680020367,0.84251968503937,0.7428571428571428,0.0,0.08888852768870323,0.1051347741535292,0.8852192389753785,-0.10573521407837445,0.2238225570429787,-0.7528139309751375,0.9677149198107282,0.8747981381210221,-0.916795665634675,0.07303370786516854,1
1776592644.895156,1986,1776592644.895156,1776592644.845198,1776592644.845678,1776592644.763937,0.9832606437569682,-0.014372340924899397,-0.7978364106486537,0.8740157480314961,0.8714285714285713,0.0,0.08888852768870323,0.1051347741535292,0.8852192389753785,-0.10573521407837445,0.2238225570429787,-0.7528139309751375,0.9677149198107282,0.8747981381210221,-0.916795665634675,0.07303370786516854,1
1776592644.945152,1987,1776592644.945152,1776592644.895216,1776592644.845678,1776592644.90671,0.9824709699604897,-0.02438347863565177,-0.7982033524167645,0.8031496062992125,0.8428571428571427,0.0,0.02500098685050724,0.2652808250465223,0.8469928140705187,-0.033234306966618284,-0.050539266164435534,-0.6898663910999109,0.9677149198107282,0.8739115290839429,-0.925954592363261,0.08065810593900481,1
1776592644.995149,1988,1776592644.995149,1776592644.945186,1776592644.845678,1776592644.90671,0.9815348387062466,-0.03405109691515284,-0.7986392794740044,0.8818897637795275,0.757142857142857,0.0,0.7083334300833831,-0.8056231433234242,0.8595311025716426,0.229601324383164,0.23466207793615526,-0.7093142075663051,0.9677149198107282,0.8739115290839429,-0.925954592363261,0.08065810593900481,1
1776592645.045265,1989,1776592645.045265,1776592644.995192,1776592644.845678,1776592644.90671,0.9806146604579931,-0.043964086216976256,-0.799045576590074,0.8661417322834646,0.8285714285714285,0.0,0.09999930339964194,0.19315363446196104,0.8469928140705187,0.4048326378809869,0.3068532870847109,-0.7446256799532869,0.9677149198107282,0.8739115290839429,-0.925954592363261,0.08065810593900481,1
1776592645.095148,1990,1776592645.095148,1776592645.045317,1776592644.845678,1776592645.049969,0.9795763856515118,-0.053761857821361364,-0.7995080759048077,0.9370078740157479,0.7999999999999999,0.0,0.11944374139408306,-0.21271394892306372,0.8114169627678172,0.07251224600870826,0.15523548859140426,-0.7502554626755585,0.9677149198107282,0.8728824293087616,-0.934468524251806,0.07664526484751204,1
1776592645.145194,1991,1776592645.145194,1776592645.145238,1776592644.845678,1776592645.049969,0.9786167680273399,-0.06302621415982829,-0.799923703887837,0.8582677165354331,0.7999999999999999,0.0,0.16666627966646771,-0.3484108841229436,0.7414882937543825,0.7522677793904209,0.7833857243509837,-0.6934486308737208,0.9677149198107282,0.8728824293087616,-0.934468524251806,0.07664526484751204,1
1776592645.195206,1992,1776592645.195206,1776592645.145238,1776592644.845678,1776592645.193189,0.9775762775255824,-0.07271090172783873,-0.8003587235034696,0.9133858267716536,0.857142857142857,0.0,0.16666627966646771,-0.3484108841229436,0.7414882937543825,0.7522677793904209,0.7833857243509837,-0.6934486308737208,0.9677149198107282,0.8717266710997118,-0.9396284829721363,0.08386837881219902,1
1776592645.245142,1993,1776592645.245142,1776592645.245187,1776592644.845678,1776592645.193189,0.9765858617370695,-0.08141837252868707,-0.8007645668987358,0.8503937007874015,0.7857142857142857,0.0,-0.4805567230061556,0.16870451876884782,0.8266054840270688,0.14199700653120462,0.23826621863313643,-0.7011259565444543,0.9677149198107282,0.8717266710997118,-0.9396284829721363,0.08386837881219902,1
1776592645.295098,1994,1776592645.295098,1776592645.245187,1776592644.845678,1776592645.193189,0.9754695944568621,-0.09019198682250928,-0.8012217991067501,0.9291338582677164,0.7857142857142857,0.0,-0.4805567230061556,0.16870451876884782,0.8266054840270688,0.14199700653120462,0.23826621863313643,-0.7011259565444543,0.9677149198107282,0.8717266710997118,-0.9396284829721363,0.08386837881219902,1
1776592645.345109,1995,1776592645.345109,1776592645.295143,1776592644.845678,1776592645.336182,0.9744373020276269,-0.09936672939630195,-0.8016193571656038,0.8661417322834646,0.8999999999999999,0.0,0.6166677889672435,0.19315363446196104,0.8198777341336464,-0.6253741835994194,-0.5342935342257873,-0.7748202157411107,0.9677149198107282,0.8705709128906621,-0.94156346749226,0.10674157303370786,1
1776592645.395138,1996,1776592645.395138,1776592645.345153,1776592644.845678,1776592645.336182,0.9733722173083025,-0.1077136114773896,-0.8020318880109742,0.8661417322834646,0.8142857142857143,0.0,-0.1277774036775855,-0.30929127710735027,0.8108053181553213,0.555889423076923,0.5162457319386484,-0.7047081963182642,0.9677149198107282,0.8705709128906621,-0.94156346749226,0.10674157303370786,1
1776592645.445171,1997,1776592645.445171,1776592645.445218,1776592645.445621,1776592645.336182,0.9723257444292989,-0.11599648372656707,-0.8024177874178763,0.84251968503937,0.8428571428571427,0.0,0.2527776939277347,0.26894844787714234,0.8424057351098236,0.045321571117561674,0.03609560457427782,-0.7313204923322782,0.9677986683974708,0.8705709128906621,-0.94156346749226,0.10674157303370786,1
1776592645.495088,1998,1776592645.495088,1776592645.445218,1776592645.445621,1776592645.480451,0.9712526832069796,-0.12397637610470301,-0.8028126428789003,0.8503937007874015,0.8285714285714285,0.0,0.2527776939277347,0.26894844787714234,0.8424057351098236,0.045321571117561674,0.03609560457427782,-0.7313204923322782,0.9677986683974708,0.8692884962477438,-0.9413054695562436,0.12279293739967896,1
1776592645.545186,1999,1776592645.545186,1776592645.495146,1776592645.445621,1776592645.480451,0.9701528120718169,-0.13210562475729606,-0.8032099050328823,0.8582677165354331,0.8714285714285713,0.0,0.5472213772717879,0.25061135563065434,0.820081473652799,-0.7129898403483309,-0.5198498726356295,-0.7743092903899935,0.9677986683974708,0.8692884962477438,-0.9413054695562436,0.12279293739967896,1
1776592645.595068,2000,1776592645.595068,1776592645.595109,1776592645.445621,1776592645.480451,0.9690383173478304,-0.13977613628119945,-0.8036143872657379,0.8582677165354331,0.8428571428571427,0.0,-0.08333430083383062,0.24572153249203169,0.8505605989583976,-0.04229408563134978,-0.07942658934475097,-0.765097267893912,0.9677986683974708,0.8692884962477438,-0.9413054695562436,0.12279293739967896,1
1776592645.645147,2001,1776592645.645147,1776592645.595109,1776592645.445621,1776592645.622573,0.96785402822264,-0.14784137510188233,-0.8040272929239459,0.8976377952755906,0.9142857142857143,0.0,-0.08333430083383062,0.24572153249203169,0.8505605989583976,-0.04229408563134978,-0.07942658934475097,-0.765097267893912,0.9677986683974708,0.8679427503878914,-0.9388544891640866,0.12239165329052969,1
1776592645.695134,2002,1776592645.695134,1776592645.695183,1776592645.445621,1776592645.622573,0.9667288981613275,-0.1552707829255907,-0.8044069388745558,0.84251968503937,0.8714285714285713,0.0,0.03888887598888226,0.059902121784698587,0.9575943160167808,-0.8217525399129172,-0.5162457319386484,-0.8085969913027444,0.9677986683974708,0.8679427503878914,-0.9388544891640866,0.12239165329052969,1
1776592645.745145,2003,1776592645.745145,1776592645.745191,1776592645.445621,1776592645.622573,0.9655335305597555,-0.16252736420314162,-0.8048163923092587,0.8818897637795275,0.8714285714285713,0.0,0.30000023220011934,0.03911960701559328,0.8456676976914549,0.16918768142235122,0.3032491463877297,-0.793244260733274,0.9677986683974708,0.8679427503878914,-0.9388544891640866,0.12239165329052969,1
1776592645.795081,2004,1776592645.795081,1776592645.745191,1776592645.445621,1776592645.768561,0.9643474688783441,-0.16973913859835538,-0.8052123722087959,0.8661417322834646,0.8999999999999999,0.0,0.30000023220011934,0.03911960701559328,0.8456676976914549,0.16918768142235122,0.3032491463877297,-0.793244260733274,0.9677986683974708,0.8663911845730027,-0.9325335397316822,0.1187800963081862,1
1776592645.845109,2005,1776592645.845109,1776592645.795124,1776592645.445621,1776592645.768561,0.9630889539613973,-0.17674181420932925,-0.8056376861446313,0.9055118110236221,0.8999999999999999,0.0,-0.07777775197776451,-0.1051347741535292,0.869011168010288,-0.06948476052249636,0.09385670153379222,-0.7722617474415318,0.9677986683974708,0.8663911845730027,-0.9325335397316822,0.1187800963081862,1
1776592645.895112,2006,1776592645.895112,1776592645.895156,1776592645.445621,1776592645.768561,0.9619266002194425,-0.1831577330277931,-0.8060105657371709,0.8267716535433071,0.857142857142857,0.0,0.030555213705379846,-0.7567238900305857,0.8968399753467513,-0.05739749637155297,0.06498292775459324,-0.7691904330188389,0.9677986683974708,0.8663911845730027,-0.9325335397316822,0.1187800963081862,1
1776592645.945123,2007,1776592645.945123,1776592645.895156,1776592645.445621,1776592645.914059,0.9607301247702323,-0.18893355352715513,-0.8064101556761449,0.84251968503937,0.7999999999999999,0.0,0.030555213705379846,-0.7567238900305857,0.8968399753467513,-0.05739749637155297,0.06498292775459324,-0.7691904330188389,0.9677986683974708,0.8649504448877489,-0.9275025799793601,0.12319422150882825,1
1776592645.995073,2008,1776592645.995073,1776592645.995117,1776592645.445621,1776592645.914059,0.9595210198579472,-0.19510410132329659,-0.8067944769237303,0.84251968503937,0.8857142857142857,0.0,0.11388951453921047,-0.1784841650460931,0.8206932034763023,0.12990974238026123,0.06858706845157445,-0.7108489043916532,0.9677986683974708,0.8649504448877489,-0.9275025799793601,0.12319422150882825,1
1776592646.045069,2009,1776592646.045069,1776592646.045114,1776592646.045846,1776592645.914059,0.9582558578551715,-0.20071136259862848,-0.8072067118642289,0.8740157480314961,0.8428571428571427,0.0,0.38333453303395,0.1711489193848531,0.8126401667818008,-0.5891237300435413,-0.47653243726627287,-0.7492316912013277,0.9677567941040995,0.8649504448877489,-0.9275025799793601,0.12319422150882825,1
1776592646.09511,2010,1776592646.09511,1776592646.09515,1776592646.045846,1776592646.059508,0.9570203861690982,-0.20631222289076936,-0.8075956886817985,0.84251968503937,0.8714285714285713,0.0,0.044445424844948365,-0.9731044398776574,0.7779816119758277,0.5649492017416545,0.49097609885643057,-0.7215956237130828,0.9677567941040995,0.8635255375067287,-0.9247936016511867,0.12680577849117175,1
1776592646.145066,2011,1776592646.145066,1776592646.09515,1776592646.045846,1776592646.059508,0.9557687399075079,-0.21016134744963494,-0.8080332136253463,0.8582677165354331,0.6714285714285714,0.0,0.044445424844948365,-0.9731044398776574,0.7779816119758277,0.5649492017416545,0.49097609885643057,-0.7215956237130828,0.9677567941040995,0.8635255375067287,-0.9247936016511867,0.12680577849117175,1
1776592646.195177,2012,1776592646.195177,1776592646.145111,1776592646.045846,1776592646.059508,0.9545558683132532,-0.21413635801125722,-0.8084296275186954,0.8188976377952756,0.7142857142857143,0.0,-0.15555550395552903,0.1650368959382278,0.8435270267587276,0.02114704281567489,-0.1660614600834643,-0.7763549125664588,0.9677567941040995,0.8635255375067287,-0.9247936016511867,0.12680577849117175,1
1776592646.247622,2013,1776592646.247622,1776592646.195221,1776592646.045846,1776592646.205493,0.9531497880909038,-0.21798974989225012,-0.8089086975062538,0.9055118110236221,0.7285714285714284,0.0,-0.1277774036775855,-0.14058675833850248,0.8150866600207761,0.211481767053701,0.0036041406969811937,-0.7482079197270968,0.9677567941040995,0.862401443906146,-0.918859649122807,0.12118780096308186,1
1776592646.295464,2014,1776592646.295464,1776592646.24767,1776592646.045846,1776592646.205493,0.9519335929537344,-0.22184100811217936,-0.8092937683795146,0.84251968503937,0.7999999999999999,0.0,0.45555573615564837,0.18704161101533576,0.8242609883641813,-0.6706957547169811,-0.4981979296515095,-0.8157614708503642,0.9677567941040995,0.862401443906146,-0.918859649122807,0.12118780096308186,1
1776592646.345033,2015,1776592646.345033,1776592646.345075,1776592646.045846,1776592646.205493,0.9506427288857534,-0.22447607952581516,-0.809742557435185,0.8740157480314961,0.657142857142857,0.0,0.30277734562755565,-0.14303218086111985,0.8379204833032012,-0.12990974238026123,-0.29242317489566966,-0.8152505454992471,0.9677567941040995,0.862401443906146,-0.918859649122807,0.12118780096308186,1
1776592646.395055,2016,1776592646.395055,1776592646.345075,1776592646.045846,1776592646.351862,0.9493538589435211,-0.2264539833318398,-0.8101984482077801,0.8661417322834646,0.6,0.0,0.30277734562755565,-0.14303218086111985,0.8379204833032012,-0.12990974238026123,-0.29242317489566966,-0.8152505454992471,0.9677567941040995,0.8609132073081917,-0.9165376676986584,0.10714285714285715,1
1776592646.445026,2017,1776592646.445026,1776592646.395094,1776592646.045846,1776592646.351862,0.9480898047883835,-0.22700020056414,-0.8106844226423489,0.8661417322834646,0.44285714285714284,0.0,-0.06944408969426209,-0.07334939089256388,0.7994903188791889,0.15105678519593613,0.1660614600834643,-0.8014325117551246,0.9677567941040995,0.8609132073081917,-0.9165376676986584,0.10714285714285715,1
1776592646.495036,2018,1776592646.495036,1776592646.495081,1776592646.045846,1776592646.351862,0.9468554409499482,-0.22776618488599848,-0.8111402345069783,0.8346456692913385,0.5,0.0,-0.24166691821679595,-0.15281182713836514,0.785015354597513,0.7552839259796806,0.5126280418405507,-0.8121792310765543,0.9677567941040995,0.8609132073081917,-0.9165376676986584,0.10714285714285715,1
1776592646.545132,2019,1776592646.545132,1776592646.545187,1776592646.045846,1776592646.49733,0.9456450066204974,-0.22733305169007295,-0.8116293652601803,0.8346456692913385,0.3714285714285714,0.0,0.04999965169982097,-0.023226915385110618,0.8865443553544424,0.0030161465892597967,-0.014443661590157718,-0.8833150219736317,0.9677567941040995,0.859789113707609,-0.9115067079463365,0.10313001605136436,1
1776592646.595031,2020,1776592646.595031,1776592646.545187,1776592646.045846,1776592646.49733,0.9443654425984256,-0.22750587823623042,-0.8121057918308832,0.8661417322834646,0.5142857142857142,0.0,0.04999965169982097,-0.023226915385110618,0.8865443553544424,0.0030161465892597967,-0.014443661590157718,-0.8833150219736317,0.9677567941040995,0.859789113707609,-0.9115067079463365,0.10313001605136436,1
1776592646.645017,2021,1776592646.645017,1776592646.645061,1776592646.645422,1776592646.642181,0.9431468101964523,-0.22691058679946574,-0.8125722168169169,0.8346456692913385,0.4285714285714285,0.0,0.30277734562755565,0.01344726910786531,0.9685014954105776,-0.7975780116110304,-0.6064982927754594,-0.9278404376286917,0.9677149198107282,0.8590291631043981,-0.9040247678018576,0.10674157303370786,1
1776592646.695037,2022,1776592646.695037,1776592646.645061,1776592646.645422,1776592646.642181,0.9418723422735161,-0.2275400168132492,-0.8129935459004778,0.8346456692913385,0.6428571428571428,0.0,0.30277734562755565,0.01344726910786531,0.9685014954105776,-0.7975780116110304,-0.6064982927754594,-0.9278404376286917,0.9677149198107282,0.8590291631043981,-0.9040247678018576,0.10674157303370786,1
1776592646.745011,2023,1776592646.745011,1776592646.745059,1776592646.645422,1776592646.642181,0.9405260858236271,-0.2282099863872424,-0.8134342271626588,0.8740157480314961,0.7142857142857143,0.0,-0.005556548856066112,-0.11246899790815718,0.8876656470033462,0.04229408563134978,-0.06498292775459324,-0.8219040996957497,0.9677149198107282,0.8590291631043981,-0.9040247678018576,0.10674157303370786,1
1776592646.794988,2024,1776592646.794988,1776592646.745059,1776592646.645422,1776592646.789023,0.9391494743484526,-0.22870712941507815,-0.8138808462492687,0.889763779527559,0.7428571428571428,0.0,-0.005556548856066112,-0.11246899790815718,0.8876656470033462,0.04229408563134978,-0.06498292775459324,-0.8219040996957497,0.9677149198107282,0.8585858585858586,-0.8942208462332302,0.10995184590690209,1
1776592646.845009,2025,1776592646.845009,1776592646.795033,1776592646.645422,1776592646.789023,0.9378384474534571,-0.22848949598658355,-0.8143189630025601,0.8582677165354331,0.657142857142857,0.0,0.30833389448362175,0.24083068744679698,0.8391437725281926,-0.04833771770682148,-0.050539266164435534,-0.7830084667629614,0.9677149198107282,0.8585858585858586,-0.8942208462332302,0.10995184590690209,1
1776592646.89501,2026,1776592646.89501,1776592646.895052,1776592646.645422,1776592646.789023,0.9364751301499404,-0.22834013971212647,-0.8147569416669115,0.8818897637795275,0.7285714285714284,0.0,0.23888980478935964,-0.05623449895407859,0.8728847752044148,0.17220382801161102,0.2852013441005907,-0.8137158486738991,0.9677149198107282,0.8585858585858586,-0.8942208462332302,0.10995184590690209,1
1776592646.945087,2027,1776592646.945087,1776592646.94513,1776592646.645422,1776592646.933986,0.9350262870087581,-0.22856844144593944,-0.8151935591688522,0.9133858267716536,0.857142857142857,0.0,-0.04722253827238467,-0.20904632609244372,0.8182466250263196,0.027190674891146585,0.2996450056907485,-0.8474926242355327,0.9677149198107282,0.8581267217630854,-0.8854489164086687,0.12560192616372393,1
1776592646.994995,2028,1776592646.994995,1776592646.94513,1776592646.645422,1776592646.933986,0.9336592030232718,-0.22707487870136855,-0.8156789417936772,0.9133858267716536,0.6428571428571428,0.0,-0.04722253827238467,-0.20904632609244372,0.8182466250263196,0.027190674891146585,0.2996450056907485,-0.8474926242355327,0.9677149198107282,0.8581267217630854,-0.8854489164086687,0.12560192616372393,1
1776592647.045002,2029,1776592647.045002,1776592646.995057,1776592646.645422,1776592646.933986,0.9323366545128395,-0.22560691988956172,-0.8161297627294676,0.8740157480314961,0.657142857142857,0.0,0.05277676512725727,0.31784872307659295,0.8306830011623633,-0.36253855224963716,-0.09747439163188988,-0.8377677556163373,0.9677149198107282,0.8581267217630854,-0.8854489164086687,0.12560192616372393,1
1776592647.095037,2030,1776592647.095037,1776592647.045043,1776592646.645422,1776592647.080625,0.9310132197242966,-0.2236994268986383,-0.8165837794378743,0.8818897637795275,0.6428571428571428,0.0,0.21111170451141612,-0.3129578780313582,0.738837975785247,0.9395750181422351,0.8808601159828736,-0.7333680352807401,0.9677149198107282,0.8574934295937431,-0.8724200206398349,0.14646869983948635,1
1776592647.144993,2031,1776592647.144993,1776592647.145038,1776592646.645422,1776592647.080625,0.9296749397774023,-0.22225067103640456,-0.8170134530388217,0.8661417322834646,0.7428571428571428,0.0,-0.08055486540520082,0.28117351667700496,0.8078491778799382,0.07552839259796806,0.19855292396076096,-0.7691904330188389,0.9677149198107282,0.8574934295937431,-0.8724200206398349,0.14646869983948635,1
1776592647.194984,2032,1776592647.194984,1776592647.195046,1776592646.645422,1776592647.080625,0.9283173832816041,-0.22025783160293422,-0.8174670752073993,0.889763779527559,0.7285714285714284,0.0,0.31944467019456046,0.23227324147755435,0.8180428855071669,-0.6706957547169811,-0.22744024714107636,-0.7978502719813149,0.9677149198107282,0.8574934295937431,-0.8724200206398349,0.14646869983948635,1
1776592647.244971,2033,1776592647.244971,1776592647.195046,1776592647.245626,1776592647.225374,0.9269638150373034,-0.21911632293386932,-0.8178595239754655,0.84251968503937,0.857142857142857,0.0,0.31944467019456046,0.23227324147755435,0.8180428855071669,-0.6706957547169811,-0.22744024714107636,-0.7978502719813149,0.9678405426908421,0.8570026281625027,-0.8624871001031992,0.1689406099518459,1
1776592647.294984,2034,1776592647.294984,1776592647.245011,1776592647.245626,1776592647.225374,0.9256443685002579,-0.21728350808017444,-0.8182590350064736,0.84251968503937,0.7857142857142857,0.0,-0.6027775778276749,0.27628369353838234,0.8346585207215702,0.6767393867924528,0.5054197604465883,-0.7041953501951504,0.9678405426908421,0.8570026281625027,-0.8624871001031992,0.1689406099518459,1
1776592647.34503,2035,1776592647.34503,1776592647.345078,1776592647.245626,1776592647.225374,0.9243610377962164,-0.2147615207029133,-0.8186717236677756,0.84251968503937,0.7142857142857143,0.0,-0.06111042741075969,0.11124679760015452,0.8393475972583528,0.06344112844702467,-0.06858706845157445,-0.7062428931436123,0.9678405426908421,0.8570026281625027,-0.8624871001031992,0.1689406099518459,1
1776592647.39497,2036,1776592647.39497,1776592647.345078,1776592647.245626,1776592647.371541,0.9230096852471917,-0.2115482271410222,-0.8191307707590041,0.9055118110236221,0.7285714285714284,0.0,-0.06111042741075969,0.11124679760015452,0.8393475972583528,0.06344112844702467,-0.06858706845157445,-0.7062428931436123,0.9678405426908421,0.8564959944270288,-0.8525541795665635,0.1906099518459069,1
1776592647.44496,2037,1776592647.44496,1776592647.445,1776592647.245626,1776592647.371541,0.9217981430701028,-0.2079743448593704,-0.8195686507883981,0.8346456692913385,0.6142857142857142,0.0,-0.30000023220011934,0.3374080156310835,0.8449541407138791,0.5770364658925979,0.3610102433472441,-0.7001021850702234,0.9678405426908421,0.8564959944270288,-0.8525541795665635,0.1906099518459069,1
1776592647.494967,2038,1776592647.494967,1776592647.49515,1776592647.245626,1776592647.371541,0.920429508097923,-0.20502775893043837,-0.8199839828665556,0.8818897637795275,0.8428571428571427,0.0,0.31666755676712416,-0.1821517878767131,0.855453585436348,0.03625045355587808,-0.2635358517153542,-0.795802729032853,0.9678405426908421,0.8564959944270288,-0.8525541795665635,0.1906099518459069,1
1776592647.544972,2039,1776592647.544972,1776592647.545019,1776592647.245626,1776592647.517102,0.919108067435129,-0.20200649486427782,-0.8203785226957163,0.8503937007874015,0.8285714285714285,0.0,0.21666593136628873,0.3679701766774342,0.8335372290726665,-0.1993945029027576,-0.10107853232887107,-0.7599784105227573,0.9678405426908421,0.8559735283873215,-0.8459752321981425,0.206661316211878,1
1776592647.59501,2040,1776592647.59501,1776592647.595075,1776592647.245626,1776592647.517102,0.9177465226878334,-0.19904924063002744,-0.8207673614243457,0.8582677165354331,0.8999999999999999,0.0,0.361110659610879,0.022004715077107963,0.9185525069802727,-0.8972809325108853,-0.559563167308005,-0.7789153016380344,0.9678405426908421,0.8559735283873215,-0.8459752321981425,0.206661316211878,1
1776592647.644964,2041,1776592647.644964,1776592647.595075,1776592647.245626,1776592647.517102,0.9164162192439339,-0.19560977899538703,-0.8211695158722091,0.8582677165354331,0.857142857142857,0.0,0.361110659610879,0.022004715077107963,0.9185525069802727,-0.8972809325108853,-0.559563167308005,-0.7789153016380344,0.9678405426908421,0.8559735283873215,-0.8459752321981425,0.206661316211878,1
1776592647.694985,2042,1776592647.694985,1776592647.695021,1776592647.245626,1776592647.662676,0.9150136841340265,-0.19190360972778753,-0.8215769966077663,0.8976377952755906,0.9285714285714285,0.0,-0.18888783108834517,-0.0806846365538039,0.8737003297580783,-0.10876269956458634,-0.021665492385236573,-0.76663196471926,0.9678405426908421,0.8556093853899497,-0.8399122807017544,0.23113964686998395,1
1776592647.74495,2043,1776592647.74495,1776592647.744997,1776592647.245626,1776592647.662676,0.9136450491618467,-0.18770243109341594,-0.821987041852213,0.8976377952755906,0.8857142857142857,0.0,0.06111042741075969,0.1992666798151984,0.815494394692104,-0.4592139876632801,-0.2635358517153542,-0.7712379759673008,0.9678405426908421,0.8556093853899497,-0.8399122807017544,0.23113964686998395,1
1776592647.794996,2044,1776592647.794996,1776592647.744997,1776592647.245626,1776592647.662676,0.9122739769248631,-0.18359513354584597,-0.8223839291933572,0.8818897637795275,0.9285714285714285,0.0,0.06111042741075969,0.1992666798151984,0.815494394692104,-0.4592139876632801,-0.2635358517153542,-0.7712379759673008,0.9678405426908421,0.8556093853899497,-0.8399122807017544,0.23113964686998395,1
1776592647.84497,2045,1776592647.84497,1776592647.845009,1776592647.845348,1776592647.808265,0.9109791246053845,-0.1788157327632191,-0.8228028713109515,0.8740157480314961,0.8285714285714285,0.0,-0.4722230607226532,0.27139387039975965,0.8069317109611946,0.14199700653120462,0.1877269524687009,-0.7635606502965672,0.9678405426908421,0.8555460561730155,-0.8366873065015479,0.271669341894061,1
1776592647.895049,2046,1776592647.895049,1776592647.845009,1776592647.845348,1776592647.808265,0.9096184661361997,-0.17408113886292934,-0.8232098983257051,0.889763779527559,0.9285714285714285,0.0,-0.4722230607226532,0.27139387039975965,0.8069317109611946,0.14199700653120462,0.1877269524687009,-0.7635606502965672,0.9678405426908421,0.8555460561730155,-0.8366873065015479,0.271669341894061,1
1776592647.944987,2047,1776592647.944987,1776592647.895104,1776592647.845348,1776592647.808265,0.9082841744408029,-0.16872351593204715,-0.8236286037194019,0.9055118110236221,0.8857142857142857,0.0,0.044445424844948365,-0.1039115519389145,0.8202853835939667,0.13292588896952104,-0.06136523765649559,-0.7492316912013277,0.9678405426908421,0.8555460561730155,-0.8366873065015479,0.271669341894061,1
1776592647.994981,2048,1776592647.994981,1776592647.945036,1776592647.845348,1776592647.954949,0.9069478886196574,-0.16345550676583923,-0.8240319615137445,0.889763779527559,0.9285714285714285,0.0,0.46944362529402334,0.07946243624580124,0.832313939847675,-0.7401805152394775,-0.6281637851606959,-0.7830084667629614,0.9678405426908421,0.8554827269560812,-0.8363003095975232,0.3057784911717496,1
1776592648.044934,2049,1776592648.044934,1776592647.995044,1776592647.845348,1776592647.954949,0.905681840338771,-0.15777996833646982,-0.8244487928432528,0.8740157480314961,0.857142857142857,0.0,0.3805550976053202,-0.7286061296002404,0.7268094195315388,0.7734148222060958,0.6245460950625983,-0.7221084698361966,0.9678405426908421,0.8554827269560812,-0.8363003095975232,0.3057784911717496,1
1776592648.094981,2050,1776592648.094981,1776592648.044975,1776592647.845348,1776592647.954949,0.9043770173905491,-0.15191453407243352,-0.8248565103027075,0.889763779527559,0.9142857142857143,0.0,-0.10833296568314436,0.07946243624580124,0.8576962539451631,-0.027190674891146585,-0.1732832908785432,-0.7737964442668798,0.9678405426908421,0.8554827269560812,-0.8363003095975232,0.3057784911717496,1
1776592648.144919,2051,1776592648.144919,1776592648.095032,1776592647.845348,1776592648.099807,0.9032108969666245,-0.14602562953669684,-0.8252407329153355,0.8267716535433071,0.7999999999999999,0.0,0.16111205281159513,0.0977995284922892,0.8207951158413823,0.09667543541364296,-0.01804780228713891,-0.7123836012170012,0.9678405426908421,0.8552927393052784,-0.832688338493292,0.32784911717495985,1
1776592648.194953,2052,1776592648.194953,1776592648.195012,1776592647.845348,1776592648.099807,0.9021229905859539,-0.13935153772952857,-0.8256602076616992,0.8346456692913385,0.6857142857142856,0.0,0.13888817938852419,-0.13202931236925983,0.8592252802653948,0.5800526124818577,0.06858706845157445,-0.7691904330188389,0.9678405426908421,0.8552927393052784,-0.832688338493292,0.32784911717495985,1
1776592648.244957,2053,1776592648.244957,1776592648.244997,1776592647.845348,1776592648.245981,0.9010399587348912,-0.13189439231199246,-0.8261150331767556,0.8740157480314961,0.657142857142857,0.0,-0.011110775710938716,-0.17603874252347576,0.8618756834455377,-0.1571004172714078,-0.10830036312394993,-0.8382806017394512,0.9678405426908421,0.8549919255248408,-0.8283023735810113,0.34109149277688605,1
1776592648.294904,2054,1776592648.294904,1776592648.244997,1776592647.845348,1776592648.245981,0.8999613582743811,-0.12417053926149724,-0.8265721864768042,0.8818897637795275,0.6714285714285714,0.0,-0.011110775710938716,-0.17603874252347576,0.8618756834455377,-0.1571004172714078,-0.10830036312394993,-0.8382806017394512,0.9678405426908421,0.8549919255248408,-0.8283023735810113,0.34109149277688605,1
1776592648.344947,2055,1776592648.344947,1776592648.294944,1776592647.845348,1776592648.245981,0.8989018127932473,-0.11667072062268764,-0.8269937522842623,0.8503937007874015,0.7,0.0,0.35555643275600646,0.20048888012320107,0.8436289391238075,-0.12688225689404933,-0.0036041406969811937,-0.8060385230031655,0.9678405426908421,0.8549919255248408,-0.8283023735810113,0.34109149277688605,1
1776592648.394987,2056,1776592648.394987,1776592648.395028,1776592647.845348,1776592648.392198,0.8980013542329528,-0.10834517515223671,-0.8274557189702266,0.84251968503937,0.5,0.0,0.33333255933293543,0.16992671907685045,0.8804281648625082,0.2144979136429608,0.11552219391902879,-0.8275319616460248,0.9678405426908421,0.8546911117444032,-0.8295923632610939,0.34991974317817015,1
1776592648.444895,2057,1776592648.444895,1776592648.395028,1776592648.446978,1776592648.392198,0.897000081537586,-0.09960783309649697,-0.8279322244488955,0.8976377952755906,0.6285714285714284,0.0,0.33333255933293543,0.16992671907685045,0.8804281648625082,0.2144979136429608,0.11552219391902879,-0.8275319616460248,0.9678824169842134,0.8546911117444032,-0.8295923632610939,0.34991974317817015,1
1776592648.4949,2058,1776592648.4949,1776592648.444933,1776592648.446978,1776592648.392198,0.8960756934683075,-0.08977378925402943,-0.8284639655036468,0.9370078740157479,0.5142857142857142,0.0,0.27499924534961206,-0.19804345760058373,0.8209989405715425,0.1601165638606676,0.025269633082217767,-0.8741049202495467,0.9678824169842134,0.8546911117444032,-0.8295923632610939,0.34991974317817015,1
1776592648.545054,2059,1776592648.545054,1776592648.494941,1776592648.446978,1776592648.537674,0.895021465655837,-0.080799610820222,-0.8289081778972988,0.9055118110236221,0.757142857142857,0.0,0.31111100791105806,0.27750589384638497,0.8314984705050191,-0.3987890058055152,-0.259931711018373,-0.9048103813884877,0.9678824169842134,0.8547069440486369,-0.8272703818369452,0.36436597110754415,1
1776592648.594884,2060,1776592648.594884,1776592648.545126,1776592648.446978,1776592648.537674,0.8941498111341346,-0.07080980972010635,-0.8294153785746764,0.9212598425196851,0.5285714285714285,0.0,0.3361119947615653,-0.4303177209847501,0.7223241677249164,0.8036216436865021,0.6281637851606959,-0.8787109314975875,0.9678824169842134,0.8547069440486369,-0.8272703818369452,0.36436597110754415,1
1776592648.644944,2061,1776592648.644944,1776592648.644999,1776592648.446978,1776592648.537674,0.8932225426609969,-0.060967231233384114,-0.8299022604508521,0.9133858267716536,0.6428571428571428,0.0,0.2527776939277347,-0.025672337907727962,0.8175331532597513,0.08761565674891146,-0.039713294672375485,-0.8741049202495467,0.9678824169842134,0.8547069440486369,-0.8272703818369452,0.36436597110754415,1
1776592648.694915,2062,1776592648.694915,1776592648.694976,1776592648.446978,1776592648.682865,0.8923528822650432,-0.0504824207664964,-0.8304099148490333,0.9370078740157479,0.5857142857142856,0.0,0.39444530874488865,0.18704161101533576,0.8174311556836636,-0.7401805152394775,-0.5054197604465883,-0.9385871569501214,0.9678824169842134,0.8544852917893669,-0.8227554179566564,0.37520064205457465,1
1776592648.745802,2063,1776592648.745802,1776592648.694976,1776592648.446978,1776592648.682865,0.8914422315064777,-0.04044354546191629,-0.8308676796858169,0.889763779527559,0.6857142857142856,0.0,0.39444530874488865,0.18704161101533576,0.8174311556836636,-0.7401805152394775,-0.5054197604465883,-0.9385871569501214,0.9678824169842134,0.8544852917893669,-0.8227554179566564,0.37520064205457465,1
1776592648.794962,2064,1776592648.794962,1776592648.745857,1776592648.446978,1776592648.682865,0.8905519651444543,-0.03054762544860224,-0.8313145157693329,0.8976377952755906,0.7285714285714284,0.0,0.04999965169982097,0.22249359520030904,0.8697247249878638,0.4682737663280116,0.4259931711018374,-0.8126920771996682,0.9678824169842134,0.8544852917893669,-0.8227554179566564,0.37520064205457465,1
1776592648.844849,2065,1776592648.844849,1776592648.795029,1776592648.446978,1776592648.829108,0.8897948620685376,-0.020190834645534887,-0.8317911001559675,0.8818897637795275,0.5714285714285714,0.0,0.22777902907842093,-0.1259172889226345,0.860346657125306,-0.08458817126269956,-0.13718768630426537,-0.8628453548050032,0.9678824169842134,0.8541528134004622,-0.8156604747162023,0.39085072231139645,1
1776592648.894914,2066,1776592648.894914,1776592648.894987,1776592648.446978,1776592648.829108,0.8889996490338682,-0.010333320531366952,-0.8322167297236661,0.84251968503937,0.6714285714285714,0.0,-0.1361110659610879,-0.6222491551387085,0.9879714437462916,-0.613286919448476,-0.36823207414232295,-0.8940636620670581,0.9678824169842134,0.8541528134004622,-0.8156604747162023,0.39085072231139645,1
1776592648.94488,2067,1776592648.94488,1776592648.894987,1776592648.446978,1776592648.829108,0.8883280717956171,-0.00021763342849461678,-0.8326632699023102,0.8346456692913385,0.5428571428571428,0.0,-0.1361110659610879,-0.6222491551387085,0.9879714437462916,-0.613286919448476,-0.36823207414232295,-0.8940636620670581,0.9678824169842134,0.8541528134004622,-0.8156604747162023,0.39085072231139645,1
1776592648.994837,2068,1776592648.994837,1776592648.944921,1776592648.446978,1776592648.976251,0.8877692734469306,0.010105018797553971,-0.8331343504583281,0.8267716535433071,0.4285714285714285,0.0,-0.23333325593329352,-0.03545198418497327,0.8226299644678619,-0.13595337445573294,0.2093924448539375,-0.8874101078705554,0.9678824169842134,0.8535511858395871,-0.8070175438596492,0.4093097913322632,1
1776592649.044844,2069,1776592649.044844,1776592648.994874,1776592648.446978,1776592648.976251,0.8872239908394294,0.02119152168439739,-0.8336404266971925,0.8740157480314961,0.4285714285714285,0.0,0.05555620055588708,-0.1955990569845784,0.8707441042716875,-0.06344112844702467,0.13718768630426537,-0.8592631150311933,0.9678824169842134,0.8535511858395871,-0.8070175438596492,0.4093097913322632,1
1776592649.094902,2070,1776592649.094902,1776592649.094943,1776592649.046111,1776592648.976251,0.8867265672498966,0.031260268243868926,-0.8340877362285035,0.7874015748031497,0.4285714285714285,0.0,-0.3805550976053202,-0.5892415715697406,0.8957185984868399,0.06948476052249636,0.4223754810037397,-0.9012281416146778,0.9680080398643273,0.8535511858395871,-0.8070175438596492,0.4093097913322632,1
1776592649.145033,2071,1776592649.145033,1776592649.145076,1776592649.046111,1776592649.120954,0.8862632653676192,0.041465569111415516,-0.8345426209245342,0.7874015748031497,0.41428571428571426,0.0,0.06111042741075969,0.45599005889247807,0.7887868790045446,0.07251224600870826,0.23104438783805759,-0.8111554596023234,0.9680080398643273,0.8530287197998797,-0.7997936016511867,0.4309791332263242,1
1776592649.194844,2072,1776592649.194844,1776592649.194882,1776592649.046111,1776592649.120954,0.8856492962065524,0.05173487981087229,-0.8349455249980733,0.8031496062992125,0.6428571428571428,0.0,0.0722212031216984,0.06479194492332124,0.8388379502219449,0.07854453918722785,-0.06858706845157445,-0.7727726727926489,0.9680080398643273,0.8530287197998797,-0.7997936016511867,0.4309791332263242,1
1776592649.244855,2073,1776592649.244855,1776592649.2449,1776592649.046111,1776592649.120954,0.8849517953335685,0.06250560086029215,-0.8353411300847726,0.8346456692913385,0.7714285714285714,0.0,0.6555566649561259,0.10024495101490656,0.8174311556836636,-0.3776419629898403,-0.36823207414232295,-0.682190986201174,0.9680080398643273,0.8530287197998797,-0.7997936016511867,0.4309791332263242,1
1776592649.294836,2074,1776592649.294836,1776592649.294875,1776592649.046111,1776592649.267688,0.884249198361449,0.07263622359061019,-0.8356901597446397,0.7795275590551182,0.8142857142857143,0.0,-0.044445424844948365,-0.6943763457232697,0.9555555574491335,-0.211481767053701,-0.25270988022329416,-0.7241560127846585,0.9680080398643273,0.8525379183686393,-0.7956656346749226,0.44141252006420545,1
1776592649.344862,2075,1776592649.344862,1776592649.344908,1776592649.046111,1776592649.267688,0.8835836035004441,0.0835434989481051,-0.8360819180680048,0.8267716535433071,0.7857142857142857,0.0,-0.06111042741075969,0.3911981139691568,0.8030581037670678,0.24471607402031928,0.169679150181562,-0.7226193951873138,0.9680080398643273,0.8525379183686393,-0.7956656346749226,0.44141252006420545,1
1776592649.39485,2076,1776592649.39485,1776592649.394895,1776592649.046111,1776592649.267688,0.882839794596185,0.09507380333619245,-0.8364773653387726,0.8661417322834646,0.9142857142857143,0.0,0.07500063855032822,-0.03300758356896797,0.8598369248778904,-0.21752539912917268,-0.19855292396076096,-0.7328551891576263,0.9680080398643273,0.8525379183686393,-0.7956656346749226,0.44141252006420545,1
1776592649.444883,2077,1776592649.444883,1776592649.394895,1776592649.046111,1776592649.413694,0.8821190289227998,0.10728901292571873,-0.8369017915599921,0.9055118110236221,0.9142857142857143,0.0,0.07500063855032822,-0.03300758356896797,0.8598369248778904,-0.21752539912917268,-0.19855292396076096,-0.7328551891576263,0.9680080398643273,0.8518729615908299,-0.7893446852425181,0.45947030497592295,1
1776592649.494819,2078,1776592649.494819,1776592649.494859,1776592649.046111,1776592649.413694,0.8814377026253329,0.11920124264420348,-0.8372948321378021,0.8740157480314961,0.8999999999999999,0.0,-0.044445424844948365,-0.6674818075075392,0.920693177913,-0.16616019593613932,-0.021665492385236573,-0.7824975414118442,0.9680080398643273,0.8518729615908299,-0.7893446852425181,0.45947030497592295,1
1776592649.544827,2079,1776592649.544827,1776592649.544879,1776592649.046111,1776592649.413694,0.8808569688934108,0.13101959127588667,-0.837701267342812,0.8582677165354331,0.7999999999999999,0.0,-0.030555213705379846,0.2897309626462476,0.8089703843178343,0.08761565674891146,0.2021706140588586,-0.7548614739235994,0.9680080398643273,0.8518729615908299,-0.7893446852425181,0.45947030497592295,1
1776592649.594812,2080,1776592649.594812,1776592649.594853,1776592649.046111,1776592649.559107,0.880226160448244,0.14330521168051413,-0.8381046251371543,0.8818897637795275,0.8999999999999999,0.0,0.09999930339964194,-0.0867966600004292,0.7925585738335912,0.2144979136429608,0.1299658555091865,-0.7333680352807401,0.9680080398643273,0.8515404832019251,-0.7868937048503611,0.46308186195826645,1
1776592649.64484,2081,1776592649.64484,1776592649.594853,1776592649.046111,1776592649.559107,0.8796403306171863,0.15677928129760732,-0.8385694719638715,0.9606299212598425,0.8857142857142857,0.0,0.09999930339964194,-0.0867966600004292,0.7925585738335912,0.2144979136429608,0.1299658555091865,-0.7333680352807401,0.9680080398643273,0.8515404832019251,-0.7868937048503611,0.46308186195826645,1
1776592649.69484,2082,1776592649.69484,1776592649.644895,1776592649.646506,1776592649.559107,0.8790782087255853,0.16942122309986815,-0.8389768146104885,0.889763779527559,0.8857142857142857,0.0,0.35555643275600646,0.13325151267726248,0.8136594608546169,-0.767371190130624,-0.6137201235705383,-0.8275319616460248,0.9680499141576985,0.8515404832019251,-0.7868937048503611,0.46308186195826645,1
1776592649.744823,2083,1776592649.744823,1776592649.69488,1776592649.646506,1776592649.705365,0.8786206676510262,0.182075966868511,-0.8394066460273677,0.889763779527559,0.7857142857142857,0.0,0.23333325593329352,-0.7982878976621842,0.7144750409715828,0.6435050798258345,0.7436859790797247,-0.7911967177848122,0.9680499141576985,0.8512555017257211,-0.78328173374613,0.46508828250401285,1
1776592649.794789,2084,1776592649.794789,1776592649.744886,1776592649.646506,1776592649.705365,0.8781602461726079,0.19497394799841256,-0.8398354319136995,0.8976377952755906,0.8285714285714285,0.0,-0.10277873882827175,-0.03178436135435327,0.8609582165267942,-0.05135386429608128,-0.28880548479757195,-0.818832785273057,0.9680499141576985,0.8512555017257211,-0.78328173374613,0.46508828250401285,1
1776592649.844882,2085,1776592649.844882,1776592649.794826,1776592649.646506,1776592649.705365,0.8777523366722383,0.20741745932175185,-0.8402494817374122,0.8582677165354331,0.7857142857142857,0.0,0.1361110659610879,0.11858204326139453,0.8071355356913549,0.12084996371552975,-0.054156956262533196,-0.76663196471926,0.9680499141576985,0.8512555017257211,-0.78328173374613,0.46508828250401285,1
1776592649.944822,2087,1776592649.944822,1776592649.894939,1776592649.646506,1776592649.851771,0.8771840108338637,0.23217219498248265,-0.8411119458039575,0.8818897637795275,0.7142857142857143,0.0,-0.08888852768870323,0.1858194107073331,0.8805300772275882,0.6012109941944848,0.09385670153379222,-0.76663196471926,0.9680499141576985,0.850796364902948,-0.7844427244582043,0.46669341894060995,1
1776592649.994788,2088,1776592649.994788,1776592649.944877,1776592649.646506,1776592649.851771,0.876964878571036,0.24534968571172533,-0.8415920613220632,0.9133858267716536,0.6714285714285714,0.0,0.11388951453921047,-0.35452290756956883,0.859021370324227,0.06948476052249636,-0.11552219391902879,-0.8259972648206768,0.9680499141576985,0.850796364902948,-0.7844427244582043,0.46669341894060995,1
1776592650.044809,2089,1776592650.044809,1776592650.044853,1776592649.646506,1776592649.998505,0.8766633224439295,0.25853997840735005,-0.8420203145796257,0.889763779527559,0.8142857142857143,0.0,0.16944339309390402,-0.6772614537847844,0.7794088111419868,0.3685821843251088,0.4259931711018374,-0.846979778112419,0.9680499141576985,0.8503688926886419,-0.7848297213622292,0.46107544141252005,1
1776592650.09478,2090,1776592650.09478,1776592650.094818,1776592649.646506,1776592649.998505,0.8765594063354705,0.2712181924476933,-0.8424915529515752,0.8818897637795275,0.5857142857142856,0.0,0.2777786807782419,0.05623449895407859,0.8389398625870249,0.07552839259796806,0.2635358517153542,-0.8346983619656413,0.9680499141576985,0.8503688926886419,-0.7848297213622292,0.46107544141252005,1
1776592650.144786,2091,1776592650.144786,1776592650.144826,1776592649.646506,1776592650.143638,0.8764200391025903,0.2840094905244112,-0.8429364360629368,0.8740157480314961,0.6714285714285714,0.0,0.17499994194997015,0.022004715077107963,0.7917431044909353,0.16616019593613932,0.1660614600834643,-0.819856556747288,0.9680499141576985,0.8501789050378392,-0.7865067079463365,0.47030497592295345,1
1776592650.194897,2092,1776592650.194897,1776592650.19494,1776592649.646506,1776592650.143638,0.8763841448391139,0.2976350500770252,-0.8434474835036486,0.9448818897637795,0.6142857142857142,0.0,0.4027789710283911,0.2237157955083117,0.8037716607446437,-0.5830800979680697,-0.3176928079778874,-0.8920161191185962,0.9680499141576985,0.8501789050378392,-0.7865067079463365,0.47030497592295345,1
1776592650.244929,2093,1776592650.244929,1776592650.19494,1776592650.245633,1776592650.143638,0.8762682639761626,0.31096403074178863,-0.8438965881911823,0.8976377952755906,0.7428571428571428,0.0,0.4027789710283911,0.2237157955083117,0.8037716607446437,-0.5830800979680697,-0.3176928079778874,-0.8920161191185962,0.9679661655709559,0.8501789050378392,-0.7865067079463365,0.47030497592295345,1
1776592650.294784,2094,1776592650.294784,1776592650.244975,1776592650.245633,1776592650.290245,0.8762525325397008,0.3239004177708363,-0.8443538993071624,0.889763779527559,0.6428571428571428,0.0,-0.3805550976053202,0.008557445969242655,0.7851171817515856,0.7522677793904209,0.4837542680613517,-0.8167852423245952,0.9679661655709559,0.8500680789082043,-0.791795665634675,0.48434991974317815,1
1776592650.344838,2095,1776592650.344838,1776592650.294826,1776592650.245633,1776592650.290245,0.8762802287306548,0.336608503066071,-0.8448080541045093,0.8740157480314961,0.6142857142857142,0.0,0.31111100791105806,-0.10757917476953452,0.7992864089380212,-0.05739749637155297,-0.169679150181562,-0.9216978087833062,0.9679661655709559,0.8500680789082043,-0.791795665634675,0.48434991974317815,1
1776592650.394759,2096,1776592650.394759,1776592650.344894,1776592650.245633,1776592650.290245,0.8763054876568047,0.3488343809609156,-0.845240450030278,0.8346456692913385,0.6285714285714284,0.0,-0.33333255933293543,0.2909531629542503,0.8309888234686111,0.04833771770682148,-0.050539266164435534,-0.8034800547035865,0.9679661655709559,0.8500680789082043,-0.791795665634675,0.48434991974317815,1
1776592650.444772,2097,1776592650.444772,1776592650.444816,1776592650.245633,1776592650.435677,0.8762336991298522,0.3615125950012589,-0.845634102144823,0.8267716535433071,0.7999999999999999,0.0,-0.02222155142187743,0.12224966609201451,0.8778797592584529,0.5045242198838896,0.2635358517153542,-0.7210846983619658,0.9679661655709559,0.8501789050378392,-0.7964396284829721,0.5,1
1776592650.49481,2098,1776592650.49481,1776592650.444816,1776592650.245633,1776592650.435677,0.8762177461238626,0.3743081604001041,-0.846041740696312,0.84251968503937,0.7714285714285714,0.0,-0.02222155142187743,0.12224966609201451,0.8778797592584529,0.5045242198838896,0.2635358517153542,-0.7210846983619658,0.9679661655709559,0.8501789050378392,-0.7964396284829721,0.5,1
1776592650.544752,2099,1776592650.544752,1776592650.49485,1776592650.245633,1776592650.435677,0.876248765857731,0.3869799734572564,-0.8464486296221254,0.84251968503937,0.7428571428571428,0.0,0.39999953559976126,0.045232652368830624,0.8782874939297808,-0.03625045355587808,-0.2418703593301176,-0.7502554626755585,0.9679661655709559,0.8501789050378392,-0.7964396284829721,0.5,1
1776592650.594748,2100,1776592650.594748,1776592650.544802,1776592650.245633,1776592650.582527,0.8762928581937298,0.39985661797652117,-0.8468559722687423,0.8503937007874015,0.7714285714285714,0.0,0.27499924534961206,0.3129578780313582,0.8279306856171402,-0.13292588896952104,-0.11913988401712645,-0.7323442638065092,0.9679661655709559,0.8502264019505398,-0.7999226006191951,0.5140449438202247,1
1776592650.644763,2101,1776592650.644763,1776592650.594785,1776592650.245633,1776592650.582527,0.8764375430952731,0.4124452182521902,-0.8472979949663426,0.8582677165354331,0.6714285714285714,0.0,0.694445540945008,-0.12713948923063717,0.9325178242255405,-0.8821661828737299,-0.6317679258576772,-0.8116683057254372,0.9679661655709559,0.8502264019505398,-0.7999226006191951,0.5140449438202247,1
1776592650.694798,2102,1776592650.694798,1776592650.644809,1776592650.245633,1776592650.582527,0.8765545318058625,0.42533679839890076,-0.8477195015928264,0.8582677165354331,0.757142857142857,0.0,-0.0027771134274363015,0.18704161101533576,0.8388379502219449,0.21752539912917268,0.3104709771828085,-0.7773786840406898,0.9679661655709559,0.8502264019505398,-0.7999226006191951,0.5140449438202247,1
1776592650.744757,2103,1776592650.744757,1776592650.694839,1776592650.245633,1776592650.728323,0.8767266913288322,0.43839053678645046,-0.8481570068093826,0.8818897637795275,0.7428571428571428,0.0,0.23611036936072982,-0.27750589384638497,0.8827726605253957,-0.012087264150943397,0.09747439163188988,-0.7860797811856541,0.9679661655709559,0.8503530603844084,-0.8062435500515995,0.5172552166934189,1
1776592650.794863,2104,1776592650.794863,1776592650.744814,1776592650.245633,1776592650.728323,0.8769981140001808,0.45011713799239567,-0.8485880612997322,0.8267716535433071,0.5714285714285714,0.0,0.35555643275600646,0.1613692731076078,0.816717598706088,-0.44712672351233673,-0.2021706140588586,-0.8111554596023234,0.9679661655709559,0.8503530603844084,-0.8062435500515995,0.5172552166934189,1
1776592650.844755,2105,1776592650.844755,1776592650.794902,1776592650.245633,1776592650.728323,0.8772903642071267,0.46279748569380263,-0.8490516061450131,0.889763779527559,0.657142857142857,0.0,-0.24444403164423226,-0.5525673870767647,0.9740061265010238,-0.5135953374455733,-0.29242317489566966,-0.8464688527613018,0.9679661655709559,0.8503530603844084,-0.8062435500515995,0.5172552166934189,1
1776592650.894734,2106,1776592650.894734,1776592650.8448,1776592650.845905,1776592650.874937,0.8775613437394201,0.4752708682720333,-0.8494903344350399,0.8582677165354331,0.7,0.0,0.06111042741075969,-0.1540340274463678,0.8284403326535483,-0.02114704281567489,0.050539266164435534,-0.8464688527613018,0.9680080398643273,0.8507013710775465,-0.8160474716202271,0.528892455858748,1
1776592650.944771,2107,1776592650.944771,1776592650.894772,1776592650.845905,1776592650.874937,0.8780204358006725,0.48706788029307974,-0.8499897824047743,0.889763779527559,0.4857142857142857,0.0,0.03333232713281614,-0.27750589384638497,0.8545362037286122,-0.027190674891146585,0.35740610265026285,-0.8485163957097637,0.9680080398643273,0.8507013710775465,-0.8160474716202271,0.528892455858748,1
1776592650.994764,2108,1776592650.994764,1776592650.944814,1776592650.845905,1776592650.874937,0.8784008706796157,0.49794101707355587,-0.8504178186654308,0.7952755905511811,0.5285714285714285,0.0,-0.005556548856066112,0.1858194107073331,0.8102955859079057,-0.4078487844702467,-0.3176928079778874,-0.8853625649220935,0.9680080398643273,0.8507013710775465,-0.8160474716202271,0.528892455858748,1
1776592651.044778,2109,1776592651.044778,1776592651.044822,1776592650.845905,1776592651.0201,0.8788327096889695,0.5083810206581064,-0.850846012742019,0.7874015748031497,0.4714285714285714,0.0,-0.08055486540520082,0.22493901772292638,0.8005096981630125,0.13292588896952104,-0.169679150181562,-0.8045038261778175,0.9680080398643273,0.8508755264241157,-0.8289473684210525,0.5401284109149278,1
1776592651.094763,2110,1776592651.094763,1776592651.044822,1776592650.845905,1776592651.0201,0.8792045033563352,0.5194248503236764,-0.8512453659570954,0.7874015748031497,0.6142857142857142,0.0,-0.08055486540520082,0.22493901772292638,0.8005096981630125,0.13292588896952104,-0.169679150181562,-0.8045038261778175,0.9680080398643273,0.8508755264241157,-0.8289473684210525,0.5401284109149278,1
1776592651.144705,2111,1776592651.144705,1776592651.094803,1776592650.845905,1776592651.0201,0.879574967606535,0.5321841434844392,-0.8516660243229466,0.8740157480314961,0.7999999999999999,0.0,0.08888852768870323,0.05012247550745328,0.8291539748421316,0.06344112844702467,0.07580889924665331,-0.7558852453978303,0.9680080398643273,0.8508755264241157,-0.8289473684210525,0.5401284109149278,1
1776592651.19475,2112,1776592651.19475,1776592651.144749,1776592650.845905,1776592651.166172,0.8798729786211994,0.5446383231130968,-0.8520303226742021,0.811023622047244,0.8714285714285713,0.0,0.5638887018387927,0.26039100190789966,0.8241589907880935,-0.4289958272859216,-0.4440409733889763,-0.7251797842588894,0.9680080398643273,0.8510971786833855,-0.8466202270381837,0.5445425361155698,1
1776592651.244721,2113,1776592651.244721,1776592651.244766,1776592650.845905,1776592651.166172,0.8802802234129861,0.55725252732153,-0.8524433861483418,0.8661417322834646,0.8142857142857143,0.0,0.0666669762668258,0.21882597236968904,0.7948012423424063,0.10271906748911465,-0.03609560457427782,-0.7548614739235994,0.9680080398643273,0.8510971786833855,-0.8466202270381837,0.5445425361155698,1
1776592651.294755,2114,1776592651.294755,1776592651.294797,1776592650.845905,1776592651.166172,0.8806770544369741,0.5703318696418437,-0.8528411809310931,0.8740157480314961,0.8999999999999999,0.0,-0.10555585225570806,-0.22249359520030904,0.8131498138182088,0.04229408563134978,0.03249146387729662,-0.7349027321060881,0.9680080398643273,0.8510971786833855,-0.8466202270381837,0.5445425361155698,1
1776592651.344714,2115,1776592651.344714,1776592651.294797,1776592650.845905,1776592651.312829,0.8811465602660252,0.5829930143936775,-0.8532571048189943,0.8818897637795275,0.8285714285714285,0.0,-0.10555585225570806,-0.22249359520030904,0.8131498138182088,0.04229408563134978,0.03249146387729662,-0.7349027321060881,0.9680080398643273,0.8512713340299547,-0.8648090815273478,0.5417335473515249,1
1776592651.394701,2116,1776592651.394701,1776592651.344757,1776592650.845905,1776592651.312829,0.8815985621023935,0.5958909955235792,-0.8536564580340708,0.8740157480314961,0.8999999999999999,0.0,0.35833354618344276,0.25672337907727966,0.8231396115042698,-0.6888153120464441,-0.3898975665275595,-0.7702142044930699,0.9680080398643273,0.8512713340299547,-0.8648090815273478,0.5417335473515249,1
1776592651.444698,2117,1776592651.444698,1776592651.394744,1776592650.845905,1776592651.312829,0.8820970935395642,0.6081574129786336,-0.8540687718825352,0.8582677165354331,0.8285714285714285,0.0,0.28333290763311453,-0.9058680943383309,0.7554536109996504,0.49546444121915817,0.5667849981030839,-0.7159677617628077,0.9680080398643273,0.8512713340299547,-0.8648090815273478,0.5417335473515249,1
1776592651.494699,2118,1776592651.494699,1776592651.44474,1776592651.4462,1776592651.458561,0.8825883131823233,0.6208825675623776,-0.8544613587395415,0.8661417322834646,0.9142857142857143,0.0,-0.33055544590549923,0.20660090356982636,0.8404688889072566,-0.04229408563134978,-0.025269633082217767,-0.7512792341497895,0.9681336627444412,0.8514929862892244,-0.881578947368421,0.531701444622793,1
1776592651.544755,2119,1776592651.544755,1776592651.544801,1776592651.4462,1776592651.458561,0.8831619566893613,0.6335394449920841,-0.8548810504828113,0.8976377952755906,0.8714285714285713,0.0,0.644445889245187,0.14058675833850248,0.8374108362667932,-0.8126814223512336,-0.559563167308005,-0.7758439872153415,0.9681336627444412,0.8514929862892244,-0.881578947368421,0.531701444622793,1
1776592651.594738,2120,1776592651.594738,1776592651.544801,1776592651.4462,1776592651.458561,0.8837227491637966,0.6460341641809515,-0.8552764188456131,0.8740157480314961,0.8999999999999999,0.0,0.644445889245187,0.14058675833850248,0.8374108362667932,-0.8126814223512336,-0.559563167308005,-0.7758439872153415,0.9681336627444412,0.8514929862892244,-0.881578947368421,0.531701444622793,1
1776592651.644735,2121,1776592651.644735,1776592651.594785,1776592651.4462,1776592651.606704,0.8843508987746319,0.6580530769526199,-0.8556975309322677,0.8818897637795275,0.8285714285714285,0.0,0.2000009288004774,-0.6589243615382965,0.7329256100234731,0.6676682692307692,0.6462115874478348,-0.7221084698361966,0.9681336627444412,0.8518254646781293,-0.8982198142414861,0.5208667736757624,1
1776592651.694719,2122,1776592651.694719,1776592651.644776,1776592651.4462,1776592651.606704,0.8849624306708948,0.6697796781585652,-0.856099843196063,0.8503937007874015,0.8428571428571427,0.0,-0.02777810027794354,-0.06356974461531859,0.8707441042716875,0.05135386429608128,0.007221830795078859,-0.7743092903899935,0.9681336627444412,0.8518254646781293,-0.8982198142414861,0.5208667736757624,1
1776592651.744693,2123,1776592651.744693,1776592651.694773,1776592651.4462,1776592651.606704,0.8856357804653668,0.6816193634008851,-0.8565138732927843,0.8818897637795275,0.8428571428571427,0.0,0.044445424844948365,0.25427897846127434,0.8268093939682366,0.24773222060957908,0.07220475854967212,-0.7149439902885768,0.9681336627444412,0.8518254646781293,-0.8982198142414861,0.5208667736757624,1
1776592651.794696,2124,1776592651.794696,1776592651.744741,1776592651.4462,1776592651.75118,0.8863259695439389,0.6932691528085381,-0.8569232478195213,0.8740157480314961,0.8428571428571427,0.0,0.5694452506948589,-0.0977995284922892,0.9581039630531888,-0.845915729317852,-0.6245460950625983,-0.8070622944773964,0.9681336627444412,0.8520629492416326,-0.9113777089783281,0.5192616372391653,1
1776592651.844738,2125,1776592651.844738,1776592651.794738,1776592651.4462,1776592651.75118,0.8870582568327611,0.7051365756446857,-0.8573448136269797,0.8976377952755906,0.8714285714285713,0.0,-0.17777705537740646,-0.09290970535366655,0.8174311556836636,0.6404775943396226,0.3104709771828085,-0.742578137004825,0.9681336627444412,0.8520629492416326,-0.9113777089783281,0.5192616372391653,1
1776592651.89479,2126,1776592651.89479,1776592651.844784,1776592651.4462,1776592651.75118,0.8878310913451397,0.716191073615574,-0.8577763021111412,0.8818897637795275,0.7857142857142857,0.0,0.0027771134274363015,-0.20904632609244372,0.8799184326150926,-0.08157202467343976,-0.10830036312394993,-0.7927333353821568,0.9681336627444412,0.8520629492416326,-0.9113777089783281,0.5192616372391653,1
1776592651.944726,2127,1776592651.944726,1776592651.894831,1776592651.4462,1776592651.897731,0.8885669237464038,0.727222101314762,-0.8581673897167967,0.8503937007874015,0.8428571428571427,0.0,0.23888980478935964,0.12102644387739982,0.8402649789660889,-0.13292588896952104,-0.1732832908785432,-0.742578137004825,0.9681336627444412,0.8522687691966688,-0.923374613003096,0.5240770465489566,1
1776592651.994676,2128,1776592651.994676,1776592651.944772,1776592651.4462,1776592651.897731,0.8893820780385601,0.7368385117287348,-0.8585930981924611,0.84251968503937,0.657142857142857,0.0,0.09999930339964194,-0.7542784675079683,0.8793067880025969,0.045321571117561674,0.16245731938648314,-0.8121792310765543,0.9681336627444412,0.8522687691966688,-0.923374613003096,0.5240770465489566,1
1776592652.044704,2129,1776592652.044704,1776592652.044763,1776592652.045258,1776592652.043848,0.8902351207199414,0.7472017035149933,-0.8590292619735984,0.8818897637795275,0.757142857142857,0.0,0.38611164646138624,-0.1821517878767131,0.8076452679387705,0.06948476052249636,-0.007221830795078859,-0.7911967177848122,0.9681755370378125,0.8526487444982743,-0.9298245614035088,0.5248796147672552,1
1776592652.094725,2130,1776592652.094725,1776592652.044763,1776592652.045258,1776592652.043848,0.8911747970866266,0.7568394505396029,-0.8595068918907803,0.9055118110236221,0.657142857142857,0.0,0.38611164646138624,-0.1821517878767131,0.8076452679387705,0.06948476052249636,-0.007221830795078859,-0.7911967177848122,0.9681755370378125,0.8526487444982743,-0.9298245614035088,0.5248796147672552,1
1776592652.144692,2131,1776592652.144692,1776592652.144736,1776592652.045258,1776592652.043848,0.8920537634027408,0.7672901224294718,-0.859927786980529,0.8818897637795275,0.8285714285714285,0.0,0.008333662283502415,-0.43520754412337276,0.7288481780991861,0.7341368831640057,0.6642593897349738,-0.790685792433695,0.9681755370378125,0.8526487444982743,-0.9298245614035088,0.5248796147672552,1
1776592652.194669,2132,1776592652.194669,1776592652.144736,1776592652.045258,1776592652.18981,0.8929967633123403,0.7757607568522525,-0.8603813302411406,0.8582677165354331,0.5857142857142856,0.0,0.008333662283502415,-0.43520754412337276,0.7288481780991861,0.7341368831640057,0.6642593897349738,-0.790685792433695,0.9681755370378125,0.8529970551914124,-0.9357585139318886,0.5228731942215088,1
1776592652.244686,2133,1776592652.244686,1776592652.194714,1776592652.045258,1776592652.18981,0.8939674594128938,0.7847392026081873,-0.8608322498118883,0.8818897637795275,0.6714285714285714,0.0,0.19722149337184758,-0.09413190566166921,0.8120285221693052,0.0060436320754716985,0.1335699962061677,-0.8398152985647992,0.9681755370378125,0.8529970551914124,-0.9357585139318886,0.5228731942215088,1
1776592652.294681,2134,1776592652.294681,1776592652.294723,1776592652.045258,1776592652.18981,0.8950761933291619,0.7928833868882261,-0.8613559225271333,0.9448818897637795,0.5428571428571428,0.0,0.652777229527496,0.13569693519987983,0.8091742942590021,-0.6404775943396226,-0.4476586634870739,-0.9155571007099174,0.9681755370378125,0.8529970551914124,-0.9357585139318886,0.5228731942215088,1
1776592652.344677,2135,1776592652.344677,1776592652.34472,1776592652.045258,1776592652.335875,0.8961195642347786,0.8019237088150074,-0.8618204537219871,0.9133858267716536,0.7285714285714284,0.0,-0.21111170451141612,0.14914420430774514,0.8356778147943862,0.7371530297532656,0.4332150018969162,-0.8208803282215189,0.9681755370378125,0.8532187074506823,-0.9397574819401445,0.521669341894061,1
1776592652.394634,2136,1776592652.394634,1776592652.34472,1776592652.045258,1776592652.335875,0.8971729057691388,0.8092378989412774,-0.862291534278005,0.8740157480314961,0.5428571428571428,0.0,-0.21111170451141612,0.14914420430774514,0.8356778147943862,0.7371530297532656,0.4332150018969162,-0.8208803282215189,0.9681755370378125,0.8532187074506823,-0.9397574819401445,0.521669341894061,1
1776592652.444677,2137,1776592652.444677,1776592652.444719,1776592652.045258,1776592652.335875,0.8982845200892658,0.8169788212802821,-0.8627821840095493,0.9133858267716536,0.6142857142857142,0.0,0.1361110659610879,0.28117351667700496,0.8379204833032012,-0.229601324383164,-0.1913310931656821,-0.8382806017394512,0.9681755370378125,0.8532187074506823,-0.9397574819401445,0.521669341894061,1
1776592652.494629,2138,1776592652.494629,1776592652.494672,1776592652.045258,1776592652.48273,0.899295763413376,0.824150056115286,-0.8632157043738311,0.8267716535433071,0.6142857142857142,0.0,0.361110659610879,0.11002459729215186,0.9431192665240973,-0.8247686865021769,-0.5631808574061027,-0.8700098343526231,0.9681755370378125,0.8535353535353535,-0.9432404540763674,0.5140449438202247,1
1776592652.544779,2139,1776592652.544779,1776592652.544822,1776592652.045258,1776592652.48273,0.9003712619004993,0.8316712113647323,-0.8636628560892103,0.8661417322834646,0.6714285714285714,0.0,0.15277839052809272,0.21393614923106638,0.851681975818309,0.10876269956458634,0.2815836540024931,-0.7952918036817358,0.9681755370378125,0.8535353535353535,-0.9432404540763674,0.5140449438202247,1
1776592652.594678,2140,1776592652.594678,1776592652.544822,1776592652.045258,1776592652.48273,0.9014197289052515,0.8391667626814145,-0.8640782473483422,0.84251968503937,0.7142857142857143,0.0,0.15277839052809272,0.21393614923106638,0.851681975818309,0.10876269956458634,0.2815836540024931,-0.7952918036817358,0.9681755370378125,0.8535353535353535,-0.9432404540763674,0.5140449438202247,1
1776592652.644659,2141,1776592652.644659,1776592652.59472,1776592652.645156,1776592652.628473,0.9025710041708248,0.8467177891857524,-0.8645337633080997,0.9055118110236221,0.7285714285714284,0.0,0.21944536679491852,-0.19804345760058373,0.8905198749136493,-0.13896952104499272,0.04331743536935668,-0.8019434371062418,0.9682174113311838,0.853804502707324,-0.9460784313725491,0.5052166934189406,1
1776592652.694665,2142,1776592652.694665,1776592652.694708,1776592652.645156,1776592652.628473,0.9036914812720572,0.8536159154046062,-0.8649786464194612,0.8661417322834646,0.6857142857142856,0.0,-0.21944536679491852,-0.5660146561846299,0.9461773191645605,-0.29305379172714074,-0.14440951709934424,-0.8505620178862289,0.9682174113311838,0.853804502707324,-0.9460784313725491,0.5052166934189406,1
1776592652.744619,2143,1776592652.744619,1776592652.694708,1776592652.645156,1776592652.628473,0.9048813096354384,0.8603326804330479,-0.8654467284727776,0.9055118110236221,0.6857142857142856,0.0,-0.21944536679491852,-0.5660146561846299,0.9461773191645605,-0.29305379172714074,-0.14440951709934424,-0.8505620178862289,0.9682174113311838,0.853804502707324,-0.9460784313725491,0.5052166934189406,1
1776592652.794627,2144,1776592652.794627,1776592652.74466,1776592652.645156,1776592652.774942,0.9060436633773932,0.8668424803383133,-0.8658817678154017,0.8740157480314961,0.7,0.0,0.141667614817154,-0.16992671907685045,0.8221202322204463,0.018130896226415092,-0.08303073004173216,-0.8398152985647992,0.9682174113311838,0.8541686457046959,-0.9495614035087719,0.5112359550561798,1
1776592652.844619,2145,1776592652.844619,1776592652.79467,1776592652.645156,1776592652.774942,0.9072802429111045,0.8737960817448227,-0.8663334172848334,0.9212598425196851,0.7857142857142857,0.0,-0.141667614817154,-0.22616121803092903,0.8166156863410078,0.11177884615384615,0.379058045634383,-0.7973393466301976,0.9682174113311838,0.8541686457046959,-0.9495614035087719,0.5112359550561798,1
1776592652.894657,2146,1776592652.894657,1776592652.894701,1776592652.645156,1776592652.774942,0.908453010420858,0.8793585361378174,-0.8667825219723669,0.8582677165354331,0.6428571428571428,0.0,0.4972217255719669,-0.4070908055996395,0.7683996341721021,0.5317148947750362,0.5559590266110238,-0.8285557331202558,0.9682174113311838,0.8541686457046959,-0.9495614035087719,0.5112359550561798,1
1776592652.944711,2147,1776592652.944711,1776592652.944755,1776592652.645156,1776592652.921294,0.9096944644841772,0.8846884214748719,-0.867254509969992,0.8976377952755906,0.6428571428571428,0.0,0.5972233509728023,-0.31418110024597296,0.8466869917642708,0.027190674891146585,-0.11913988401712645,-0.8848516395709765,0.9682174113311838,0.8544852917893669,-0.9495614035087719,0.5313001605136436,1
1776592652.994603,2148,1776592652.994603,1776592652.994642,1776592652.645156,1776592652.921294,0.9109235106539492,0.8892843274060229,-0.8677220593945388,0.8818897637795275,0.5857142857142856,0.0,-0.31944467019456046,0.04400943015421593,0.7992864089380212,0.1571004172714078,0.3862798764294618,-0.817298088447709,0.9682174113311838,0.8544852917893669,-0.9495614035087719,0.5313001605136436,1
1776592653.044642,2149,1776592653.044642,1776592652.994642,1776592652.645156,1776592652.921294,0.9121558803666355,0.8931846598304166,-0.8681988607780795,0.8740157480314961,0.5285714285714285,0.0,-0.31944467019456046,0.04400943015421593,0.7992864089380212,0.1571004172714078,0.3862798764294618,-0.817298088447709,0.9682174113311838,0.8544852917893669,-0.9495614035087719,0.5313001605136436,1
1776592653.09464,2150,1776592653.09464,1776592653.044683,1776592652.645156,1776592653.067487,0.9133709676561667,0.8993616086097492,-0.8685845234610842,0.8503937007874015,0.8714285714285713,0.0,0.24444403164423226,-0.07579481341518124,0.9326197365906206,-0.8247686865021769,-0.4476586634870739,-0.8961092842435232,0.9682174113311838,0.8547702732655711,-0.9505933952528379,0.5425361155698234,1
1776592653.194638,2152,1776592653.194638,1776592653.144756,1776592652.645156,1776592653.067487,0.9158277305785447,0.9112439670733425,-0.8693607608479663,0.8740157480314961,0.8999999999999999,0.0,0.23888980478935964,0.11980424356939717,0.8832823927728113,-0.10876269956458634,0.15523548859140426,-0.69242485939949,0.9682174113311838,0.8547702732655711,-0.9505933952528379,0.5425361155698234,1
1776592653.244591,2153,1776592653.244591,1776592653.244632,1776592653.245045,1776592653.213619,0.9169996118101875,0.9154984872343059,-0.869752972892135,0.8031496062992125,0.7,0.0,-0.1333339525336516,-0.6112462866468485,0.9604485439270839,-0.34440765602322204,-0.2418703593301176,-0.7563961707489474,0.9682592856245551,0.8551977454798771,-0.9499484004127968,0.540529695024077,1
1776592653.294588,2154,1776592653.294588,1776592653.294627,1776592653.245045,1776592653.213619,0.918198302954674,0.9190851714823397,-0.8701662533631808,0.8188976377952756,0.6428571428571428,0.0,0.030555213705379846,0.09168750504566389,0.8549439383999401,0.49546444121915817,0.48015012736437057,-0.660695626786318,0.9682592856245551,0.8551977454798771,-0.9499484004127968,0.540529695024077,1
1776592653.344599,2155,1776592653.344599,1776592653.344642,1776592653.245045,1776592653.213619,0.9194947062608458,0.9232863501167113,-0.8705904625874944,0.8740157480314961,0.7714285714285714,0.0,-0.0027771134274363015,-0.19682125729258107,0.8545362037286122,-0.05135386429608128,0.054156956262533196,-0.7891491748363503,0.9682592856245551,0.8551977454798771,-0.9499484004127968,0.540529695024077,1
1776592653.394561,2156,1776592653.394561,1776592653.394601,1776592653.245045,1776592653.359565,0.9208055115863137,0.92763688502554,-0.8710112787692772,0.8740157480314961,0.8285714285714285,0.0,0.030555213705379846,0.3044004320621156,0.8383283031855367,-0.08157202467343976,-0.050539266164435534,-0.742578137004825,0.9682592856245551,0.8557677084322851,-0.9468524251805985,0.5337078651685393,1
1776592653.444588,2157,1776592653.444588,1776592653.394601,1776592653.245045,1776592653.359565,0.9220784285225566,0.9321261079035074,-0.8713892676526046,0.8346456692913385,0.8714285714285713,0.0,0.030555213705379846,0.3044004320621156,0.8383283031855367,-0.08157202467343976,-0.050539266164435534,-0.742578137004825,0.9682592856245551,0.8557677084322851,-0.9468524251805985,0.5337078651685393,1
1776592653.494629,2158,1776592653.494629,1776592653.494668,1776592653.245045,1776592653.359565,0.9233648611999851,0.9360499105996014,-0.8717742596178997,0.84251968503937,0.8285714285714285,0.0,0.652777229527496,0.01956031446110266,0.8549439383999401,0.41691990203193036,0.2129965855509187,-0.7548614739235994,0.9682592856245551,0.8557677084322851,-0.9468524251805985,0.5337078651685393,1
1776592653.544554,2159,1776592653.544554,1776592653.544597,1776592653.245045,1776592653.505316,0.9247370412846069,0.9403172327269469,-0.8721730999311982,0.889763779527559,0.9285714285714285,0.0,0.17777705537740646,-0.18092856566209842,0.8036696631685559,0.15105678519593613,0.03249146387729662,-0.7226193951873138,0.9682592856245551,0.8560210253000221,-0.9444014447884417,0.5192616372391653,1
1776592653.594594,2160,1776592653.594594,1776592653.594632,1776592653.245045,1776592653.505316,0.9261668294464129,0.9443306491877153,-0.872599558032538,0.9212598425196851,0.9428571428571428,0.0,0.45277862272821207,0.1748165422154731,0.8196738241924787,-0.24773222060957908,-0.1335699962061677,-0.7604912566458711,0.9682592856245551,0.8560210253000221,-0.9444014447884417,0.5192616372391653,1
1776592653.644552,2161,1776592653.644552,1776592653.594632,1776592653.245045,1776592653.505316,0.9275709155430137,0.9481221648978616,-0.8730065850472917,0.8976377952755906,0.9428571428571428,0.0,0.45277862272821207,0.1748165422154731,0.8196738241924787,-0.24773222060957908,-0.1335699962061677,-0.7604912566458711,0.9682592856245551,0.8560210253000221,-0.9444014447884417,0.5192616372391653,1
1776592653.69455,2162,1776592653.69455,1776592653.644595,1776592653.245045,1776592653.651436,0.9289036562517171,0.9508532510593627,-0.873409035400027,0.8582677165354331,0.8142857142857143,0.0,0.23888980478935964,-0.8508557956922549,0.7414882937543825,0.5468296444121915,0.46208877567611517,-0.7430909831279389,0.9682592856245551,0.8559418637788543,-0.9393704850361196,0.5132423756019262,1
1776592653.744591,2163,1776592653.744591,1776592653.69459,1776592653.245045,1776592653.651436,0.9302729559324797,0.9539065200414784,-0.8737999849167424,0.8661417322834646,0.8999999999999999,0.0,0.11111007911058066,0.0660141452313239,0.8254842775891726,0.1842910921625544,0.28880548479757195,-0.7937551860843911,0.9682592856245551,0.8559418637788543,-0.9393704850361196,0.5132423756019262,1
1776592653.794569,2164,1776592653.794569,1776592653.794608,1776592653.245045,1776592653.651436,0.9317131578620844,0.9565992003038334,-0.8742288497110401,0.9133858267716536,0.9142857142857143,0.0,0.39444530874488865,0.2493891553226517,0.8041793954159716,-0.5770364658925979,-0.3249146387729663,-0.7579327883462922,0.9682592856245551,0.8559418637788543,-0.9393704850361196,0.5132423756019262,1
1776592653.844596,2165,1776592653.844596,1776592653.794608,1776592653.845037,1776592653.79782,0.9331327538256194,0.9592001331404504,-0.8746383623267174,0.889763779527559,0.9285714285714285,0.0,0.39444530874488865,0.2493891553226517,0.8041793954159716,-0.5770364658925979,-0.3249146387729663,-0.7579327883462922,0.9682592856245551,0.8556568823026502,-0.9371775025799794,0.4975922953451043,1
1776592653.894616,2166,1776592653.894616,1776592653.84464,1776592653.845037,1776592653.79782,0.9345200006381202,0.9608515868037331,-0.8750567718155423,0.8818897637795275,0.8285714285714285,0.0,-0.11388951453921047,-0.2701706481851449,0.7994903188791889,0.5800526124818577,0.36823207414232295,-0.7226193951873138,0.9682592856245551,0.8556568823026502,-0.9371775025799794,0.4975922953451043,1
1776592653.944566,2167,1776592653.944566,1776592653.944621,1776592653.845037,1776592653.944191,0.9358713531871447,0.9624731692121243,-0.8754479383291637,0.8503937007874015,0.8428571428571427,0.0,0.31666755676712416,0.1039115519389145,0.8360856346767218,-0.06948476052249636,-0.14079182700124654,-0.7251797842588894,0.9682592856245551,0.8554985592603147,-0.9358875128998968,0.48956661316211875,1
1776592653.994528,2168,1776592653.994528,1776592653.944621,1776592653.845037,1776592653.944191,0.9372297959610534,0.9633607722146122,-0.8758737059858024,0.8661417322834646,0.7857142857142857,0.0,0.31666755676712416,0.1039115519389145,0.8360856346767218,-0.06948476052249636,-0.14079182700124654,-0.7251797842588894,0.9682592856245551,0.8554985592603147,-0.9358875128998968,0.48956661316211875,1
1776592654.044526,2169,1776592654.044526,1776592653.99457,1776592653.845037,1776592653.944191,0.9385459189551844,0.9640414100939237,-0.876280082009838,0.8346456692913385,0.7714285714285714,0.0,0.30277734562755565,-0.03545198418497327,0.8582059009815711,-0.7643437046444121,-0.7220204866944882,-0.7973393466301976,0.9682592856245551,0.8554985592603147,-0.9358875128998968,0.48956661316211875,1
1776592654.094568,2170,1776592654.094568,1776592654.094609,1776592653.845037,1776592654.090164,0.9399444658135944,0.9640990189426429,-0.8767213550817627,0.8976377952755906,0.7714285714285714,0.0,0.11944374139408306,-0.06845956775394124,0.8614678635632022,0.0,-0.2129965855509187,-0.8055275976520484,0.9682592856245551,0.8553560685222126,-0.9331785345717235,0.4831460674157303,1
1776592654.144517,2171,1776592654.144517,1776592654.094609,1776592653.845037,1776592654.090164,0.9413009144617545,0.9635698709988522,-0.8771588800253105,0.8818897637795275,0.7142857142857143,0.0,0.11944374139408306,-0.06845956775394124,0.8614678635632022,0.0,-0.2129965855509187,-0.8055275976520484,0.9682592856245551,0.8553560685222126,-0.9331785345717235,0.4831460674157303,1
1776592654.194597,2172,1776592654.194597,1776592654.194645,1776592653.845037,1776592654.090164,0.9427260496634802,0.9639774002620136,-0.877566893389637,0.8818897637795275,0.8999999999999999,0.0,-0.1277774036775855,-0.6601465618462992,0.9888889106650353,-0.44108309143686497,-0.4873584087583329,-0.8700098343526231,0.9682592856245551,0.8553560685222126,-0.9331785345717235,0.4831460674157303,1
1776592654.244498,2173,1776592654.244498,1776592654.194645,1776592653.845037,1776592654.235822,0.9440581256636007,0.9629937825116606,-0.8780049312349627,0.8661417322834646,0.7142857142857143,0.0,-0.1277774036775855,-0.6601465618462992,0.9888889106650353,-0.44108309143686497,-0.4873584087583329,-0.8700098343526231,0.9682592856245551,0.8550077578290745,-0.9356295149638802,0.4835473515248796,1
1776592654.294536,2174,1776592654.294536,1776592654.294586,1776592653.845037,1776592654.235822,0.9454325214434989,0.9619824271674796,-0.8784343286580298,0.8818897637795275,0.7714285714285714,0.0,0.4805567230061556,-0.30562365427673027,0.8532110021385406,0.05739749637155297,0.08303073004173216,-0.7952918036817358,0.9682592856245551,0.8550077578290745,-0.9356295149638802,0.4835473515248796,1
1776592654.344554,2175,1776592654.344554,1776592654.294586,1776592653.845037,1776592654.235822,0.9467289247496707,0.9594988456893645,-0.8789020161715169,0.8818897637795275,0.5857142857142856,0.0,0.4805567230061556,-0.30562365427673027,0.8532110021385406,0.05739749637155297,0.08303073004173216,-0.7952918036817358,0.9682592856245551,0.8550077578290745,-0.9356295149638802,0.4835473515248796,1
1776592654.394506,2176,1776592654.394506,1776592654.394549,1776592653.845037,1776592654.38185,0.9481095244763424,0.9583061291547715,-0.8793188475010252,0.8740157480314961,0.8285714285714285,0.0,0.35555643275600646,-0.8496325734776402,0.8151885723858563,0.34440765602322204,0.3321229201669286,-0.8346983619656413,0.9682592856245551,0.8545802856147684,-0.9361455108359134,0.48274478330658105,1
1776592654.4445,2177,1776592654.4445,1776592654.444544,1776592654.444983,1776592654.38185,0.9493706982276211,0.9547642517890749,-0.8798109964839202,0.889763779527559,0.5142857142857142,0.0,0.18055649080603625,-0.09413190566166921,0.8177369779899115,-0.060424981857764876,-0.2815836540024931,-0.8577264974338487,0.9682592856245551,0.8545802856147684,-0.9361455108359134,0.48274478330658105,1
1776592654.49455,2178,1776592654.49455,1776592654.444544,1776592654.444983,1776592654.38185,0.9506402916209494,0.9513290574765618,-0.8802898297475812,0.8818897637795275,0.5714285714285714,0.0,0.18055649080603625,-0.09413190566166921,0.8177369779899115,-0.060424981857764876,-0.2815836540024931,-0.8577264974338487,0.9682592856245551,0.8545802856147684,-0.9361455108359134,0.48274478330658105,1
1776592654.544489,2179,1776592654.544489,1776592654.494589,1776592654.444983,1776592654.527909,0.9519005790941174,0.9469230473800776,-0.8807922959470087,0.9133858267716536,0.5,0.0,0.10277873882827175,-0.30073383113810764,0.790010168229536,0.1873072387518142,0.09747439163188988,-0.8495382464119979,0.9682592856245551,0.8543111364427979,-0.9345975232198143,0.4691011235955056,1
1776592654.594544,2180,1776592654.594544,1776592654.594587,1776592654.444983,1776592654.527909,0.9530888564708051,0.9428093488493166,-0.8812553870714862,0.8503937007874015,0.5142857142857142,0.0,0.05277676512725727,0.09046428283104921,0.7554536109996504,0.9274877539912916,0.6281637851606959,-0.7891491748363503,0.9682592856245551,0.8543111364427979,-0.9345975232198143,0.4691011235955056,1
1776592654.644521,2181,1776592654.644521,1776592654.644561,1776592654.444983,1776592654.527909,0.9542859966285979,0.9386828483521736,-0.8817167619477067,0.8503937007874015,0.557142857142857,0.0,0.8888899208894193,0.0867966600004292,0.8651375608161612,-0.0060436320754716985,-0.06498292775459324,-0.8239497218722149,0.9682592856245551,0.8543111364427979,-0.9345975232198143,0.4691011235955056,1
1776592654.694575,2182,1776592654.694575,1776592654.694616,1776592654.444983,1776592654.674088,0.955621396171633,0.9346096893816224,-0.8821877635957587,0.9133858267716536,0.7142857142857143,0.0,0.15277839052809272,0.15770165027698782,0.8060143292534586,0.1631440493468795,-0.12634816541108884,-0.820367482098405,0.9682592856245551,0.8535986827522877,-0.9289215686274509,0.46107544141252005,1
1776592654.744465,2183,1776592654.744465,1776592654.744509,1776592654.444983,1776592654.674088,0.9568544305929023,0.9305813372934083,-0.8826178317365353,0.8503937007874015,0.6714285714285714,0.0,0.08611141426126692,-0.41442502935426745,0.9924566955529142,-0.5800526124818577,-0.5631808574061027,-0.8925270444697133,0.9682592856245551,0.8535986827522877,-0.9289215686274509,0.46107544141252005,1
1776592654.794527,2184,1776592654.794527,1776592654.794568,1776592654.444983,1776592654.674088,0.9581450730913557,0.9262969458775535,-0.883056343029656,0.8818897637795275,0.7285714285714284,0.0,-0.005556548856066112,0.27261607070776234,0.8743118891595663,0.5679766872278664,0.2996450056907485,-0.7574199422231783,0.9682592856245551,0.8535986827522877,-0.9289215686274509,0.46107544141252005,1
1776592654.844487,2185,1776592654.844487,1776592654.794568,1776592654.444983,1776592654.819933,0.9594459077880804,0.9221235048370097,-0.8834840636584491,0.8740157480314961,0.7857142857142857,0.0,-0.005556548856066112,0.27261607070776234,0.8743118891595663,0.5679766872278664,0.2996450056907485,-0.7574199422231783,0.9682592856245551,0.8527912352363762,-0.9277605779153766,0.4554574638844302,1
1776592654.894463,2186,1776592654.894463,1776592654.894507,1776592654.444983,1776592654.819933,0.9607121776384941,0.9165525157997603,-0.8839701170009836,0.9212598425196851,0.657142857142857,0.0,0.33055544590549923,0.15525622775437045,0.8287461549597962,-0.2870101596516691,-0.17690098097664084,-0.8147376993761333,0.9682592856245551,0.8527912352363762,-0.9277605779153766,0.4554574638844302,1
1776592654.944467,2187,1776592654.944467,1776592654.894507,1776592654.444983,1776592654.819933,0.9619636023305569,0.912263857061778,-0.8843597842632542,0.8346456692913385,0.7999999999999999,0.0,0.33055544590549923,0.15525622775437045,0.8287461549597962,-0.2870101596516691,-0.17690098097664084,-0.8147376993761333,0.9682592856245551,0.8527912352363762,-0.9277605779153766,0.4554574638844302,1
1776592654.994459,2188,1776592654.994459,1776592654.94451,1776592654.444983,1776592654.966139,0.9632143623140367,0.9066779323970828,-0.8848104671101045,0.8976377952755906,0.7142857142857143,0.0,0.6166677889672435,-0.7029337916925124,0.7470948372099087,0.6495487119013063,0.808668906834318,-0.7927333353821568,0.9682592856245551,0.8519996200246984,-0.9241486068111455,0.4353932584269663,1
1776592655.044554,2189,1776592655.044554,1776592654.994508,1776592655.045285,1776592654.966139,0.9643164491444757,0.9003878995813757,-0.8852837373621741,0.8582677165354331,0.5428571428571428,0.0,0.013887889138375017,-0.01711489193848531,0.8177369779899115,-0.05739749637155297,0.23104438783805759,-0.8659147484556994,0.9683430342112976,0.8519996200246984,-0.9241486068111455,0.4353932584269663,1
1776592655.094793,2190,1776592655.094793,1776592655.094849,1776592655.045285,1776592654.966139,0.9654477831525622,0.8933212141384917,-0.8857862627425762,0.9055118110236221,0.5428571428571428,0.0,0.2777786807782419,0.14547658147712514,0.8082568273402585,-0.516611484034833,-0.12274402471410764,-0.8874101078705554,0.9683430342112976,0.8519996200246984,-0.9241486068111455,0.4353932584269663,1
1776592655.144464,2191,1776592655.144464,1776592655.144514,1776592655.045285,1776592655.112806,0.9665159698452735,0.8866364540260051,-0.8862398849111538,0.8582677165354331,0.557142857142857,0.0,0.2000009288004774,-0.5158921806771767,0.7653414963206313,0.6857991654571843,0.898921467671129,-0.8249734933464459,0.9683430342112976,0.8509863525537507,-0.9232456140350878,0.413322632423756,1
1776592655.196036,2192,1776592655.196036,1776592655.196086,1776592655.045285,1776592655.112806,0.9675464897182876,0.8797063228911962,-0.8866902718531321,0.8188976377952756,0.5142857142857142,0.0,-0.02500098685050724,0.3422978387697062,0.7849133570214254,0.10573521407837445,0.14801365779632542,-0.8418628415132611,0.9683430342112976,0.8509863525537507,-0.9232456140350878,0.413322632423756,1
1776592655.244494,2193,1776592655.244494,1776592655.244557,1776592655.045285,1776592655.112806,0.9686507922440029,0.8736019185880285,-0.8870910059576106,0.84251968503937,0.7285714285714284,0.0,0.17777705537740646,0.3105134774153529,0.8208971134174702,0.14199700653120462,-0.014443661590157718,-0.7123836012170012,0.9683430342112976,0.8509863525537507,-0.9232456140350878,0.413322632423756,1
1776592655.294511,2194,1776592655.294511,1776592655.294589,1776592655.045285,1776592655.258855,0.9699580524570288,0.86734602434934,-0.8875015049228608,0.8976377952755906,0.9428571428571428,0.0,0.5749994775497315,0.2347186640001717,0.8054025994299553,-0.5045242198838896,-0.46931060647119405,-0.7072666646178433,0.9683430342112976,0.8499889173870364,-0.9213106295149638,0.39245585874799355,1
1776592655.344443,2195,1776592655.344443,1776592655.344493,1776592655.045285,1776592655.258855,0.9711893143220769,0.8613547040825471,-0.8878788230884788,0.84251968503937,0.9142857142857143,0.0,-0.21666593136628873,0.12347186640001717,0.8287461549597962,0.7915343795355586,0.46208877567611517,-0.608494806232521,0.9683430342112976,0.8499889173870364,-0.9213106295149638,0.39245585874799355,1
1776592655.394447,2196,1776592655.394447,1776592655.344493,1776592655.045285,1776592655.258855,0.9723935447047541,0.8541599989758427,-0.8883079048796824,0.8976377952755906,0.8285714285714285,0.0,-0.21666593136628873,0.12347186640001717,0.8287461549597962,0.7915343795355586,0.46208877567611517,-0.608494806232521,0.9683430342112976,0.8499889173870364,-0.9213106295149638,0.39245585874799355,1
1776592655.44454,2197,1776592655.44454,1776592655.444638,1776592655.045285,1776592655.404196,0.973606416299009,0.8469524919027563,-0.8887208894458564,0.889763779527559,0.8714285714285713,0.0,0.24166691821679595,0.13325151267726248,0.8472987215877742,0.009059778664731495,-0.15161779849330662,-0.7471841482528658,0.9683430342112976,0.8491656375668915,-0.9229876160990712,0.3816211878009631,1
1776592655.494579,2198,1776592655.494579,1776592655.444638,1776592655.045285,1776592655.404196,0.9747720935838783,0.8395956285552129,-0.8891374840514672,0.8740157480314961,0.8428571428571427,0.0,0.24166691821679595,0.13325151267726248,0.8472987215877742,0.009059778664731495,-0.15161779849330662,-0.7471841482528658,0.9683430342112976,0.8491656375668915,-0.9229876160990712,0.3816211878009631,1
1776592655.544442,2199,1776592655.544442,1776592655.544486,1776592655.045285,1776592655.404196,0.9758970020756633,0.8324073244316994,-0.8895300117274991,0.84251968503937,0.8428571428571427,0.0,0.5361106015608492,0.12469406670801983,0.8875637346382661,0.31721698113207547,0.1299658555091865,-0.7717508220904146,0.9683430342112976,0.8491656375668915,-0.9229876160990712,0.3816211878009631,1
1776592655.594479,2200,1776592655.594479,1776592655.594521,1776592655.045285,1776592655.550017,0.97707508725408,0.8246898723643953,-0.8899327579851064,0.8818897637795275,0.8999999999999999,0.0,-0.08611141426126692,0.06112432209270124,0.8790009656963491,-0.2265851777939042,-0.14801365779632542,-0.7676557361934909,0.9683430342112976,0.8480573762705423,-0.9232456140350878,0.36757624398073835,1
1776592655.64444,2201,1776592655.64444,1776592655.644501,1776592655.645093,1776592655.550017,0.9782143977651612,0.8166651731039222,-0.8903348335250041,0.8818897637795275,0.8714285714285713,0.0,0.5361106015608492,0.2310510411695517,0.8237512561167656,-0.32024446661828737,-0.06858706845157445,-0.7487207658502105,0.9683430342112976,0.8480573762705423,-0.9232456140350878,0.36757624398073835,1
1776592655.695748,2202,1776592655.695748,1776592655.695806,1776592655.645093,1776592655.696123,0.9794086575190948,0.8083758998715536,-0.8907427679813649,0.8818897637795275,0.9285714285714285,0.0,0.06111042741075969,-0.18459618849271842,0.999082618292264,-0.7734148222060958,-0.5451195057178473,-0.8106445342512063,0.9683430342112976,0.8470916057122952,-0.9189886480908153,0.3611556982343499,1
1776592655.744398,2203,1776592655.744398,1776592655.744442,1776592655.645093,1776592655.696123,0.9804699755564498,0.8001826413870503,-0.8911401090433125,0.8740157480314961,0.857142857142857,0.0,0.32222178362199677,0.13080711206125717,0.8320081175414272,0.1903347242380261,0.4079453688146984,-0.7830084667629614,0.9683430342112976,0.8470916057122952,-0.9189886480908153,0.3611556982343499,1
1776592655.794409,2204,1776592655.794409,1776592655.794454,1776592655.645093,1776592655.696123,0.9815884585319334,0.7916117248942771,-0.8915376671021663,0.8818897637795275,0.9142857142857143,0.0,-0.09166564111613952,-0.09413190566166921,0.8443424961013832,0.16616019593613932,0.09747439163188988,-0.7497445373244415,0.9683430342112976,0.8470916057122952,-0.9189886480908153,0.3611556982343499,1
1776592655.844498,2205,1776592655.844498,1776592655.794454,1776592655.645093,1776592655.842194,0.982712480745608,0.7825500663568591,-0.8919506516683403,0.9055118110236221,0.9285714285714285,0.0,-0.09166564111613952,-0.09413190566166921,0.8443424961013832,0.16616019593613932,0.09747439163188988,-0.7497445373244415,0.9683430342112976,0.8461574997625154,-0.9180856553147575,0.35152487961476725,1
1776592655.894465,2206,1776592655.894465,1776592655.844552,1776592655.645093,1776592655.842194,0.9838451441708601,0.7733902594105121,-0.8923547590883583,0.9055118110236221,0.9714285714285714,0.0,0.37222143532181773,0.38019524547729683,0.7974515603115416,-0.555889423076923,-0.350184271855184,-0.7558852453978303,0.9683430342112976,0.8461574997625154,-0.9180856553147575,0.35152487961476725,1
1776592655.944385,2207,1776592655.944385,1776592655.894541,1776592655.645093,1776592655.842194,0.984883640546869,0.7637845173018576,-0.8927831701618523,0.9055118110236221,0.8714285714285713,0.0,0.43055474930514115,-0.8643030648001203,0.8001019634916846,0.23867244194484757,0.259931711018373,-0.7461622975506316,0.9683430342112976,0.8461574997625154,-0.9180856553147575,0.35152487961476725,1
1776592655.994381,2208,1776592655.994381,1776592655.994423,1776592655.645093,1776592655.988248,0.9858993152615317,0.7543900076385066,-0.893182622011886,0.8740157480314961,0.8857142857142857,0.0,0.18333360423347256,-0.1650368959382278,0.7997960559744292,0.09667543541364296,-0.169679150181562,-0.7338789606318572,0.9683430342112976,0.8453975491593045,-0.9156346749226006,0.3563402889245586,1
1776592656.044436,2209,1776592656.044436,1776592655.994423,1776592655.645093,1776592655.988248,0.9868336739595539,0.7441740384656417,-0.8936239739917767,0.9055118110236221,0.7857142857142857,0.0,0.18333360423347256,-0.1650368959382278,0.7997960559744292,0.09667543541364296,-0.169679150181562,-0.7338789606318572,0.9683430342112976,0.8453975491593045,-0.9156346749226006,0.3563402889245586,1
1776592656.096587,2210,1776592656.096587,1776592656.096633,1776592655.645093,1776592655.988248,0.9877844288026204,0.7341308958389342,-0.8940457567961408,0.8503937007874015,0.8142857142857143,0.0,0.08888852768870323,-0.22249359520030904,0.776860320326924,0.6978864296081276,0.3357406102650263,-0.7190371554135039,0.9683430342112976,0.8453975491593045,-0.9156346749226006,0.3563402889245586,1
1776592656.144396,2211,1776592656.144396,1776592656.096633,1776592655.645093,1776592656.134132,0.9885552691892505,0.7244611438983695,-0.8944607732424351,0.8582677165354331,0.7,0.0,0.08888852768870323,-0.22249359520030904,0.776860320326924,0.6978864296081276,0.3357406102650263,-0.7190371554135039,0.9683430342112976,0.8442417909502549,-0.9147316821465428,0.36235955056179775,1
1776592656.194424,2212,1776592656.194424,1776592656.144442,1776592655.645093,1776592656.134132,0.9893356370655685,0.713844046445534,-0.8949078460498484,0.8818897637795275,0.6857142857142856,0.0,0.27499924534961206,-0.2652808250465223,0.8822630134889876,-0.12688225689404933,-0.3068532870847109,-0.7998978149297766,0.9683430342112976,0.8442417909502549,-0.9147316821465428,0.36235955056179775,1
1776592656.244499,2213,1776592656.244499,1776592656.194466,1776592656.244962,1776592656.134132,0.9900659302286421,0.7037646315807441,-0.8953197850854752,0.8267716535433071,0.6714285714285714,0.0,0.2527776939277347,0.17970636535409576,0.8405708012723366,-0.03625045355587808,-0.07220475854967212,-0.7620259534712192,0.9684267827980402,0.8442417909502549,-0.9147316821465428,0.36235955056179775,1
1776592656.294388,2214,1776592656.294388,1776592656.294444,1776592656.244962,1776592656.279765,0.9907629879625708,0.6928104156798485,-0.8957744527846,0.8818897637795275,0.6428571428571428,0.0,0.4055560844558274,0.3264061690458356,0.8887869386522499,0.3776419629898403,0.16245731938648314,-0.7922204892590431,0.9684267827980402,0.8430702004369716,-0.9157636738906089,0.3607544141252006,1
1776592656.344373,2215,1776592656.344373,1776592656.344418,1776592656.244962,1776592656.279765,0.9914819810797348,0.6815297496362108,-0.8962389247984794,0.8976377952755906,0.7,0.0,0.1361110659610879,-0.29339858547686765,0.8418960880734158,0.11177884615384615,-0.03249146387729662,-0.8546571037831525,0.9684267827980402,0.8430702004369716,-0.9157636738906089,0.3607544141252006,1
1776592656.39437,2216,1776592656.39437,1776592656.394413,1776592656.244962,1776592656.279765,0.9921371621729412,0.6694020201502952,-0.8967379979553763,0.9448818897637795,0.6428571428571428,0.0,0.43333418473377094,0.24083068744679698,0.8324159374237629,-0.3293042452830188,-0.22744024714107636,-0.8746158456006639,0.9684267827980402,0.8430702004369716,-0.9157636738906089,0.3607544141252006,1
1776592656.444359,2217,1776592656.444359,1776592656.394413,1776592656.244962,1776592656.426006,0.9928760965475922,0.6577628990479605,-0.8971758188037959,0.9055118110236221,0.7999999999999999,0.0,0.43333418473377094,0.24083068744679698,0.8324159374237629,-0.3293042452830188,-0.22744024714107636,-0.8746158456006639,0.9684267827980402,0.8421677590956588,-0.9144736842105263,0.34630818619582665,1
1776592656.494337,2218,1776592656.494337,1776592656.494375,1776592656.244962,1776592656.426006,0.9934375537306104,0.6453300560299395,-0.8976924292560989,0.9448818897637795,0.6,0.0,-0.03611176256144596,0.21149174861506106,0.8247706354005894,-0.033234306966618284,0.29602731559265083,-0.9012281416146778,0.9684267827980402,0.8421677590956588,-0.9144736842105263,0.34630818619582665,1
1776592656.544347,2219,1776592656.544347,1776592656.544387,1776592656.244962,1776592656.426006,0.9939974599269351,0.6329804257934019,-0.8981847163279342,0.9291338582677164,0.6428571428571428,0.0,-0.03333232713281614,0.16992671907685045,0.7957186240501423,0.12084996371552975,0.10107853232887107,-0.8577264974338487,0.9684267827980402,0.8421677590956588,-0.9144736842105263,0.34630818619582665,1
1776592656.594401,2220,1776592656.594401,1776592656.594442,1776592656.244962,1776592656.572318,0.9944031537320285,0.6206756024392014,-0.898697184112031,0.9133858267716536,0.4857142857142857,0.0,0.6472230026726233,-0.10146715132290922,0.8346585207215702,-0.8700902576197387,-0.667863530431955,-0.9657103783152525,0.9684267827980402,0.8413128146670467,-0.9116357069143447,0.34069020866773675,1
1776592656.644346,2221,1776592656.644346,1776592656.594442,1776592656.244962,1776592656.572318,0.9949187460228269,0.6086161501073233,-0.8991602949634999,0.889763779527559,0.6714285714285714,0.0,0.6472230026726233,-0.10146715132290922,0.8346585207215702,-0.8700902576197387,-0.667863530431955,-0.9657103783152525,0.9684267827980402,0.8413128146670467,-0.9116357069143447,0.34069020866773675,1
1776592656.694326,2222,1776592656.694326,1776592656.694391,1776592656.244962,1776592656.572318,0.9953616635085623,0.5967636628986213,-0.8996197957755319,0.8661417322834646,0.6142857142857142,0.0,0.7611125172118338,-0.1540340274463678,0.8641182667433452,-0.11177884615384615,-0.2635358517153542,-0.8582393435569624,0.9684267827980402,0.8413128146670467,-0.9116357069143447,0.34069020866773675,1
1776592656.744419,2223,1776592656.744419,1776592656.694391,1776592656.244962,1776592656.718254,0.9958189830135938,0.5843436218469823,-0.9000842480624198,0.8976377952755906,0.6714285714285714,0.0,0.7611125172118338,-0.1540340274463678,0.8641182667433452,-0.11177884615384615,-0.2635358517153542,-0.8582393435569624,0.9684267827980402,0.8404737025426681,-0.9073787409700723,0.34309791332263245,1
1776592656.7944,2224,1776592656.7944,1776592656.744466,1776592656.244962,1776592656.718254,0.9962284435006568,0.5726084859967825,-0.9005091871854174,0.84251968503937,0.6428571428571428,0.0,0.31111100791105806,0.3312959921844582,0.8299694441847875,-0.35649492017416545,-0.2021706140588586,-0.8490273210608807,0.9684267827980402,0.8404737025426681,-0.9073787409700723,0.34309791332263245,1
1776592656.844381,2225,1776592656.844381,1776592656.794439,1776592656.844837,1776592656.718254,0.9966261608027552,0.5600284203653682,-0.9009745666409039,0.8976377952755906,0.6714285714285714,0.0,0.05555620055588708,-0.31540330055397564,0.9934760748367377,-0.7039300616835993,-0.4837542680613517,-0.8643800516303514,0.9684686570914116,0.8404737025426681,-0.9073787409700723,0.34309791332263245,1
1776592656.894424,2226,1776592656.894424,1776592656.894515,1776592656.844837,1776592656.863272,0.9970440409318682,0.5478281464032876,-0.901399959484705,0.8582677165354331,0.7285714285714284,0.0,0.1361110659610879,-0.26039100190789966,0.8310906506226837,0.06344112844702467,0.10830036312394993,-0.7917095639079259,0.9684686570914116,0.839935404198727,-0.9031217750257997,0.34751203852327445,1
1776592656.944434,2227,1776592656.944434,1776592656.944485,1776592656.844837,1776592656.863272,0.9974233679631733,0.5348085465927567,-0.9018617091737632,0.9133858267716536,0.7285714285714284,0.0,0.4722230607226532,0.09902172880029186,0.8058104193122909,-0.6072432873730043,-0.4837542680613517,-0.8352092873167584,0.9684686570914116,0.839935404198727,-0.9031217750257997,0.34751203852327445,1
1776592656.994322,2228,1776592656.994322,1776592656.994363,1776592656.844837,1776592656.863272,0.9977065338194864,0.5232441036276506,-0.9022721292310476,0.811023622047244,0.6142857142857142,0.0,0.7416680792173926,-0.7102690373537524,0.785932736305249,0.5015080732946299,0.5054197604465883,-0.7917095639079259,0.9684686570914116,0.839935404198727,-0.9031217750257997,0.34751203852327445,1
1776592657.044314,2229,1776592657.044314,1776592656.994363,1776592656.844837,1776592657.009143,0.997966434875398,0.5105125480607154,-0.9027376467754743,0.889763779527559,0.6428571428571428,0.0,0.7416680792173926,-0.7102690373537524,0.785932736305249,0.5015080732946299,0.5054197604465883,-0.7917095639079259,0.9684686570914116,0.8392546151166841,-0.8949948400412796,0.3579454253611557,1
1776592657.0946,2230,1776592657.0946,1776592657.044356,1776592656.844837,1776592657.009143,0.9982422889372993,0.49766790845740577,-0.90319097303918,0.8818897637795275,0.7,0.0,0.7277778680778242,-0.14425438116912248,0.8360856346767218,-0.04229408563134978,-0.2707576825104331,-0.8602868865054243,0.9684686570914116,0.8392546151166841,-0.8949948400412796,0.3579454253611557,1
1776592657.144317,2231,1776592657.144317,1776592657.094645,1776592656.844837,1776592657.009143,0.9983136343251967,0.4848638084143058,-0.9037038945440803,0.9133858267716536,0.4857142857142857,0.0,0.17777705537740646,-0.25672337907727966,0.8254842775891726,0.09365928882438315,0.32129694867486863,-0.8582393435569624,0.9684686570914116,0.8392546151166841,-0.8949948400412796,0.3579454253611557,1
1776592657.194537,2232,1776592657.194537,1776592657.194584,1776592656.844837,1776592657.155193,0.99849199779494,0.47244590102373063,-0.9041397624203457,0.8503937007874015,0.6428571428571428,0.0,0.4805567230061556,-0.6809290766154045,0.7235473717389003,0.8157089078374455,1.0,-0.8224150250468669,0.9684686570914116,0.8382730122542034,-0.8845459236326109,0.37841091492776885,1
1776592657.244316,2233,1776592657.244316,1776592657.194584,1776592656.844837,1776592657.155193,0.9985784099107164,0.46071503249565804,-0.9045738154133969,0.8188976377952756,0.5428571428571428,0.0,0.4805567230061556,-0.6809290766154045,0.7235473717389003,0.8157089078374455,1.0,-0.8224150250468669,0.9684686570914116,0.8382730122542034,-0.8845459236326109,0.37841091492776885,1
1776592657.294332,2234,1776592657.294332,1776592657.244363,1776592656.844837,1776592657.155193,0.9987585459366808,0.4483291300210379,-0.904981296148954,0.8346456692913385,0.7142857142857143,0.0,0.16666627966646771,0.046454852676833275,0.881243634205164,-0.24471607402031928,0.0,-0.8183218599219398,0.9684686570914116,0.8382730122542034,-0.8845459236326109,0.37841091492776885,1
1776592657.344303,2235,1776592657.344303,1776592657.294384,1776592656.844837,1776592657.301441,0.9989856547025029,0.43568292089664973,-0.9053756189812087,0.8346456692913385,0.8142857142857143,0.0,-0.13055451710502178,0.26650302535452497,0.8197757365575588,0.1842910921625544,0.09385670153379222,-0.6883316942745629,0.9684686570914116,0.8374022355213577,-0.8737100103199175,0.39606741573033705,1
1776592657.394715,2236,1776592657.394715,1776592657.394761,1776592656.844837,1776592657.301441,0.9992120987597423,0.4225758409825083,-0.9057734137639599,0.8503937007874015,0.857142857142857,0.0,0.02500098685050724,-0.1613692731076078,0.8127420791468809,0.7039300616835993,0.4945802395534118,-0.6734898890562094,0.9684686570914116,0.8374022355213577,-0.8737100103199175,0.39606741573033705,1
1776592657.444319,2237,1776592657.444319,1776592657.394761,1776592657.444784,1776592657.301441,0.9993731798063304,0.40965012225877895,-0.9061804407787136,0.8582677165354331,0.8142857142857143,0.0,0.02500098685050724,-0.1613692731076078,0.8127420791468809,0.7039300616835993,0.4945802395534118,-0.6734898890562094,0.9685524056781541,0.8374022355213577,-0.8737100103199175,0.39606741573033705,1
1776592657.494315,2238,1776592657.494315,1776592657.444368,1776592657.444784,1776592657.448164,0.9995612923352896,0.396728670857177,-0.9065562596929806,0.8346456692913385,0.8714285714285713,0.0,0.31666755676712416,0.07946243624580124,0.8930682805177045,-0.23867244194484757,0.03249146387729662,-0.7630497249454501,0.9685524056781541,0.8365156264842785,-0.8600361197110422,0.41091492776886035,1
1776592657.544697,2239,1776592657.544697,1776592657.494365,1776592657.444784,1776592657.448164,0.9997237027990434,0.3837709472174926,-0.9069341696683422,0.8346456692913385,0.8714285714285713,0.0,0.1277774036775855,0.13691913550788248,0.8385320427046894,-0.060424981857764876,0.03249146387729662,-0.7031734994929162,0.9685524056781541,0.8365156264842785,-0.8600361197110422,0.41091492776886035,1
1776592657.594363,2240,1776592657.594363,1776592657.544733,1776592657.444784,1776592657.593887,0.9997886226706395,0.37132743589415335,-0.9073338385152819,0.8188976377952756,0.757142857142857,0.0,-0.29722311877268304,-0.7444988212307231,0.9560652896965491,-0.1631440493468795,-0.10469622242696874,-0.7492316912013277,0.9685524056781541,0.835423197492163,-0.8459752321981425,0.4257624398073836,1
1776592657.644277,2241,1776592657.644277,1776592657.594409,1776592657.444784,1776592657.593887,0.9998794661769683,0.35772107929111246,-0.9077405104441894,0.8818897637795275,0.8857142857142857,0.0,0.38333453303395,0.08557445969242655,0.8904179625485692,0.595167362119013,0.22744024714107636,-0.740019668705246,0.9685524056781541,0.835423197492163,-0.8459752321981425,0.4257624398073836,1
1776592657.694263,2242,1776592657.694263,1776592657.694301,1776592657.444784,1776592657.593887,0.9999510331343935,0.3440315099065883,-0.9081379106871115,0.8818897637795275,0.8999999999999999,0.0,0.2500005805002984,0.3166255008619782,0.8327217597300106,-0.024174528301886794,0.09747439163188988,-0.7256907096100065,0.9685524056781541,0.835423197492163,-0.8459752321981425,0.4257624398073836,1
1776592657.744281,2243,1776592657.744281,1776592657.744322,1776592657.444784,1776592657.740061,1.0,0.33089669239861913,-0.9085197463337732,0.84251968503937,0.8714285714285713,0.0,-0.02777810027794354,-0.7493886443693457,0.9715596332620486,-0.30815720246734396,-0.2815836540024931,-0.7835213128860752,0.9685524056781541,0.8343624331085145,-0.8325593395252837,0.4510433386837881,1
1776592657.794276,2244,1776592657.794276,1776592657.744322,1776592657.444784,1776592657.740061,0.9999536919687251,0.31788135991021554,-0.9089329676238447,0.8582677165354331,0.7857142857142857,0.0,-0.02777810027794354,-0.7493886443693457,0.9715596332620486,-0.30815720246734396,-0.2815836540024931,-0.7835213128860752,0.9685524056781541,0.8343624331085145,-0.8325593395252837,0.4510433386837881,1
1776592657.844259,2245,1776592657.844259,1776592657.794347,1776592657.444784,1776592657.740061,0.9999408409361223,0.30441582493737707,-0.9093362465102213,0.8661417322834646,0.8857142857142857,0.0,0.4583328495830847,-0.04889925329283858,0.8908256972198971,0.4380669448476052,0.014443661590157718,-0.7712379759673008,0.9685524056781541,0.8343624331085145,-0.8325593395252837,0.4510433386837881,1
1776592657.894238,2246,1776592657.894238,1776592657.844298,1776592657.444784,1776592657.886182,0.9998196424045079,0.29092041870964713,-0.9097730021011022,0.8976377952755906,0.7999999999999999,0.0,0.13888817938852419,-0.18092856566209842,0.8182466250263196,0.2326288098693759,0.0,-0.7456494514275178,0.9685524056781541,0.8335391532883696,-0.8232714138286894,0.47150882825040125,1
1776592657.944245,2247,1776592657.944245,1776592657.894277,1776592657.444784,1776592657.886182,0.9997556088110223,0.2777941358459326,-0.910154758839798,0.84251968503937,0.8714285714285713,0.0,0.2805557942056782,0.29951060892349296,0.833129409190331,-0.3293042452830188,-0.12274402471410764,-0.7604912566458711,0.9685524056781541,0.8335391532883696,-0.8232714138286894,0.47150882825040125,1
1776592657.994252,2248,1776592657.994252,1776592657.944281,1776592657.444784,1776592657.886182,0.9995608491962344,0.26432219988990313,-0.9105996616781512,0.9055118110236221,0.7857142857142857,0.0,0.3777779841778839,-0.7603904909545937,0.7713556892364778,0.4320233127721335,0.4873584087583329,-0.7615150281201021,0.9685524056781541,0.8335391532883696,-0.8232714138286894,0.47150882825040125,1
1776592658.044253,2249,1776592658.044253,1776592657.994289,1776592658.044647,1776592658.033473,0.9994172721423292,0.2507350462364352,-0.911011955799624,0.8818897637795275,0.8857142857142857,0.0,0.4166668601667661,0.18337398818471576,0.8462793423039505,0.060424981857764876,0.3140751178797897,-0.7922204892590431,0.9686361542648968,0.8330800164655964,-0.8103715170278637,0.5004012841091493,1
1776592658.094249,2250,1776592658.094249,1776592658.044288,1776592658.044647,1776592658.033473,0.999145627901453,0.23642031416025502,-0.9114863504902069,0.968503937007874,0.8428571428571427,0.0,0.26111135621123704,0.07334939089256388,0.8004077857979324,0.060424981857764876,0.054156956262533196,-0.7471841482528658,0.9686361542648968,0.8330800164655964,-0.8103715170278637,0.5004012841091493,1
1776592658.144244,2251,1776592658.144244,1776592658.094285,1776592658.044647,1776592658.033473,0.9989213995394899,0.22304012562996345,-0.9118927265142425,0.8818897637795275,0.857142857142857,0.0,0.32777833247806293,0.27139387039975965,0.8141691931020325,-0.6404775943396226,-0.3032491463877297,-0.8137158486738991,0.9686361542648968,0.8330800164655964,-0.8103715170278637,0.5004012841091493,1
1776592658.194289,2252,1776592658.194289,1776592658.144282,1776592658.044647,1776592658.179131,0.9985866079832387,0.20990957544412156,-0.9123487553757779,0.9055118110236221,0.757142857142857,0.0,-0.191667266516975,0.018337092246487965,0.8172273309535035,0.6978864296081276,0.3140751178797897,-0.7604912566458711,0.9686361542648968,0.8326525442512903,-0.7992776057791539,0.5200642054574638,1
1776592658.244267,2253,1776592658.244267,1776592658.194354,1776592658.044647,1776592658.179131,0.9982026279918532,0.19715881692761342,-0.9128022986363895,0.8976377952755906,0.7142857142857143,0.0,-0.12222317682271289,0.001222200308002653,0.8249745453417571,-0.10271906748911465,-0.25270988022329416,-0.8270210362949076,0.9686361542648968,0.8326525442512903,-0.7992776057791539,0.5200642054574638,1
1776592658.295459,2254,1776592658.295459,1776592658.244308,1776592658.044647,1776592658.179131,0.9978208636957443,0.1849926815425516,-0.913228441105866,0.8346456692913385,0.6857142857142856,0.0,0.2083345910839798,0.2677262475691397,0.8442405837363033,-0.10876269956458634,-0.06498292775459324,-0.8080860659516274,0.9686361542648968,0.8326525442512903,-0.7992776057791539,0.5200642054574638,1
1776592658.344241,2255,1776592658.344241,1776592658.344282,1776592658.044647,1776592658.325012,0.9973593343696877,0.1741088764567571,-0.9136595745041813,0.8346456692913385,0.557142857142857,0.0,0.22499959364979114,0.25061135563065434,0.845259963020127,0.17523131349782292,0.3610102433472441,-0.7968265005070839,0.9686361542648968,0.8323517304708526,-0.7881836945304438,0.5389245585874799,1
1776592658.394241,2256,1776592658.394241,1776592658.344282,1776592658.044647,1776592658.325012,0.9968791932033103,0.16200461724254178,-0.9141153074608449,0.8818897637795275,0.6714285714285714,0.0,0.22499959364979114,0.25061135563065434,0.845259963020127,0.17523131349782292,0.3610102433472441,-0.7968265005070839,0.9686361542648968,0.8323517304708526,-0.7881836945304438,0.5389245585874799,1
1776592658.444459,2257,1776592658.444459,1776592658.444535,1776592658.044647,1776592658.325012,0.9963285929271463,0.1495781752077119,-0.914601735616217,0.9212598425196851,0.6714285714285714,0.0,0.6638903272396282,0.25672337907727966,0.8207951158413823,-0.4622301342525399,-0.35740610265026285,-0.8909923476443653,0.9686361542648968,0.8323517304708526,-0.7881836945304438,0.5389245585874799,1
1776592658.494302,2258,1776592658.494302,1776592658.494363,1776592658.044647,1776592658.472338,0.9956988923296175,0.1383679199791755,-0.9150883807684954,0.8976377952755906,0.5285714285714285,0.0,0.16666627966646771,-0.6479214930464365,0.9558613797553812,-0.3534674346879535,-0.16245731938648314,-0.9421693967239313,0.9686361542648968,0.8320667489946486,-0.7790247678018576,0.5489566613162119,1
1776592658.544611,2259,1776592658.544611,1776592658.494363,1776592658.044647,1776592658.472338,0.9950594426728729,0.1259798838434917,-0.9155836268890493,0.9448818897637795,0.6714285714285714,0.0,0.16666627966646771,-0.6479214930464365,0.9558613797553812,-0.3534674346879535,-0.16245731938648314,-0.9421693967239313,0.9686361542648968,0.8320667489946486,-0.7790247678018576,0.5489566613162119,1
1776592658.594422,2260,1776592658.594422,1776592658.594462,1776592658.044647,1776592658.472338,0.9943958419376165,0.11402071358160613,-0.9160798396321848,0.9370078740157479,0.657142857142857,0.0,-0.16388916623903146,0.1088023969841492,0.828644242594716,0.030206821480406387,0.36823207414232295,-0.8654038231045822,0.9686361542648968,0.8320667489946486,-0.7790247678018576,0.5489566613162119,1
1776592658.644507,2261,1776592658.644507,1776592658.644555,1776592658.644959,1776592658.617547,0.9936901429921104,0.10224503817119643,-0.9165777883505685,0.9370078740157479,0.6428571428571428,0.0,0.4805567230061556,-0.004889823138622654,0.9332313812031163,-0.8096652757619738,-0.6173242642675194,-0.9099273179876456,0.9686361542648968,0.8314492891295399,-0.7696078431372549,0.5730337078651686,1
1776592658.694227,2262,1776592658.694227,1776592658.69427,1776592658.644959,1776592658.617547,0.9930945641018369,0.09026239763761047,-0.9170005575045056,0.8818897637795275,0.7999999999999999,0.0,-0.4972217255719669,0.1858194107073331,0.8183486226024071,0.7220496190130623,0.6245460950625983,-0.7610021819969882,0.9686361542648968,0.8314492891295399,-0.7696078431372549,0.5730337078651686,1
1776592658.74431,2263,1776592658.74431,1776592658.744357,1776592658.644959,1776592658.617547,0.992428304532249,0.07883237531951574,-0.9174480840327226,0.8818897637795275,0.7142857142857143,0.0,0.3805550976053202,-0.008557445969242655,0.8980632645717427,-0.024174528301886794,-0.010825971492060053,-0.7973393466301976,0.9686361542648968,0.8314492891295399,-0.7696078431372549,0.5730337078651686,1
1776592658.794266,2264,1776592658.794266,1776592658.744357,1776592658.644959,1776592658.763721,0.9917186173352454,0.06654248759276092,-0.9179112540651658,0.9370078740157479,0.8142857142857143,0.0,0.3805550976053202,-0.008557445969242655,0.8980632645717427,-0.024174528301886794,-0.010825971492060053,-0.7973393466301976,0.9686361542648968,0.8306418416136284,-0.762641898864809,0.5947030497592295,1
1776592658.844234,2265,1776592658.844234,1776592658.794309,1776592658.644959,1776592658.763721,0.9910521361961298,0.055272489854441643,-0.9183203326870312,0.8582677165354331,0.7714285714285714,0.0,0.24166691821679595,-0.01344726910786531,0.8572885192738352,-0.14501315312046442,-0.11552219391902879,-0.795802729032853,0.9686361542648968,0.8306418416136284,-0.762641898864809,0.5947030497592295,1
1776592658.894246,2266,1776592658.894246,1776592658.844304,1776592658.644959,1776592658.763721,0.9903056684575392,0.04416678401802517,-0.9187672674055044,0.889763779527559,0.7285714285714284,0.0,0.0666669762668258,-0.8679706876307403,0.9163099236824652,-0.14199700653120462,-0.054156956262533196,-0.8526095608346906,0.9686361542648968,0.8306418416136284,-0.762641898864809,0.5947030497592295,1
1776592658.944344,2267,1776592658.944344,1776592658.894308,1776592658.644959,1776592658.910006,0.9895857890622646,0.03277303393801288,-0.9191911609979546,0.8740157480314961,0.8142857142857143,0.0,0.18333360423347256,0.23227324147755435,0.8664627624062328,0.30815720246734396,0.32129694867486863,-0.7778915301638034,0.9686361542648968,0.8298185617934833,-0.7603199174406605,0.6047351524879615,1
1776592658.994257,2268,1776592658.994257,1776592658.944417,1776592658.644959,1776592658.910006,0.988778611273103,0.021577714336922155,-0.9196451579793699,0.9133858267716536,0.7714285714285714,0.0,0.09999930339964194,-0.03056216104635062,0.7981651172891174,0.17523131349782292,0.22021841634599754,-0.7538377024493684,0.9686361542648968,0.8298185617934833,-0.7603199174406605,0.6047351524879615,1
1776592659.044227,2269,1776592659.044227,1776592659.044269,1776592658.644959,1776592658.910006,0.9880336945212059,0.011639121102334652,-0.9200483579577806,0.8188976377952756,0.7,0.0,0.18888783108834517,-0.20782412578444107,0.7530071177606752,0.8851936683599418,0.6570375589398949,-0.6934486308737208,0.9686361542648968,0.8298185617934833,-0.7603199174406605,0.6047351524879615,1
1776592659.094247,2270,1776592659.094247,1776592659.094291,1776592658.644959,1776592659.0567,0.9871963832762866,0.00244517557896893,-0.920487461060645,0.84251968503937,0.5857142857142856,0.0,0.39166587331625885,-0.0770170137231839,0.8079510902450182,-0.03625045355587808,-0.007221830795078859,-0.8393043732136821,0.9686361542648968,0.8292169342326081,-0.7630288957688339,0.6219903691813804,1
1776592659.144231,2271,1776592659.144231,1776592659.14429,1776592658.644959,1776592659.0567,0.9863036796494592,-0.007083754731393409,-0.9209498814674129,0.8818897637795275,0.6285714285714284,0.0,0.05833331398332338,0.14669878178512777,0.8220183198553662,0.22054154571843249,0.21660072624789986,-0.8300923507176005,0.9686361542648968,0.8292169342326081,-0.7630288957688339,0.6219903691813804,1
1776592659.194246,2272,1776592659.194246,1776592659.14429,1776592658.644959,1776592659.0567,0.9853103834570873,-0.015586394070129172,-0.921461974438672,0.9055118110236221,0.4857142857142857,0.0,0.05833331398332338,0.14669878178512777,0.8220183198553662,0.22054154571843249,0.21660072624789986,-0.8300923507176005,0.9686361542648968,0.8292169342326081,-0.7630288957688339,0.6219903691813804,1
1776592659.244283,2273,1776592659.244283,1776592659.194289,1776592659.244865,1776592659.202608,0.9844072660624613,-0.024993705699862166,-0.9219002490078951,0.8661417322834646,0.6857142857142856,0.0,0.361110659610879,0.09046428283104921,0.8229357867741097,-0.6797555333817126,-0.1299658555091865,-0.876150542426012,0.9687617771450108,0.8286469712802002,-0.7689628482972136,0.6268057784911718,1
1776592659.294248,2274,1776592659.294248,1776592659.244389,1776592659.244865,1776592659.202608,0.9834992741382275,-0.03344086985094244,-0.9223349727186557,0.8346456692913385,0.6,0.0,-0.43611129816120725,0.09413190566166921,0.799184496572941,0.691842797532656,0.7689556121619424,-0.7937551860843911,0.9687617771450108,0.8286469712802002,-0.7689628482972136,0.6268057784911718,1
1776592659.344921,2275,1776592659.344921,1776592659.294291,1776592659.244865,1776592659.202608,0.9826118881800633,-0.04311915643576187,-0.9227328464093729,0.8346456692913385,0.7857142857142857,0.0,0.09722218997220564,0.3117356777233556,0.8084607372814263,-0.12688225689404933,-0.010825971492060053,-0.8039909800547036,0.9687617771450108,0.8286469712802002,-0.7689628482972136,0.6268057784911718,1
1776592659.394285,2276,1776592659.394285,1776592659.344977,1776592659.244865,1776592659.349038,0.9816923746403926,-0.05328818506522602,-0.9231408597736994,0.8818897637795275,0.8857142857142857,0.0,0.005556548856066112,0.3459654616003262,0.8275229509458123,0.0030161465892597967,0.18050512167362204,-0.6949852484710655,0.9687617771450108,0.8283461574997625,-0.7796697626418989,0.6247993579454254,1
1776592659.444217,2277,1776592659.444217,1776592659.44427,1776592659.244865,1776592659.349038,0.9807850474247417,-0.062339175297325675,-0.9235397789949639,0.8267716535433071,0.7714285714285714,0.0,-0.16666627966646771,0.12102644387739982,0.8611621264679619,0.5347423802612482,0.4476586634870739,-0.6673491809828207,0.9687617771450108,0.8283461574997625,-0.7796697626418989,0.6247993579454254,1
1776592659.494201,2278,1776592659.494201,1776592659.494247,1776592659.244865,1776592659.349038,0.9798010571525303,-0.07195345205023493,-0.923954874349224,0.8818897637795275,0.8428571428571427,0.0,0.5444442638443516,-0.04400943015421593,0.8525993575260449,-0.03625045355587808,-0.23826621863313643,-0.7963155751559666,0.9687617771450108,0.8283461574997625,-0.7796697626418989,0.6247993579454254,1
1776592659.544238,2279,1776592659.544238,1776592659.494247,1776592659.244865,1776592659.495746,0.978804880556299,-0.080571309086409,-0.9243753748991433,0.8582677165354331,0.7428571428571428,0.0,0.5444442638443516,-0.04400943015421593,0.8525993575260449,-0.03625045355587808,-0.23826621863313643,-0.7963155751559666,0.9687617771450108,0.8281403375447262,-0.788312693498452,0.6183788121990369,1
1776592659.59418,2280,1776592659.59418,1776592659.544279,1776592659.244865,1776592659.495746,0.9778239922574744,-0.090095972074644,-0.9247615702109173,0.8582677165354331,0.8999999999999999,0.0,0.21666593136628873,0.28117351667700496,0.8251783700719173,-0.1571004172714078,-0.14440951709934424,-0.7512792341497895,0.9687617771450108,0.8281403375447262,-0.788312693498452,0.6183788121990369,1
1776592659.644258,2281,1776592659.644258,1776592659.594226,1776592659.244865,1776592659.644562,0.9767994547617065,-0.09863061632933487,-0.9251823863927001,0.8582677165354331,0.7857142857142857,0.0,0.4888880632884645,-0.0024454225226173483,0.9261977237924385,-0.7764309687953554,-0.6173242642675194,-0.8045038261778175,0.9687617771450108,0.8277603622431208,-0.7995356037151703,0.6191813804173354,1
1776592659.694224,2282,1776592659.694224,1776592659.69427,1776592659.244865,1776592659.644562,0.975707781699066,-0.10814247735118782,-0.9256003421607214,0.9133858267716536,0.9285714285714285,0.0,0.0638898628393895,0.05256687612345858,0.8782874939297808,-0.045321571117561674,0.08303073004173216,-0.768166661544608,0.9687617771450108,0.8277603622431208,-0.7995356037151703,0.6191813804173354,1
1776592659.744213,2283,1776592659.744213,1776592659.69427,1776592659.244865,1776592659.644562,0.9746034791733506,-0.11730441795859844,-0.9260105452210999,0.9055118110236221,0.9142857142857143,0.0,0.0638898628393895,0.05256687612345858,0.8782874939297808,-0.045321571117561674,0.08303073004173216,-0.768166661544608,0.9687617771450108,0.8277603622431208,-0.7995356037151703,0.6191813804173354,1
1776592659.794178,2284,1776592659.794178,1776592659.794222,1776592659.244865,1776592659.787547,0.9734991766476353,-0.12664131877323023,-0.9264107269698175,0.8976377952755906,0.9714285714285714,0.0,-0.013887889138375017,-0.6674818075075392,0.963812418873795,-0.33836402394775034,-0.17690098097664084,-0.7952918036817358,0.9687617771450108,0.827285393116114,-0.8072755417956656,0.624398073836276,1
1776592659.844309,2285,1776592659.844309,1776592659.844358,1776592659.844783,1776592659.787547,0.9723496739382831,-0.13517382936685743,-0.926839966576953,0.9055118110236221,0.8857142857142857,0.0,-0.14999895509946293,0.2237157955083117,0.8108053181553213,0.10876269956458634,0.23104438783805759,-0.8096207627769754,0.9689292743184958,0.827285393116114,-0.8072755417956656,0.624398073836276,1
1776592659.894212,2286,1776592659.894212,1776592659.894255,1776592659.844783,1776592659.787547,0.9712023869242072,-0.14372554291005765,-0.9272465595978945,0.8976377952755906,0.9285714285714285,0.0,0.18055649080603625,0.0709049902765586,0.8097859388714977,0.17523131349782292,0.16245731938648314,-0.7574199422231783,0.9689292743184958,0.827285393116114,-0.8072755417956656,0.624398073836276,1
1776592659.944295,2287,1776592659.944295,1776592659.944346,1776592659.844783,1776592659.93457,0.9699405484643459,-0.15272105795450183,-0.9276880693937168,0.968503937007874,1.0,0.0,0.5000011610005968,0.14547658147712514,0.8606523942205463,-0.8791500362844702,-0.5812286596932416,-0.8239497218722149,0.9689292743184958,0.82700041163991,-0.8129514963880289,0.6211878009630818,1
1776592659.994264,2288,1776592659.994264,1776592659.994307,1776592659.844783,1776592659.93457,0.9687243533271765,-0.16115542013920006,-0.9281100889219784,0.9212598425196851,0.9714285714285714,0.0,0.12222317682271289,-0.5782397249844926,0.7379205088665035,0.6404775943396226,0.5270717034307084,-0.7349027321060881,0.9689292743184958,0.82700041163991,-0.8129514963880289,0.6211878009630818,1
1776592660.044174,2289,1776592660.044174,1776592659.994307,1776592659.844783,1776592659.93457,0.967452544238572,-0.1686040309124815,-0.9285610676737007,0.9448818897637795,0.8714285714285713,0.0,0.12222317682271289,-0.5782397249844926,0.7379205088665035,0.6404775943396226,0.5270717034307084,-0.7349027321060881,0.9689292743184958,0.82700041163991,-0.8129514963880289,0.6211878009630818,1
1776592660.094166,2290,1776592660.094166,1776592660.044216,1776592659.844783,1776592660.080068,0.9662596139018039,-0.17551922641984477,-0.9289683314123518,0.8740157480314961,0.8428571428571427,0.0,-0.38611164646138624,-0.11980424356939717,0.8661569400999848,-0.05135386429608128,-0.09385670153379222,-0.8336745904914103,0.9689292743184958,0.8265412748171369,-0.8181114551083591,0.6163723916532905,1
1776592660.144251,2291,1776592660.144251,1776592660.094212,1776592659.844783,1776592660.080068,0.9650837444186635,-0.18241095165550764,-0.9293546056320916,0.8503937007874015,0.8714285714285713,0.0,0.28888945648918063,0.13080711206125717,0.8209989405715425,-0.0060436320754716985,-0.13718768630426537,-0.765608193245029,0.9689292743184958,0.8265412748171369,-0.8181114551083591,0.6163723916532905,1
1776592660.194154,2292,1776592660.194154,1776592660.144304,1776592659.844783,1776592660.080068,0.9639304750273416,-0.18809502472913173,-0.9297611986530332,0.8267716535433071,0.7428571428571428,0.0,0.04166598941631856,-0.8141805892926669,0.9200816185115119,-0.033234306966618284,-0.039713294672375485,-0.8014325117551246,0.9689292743184958,0.8265412748171369,-0.8181114551083591,0.6163723916532905,1
1776592660.244156,2293,1776592660.244156,1776592660.194196,1776592659.844783,1776592660.226453,0.9626956680498513,-0.19451307720865924,-0.9301656019779229,0.8740157480314961,0.8714285714285713,0.0,0.31944467019456046,0.042787229846213276,0.8762487353621335,0.34139150943396224,0.169679150181562,-0.7702142044930699,0.9689292743184958,0.8257021626927583,-0.8275283797729618,0.6099518459069021,1
1776592660.29424,2294,1776592660.29424,1776592660.294282,1776592659.844783,1776592660.226453,0.9614582022380294,-0.20005846231314464,-0.9305785865440969,0.8661417322834646,0.7857142857142857,0.0,0.38611164646138624,0.2897309626462476,0.8241589907880935,-0.3957728592162554,-0.32851877946994745,-0.7543505485724823,0.9689292743184958,0.8257021626927583,-0.8275283797729618,0.6099518459069021,1
1776592660.346381,2295,1776592660.346381,1776592660.294282,1776592659.844783,1776592660.226453,0.9601414145353155,-0.2065661285573464,-0.9309921037390402,0.8740157480314961,0.9142857142857143,0.0,0.38611164646138624,0.2897309626462476,0.8241589907880935,-0.3957728592162554,-0.32851877946994745,-0.7543505485724823,0.9689292743184958,0.8257021626927583,-0.8275283797729618,0.6099518459069021,1
1776592660.394148,2296,1776592660.394148,1776592660.39419,1776592659.844783,1776592660.372735,0.9588992957634134,-0.2110404158078681,-0.9314227636895606,0.8976377952755906,0.7428571428571428,0.0,0.2666679050673032,0.16625909624623045,0.802140722059332,0.05135386429608128,0.26715354181345186,-0.7917095639079259,0.9689292743184958,0.8246888952218105,-0.8370743034055728,0.6107544141252006,1
1776592660.444183,2297,1776592660.444183,1776592660.39419,1776592660.444716,1776592660.372735,0.9576181807546481,-0.2158006136409219,-0.931849162609926,0.8740157480314961,0.7857142857142857,0.0,0.2666679050673032,0.16625909624623045,0.802140722059332,0.05135386429608128,0.26715354181345186,-0.7917095639079259,0.9688455257317533,0.8246888952218105,-0.8370743034055728,0.6107544141252006,1
1776592660.494147,2298,1776592660.494147,1776592660.444244,1776592660.444716,1776592660.372735,0.9562586301331012,-0.21956865907936793,-0.9323243069261842,0.9291338582677164,0.7,0.0,0.18055649080603625,0.04400943015421593,0.8148827500796084,0.14199700653120462,0.10469622242696874,-0.7645844217707981,0.9688455257317533,0.8246888952218105,-0.8370743034055728,0.6107544141252006,1
1776592660.544225,2299,1776592660.544225,1776592660.49419,1776592660.444716,1776592660.518939,0.9549285482587293,-0.22405361463520798,-0.9327470760801213,0.889763779527559,0.8285714285714285,0.0,0.2527776939277347,0.15525622775437045,0.8108053181553213,-0.5740203193033382,-0.3971058479215219,-0.8480035495866499,0.9688455257317533,0.8239131123143661,-0.8480392156862745,0.6103531300160514,1
1776592660.594183,2300,1776592660.594183,1776592660.544286,1776592660.444716,1776592660.518939,0.9535984663843575,-0.22718156175455217,-0.9332142309648391,0.8976377952755906,0.6857142857142856,0.0,-0.46388939843915084,-0.011002868491860003,0.7851171817515856,0.7794584542815675,0.2418703593301176,-0.7722617474415318,0.9688455257317533,0.8239131123143661,-0.8480392156862745,0.6103531300160514,1
1776592660.644202,2301,1776592660.644202,1776592660.594228,1776592660.444716,1776592660.518939,0.9522714864833725,-0.22938136631119876,-0.9336967531759026,0.8976377952755906,0.6,0.0,-0.15277839052809272,-0.15770165027698782,0.825382280013085,-0.11782247822931784,-0.09747439163188988,-0.8510748640093426,0.9688455257317533,0.8239131123143661,-0.8480392156862745,0.6103531300160514,1
1776592660.694201,2302,1776592660.694201,1776592660.694252,1776592660.444716,1776592660.665039,0.9510648188358913,-0.23021136046496743,-0.934165269223031,0.8267716535433071,0.4285714285714285,0.0,0.46111228501171453,-0.07823921403118655,0.9086646216592917,-0.7613275580551523,-0.6353720665546583,-0.9293751344540397,0.9688455257317533,0.8228681802349513,-0.8547471620227037,0.6215890850722312,1
1776592660.744146,2303,1776592660.744146,1776592660.744208,1776592660.444716,1776592660.665039,0.9498579296188827,-0.23076397868045867,-0.9346322860188085,0.8267716535433071,0.4285714285714285,0.0,0.0666669762668258,0.09902172880029186,0.8478083686241822,0.29002630624092884,0.32129694867486863,-0.8746158456006639,0.9688455257317533,0.8228681802349513,-0.8547471620227037,0.6215890850722312,1
1776592660.79417,2304,1776592660.79417,1776592660.794212,1776592660.444716,1776592660.665039,0.9486020735362675,-0.23103708729660877,-0.9351208249622668,0.8582677165354331,0.44285714285714284,0.0,0.32777833247806293,-0.09657732818428655,0.8925586334812965,-0.12084996371552975,-0.18050512167362204,-0.9063450782138357,0.9688455257317533,0.8228681802349513,-0.8547471620227037,0.6215890850722312,1
1776592660.844167,2305,1776592660.844167,1776592660.844228,1776592660.444716,1776592660.811751,0.947326940904748,-0.23128885930212215,-0.9356050831485786,0.8661417322834646,0.4857142857142857,0.0,0.3361119947615653,0.19315363446196104,0.8155963070571842,-0.4078487844702467,-0.2779795133055119,-0.900715295491564,0.9688455257317533,0.8221557265444412,-0.8619711042311662,0.6268057784911718,1
1776592660.894177,2306,1776592660.894177,1776592660.894219,1776592660.444716,1776592660.811751,0.9460828280070973,-0.23133579984552297,-0.9360737570116385,0.84251968503937,0.4857142857142857,0.0,0.011110775710938716,-0.004889823138622654,0.9699286093657293,-0.7915343795355586,-0.4981979296515095,-0.9165808721841483,0.9688455257317533,0.8221557265444412,-0.8619711042311662,0.6268057784911718,1
1776592660.944796,2307,1776592660.944796,1776592660.945059,1776592660.444716,1776592660.811751,0.9447702501254083,-0.23194602690973334,-0.9365260969257714,0.8582677165354331,0.6142857142857142,0.0,0.03888887598888226,0.05012247550745328,0.8429154673572394,-0.027190674891146585,0.06136523765649559,-0.8439103844617228,0.9688455257317533,0.8221557265444412,-0.8619711042311662,0.6268057784911718,1
1776592660.994146,2308,1776592660.994146,1776592660.945059,1776592660.444716,1776592660.95754,0.9434324133175694,-0.23284216455647588,-0.936964134771097,0.8818897637795275,0.7142857142857143,0.0,0.03888887598888226,0.05012247550745328,0.8429154673572394,-0.027190674891146585,0.06136523765649559,-0.8439103844617228,0.9688455257317533,0.8216807574174344,-0.8672600619195047,0.6187800963081862,1
1776592661.044151,2309,1776592661.044151,1776592660.994198,1776592661.044608,1776592660.95754,0.9420704254312185,-0.23298511984774195,-0.9374327297261911,0.8976377952755906,0.657142857142857,0.0,0.06111042741075969,-0.0709049902765586,0.8858307983768666,-0.11177884615384615,0.2852013441005907,-0.794778957558622,0.9688455257317533,0.8216807574174344,-0.8672600619195047,0.6187800963081862,1
1776592661.094149,2310,1776592661.094149,1776592661.044192,1776592661.044608,1776592660.95754,0.9406650099174519,-0.2343741332001929,-0.9378489692459557,0.8818897637795275,0.8714285714285713,0.0,0.5444442638443516,0.12958388984664249,0.8064219787137791,-0.555889423076923,-0.3429624410601052,-0.8290685792433695,0.9688455257317533,0.8216807574174344,-0.8672600619195047,0.6187800963081862,1
1776592661.144129,2311,1776592661.144129,1776592661.094225,1776592661.044608,1776592661.103616,0.9392717807277052,-0.2343719995391292,-0.938300559534413,0.9055118110236221,0.7285714285714284,0.0,0.347222770472504,-0.8374075046777775,0.8302751812800278,0.29305379172714074,0.5162457319386484,-0.8244625679953287,0.9688455257317533,0.8213166144200627,-0.8730650154798761,0.6252006420545746,1
1776592661.194156,2312,1776592661.194156,1776592661.144169,1776592661.044608,1776592661.103616,0.9379255242778163,-0.23333717392324796,-0.9387742637802948,0.8976377952755906,0.6142857142857142,0.0,0.2000009288004774,-0.17726196473809044,0.8259939246255806,-0.12990974238026123,-0.054156956262533196,-0.8976459018408679,0.9688455257317533,0.8213166144200627,-0.8730650154798761,0.6252006420545746,1
1776592661.244143,2313,1776592661.244143,1776592661.194201,1776592661.044608,1776592661.103616,0.9365834776489522,-0.2312760573357401,-0.9392880138188364,0.9212598425196851,0.5285714285714285,0.0,0.03611176256144596,-0.16014707279960513,0.8113149651917294,0.06646861393323657,0.3393447509620075,-0.8868991825194382,0.9688455257317533,0.8213166144200627,-0.8730650154798761,0.6252006420545746,1
1776592661.294109,2314,1776592661.294109,1776592661.244205,1776592661.044608,1776592661.249999,0.9352848586475042,-0.22979529655755127,-0.9397434508706282,0.8661417322834646,0.6142857142857142,0.0,0.3805550976053202,-0.09046428283104921,0.857594341580083,-0.8489432148040639,-0.3718362148393041,-0.9216978087833062,0.9688455257317533,0.8208574775972896,-0.8761609907120743,0.630016051364366,1
1776592661.344137,2315,1776592661.344137,1776592661.344181,1776592661.044608,1776592661.249999,0.9340146005455928,-0.22779818980195357,-0.9401974478520433,0.8582677165354331,0.5714285714285714,0.0,0.3499998838999403,-0.14792200399974248,0.8688073432801279,-0.1571004172714078,-0.021665492385236573,-0.8689860628783922,0.9688455257317533,0.8208574775972896,-0.8761609907120743,0.630016051364366,1
1776592661.39414,2316,1776592661.39414,1776592661.394207,1776592661.044608,1776592661.249999,0.9327146521269788,-0.22693192341010246,-0.9405900347090498,0.8267716535433071,0.757142857142857,0.0,-0.5138890501389718,0.2872855401236303,0.8075433555736903,0.1571004172714078,0.14079182700124654,-0.7599784105227573,0.9688455257317533,0.8208574775972896,-0.8761609907120743,0.630016051364366,1
1776592661.444109,2317,1776592661.444109,1776592661.444149,1776592661.044608,1776592661.397944,0.9313577603397636,-0.22633876563440145,-0.9409764470177298,0.84251968503937,0.857142857142857,0.0,0.10277873882827175,-0.020782514769105313,0.9635065965675472,-0.6737119013062408,-0.4945802395534118,-0.7318314176833953,0.9688455257317533,0.8206041607295524,-0.8799019607843138,0.6376404494382023,1
1776592661.494225,2318,1776592661.494225,1776592661.494278,1776592661.044608,1776592661.397944,0.9300968081580128,-0.22520792527065492,-0.9413551263457581,0.7952755905511811,0.757142857142857,0.0,-0.08055486540520082,0.07579481341518124,0.8397553319296808,0.7341368831640057,0.4332150018969162,-0.6069601094071729,0.9688455257317533,0.8206041607295524,-0.8799019607843138,0.6376404494382023,1
1776592661.544155,2319,1776592661.544155,1776592661.494278,1776592661.044608,1776592661.541941,0.9288741875045422,-0.22302519000251772,-0.9417697679792145,0.811023622047244,0.6428571428571428,0.0,-0.08055486540520082,0.07579481341518124,0.8397553319296808,0.7341368831640057,0.4332150018969162,-0.6069601094071729,0.9688455257317533,0.8201133592983122,-0.8837719298245614,0.6444622792937399,1
1776592661.594081,2320,1776592661.594081,1776592661.544214,1776592661.044608,1776592661.541941,0.9274756406461321,-0.2215807014624113,-0.9421725931447876,0.8740157480314961,0.8857142857142857,0.0,0.39722242217232495,0.2909531629542503,0.8687054309150477,-0.11177884615384615,0.014443661590157718,-0.7006131104213407,0.9688455257317533,0.8201133592983122,-0.8837719298245614,0.6444622792937399,1
1776592661.644193,2321,1776592661.644193,1776592661.594126,1776592661.644707,1776592661.541941,0.9261262822228564,-0.21955158979085856,-0.9425779039112845,0.8582677165354331,0.8142857142857143,0.0,0.17222282852253384,0.03789740670759062,0.8294597119373719,-0.027190674891146585,0.06136523765649559,-0.6903792372230247,0.9687617771450108,0.8201133592983122,-0.8837719298245614,0.6444622792937399,1
1776592661.694134,2322,1776592661.694134,1776592661.644241,1776592661.644707,1776592661.689352,0.9247434668009082,-0.21762062652823475,-0.9429709444890944,0.8661417322834646,0.8857142857142857,0.0,0.09166564111613952,-0.03178436135435327,0.973292569523448,-0.7824746008708272,-0.3971058479215219,-0.7978502719813149,0.9687617771450108,0.8197333839967068,-0.888673890608875,0.6593097913322632,1
1776592661.744138,2323,1776592661.744138,1776592661.694194,1776592661.644707,1776592661.689352,0.923325200254539,-0.21553817333009018,-0.9433764130715229,0.8818897637795275,0.9285714285714285,0.0,0.06111042741075969,-0.09413190566166921,0.8235474313866055,0.6042271407837445,0.2852013441005907,-0.7231322413104275,0.9687617771450108,0.8197333839967068,-0.888673890608875,0.6593097913322632,1
1776592661.794003,2324,1776592661.794003,1776592661.74418,1776592661.644707,1776592661.689352,0.9218674943322516,-0.21307166114048454,-0.9437915084257827,0.9133858267716536,0.9571428571428571,0.0,0.11944374139408306,-0.0709049902765586,0.8872578271210105,-0.060424981857764876,0.04331743536935668,-0.7717508220904146,0.9687617771450108,0.8197333839967068,-0.888673890608875,0.6593097913322632,1
1776592661.844062,2325,1776592661.844062,1776592661.844115,1776592661.644707,1776592661.834705,0.9205048417373177,-0.2103896491834479,-0.9441776248295909,0.8582677165354331,0.8857142857142857,0.0,-0.191667266516975,-0.8019555204928043,0.9082568869879638,-0.045321571117561674,-0.10469622242696874,-0.794268032207505,0.9687617771450108,0.8195592286501376,-0.8948658410732714,0.6713483146067416,1
1776592661.89412,2326,1776592661.89412,1776592661.894166,1776592661.644707,1776592661.834705,0.919137979321359,-0.20707820721262787,-0.9445924045519875,0.8818897637795275,0.857142857142857,0.0,0.5833331398332339,-0.10268935163091185,0.8808358143228285,0.30512971698113206,0.14801365779632542,-0.7978502719813149,0.9687617771450108,0.8195592286501376,-0.8948658410732714,0.6713483146067416,1
1776592661.943999,2327,1776592661.943999,1776592661.894166,1776592661.644707,1776592661.834705,0.9177458579792503,-0.20388838392243716,-0.9449948549047228,0.8818897637795275,0.9285714285714285,0.0,0.5833331398332339,-0.10268935163091185,0.8808358143228285,0.30512971698113206,0.14801365779632542,-0.7978502719813149,0.9687617771450108,0.8195592286501376,-0.8948658410732714,0.6713483146067416,1
1776592661.994038,2328,1776592661.994038,1776592661.944073,1776592661.644707,1776592661.980517,0.9163089795925603,-0.19996671488740672,-0.9454281582720986,0.9291338582677164,0.9285714285714285,0.0,-0.03888887598888226,-0.03300758356896797,0.7983690272302851,0.2628356313497823,0.010825971492060053,-0.742578137004825,0.9687617771450108,0.8193217440866343,-0.8987358101135191,0.6865971107544141,1
1776592662.043979,2329,1776592662.043979,1776592661.994103,1776592661.644707,1776592661.980517,0.9149926350289016,-0.19621787239853375,-0.9458114339891368,0.8503937007874015,0.8714285714285713,0.0,0.24166691821679595,0.21760377206168638,0.820081473652799,-0.37159833091436867,-0.14079182700124654,-0.7645844217707981,0.9687617771450108,0.8193217440866343,-0.8987358101135191,0.6865971107544141,1
1776592662.093985,2330,1776592662.093985,1776592662.094029,1776592661.644707,1776592661.980517,0.9137079749076941,-0.19169664460461125,-0.9462238070185757,0.8661417322834646,0.7999999999999999,0.0,0.008333662283502415,0.21882597236968904,0.8068297985961145,0.06646861393323657,0.04693512546745434,-0.762538799594333,0.9687617771450108,0.8193217440866343,-0.8987358101135191,0.6865971107544141,1
1776592662.144236,2331,1776592662.144236,1776592662.094029,1776592661.644707,1776592662.126727,0.9123998284165578,-0.1875658767853409,-0.9466113634927601,0.84251968503937,0.8857142857142857,0.0,0.008333662283502415,0.21882597236968904,0.8068297985961145,0.06646861393323657,0.04693512546745434,-0.762538799594333,0.9687617771450108,0.8190367626104302,-0.9033797729618164,0.7146869983948636,1
1776592662.19399,2332,1776592662.19399,1776592662.144313,1776592661.644707,1776592662.126727,0.9110865858262859,-0.18260938213442918,-0.9470344285515692,0.889763779527559,0.857142857142857,0.0,0.02222155142187743,0.10635697446153186,0.808562734857514,0.11177884615384615,0.007221830795078859,-0.6929377055226037,0.9687617771450108,0.8190367626104302,-0.9033797729618164,0.7146869983948636,1
1776592662.243969,2333,1776592662.243969,1776592662.244057,1776592662.244431,1776592662.126727,0.9097742295141246,-0.1778086447411656,-0.9474298166413626,0.8661417322834646,0.8999999999999999,0.0,-0.02222155142187743,-0.018337092246487965,0.8274209533697247,0.6616246371552975,0.23104438783805759,-0.7021497280186852,0.968803651438382,0.8190367626104302,-0.9033797729618164,0.7146869983948636,1
1776592662.294024,2334,1776592662.294024,1776592662.244057,1776592662.244431,1776592662.272765,0.9085731011048342,-0.17210536871796842,-0.9478474567775206,0.8582677165354331,0.7428571428571428,0.0,-0.02222155142187743,-0.018337092246487965,0.8274209533697247,0.6616246371552975,0.23104438783805759,-0.7021497280186852,0.968803651438382,0.8188942718723282,-0.9038957688338494,0.7584269662921348,1
1776592662.344065,2335,1776592662.344065,1776592662.34411,1776592662.244431,1776592662.272765,0.9073272156509623,-0.16631034526903332,-0.9482650377327043,0.8740157480314961,0.8142857142857143,0.0,0.15555550395552903,0.2860633398156276,0.8438328490649754,-0.05438134978229317,0.028887323180315436,-0.7507683087986724,0.968803651438382,0.8188942718723282,-0.9038957688338494,0.7584269662921348,1
1776592662.393978,2336,1776592662.393978,1776592662.394023,1776592662.244431,1776592662.272765,0.9061732815510576,-0.1600160451311988,-0.9486933698982326,0.8582677165354331,0.7142857142857143,0.0,0.45555573615564837,0.008557445969242655,0.8758410006908056,-0.8217525399129172,-0.6823071920221127,-0.84442130981284,0.968803651438382,0.8188942718723282,-0.9038957688338494,0.7584269662921348,1
1776592662.443997,2337,1776592662.443997,1776592662.394023,1776592662.244431,1776592662.418559,0.9050319769142279,-0.15385189831824836,-0.9491048552130558,0.8346456692913385,0.7428571428571428,0.0,0.45555573615564837,0.008557445969242655,0.8758410006908056,-0.8217525399129172,-0.6823071920221127,-0.84442130981284,0.968803651438382,0.8190209303061967,-0.900670794633643,0.8033707865168539,1
1776592662.494,2338,1776592662.494,1776592662.444114,1776592662.244431,1776592662.418559,0.9038434779680125,-0.14733996475191924,-0.9495182145920674,0.8661417322834646,0.7999999999999999,0.0,0.33055544590549923,0.3264061690458356,0.8737003297580783,0.38065810957910007,0.3393447509620075,-0.7635606502965672,0.968803651438382,0.8190209303061967,-0.900670794633643,0.8033707865168539,1
1776592662.543999,2339,1776592662.543999,1776592662.494045,1776592662.244431,1776592662.418559,0.9027194557543379,-0.14015806161159688,-0.9499541613762986,0.8740157480314961,0.7142857142857143,0.0,0.2777786807782419,-0.10757917476953452,0.8693170755275434,-0.05739749637155297,-0.25631402092027533,-0.8019434371062418,0.968803651438382,0.8190209303061967,-0.900670794633643,0.8033707865168539,1
1776592662.593989,2340,1776592662.593989,1776592662.544109,1776592662.244431,1776592662.564737,0.901692480993766,-0.13277986165341665,-0.9503969336995741,0.84251968503937,0.6285714285714284,0.0,0.3694443218943814,0.2310510411695517,0.8327217597300106,-0.2537758526850508,-0.07942658934475097,-0.7901729463105812,0.968803651438382,0.8194642348247364,-0.8962848297213621,0.8390850722311397,1
1776592662.643991,2341,1776592662.643991,1776592662.644082,1776592662.244431,1776592662.564737,0.900795345976386,-0.12492798893910105,-0.9508526666562377,0.8188976377952756,0.4857142857142857,0.0,-0.03611176256144596,0.03911960701559328,0.8282365079233881,0.13896952104499272,0.1335699962061677,-0.8224150250468669,0.968803651438382,0.8194642348247364,-0.8962848297213621,0.8390850722311397,1
1776592662.693993,2342,1776592662.693993,1776592662.694037,1776592662.244431,1776592662.564737,0.8998521244972588,-0.11661311177396849,-0.951315323786903,0.8582677165354331,0.5428571428571428,0.0,0.31944467019456046,-0.25305575624665966,0.8933741028239524,-0.02114704281567489,0.025269633082217767,-0.8495382464119979,0.968803651438382,0.8194642348247364,-0.8962848297213621,0.8390850722311397,1
1776592662.743983,2343,1776592662.743983,1776592662.744093,1776592662.244431,1776592662.71141,0.8990183583647814,-0.10765386896760676,-0.9517995030652491,0.8582677165354331,0.41428571428571426,0.0,0.6555566649561259,0.0709049902765586,0.8103975834839934,-0.48942080914368646,-0.24548804942821528,-0.8797327821998218,0.968803651438382,0.8198125455178746,-0.8929308565531476,0.8587479935794542,1
1776592662.79399,2344,1776592662.79399,1776592662.794036,1776592662.244431,1776592662.71141,0.8981673098091487,-0.098681824194863,-0.9522829129909282,0.8582677165354331,0.4714285714285714,0.0,0.04999965169982097,-0.6149139094774686,0.8981651769368227,-0.07552839259796806,0.10469622242696874,-0.9201631119579582,0.968803651438382,0.8198125455178746,-0.8929308565531476,0.8587479935794542,1
1776592662.843989,2345,1776592662.843989,1776592662.844069,1776592662.844483,1776592662.71141,0.8972415923227045,-0.08923397300492023,-0.9527790468260977,0.9055118110236221,0.5714285714285714,0.0,0.6416664538165572,0.004889823138622654,0.7992864089380212,-0.05739749637155297,-0.259931711018373,-0.9201631119579582,0.9687617771450108,0.8198125455178746,-0.8929308565531476,0.8587479935794542,1
1776592662.893972,2346,1776592662.893972,1776592662.894029,1776592662.844483,1776592662.856948,0.8962977061349943,-0.07939566184032534,-0.9532779818940543,0.9291338582677164,0.6142857142857142,0.0,-0.22222248022235483,-0.001222200308002653,0.8162079516696799,0.018130896226415092,0.24548804942821528,-0.8648928977534651,0.9687617771450108,0.8203666761660492,-0.8917698658410733,0.8651685393258427,1
1776592662.943989,2347,1776592662.943989,1776592662.944135,1776592662.844483,1776592662.856948,0.8953547062253947,-0.06930344500915342,-0.9537693812512741,0.9370078740157479,0.6428571428571428,0.0,0.4861109498610282,0.1711489193848531,0.7929663937159268,-0.7311093976777938,-0.5812286596932416,-0.899180598666216,0.9687617771450108,0.8203666761660492,-0.8917698658410733,0.8651685393258427,1
1776592662.993976,2348,1776592662.993976,1776592662.99402,1776592662.844483,1776592662.856948,0.894234893832745,-0.06015430636812481,-0.954182582814354,0.9055118110236221,0.9428571428571428,0.0,0.3499998838999403,-0.6931541454152671,0.7252803080002996,0.5830800979680697,0.5306893935288061,-0.8019434371062418,0.9687617771450108,0.8203666761660492,-0.8917698658410733,0.8651685393258427,1
1776592663.043976,2349,1776592663.043976,1776592662.99402,1776592662.844483,1776592663.00282,0.8933136077368534,-0.05053789595415189,-0.9546322990386229,0.8818897637795275,0.7142857142857143,0.0,0.3499998838999403,-0.6931541454152671,0.7252803080002996,0.5830800979680697,0.5306893935288061,-0.8019434371062418,0.9687617771450108,0.8208416452930558,-0.8909958720330237,0.8703852327447833,1
1776592663.093905,2350,1776592663.093905,1776592663.044104,1776592662.844483,1776592663.00282,0.8924058373821472,-0.04076572828253087,-0.9550755448096935,0.8818897637795275,0.7285714285714284,0.0,0.3805550976053202,-0.1821517878767131,0.8693170755275434,0.030206821480406387,-0.25270988022329416,-0.7860797811856541,0.9687617771450108,0.8208416452930558,-0.8909958720330237,0.8703852327447833,1
1776592663.144053,2351,1776592663.144053,1776592663.093951,1776592662.844483,1776592663.00282,0.8916525009882001,-0.03139682255194398,-0.9554955127308435,0.811023622047244,0.5857142857142856,0.0,-0.14999895509946293,0.042787229846213276,0.8232416090803577,0.13595337445573294,0.04331743536935668,-0.764073496419681,0.9687617771450108,0.8208416452930558,-0.8909958720330237,0.8703852327447833,1
1776592663.194002,2352,1776592663.194002,1776592663.194048,1776592662.844483,1776592663.149591,0.8908085426574517,-0.02195963966731957,-0.9558960101114246,0.8267716535433071,0.7285714285714284,0.0,-0.3388891081890016,0.18704161101533576,0.8533129145036207,0.6646521226415094,0.4332150018969162,-0.7205737730108486,0.9687617771450108,0.8209524714226908,-0.8902218782249742,0.8940609951845907,1
1776592663.243898,2353,1776592663.243898,1776592663.194048,1776592662.844483,1776592663.149591,0.8901101555063572,-0.011871690158274979,-0.9563468507742066,0.84251968503937,0.557142857142857,0.0,-0.3388891081890016,0.18704161101533576,0.8533129145036207,0.6646521226415094,0.4332150018969162,-0.7205737730108486,0.9687617771450108,0.8209524714226908,-0.8902218782249742,0.8940609951845907,1
1776592663.293968,2354,1776592663.293968,1776592663.294018,1776592662.844483,1776592663.149591,0.8894831137431602,-0.0012716619939489371,-0.956824934412192,0.8582677165354331,0.4857142857142857,0.0,0.12222317682271289,0.02689453821573062,0.8399592418708485,-0.10271906748911465,0.12634816541108884,-0.8254863394695596,0.9687617771450108,0.8209524714226908,-0.8902218782249742,0.8940609951845907,1
1776592663.343944,2355,1776592663.343944,1776592663.294018,1776592662.844483,1776592663.296203,0.8889291899240814,0.008882431008069507,-0.9572814169945308,0.811023622047244,0.44285714285714284,0.0,0.12222317682271289,0.02689453821573062,0.8399592418708485,-0.10271906748911465,0.12634816541108884,-0.8254863394695596,0.9687617771450108,0.821015800639625,-0.8876418988648092,0.9185393258426966,1
1776592663.393895,2356,1776592663.393895,1776592663.34399,1776592662.844483,1776592663.296203,0.8884127113551724,0.019064261603915694,-0.9577317250285434,0.8031496062992125,0.4285714285714285,0.0,-0.21111170451141612,-0.4731049508309634,0.9619775702473156,-0.383685595065312,-0.03609560457427782,-0.8618215833307723,0.9687617771450108,0.821015800639625,-0.8876418988648092,0.9185393258426966,1
1776592663.444047,2357,1776592663.444047,1776592663.444102,1776592663.444553,1776592663.441178,0.8877825676185883,0.029521334476975664,-0.9581597612891999,0.8267716535433071,0.6,0.0,0.08333430083383062,0.08312903716980921,0.8580019910404034,-0.024174528301886794,-0.14440951709934424,-0.8157614708503642,0.9689292743184958,0.8208416452930558,-0.8832559339525283,0.9373996789727127,1
1776592663.493948,2358,1776592663.493948,1776592663.493993,1776592663.444553,1776592663.441178,0.8869406034135886,0.04032619410341429,-0.9585548337471301,0.8661417322834646,0.8999999999999999,0.0,0.08888852768870323,0.5232274263384167,0.8269113063333167,-0.08157202467343976,0.04331743536935668,-0.7210846983619658,0.9689292743184958,0.8208416452930558,-0.8832559339525283,0.9373996789727127,1
1776592663.543933,2359,1776592663.543933,1776592663.543977,1776592663.444553,1776592663.441178,0.8861737512784561,0.05049308907181476,-0.9589216176993093,0.8031496062992125,0.8428571428571427,0.0,0.0722212031216984,-0.726160707077623,0.8804281648625082,0.07251224600870826,0.09385670153379222,-0.6796305971295983,0.9689292743184958,0.8208416452930558,-0.8832559339525283,0.9373996789727127,1
1776592663.594036,2360,1776592663.594036,1776592663.543977,1776592663.444553,1776592663.587769,0.8854487757840459,0.0619145767456548,-0.9593495750519999,0.8818897637795275,0.7999999999999999,0.0,0.0722212031216984,-0.726160707077623,0.8804281648625082,0.07251224600870826,0.09385670153379222,-0.6796305971295983,0.9689292743184958,0.8206516576422532,-0.8751289989680082,0.9574638844301766,1
1776592663.64395,2361,1776592663.64395,1776592663.644069,1776592663.444553,1776592663.587769,0.8848529753242448,0.07328912387609403,-0.9597837858609828,0.8661417322834646,0.6714285714285714,0.0,-0.06111042741075969,-0.020782514769105313,0.8192660043101432,0.07251224600870826,0.14440951709934424,-0.7697032791419528,0.9689292743184958,0.8206516576422532,-0.8751289989680082,0.9574638844301766,1
1776592663.693876,2362,1776592663.693876,1776592663.644069,1776592663.444553,1776592663.587769,0.884102519334157,0.08557047695859418,-0.9602171681363243,0.9291338582677164,0.8999999999999999,0.0,-0.06111042741075969,-0.020782514769105313,0.8192660043101432,0.07251224600870826,0.14440951709934424,-0.7697032791419528,0.9689292743184958,0.8206516576422532,-0.8751289989680082,0.9574638844301766,1
1776592663.7439,2363,1776592663.7439,1776592663.743948,1776592663.444553,1776592663.7336,0.8833361103380796,0.09738455826815,-0.9606138976615368,0.8818897637795275,0.9571428571428571,0.0,0.22222248022235483,-0.8545223966162628,0.7261976897080356,0.6888153120464441,0.6606552490379926,-0.7415562863025909,0.9689292743184958,0.8206674899464869,-0.8670020639834882,0.9727126805778491,1
1776592663.79403,2364,1776592663.79403,1776592663.743948,1776592663.444553,1776592663.7336,0.8826372800479299,0.1095826985691669,-0.9610351675641232,0.8976377952755906,0.8999999999999999,0.0,0.22222248022235483,-0.8545223966162628,0.7261976897080356,0.6888153120464441,0.6606552490379926,-0.7415562863025909,0.9689292743184958,0.8206674899464869,-0.8670020639834882,0.9727126805778491,1
1776592663.844134,2365,1776592663.844134,1776592663.794079,1776592663.444553,1776592663.7336,0.8819758950079499,0.12137971059021332,-0.9614206724311961,0.8582677165354331,0.8857142857142857,0.0,-0.02222155142187743,0.28117351667700496,0.8158002169983519,0.2084542815674891,0.2996450056907485,-0.7743092903899935,0.9689292743184958,0.8206674899464869,-0.8670020639834882,0.9727126805778491,1
1776592663.89384,2366,1776592663.89384,1776592663.844179,1776592663.444553,1776592663.879467,0.8812921314456791,0.1340728602580023,-0.9618384112023114,0.9212598425196851,0.9571428571428571,0.0,0.04166598941631856,-0.14425438116912248,0.8096840265064177,0.12688225689404933,0.025269633082217767,-0.7093142075663051,0.9689292743184958,0.8204616699914505,-0.861842105263158,0.9787319422150883,1
1776592663.943855,2367,1776592663.943855,1776592663.893903,1776592663.444553,1776592663.879467,0.8806402738953872,0.1464438271051767,-0.9622409207360212,0.8818897637795275,0.9428571428571428,0.0,0.1250002902501492,0.3435210609843209,0.8101936735428257,-0.4924482946298984,-0.3176928079778874,-0.7558852453978303,0.9689292743184958,0.8204616699914505,-0.861842105263158,0.9787319422150883,1
1776592663.994066,2368,1776592663.994066,1776592663.994112,1776592663.444553,1776592663.879467,0.8800774872952032,0.15882759591873313,-0.9626499993578865,0.8740157480314961,0.857142857142857,0.0,-0.31111100791105806,0.27261607070776234,0.8306830011623633,0.08458817126269956,0.12274402471410764,-0.7389958972310151,0.9689292743184958,0.8204616699914505,-0.861842105263158,0.9787319422150883,1
1776592664.043902,2369,1776592664.043902,1776592663.994112,1776592664.044427,1776592664.025554,0.8795313184095916,0.17092332048869374,-0.9630343995134378,0.8503937007874015,0.8714285714285713,0.0,-0.31111100791105806,0.27261607070776234,0.8306830011623633,0.08458817126269956,0.12274402471410764,-0.7389958972310151,0.9689292743184958,0.8202400177321807,-0.8565531475748195,0.9891653290529695,1
1776592664.093845,2370,1776592664.093845,1776592664.043947,1776592664.044427,1776592664.025554,0.8790250320389537,0.1835545939856362,-0.9634461807331328,0.8818897637795275,0.857142857142857,0.0,0.3388891081890016,0.1638136737236131,0.8510703312058132,-0.03625045355587808,-0.010825971492060053,-0.715454915639694,0.9689292743184958,0.8202400177321807,-0.8565531475748195,0.9891653290529695,1
1776592664.143845,2371,1776592664.143845,1776592664.093897,1776592664.044427,1776592664.025554,0.878514314277763,0.19645044145447407,-0.963855476351904,0.889763779527559,0.8999999999999999,0.0,0.23055614250585726,0.26894844787714234,0.8335372290726665,-0.7824746008708272,-0.4404368326919951,-0.7635606502965672,0.9689292743184958,0.8202400177321807,-0.8565531475748195,0.9891653290529695,1
1776592664.193825,2372,1776592664.193825,1776592664.143886,1776592664.044427,1776592664.171957,0.8780736124873041,0.20926734346395606,-0.9642745565584386,0.8818897637795275,0.8428571428571427,0.0,0.0666669762668258,0.022004715077107963,0.8906218724897369,0.39274537373004353,0.050539266164435534,-0.765608193245029,0.9689292743184958,0.8202241854279472,-0.8565531475748195,1.0,1
1776592664.243864,2373,1776592664.243864,1776592664.19388,1776592664.044427,1776592664.171957,0.8776519656762213,0.22230827988512372,-0.9646940904857766,0.889763779527559,0.857142857142857,0.0,-0.31388812133849436,0.16870451876884782,0.8678898763613844,-0.11480633164005805,-0.14079182700124654,-0.7727726727926489,0.9689292743184958,0.8202241854279472,-0.8565531475748195,1.0,1
1776592664.293844,2374,1776592664.293844,1776592664.293889,1776592664.044427,1776592664.171957,0.8772677641153084,0.23474539022527197,-0.9650805027944567,0.84251968503937,0.8285714285714285,0.0,-0.05833331398332338,-0.18704161101533576,0.9912334063279228,-0.7129898403483309,-0.6750853612270338,-0.8362330587909893,0.9689292743184958,0.8202241854279472,-0.8565531475748195,1.0,1
1776592664.34446,2375,1776592664.34446,1776592664.293889,1776592664.044427,1776592664.318259,0.8769688668225334,0.24771804949240203,-0.9655199807101588,0.8740157480314961,0.757142857142857,0.0,-0.05833331398332338,-0.18704161101533576,0.9912334063279228,-0.7129898403483309,-0.6750853612270338,-0.8362330587909893,0.9689292743184958,0.8203983407745162,-0.8597781217750258,0.9939807383627608,1
1776592664.393842,2376,1776592664.393842,1776592664.34475,1776592664.044427,1776592664.318259,0.8766748440593665,0.26050721390805626,-0.9659398105423687,0.8740157480314961,0.7999999999999999,0.0,0.17499994194997015,0.16870451876884782,0.8275229509458123,0.1601165638606676,0.350184271855184,-0.7824975414118442,0.9689292743184958,0.8203983407745162,-0.8597781217750258,0.9939807383627608,1
1776592664.443812,2377,1776592664.443812,1776592664.44386,1776592664.044427,1776592664.318259,0.8764849589741862,0.27384899653920175,-0.9664031383907434,0.9133858267716536,0.7142857142857143,0.0,0.3361119947615653,0.17237111969285573,0.8098878512365778,-0.5679766872278664,-0.4187713403067585,-0.8234387965210979,0.9689292743184958,0.8203983407745162,-0.8597781217750258,0.9939807383627608,1
1776592664.493826,2378,1776592664.493826,1776592664.44386,1776592664.044427,1776592664.463815,0.8762095480513403,0.2868067201788862,-0.9667977768548616,0.8582677165354331,0.8428571428571427,0.0,0.3361119947615653,0.17237111969285573,0.8098878512365778,-0.5679766872278664,-0.4187713403067585,-0.8234387965210979,0.9689292743184958,0.8204616699914505,-0.8648090815273478,0.9879614767255217,1
1776592664.543823,2379,1776592664.543823,1776592664.493889,1776592664.044427,1776592664.463815,0.8760657494279074,0.3001570374542863,-0.9672534900845335,0.9055118110236221,0.7285714285714284,0.0,0.16111205281159513,-0.7506108446773483,0.845769610056535,0.12688225689404933,0.1299658555091865,-0.8224150250468669,0.9689292743184958,0.8204616699914505,-0.8648090815273478,0.9879614767255217,1
1776592664.593834,2380,1776592664.593834,1776592664.593879,1776592664.044427,1776592664.463815,0.875942778340072,0.3128971276654761,-0.9676895157767305,0.8582677165354331,0.7142857142857143,0.0,0.1333339525336516,-0.13814133581588514,0.7928643961398391,0.1631440493468795,0.1913310931656821,-0.7840322382371924,0.9689292743184958,0.8204616699914505,-0.8648090815273478,0.9879614767255217,1
1776592664.643824,2381,1776592664.643824,1776592664.593879,1776592664.644308,1776592664.611247,0.8759086566328167,0.3265802960668092,-0.9681786465299325,0.9370078740157479,0.6857142857142856,0.0,0.1333339525336516,-0.13814133581588514,0.7928643961398391,0.1631440493468795,0.1913310931656821,-0.7840322382371924,0.9688455257317533,0.8205566638168519,-0.8746130030959753,0.9831460674157303,1
1776592664.693825,2382,1776592664.693825,1776592664.643869,1776592664.644308,1776592664.611247,0.8758681094092602,0.33927984671778916,-0.9686067616985549,0.8582677165354331,0.6857142857142856,0.0,0.5000011610005968,0.0660141452313239,0.8373089239017132,-0.8217525399129172,-0.6281637851606959,-0.8741049202495467,0.9688455257317533,0.8205566638168519,-0.8746130030959753,0.9831460674157303,1
1776592664.743807,2383,1776592664.743807,1776592664.743846,1776592664.644308,1776592664.611247,0.8759394547971575,0.3522183674079005,-0.9690879227472077,0.8976377952755906,0.6,0.0,0.30555678105618544,-0.24694373280003434,0.8659531153698248,-0.06948476052249636,-0.2129965855509187,-0.8705207597037402,0.9688455257317533,0.8205566638168519,-0.8746130030959753,0.9831460674157303,1
1776592664.793853,2384,1776592664.793853,1776592664.743846,1776592664.644308,1776592664.756717,0.8760442571837272,0.3649136507367532,-0.9695667560108685,0.8818897637795275,0.5857142857142856,0.0,0.30555678105618544,-0.24694373280003434,0.8659531153698248,-0.06948476052249636,-0.2129965855509187,-0.8705207597037402,0.9688455257317533,0.8205883284253189,-0.8846749226006192,0.9699036918138041,1
1776592664.843857,2385,1776592664.843857,1776592664.793896,1776592664.644308,1776592664.756717,0.8762456638843442,0.37714806327585254,-0.9700560445800022,0.8740157480314961,0.4857142857142857,0.0,-0.005556548856066112,0.0696817680619439,0.8254842775891726,0.09365928882438315,0.057761096959514396,-0.8357221334398722,0.9688455257317533,0.8205883284253189,-0.8846749226006192,0.9699036918138041,1
1776592664.893815,2386,1776592664.893815,1776592664.893877,1776592664.644308,1776592664.756717,0.8763699643893454,0.3896171785319558,-0.9704994481670045,0.8582677165354331,0.6285714285714284,0.0,-0.06944408969426209,0.255501178769277,0.8705402795415272,0.3685821843251088,0.379058045634383,-0.8377677556163373,0.9688455257317533,0.8205883284253189,-0.8846749226006192,0.9699036918138041,1
1776592664.943774,2387,1776592664.943774,1776592664.943812,1776592664.644308,1776592664.903193,0.8765944143208362,0.4024191449139921,-0.9709913604260021,0.9055118110236221,0.5714285714285714,0.0,0.10555585225570806,-0.07946243624580124,0.8557594929536035,0.012087264150943397,0.2057747547558398,-0.8208803282215189,0.9688455257317533,0.8205883284253189,-0.8918988648090815,0.9670947030497592,1
1776592664.993804,2388,1776592664.993804,1776592664.993847,1776592664.644308,1776592664.903193,0.8767519502549821,0.41585907595406657,-0.9714562072527192,0.9133858267716536,0.7285714285714284,0.0,0.3416662216164379,0.1858194107073331,0.8440366737951355,-0.24773222060957908,-0.13718768630426537,-0.8321379728940655,0.9688455257317533,0.8205883284253189,-0.8918988648090815,0.9670947030497592,1
1776592665.043805,2389,1776592665.043805,1776592664.993847,1776592664.644308,1776592664.903193,0.8768286133115427,0.429299006994141,-0.9718675347516107,0.8740157480314961,0.857142857142857,0.0,0.3416662216164379,0.1858194107073331,0.8440366737951355,-0.24773222060957908,-0.13718768630426537,-0.8321379728940655,0.9688455257317533,0.8205883284253189,-0.8918988648090815,0.9670947030497592,1
1776592665.093779,2390,1776592665.093779,1776592665.093832,1776592664.644308,1776592665.049173,0.8770712319442991,0.4416123649925962,-0.972307150756253,0.8582677165354331,0.6285714285714284,0.0,-0.1333339525336516,0.0806846365538039,0.8247706354005894,0.10271906748911465,0.2815836540024931,-0.788127324134116,0.9688455257317533,0.8205566638168519,-0.8983488132094943,0.9670947030497592,1
1776592665.143878,2391,1776592665.143878,1776592665.143922,1776592664.644308,1776592665.049173,0.8773003348358701,0.45443993530739657,-0.9727440641630656,0.8740157480314961,0.7142857142857143,0.0,0.01944443799444113,-0.011002868491860003,0.8083588249163461,0.12688225689404933,0.13718768630426537,-0.7661210393681429,0.9688455257317533,0.8205566638168519,-0.8983488132094943,0.9670947030497592,1
1776592665.193802,2392,1776592665.193802,1776592665.193851,1776592664.644308,1776592665.195714,0.8775923634732885,0.46745313413473644,-0.9732089109897827,0.9055118110236221,0.7,0.0,0.4027789710283911,0.1039115519389145,0.8013251675056684,-0.5347423802612482,-0.3068532870847109,-0.8306032760687175,0.9688455257317533,0.8206041607295524,-0.9029927760577915,0.9658908507223114,1
1776592665.243833,2393,1776592665.243833,1776592665.243878,1776592665.244329,1776592665.195714,0.877866223409441,0.47959153192597054,-0.9736293326317365,0.8346456692913385,0.6857142857142856,0.0,-0.32777833247806293,0.29339858547686765,0.815902129363432,0.845915729317852,0.5306893935288061,-0.6842366083776391,0.9689292743184958,0.8206041607295524,-0.9029927760577915,0.9658908507223114,1
1776592665.293757,2394,1776592665.293757,1776592665.243878,1776592665.244329,1776592665.195714,0.8782391249244448,0.49150589530551897,-0.9740794236688429,0.8582677165354331,0.6,0.0,-0.32777833247806293,0.29339858547686765,0.815902129363432,0.845915729317852,0.5306893935288061,-0.6842366083776391,0.9689292743184958,0.8206041607295524,-0.9029927760577915,0.9658908507223114,1
1776592665.343772,2395,1776592665.343772,1776592665.343809,1776592665.244329,1776592665.341386,0.8786080381879512,0.5034757338727229,-0.9745116025977055,0.8503937007874015,0.6428571428571428,0.0,0.1277774036775855,-0.028117760430345314,0.822324142161614,0.08761565674891146,0.07942658934475097,-0.8091098374258583,0.9689292743184958,0.8208891422057566,-0.9094427244582043,0.9490369181380417,1
1776592665.39377,2396,1776592665.39377,1776592665.343809,1776592665.244329,1776592665.341386,0.8791349305246589,0.5156888098011855,-0.9750264770747602,0.9291338582677164,0.5428571428571428,0.0,0.1277774036775855,-0.028117760430345314,0.822324142161614,0.08761565674891146,0.07942658934475097,-0.8091098374258583,0.9689292743184958,0.8208891422057566,-0.9094427244582043,0.9490369181380417,1
1776592665.443792,2397,1776592665.443792,1776592665.393811,1776592665.244329,1776592665.341386,0.879556355766214,0.5272447181220369,-0.9754645938280517,0.8346456692913385,0.6285714285714284,0.0,0.2027780422279137,0.16259147341561045,0.8310906506226837,-0.5649492017416545,-0.3357406102650263,-0.9119748609361075,0.9689292743184958,0.8208891422057566,-0.9094427244582043,0.9490369181380417,1
1776592665.49377,2398,1776592665.49377,1776592665.443845,1776592665.244329,1776592665.487327,0.8800593185939375,0.5386406018631128,-0.9759230293825449,0.8582677165354331,0.5714285714285714,0.0,-0.030555213705379846,-0.11858204326139453,0.8428134697811516,0.5860962445573294,0.5270717034307084,-0.793244260733274,0.9689292743184958,0.8212057882904277,-0.918859649122807,0.9237560192616372,1
1776592665.543816,2399,1776592665.543816,1776592665.49382,1776592665.244329,1776592665.487327,0.880440196611936,0.5512057318670815,-0.9763199167236892,0.8503937007874015,0.8285714285714285,0.0,-0.14999895509946293,0.3630803535388115,0.8285422450186284,0.05135386429608128,0.18050512167362204,-0.8157614708503642,0.9689292743184958,0.8212057882904277,-0.918859649122807,0.9237560192616372,1
1776592665.593745,2400,1776592665.593745,1776592665.593789,1776592665.244329,1776592665.487327,0.8808306021196226,0.5636684461399938,-0.9767050665049158,0.84251968503937,0.8428571428571427,0.0,0.3638900950395088,0.0806846365538039,0.8825687505842279,-0.8126814223512336,-0.49097609885643057,-0.7661210393681429,0.9689292743184958,0.8212057882904277,-0.918859649122807,0.9237560192616372,1
1776592665.643765,2401,1776592665.643765,1776592665.593789,1776592665.244329,1776592665.633362,0.881284376512212,0.575538002637205,-0.9771116595258574,0.8346456692913385,0.757142857142857,0.0,0.3638900950395088,0.0806846365538039,0.8825687505842279,-0.8126814223512336,-0.49097609885643057,-0.7661210393681429,0.9689292743184958,0.8217440866343687,-0.9304695562435501,0.9004815409309791,1
1776592665.693731,2402,1776592665.693731,1776592665.69377,1776592665.244329,1776592665.633362,0.8817769255721368,0.5869936288880638,-0.9775265970641858,0.8267716535433071,0.7142857142857143,0.0,0.2777786807782419,-0.028117760430345314,0.8693170755275434,-0.018130896226415092,-0.11913988401712645,-0.7584437136974093,0.9689292743184958,0.8217440866343687,-0.9304695562435501,0.9004815409309791,1
1776592665.743772,2403,1776592665.743772,1776592665.743809,1776592665.244329,1776592665.633362,0.8822792236912774,0.5993581947520472,-0.9779372538453677,0.8661417322834646,0.8285714285714285,0.0,0.29722311877268304,0.32029312369259827,0.8264016592969086,-0.2537758526850508,-0.10830036312394993,-0.7476969943759796,0.9689292743184958,0.8217440866343687,-0.9304695562435501,0.9004815409309791,1
1776592665.7942,2404,1776592665.7942,1776592665.794262,1776592665.244329,1776592665.780128,0.8828001336507391,0.61050230648761,-0.978330136607246,0.8031496062992125,0.7142857142857143,0.0,0.28333290763311453,0.0696817680619439,0.9447502904204167,-0.7401805152394775,-0.5523413365129262,-0.76663196471926,0.9689292743184958,0.822234888065609,-0.9414344685242518,0.8812199036918138,1
1776592665.843855,2405,1776592665.843855,1776592665.794262,1776592665.244329,1776592665.780128,0.8833447515496572,0.6221200909793078,-0.978721973838577,0.84251968503937,0.7857142857142857,0.0,0.28333290763311453,0.0696817680619439,0.9447502904204167,-0.7401805152394775,-0.5523413365129262,-0.76663196471926,0.9689292743184958,0.822234888065609,-0.9414344685242518,0.8812199036918138,1
1776592665.893802,2406,1776592665.893802,1776592665.843909,1776592665.846216,1776592665.780128,0.8838891478790478,0.6345657359637107,-0.9791199067102683,0.8661417322834646,0.8999999999999999,0.0,0.17222282852253384,0.2041565029538211,0.8349643430278181,0.32024446661828737,0.32129694867486863,-0.7635606502965672,0.9690130229052384,0.822234888065609,-0.9414344685242518,0.8812199036918138,1
1776592665.943727,2407,1776592665.943727,1776592665.943773,1776592665.846216,1776592665.925872,0.8844749777101054,0.646885494945357,-0.9795258290135004,0.8740157480314961,0.8857142857142857,0.0,0.2722221319221758,0.35819053040018883,0.8070337085372823,-0.3655546988388969,-0.16245731938648314,-0.7446256799532869,0.9690130229052384,0.8227098571926157,-0.9496904024767802,0.8691813804173354,1
1776592665.993719,2408,1776592665.993719,1776592665.993758,1776592665.846216,1776592665.925872,0.8850747664214039,0.659271397419977,-0.9799203096616866,0.8740157480314961,0.9142857142857143,0.0,-0.09166564111613952,-0.5733488799392579,0.9871559744036359,-0.5589055696661829,-0.4332150018969162,-0.7860797811856541,0.9690130229052384,0.8227098571926157,-0.9496904024767802,0.8691813804173354,1
1776592666.043761,2409,1776592666.043761,1776592666.0438,1776592665.846216,1776592665.925872,0.8857226357201984,0.6710492064914505,-0.9803211029471396,0.8661417322834646,0.8428571428571427,0.0,0.03333232713281614,0.2909531629542503,0.8111111404615692,0.17824746008708273,0.3465665817570864,-0.7891491748363503,0.9690130229052384,0.8227098571926157,-0.9496904024767802,0.8691813804173354,1
1776592666.093739,2410,1776592666.093739,1776592666.0438,1776592665.846216,1776592666.072158,0.8863928835412836,0.6836890146326475,-0.9807292741273979,0.9055118110236221,0.9571428571428571,0.0,0.03333232713281614,0.2909531629542503,0.8111111404615692,0.17824746008708273,0.3465665817570864,-0.7891491748363503,0.9690130229052384,0.8233748139704252,-0.9535603715170278,0.8531300160513644,1
1776592666.145994,2411,1776592666.145994,1776592666.09378,1776592665.846216,1776592666.072158,0.8871674906098833,0.696900643938909,-0.9811849281760955,0.9370078740157479,0.9428571428571428,0.0,-0.011110775710938716,-0.16992671907685045,0.8184505349674873,0.19637835631349781,0.10830036312394993,-0.7574199422231783,0.9690130229052384,0.8233748139704252,-0.9535603715170278,0.8531300160513644,1
1776592666.193694,2412,1776592666.193694,1776592666.14604,1776592665.846216,1776592666.072158,0.8878723032772793,0.7085077601252886,-0.9815772783092043,0.9055118110236221,0.9285714285714285,0.0,0.4888880632884645,0.3740832220306715,0.8160041269395196,-0.6465212264150942,-0.35740610265026285,-0.7784024555149206,0.9690130229052384,0.8233748139704252,-0.9535603715170278,0.8531300160513644,1
1776592666.243717,2413,1776592666.243717,1776592666.193732,1776592665.846216,1776592666.218332,0.8886801457750236,0.7195494561297949,-0.9820144284399144,0.8976377952755906,0.7857142857142857,0.0,0.39999953559976126,-1.0,0.753924499468411,0.4682737663280116,0.5234675627337272,-0.7574199422231783,0.9690130229052384,0.8237072923593299,-0.9542053663570692,0.8390850722311397,1
1776592666.293689,2414,1776592666.293689,1776592666.293725,1776592665.846216,1776592666.218332,0.8894678254457534,0.7305399442687731,-0.9824304312357814,0.8740157480314961,0.8285714285714285,0.0,0.09444507654476934,0.03911960701559328,0.7914373673956951,0.14199700653120462,-0.057761096959514396,-0.7512792341497895,0.9690130229052384,0.8237072923593299,-0.9542053663570692,0.8390850722311397,1
1776592666.343687,2415,1776592666.343687,1776592666.343737,1776592665.846216,1776592666.218332,0.8903044719820901,0.741374675150103,-0.9828613870911737,0.889763779527559,0.8142857142857143,0.0,0.30277734562755565,-0.0867966600004292,0.9686034929866654,-0.7794584542815675,-0.6642593897349738,-0.8116683057254372,0.9690130229052384,0.8237072923593299,-0.9542053663570692,0.8390850722311397,1
1776592666.393688,2416,1776592666.393688,1776592666.343737,1776592665.846216,1776592666.36414,0.891110763493141,0.7518978915161368,-0.9832559466473259,0.8503937007874015,0.8285714285714285,0.0,0.30277734562755565,-0.0867966600004292,0.9686034929866654,-0.7794584542815675,-0.6642593897349738,-0.8116683057254372,0.9690130229052384,0.8241980937905703,-0.9551083591331269,0.807784911717496,1
1776592666.443902,2417,1776592666.443902,1776592666.39373,1776592666.444378,1776592666.36414,0.8919254746462421,0.7618834252941252,-0.9836462057193401,0.8267716535433071,0.7857142857142857,0.0,-0.44999918729958227,0.09046428283104921,0.8278287732520602,0.6616246371552975,0.3104709771828085,-0.7098251329174222,0.9689292743184958,0.8241980937905703,-0.9551083591331269,0.807784911717496,1
1776592666.493674,2418,1776592666.493674,1776592666.493712,1776592666.444378,1776592666.36414,0.892799788002276,0.77193083524296,-0.9840606106288992,0.8661417322834646,0.7999999999999999,0.0,0.2000009288004774,0.21638157175368372,0.8427115574160716,-0.09970292089985486,-0.03249146387729662,-0.7262016349611237,0.9689292743184958,0.8241980937905703,-0.9551083591331269,0.807784911717496,1
1776592666.543748,2419,1776592666.543748,1776592666.493712,1776592666.444378,1776592666.51001,0.8936435247634967,0.7815216417241688,-0.9844517771425204,0.8188976377952756,0.7857142857142857,0.0,0.2000009288004774,0.21638157175368372,0.8427115574160716,-0.09970292089985486,-0.03249146387729662,-0.7262016349611237,0.9689292743184958,0.8244514106583072,-0.9569143446852425,0.7780898876404494,1
1776592666.593732,2420,1776592666.593732,1776592666.543793,1776592666.444378,1776592666.51001,0.8945637030117503,0.7903485975445829,-0.9848807208447841,0.84251968503937,0.6857142857142856,0.0,-0.21944536679491852,-0.7139356382777604,0.9212028249494081,-0.08458817126269956,-0.09025256083681102,-0.8065494483542825,0.9689292743184958,0.8244514106583072,-0.9569143446852425,0.7780898876404494,1
1776592666.643689,2421,1776592666.643689,1776592666.643743,1776592666.444378,1776592666.51001,0.8955160088415105,0.7995830826281584,-0.9853015370265668,0.8661417322834646,0.757142857142857,0.0,0.17777705537740646,-0.2652808250465223,0.8235474313866055,0.07251224600870826,0.021665492385236573,-0.8024562832293556,0.9689292743184958,0.8244514106583072,-0.9569143446852425,0.7780898876404494,1
1776592666.693825,2422,1776592666.693825,1776592666.643743,1776592666.444378,1776592666.655963,0.8965480797012177,0.8083823008547447,-0.9857584733297092,0.8976377952755906,0.7,0.0,0.17777705537740646,-0.2652808250465223,0.8235474313866055,0.07251224600870826,0.021665492385236573,-0.8024562832293556,0.9689292743184958,0.8247363921345112,-0.9596233230134159,0.7423756019261637,1
1776592666.743708,2423,1776592666.743708,1776592666.743759,1776592666.444378,1776592666.655963,0.8975203267884649,0.817461028680672,-0.9861698008286007,0.8582677165354331,0.7999999999999999,0.0,0.46111228501171453,-0.6992661688618924,0.7939857729997504,0.38670174165457183,0.4079453688146984,-0.8239497218722149,0.9689292743184958,0.8247363921345112,-0.9596233230134159,0.7423756019261637,1
1776592666.793676,2424,1776592666.793676,1776592666.743759,1776592666.444378,1776592666.655963,0.8986168743807131,0.8251976836975493,-0.9866518693188607,0.9055118110236221,0.6142857142857142,0.0,0.46111228501171453,-0.6992661688618924,0.7939857729997504,0.38670174165457183,0.4079453688146984,-0.8239497218722149,0.9689292743184958,0.8247363921345112,-0.9596233230134159,0.7423756019261637,1
1776592666.843729,2425,1776592666.843729,1776592666.793721,1776592666.444378,1776592666.802032,0.8996987983841378,0.8327081706416772,-0.9871077403644645,0.8818897637795275,0.6285714285714284,0.0,-0.01666732456700483,0.05745669926208123,0.8449541407138791,0.12084996371552975,0.3357406102650263,-0.8295795045944866,0.9689292743184958,0.8247363921345112,-0.9580753353973168,0.7046548956661316,1
1776592666.893682,2426,1776592666.893682,1776592666.843789,1776592666.444378,1776592666.802032,0.9008779914101925,0.8399284796811457,-0.9876125343488842,0.9370078740157479,0.6,0.0,0.030555213705379846,-0.44621041261523275,0.7934760407523348,0.12084996371552975,0.14440951709934424,-0.8331617443682965,0.9689292743184958,0.8247363921345112,-0.9580753353973168,0.7046548956661316,1
1776592666.943648,2427,1776592666.943648,1776592666.893732,1776592666.444378,1776592666.802032,0.90195216048015,0.8468287395610633,-0.9880551685832196,0.8503937007874015,0.6285714285714284,0.0,0.24722346707286205,0.09168750504566389,0.8148827500796084,-0.6465212264150942,-0.4151671996097773,-0.9129986324103384,0.9689292743184958,0.8247363921345112,-0.9580753353973168,0.7046548956661316,1
1776592666.993648,2428,1776592666.993648,1776592666.993688,1776592666.444378,1776592666.948144,0.9030704218861062,0.8532233217688904,-0.988518733155492,0.8661417322834646,0.5857142857142856,0.0,0.46944362529402334,-0.025672337907727962,0.8131498138182088,-0.04229408563134978,-0.1913310931656821,-0.8715445311779711,0.9689292743184958,0.8246888952218105,-0.9558823529411764,0.6813804173354735,1
1776592667.043643,2429,1776592667.043643,1776592666.993688,1776592667.044062,1776592666.948144,0.9042256854031767,0.8593938695650318,-0.9889852173225001,0.8818897637795275,0.5857142857142856,0.0,0.46944362529402334,-0.025672337907727962,0.8131498138182088,-0.04229408563134978,-0.1913310931656821,-0.8715445311779711,0.9689711486118672,0.8246888952218105,-0.9558823529411764,0.6813804173354735,1
1776592667.093655,2430,1776592667.093655,1776592667.043683,1776592667.044062,1776592666.948144,0.9054108608064775,0.8658588625879602,-0.9894479533611312,0.8976377952755906,0.657142857142857,0.0,0.18888783108834517,0.015892691630482656,0.8380223956682814,-0.11177884615384615,-0.06136523765649559,-0.817298088447709,0.9689711486118672,0.8246888952218105,-0.9558823529411764,0.6813804173354735,1
1776592667.143651,2431,1776592667.143651,1776592667.093694,1776592667.044062,1776592667.09687,0.9065783106475679,0.872985290540627,-0.9898789092165233,0.8818897637795275,0.7857142857142857,0.0,0.7333344169338902,0.12713948923063717,0.8394495096234329,-0.8096652757619738,-0.45848463497913394,-0.8669385199299303,0.9689711486118672,0.8245464044837085,-0.9513673890608876,0.6569020866773676,1
1776592667.193662,2432,1776592667.193662,1776592667.193721,1776592667.044062,1776592667.09687,0.9077741213881951,0.8797681990620426,-0.9903198863835763,0.889763779527559,0.7714285714285714,0.0,0.3805550976053202,-0.15281182713836514,0.8772681146459572,-0.06344112844702467,-0.15161779849330662,-0.8126920771996682,0.9689711486118672,0.8245464044837085,-0.9513673890608876,0.6569020866773676,1
1776592667.243853,2433,1776592667.243853,1776592667.193721,1776592667.044062,1776592667.240879,0.9090257676497855,0.8859088756032928,-0.9907842794894899,0.9133858267716536,0.7142857142857143,0.0,0.3805550976053202,-0.15281182713836514,0.8772681146459572,-0.06344112844702467,-0.15161779849330662,-0.8126920771996682,0.9689711486118672,0.8241822614863368,-0.9469814241486068,0.6412520064205457,1
1776592667.293621,2434,1776592667.293621,1776592667.293661,1776592667.044062,1776592667.240879,0.91020030771576,0.89264057625918,-0.9911819164563096,0.8582677165354331,0.8428571428571427,0.0,0.08888852768870323,-0.8435205500310149,0.942915441793937,-0.13595337445573294,-0.15161779849330662,-0.8541442576600388,0.9689711486118672,0.8241822614863368,-0.9469814241486068,0.6412520064205457,1
1776592667.343924,2435,1776592667.343924,1776592667.34397,1776592667.044062,1776592667.240879,0.9114687932614504,0.8990095545342431,-0.991630409607108,0.9055118110236221,0.8142857142857143,0.0,-0.06111042741075969,0.29706620830748764,0.8054025994299553,-0.08458817126269956,-0.08303073004173216,-0.8403262239159163,0.9689711486118672,0.8241822614863368,-0.9469814241486068,0.6412520064205457,1
1776592667.393673,2436,1776592667.393673,1776592667.34397,1776592667.044062,1776592667.387188,0.9127153434239049,0.9037590840619786,-0.992094565989124,0.889763779527559,0.6428571428571428,0.0,-0.06111042741075969,0.29706620830748764,0.8054025994299553,-0.08458817126269956,-0.08303073004173216,-0.8403262239159163,0.9689711486118672,0.8238339507931984,-0.9424664602683179,0.619983948635634,1
1776592667.443623,2437,1776592667.443623,1776592667.443666,1776592667.044062,1776592667.387188,0.9140002251146401,0.9081309555814441,-0.9925685069589034,0.9055118110236221,0.6285714285714284,0.0,0.4833338364335919,-0.12347186640001717,0.8106014934251613,-0.6193305515239478,-0.5270717034307084,-0.8587502689080796,0.9689711486118672,0.8238339507931984,-0.9424664602683179,0.619983948635634,1
1776592667.49362,2438,1776592667.49362,1776592667.443666,1776592667.044062,1776592667.387188,0.9151756514587251,0.912374807437089,-0.9929847267516765,0.8188976377952756,0.6428571428571428,0.0,0.4833338364335919,-0.12347186640001717,0.8106014934251613,-0.6193305515239478,-0.5270717034307084,-0.8587502689080796,0.9689711486118672,0.8238339507931984,-0.9424664602683179,0.619983948635634,1
1776592667.543602,2439,1776592667.543602,1776592667.493664,1776592667.044062,1776592667.533153,0.9164529997855205,0.9154579476740962,-0.9934747846734769,0.889763779527559,0.5285714285714285,0.0,0.2500005805002984,-0.7163810608003777,0.7772681402092594,0.5891237300435413,0.6173242642675194,-0.8295795045944866,0.9689711486118672,0.8234856401000601,-0.9373065015479877,0.6107544141252006,1
1776592667.593672,2440,1776592667.593672,1776592667.593715,1776592667.044062,1776592667.533153,0.9176508046518966,0.9182125041072976,-0.9939311094398843,0.8267716535433071,0.5142857142857142,0.0,-0.04722253827238467,-0.11002459729215186,0.8171254185884234,0.09063180333817125,0.4476586634870739,-0.817298088447709,0.9689711486118672,0.8234856401000601,-0.9373065015479877,0.6107544141252006,1
1776592667.643661,2441,1776592667.643661,1776592667.643706,1776592667.644175,1776592667.533153,0.9189445491237368,0.9209137190139072,-0.9944172416903846,0.889763779527559,0.557142857142857,0.0,0.21666593136628873,0.3838628683079168,0.8524974451609648,-0.7915343795355586,-0.47653243726627287,-0.8515857893604597,0.9689711486118672,0.8234856401000601,-0.9373065015479877,0.6107544141252006,1
1776592667.693582,2442,1776592667.693582,1776592667.643706,1776592667.644175,1776592667.678841,0.9201607442609061,0.9244961359398137,-0.9948230061776849,0.8188976377952756,0.7,0.0,0.21666593136628873,0.3838628683079168,0.8524974451609648,-0.7915343795355586,-0.47653243726627287,-0.8515857893604597,0.9689711486118672,0.823026503277287,-0.9271155830753354,0.5926966292134831,1
1776592667.743655,2443,1776592667.743655,1776592667.743692,1776592667.644175,1776592667.678841,0.9213951080993411,0.9289192153248071,-0.995186554903265,0.811023622047244,0.8428571428571427,0.0,0.03333232713281614,0.05745669926208123,0.8525993575260449,-0.045321571117561674,-0.06498292775459324,-0.6801434432527121,0.9689711486118672,0.823026503277287,-0.9271155830753354,0.5926966292134831,1
1776592667.79362,2444,1776592667.79362,1776592667.793667,1776592667.644175,1776592667.678841,0.9226179503223394,0.9328152804270737,-0.995555134011667,0.8031496062992125,0.7999999999999999,0.0,0.35555643275600646,-0.1088023969841492,0.8168195962821756,0.10573521407837445,-0.0036041406969811937,-0.659671855312087,0.9689711486118672,0.823026503277287,-0.9271155830753354,0.5926966292134831,1
1776592667.843637,2445,1776592667.843637,1776592667.793667,1776592667.644175,1776592667.824768,0.9240258031009099,0.9368030929550779,-0.9959882795631111,0.9212598425196851,0.8857142857142857,0.0,0.35555643275600646,-0.1088023969841492,0.8168195962821756,0.10573521407837445,-0.0036041406969811937,-0.659671855312087,0.9689711486118672,0.8226148633672145,-0.9134416924664602,0.579454253611557,1
1776592667.893603,2446,1776592667.893603,1776592667.893656,1776592667.644175,1776592667.824768,0.925332841744408,0.9407247619901083,-0.9963756190403896,0.84251968503937,0.8857142857142857,0.0,0.7083334300833831,-0.7127134379697577,0.7286442681580183,0.7975780116110304,0.6931331635141728,-0.6806543686038292,0.9689711486118672,0.8226148633672145,-0.9134416924664602,0.579454253611557,1
1776592667.94359,2447,1776592667.94359,1776592667.943624,1776592667.644175,1776592667.824768,0.9266941649221758,0.9439615258236999,-0.996793791805317,0.8818897637795275,0.8428571428571427,0.0,-0.0666669762668258,0.0867966600004292,0.8659531153698248,-0.033234306966618284,-0.028887323180315436,-0.7645844217707981,0.9689711486118672,0.8226148633672145,-0.9134416924664602,0.579454253611557,1
1776592667.99365,2448,1776592667.99365,1776592667.993698,1776592667.644175,1776592667.971707,0.9280435233454517,0.9474201904079134,-0.9971789415865437,0.8582677165354331,0.8999999999999999,0.0,0.011110775710938716,0.03056216104635062,0.8174311556836636,0.14804063860667632,-0.06858706845157445,-0.713920218814346,0.9689711486118672,0.8217599189386023,-0.9028637770897833,0.5626003210272873,1
1776592668.043582,2449,1776592668.043582,1776592667.993698,1776592667.644175,1776592667.971707,0.9294992351419906,0.9502174200623883,-0.9976241206027772,0.9370078740157479,0.8857142857142857,0.0,0.011110775710938716,0.03056216104635062,0.8174311556836636,0.14804063860667632,-0.06858706845157445,-0.713920218814346,0.9689711486118672,0.8217599189386023,-0.9028637770897833,0.5626003210272873,1
1776592668.093597,2450,1776592668.093597,1776592668.043635,1776592667.644175,1776592667.971707,0.9308654328493664,0.9528866300530429,-0.998030634715753,0.8661417322834646,0.8714285714285713,0.0,0.31388812133849436,0.22004919458430372,0.9110092025331868,-0.9667656930333817,-0.6101024334724405,-0.7952918036817358,0.9689711486118672,0.8217599189386023,-0.9028637770897833,0.5626003210272873,1
1776592668.143565,2451,1776592668.143565,1776592668.143601,1776592667.644175,1776592668.11763,0.9322039343657882,0.9550480287105433,-0.9984328680715823,0.8503937007874015,0.8285714285714285,0.0,-0.17222282852253384,0.11858204326139453,0.8649337360860011,0.16918768142235122,0.19494878326377976,-0.7584437136974093,0.9689711486118672,0.8208733099015231,-0.8931888544891641,0.5509630818619583,1
1776592668.193577,2452,1776592668.193577,1776592668.193622,1776592667.644175,1776592668.11763,0.9335233809028338,0.956921383124448,-0.9988195960121256,0.8346456692913385,0.8142857142857143,0.0,0.6388893403891209,0.26039100190789966,0.8420998275925683,-0.0060436320754716985,-0.025269633082217767,-0.7159677617628077,0.9689711486118672,0.8208733099015231,-0.8931888544891641,0.5509630818619583,1
1776592668.243588,2453,1776592668.243588,1776592668.243634,1776592668.244121,1776592668.11763,0.9348215567652267,0.9585216289222025,-0.9991984134290942,0.8188976377952756,0.7999999999999999,0.0,0.3250012190506266,0.18826381132333841,0.9893985577014434,-0.48942080914368646,-0.4476586634870739,-0.7937551860843911,0.9689711486118672,0.8208733099015231,-0.8931888544891641,0.5509630818619583,1
1776592668.293579,2454,1776592668.293579,1776592668.243634,1776592668.244121,1776592668.263427,0.9361715798970854,0.9599170432578444,-0.9995968000215893,0.8503937007874015,0.8285714285714285,0.0,0.3250012190506266,0.18826381132333841,0.9893985577014434,-0.48942080914368646,-0.4476586634870739,-0.7937551860843911,0.9689711486118672,0.8199867008644437,-0.8880288957688338,0.5493579454253611,1
1776592668.343544,2455,1776592668.343544,1776592668.293643,1776592668.244121,1776592668.263427,0.9375382207435163,0.9611076261313739,-1.0,0.8582677165354331,0.8428571428571427,0.0,0.14722184167202662,0.014669469415867963,0.8835881298680516,0.40181649129172714,0.06858706845157445,-0.7420672116537079,0.9689711486118672,0.8199867008644437,-0.8880288957688338,0.5493579454253611,1
